Date,Trend_Regime,Volatility_Regime,Combined_Regime,Final_Regime,Realized_Vol_20,Realized_Vol_50,Realized_Vol_100,Drawdown
2013-01-02,Sideways,Low_Vol,Sideways_Low_Vol,Sideways_Low_Vol,0.08584021429029129,0.10938328850138211,0.13687229282130495,0.0
2013-01-03,Sideways,Low_Vol,Sideways_Low_Vol,Sideways_Low_Vol,0.08584021429029129,0.10938328850138211,0.13687229282130495,0.0
2013-01-04,Sideways,Low_Vol,Sideways_Low_Vol,Sideways_Low_Vol,0.08584021429029129,0.10938328850138211,0.13687229282130495,0.0
2013-01-07,Sideways,Low_Vol,Sideways_Low_Vol,Sideways_Low_Vol,0.08584021429029129,0.10938328850138211,0.13687229282130495,0.004612584535034483
2013-01-08,Sideways,Low_Vol,Sideways_Low_Vol,Sideways_Low_Vol,0.08584021429029129,0.10938328850138211,0.13687229282130495,0.0024018196464188394
2013-01-09,Sideways,Low_Vol,Sideways_Low_Vol,Sideways_Low_Vol,0.08584021429029129,0.10938328850138211,0.13687229282130495,0.0074216738393362595
2013-01-10,Sideways,Low_Vol,Sideways_Low_Vol,Sideways_Low_Vol,0.08584021429029129,0.10938328850138211,0.13687229282130495,0.007895414969878846
2013-01-11,Sideways,Low_Vol,Sideways_Low_Vol,Sideways_Low_Vol,0.08584021429029129,0.10938328850138211,0.13687229282130495,0.010779335407016028
2013-01-14,Sideways,Low_Vol,Sideways_Low_Vol,Sideways_Low_Vol,0.08584021429029129,0.10938328850138211,0.13687229282130495,0.0
2013-01-15,Sideways,Low_Vol,Sideways_Low_Vol,Sideways_Low_Vol,0.08584021429029129,0.10938328850138211,0.13687229282130495,0.0
2013-01-16,Sideways,Low_Vol,Sideways_Low_Vol,Sideways_Low_Vol,0.08584021429029129,0.10938328850138211,0.13687229282130495,0.009039725112639821
2013-01-17,Sideways,Low_Vol,Sideways_Low_Vol,Sideways_Low_Vol,0.08584021429029129,0.10938328850138211,0.13687229282130495,0.0028728828159685364
2013-01-18,Sideways,Low_Vol,Sideways_Low_Vol,Sideways_Low_Vol,0.08584021429029129,0.10938328850138211,0.13687229282130495,0.0
2013-01-21,Sideways,Low_Vol,Sideways_Low_Vol,Sideways_Low_Vol,0.08584021429029129,0.10938328850138211,0.13687229282130495,0.0
2013-01-22,Sideways,Low_Vol,Sideways_Low_Vol,Sideways_Low_Vol,0.08584021429029129,0.10938328850138211,0.13687229282130495,0.005557076397557911
2013-01-23,Sideways,Low_Vol,Sideways_Low_Vol,Sideways_Low_Vol,0.08584021429029129,0.10938328850138211,0.13687229282130495,0.004603521841922522
2013-01-24,Sideways,Low_Vol,Sideways_Low_Vol,Sideways_Low_Vol,0.08584021429029129,0.10938328850138211,0.13687229282130495,0.01034965540217797
2013-01-25,Sideways,Low_Vol,Sideways_Low_Vol,Sideways_Low_Vol,0.08584021429029129,0.10938328850138211,0.13687229282130495,0.0012577318760009794
2013-01-28,Sideways,Low_Vol,Sideways_Low_Vol,Sideways_Low_Vol,0.08584021429029129,0.10938328850138211,0.13687229282130495,0.0012330862076578187
2013-01-29,Sideways,Low_Vol,Sideways_Low_Vol,Sideways_Low_Vol,0.08584021429029129,0.10938328850138211,0.13687229282130495,0.005326916361271781
2013-01-30,Sideways,Low_Vol,Sideways_Low_Vol,Sideways_Low_Vol,0.08584021429029129,0.10938328850138211,0.13687229282130495,0.004365093063488687
2013-01-31,Sideways,High_Vol,Sideways_High_Vol,Sideways_High_Vol,0.08655940731448354,0.10938328850138211,0.13687229282130495,0.007817734444930578
2013-02-01,Sideways,High_Vol,Sideways_High_Vol,Sideways_High_Vol,0.08918101798310084,0.10938328850138211,0.13687229282130495,0.013711902573344948
2013-02-04,Sideways,High_Vol,Sideways_High_Vol,Sideways_High_Vol,0.08789464395821735,0.10938328850138211,0.13687229282130495,0.01562728042676343
2013-02-05,Sideways,High_Vol,Sideways_High_Vol,Sideways_High_Vol,0.0892556046607868,0.10938328850138211,0.13687229282130495,0.020617185336228732
2013-02-06,Sideways,High_Vol,Sideways_High_Vol,Sideways_High_Vol,0.0875495452627746,0.10938328850138211,0.13687229282130495,0.02023899073178368
2013-02-07,Sideways,High_Vol,Sideways_High_Vol,Sideways_High_Vol,0.08834393785588825,0.10938328850138211,0.13687229282130495,0.02359304943985293
2013-02-08,Sideways,High_Vol,Sideways_High_Vol,Sideways_High_Vol,0.09020001806404514,0.10938328850138211,0.13687229282130495,0.029396743078942404
2013-02-11,Sideways,Low_Vol,Sideways_Low_Vol,Sideways_Low_Vol,0.07691185744721052,0.10938328850138211,0.13687229282130495,0.030325651966234633
2013-02-12,Sideways,Low_Vol,Sideways_Low_Vol,Sideways_Low_Vol,0.07566302544938766,0.10938328850138211,0.13687229282130495,0.026272924686209263
2013-02-13,Sideways,Low_Vol,Sideways_Low_Vol,Sideways_Low_Vol,0.07016072568412234,0.10938328850138211,0.13687229282130495,0.024554792458586047
2013-02-14,Sideways,Low_Vol,Sideways_Low_Vol,Sideways_Low_Vol,0.06791087895168557,0.10938328850138211,0.13687229282130495,0.030473606255343573
2013-02-15,Sideways,Low_Vol,Sideways_Low_Vol,Sideways_Low_Vol,0.0648985606666723,0.10938328850138211,0.13687229282130495,0.03204378419385785
2013-02-18,Sideways,Low_Vol,Sideways_Low_Vol,Sideways_Low_Vol,0.06400357078556274,0.10938328850138211,0.13687229282130495,0.030268091887400605
2013-02-19,Sideways,Low_Vol,Sideways_Low_Vol,Sideways_Low_Vol,0.068910824748405,0.10938328850138211,0.13687229282130495,0.02344501487169401
2013-02-20,Sideways,Low_Vol,Sideways_Low_Vol,Sideways_Low_Vol,0.06878379986195006,0.10938328850138211,0.13687229282130495,0.022894300588846832
2013-02-21,Sideways,Low_Vol,Sideways_Low_Vol,Sideways_Low_Vol,0.08422481387894244,0.10938328850138211,0.13687229282130495,0.037822832164604164
2013-02-22,Sideways,Low_Vol,Sideways_Low_Vol,Sideways_Low_Vol,0.07459164155485869,0.10938328850138211,0.13687229282130495,0.03814346669021519
2013-02-25,Sideways,Low_Vol,Sideways_Low_Vol,Sideways_Low_Vol,0.07488467576741124,0.10938328850138211,0.13687229282130495,0.03741180342871823
2013-02-26,Sideways,High_Vol,Sideways_High_Vol,Sideways_High_Vol,0.08994929653203827,0.10938328850138211,0.13687229282130495,0.05276782094560693
2013-02-27,Sideways,High_Vol,Sideways_High_Vol,Sideways_High_Vol,0.09434106935630591,0.10938328850138211,0.13687229282130495,0.04692302443292886
2013-02-28,Sideways,High_Vol,Sideways_High_Vol,Sideways_High_Vol,0.10967821455268406,0.10938328850138211,0.13687229282130495,0.06399717417744079
2013-03-01,Sideways,High_Vol,Sideways_High_Vol,Sideways_High_Vol,0.11220784843851168,0.10938328850138211,0.13687229282130495,0.05961554362965669
2013-03-04,Sideways,High_Vol,Sideways_High_Vol,Sideways_High_Vol,0.11229622536284393,0.10938328850138211,0.13687229282130495,0.06310109942158945
2013-03-05,Sideways,High_Vol,Sideways_High_Vol,Sideways_High_Vol,0.1277065766595219,0.10938328850138211,0.13687229282130495,0.04900281378070172
2013-03-06,Sideways,High_Vol,Sideways_High_Vol,Sideways_High_Vol,0.1302542921593758,0.10938328850138211,0.13687229282130495,0.04335526289381891
2013-03-07,Sideways,High_Vol,Sideways_High_Vol,Sideways_High_Vol,0.1336178195402668,0.10938328850138211,0.13687229282130495,0.0360061172636083
2013-03-08,Sideways,High_Vol,Sideways_High_Vol,Sideways_High_Vol,0.141636044238877,0.10938328850138211,0.13687229282130495,0.022458545905567753
2013-03-11,Sideways,High_Vol,Sideways_High_Vol,Sideways_High_Vol,0.14159312768195123,0.10938328850138211,0.13687229282130495,0.023009340467464907
2013-03-12,Sideways,High_Vol,Sideways_High_Vol,Sideways_High_Vol,0.1419923519807101,0.10938328850138211,0.13687229282130495,0.027653965182976026
2013-03-13,Sideways,High_Vol,Sideways_High_Vol,Sideways_High_Vol,0.14665616124118339,0.10938328850138211,0.13687229282130495,0.03799543212205627
2013-03-14,Sideways,High_Vol,Sideways_High_Vol,Sideways_High_Vol,0.14973061632269197,0.1116073554676904,0.13687229282130495,0.028500668323091064
2013-03-15,Sideways,High_Vol,Sideways_High_Vol,Sideways_High_Vol,0.15129469936921086,0.11231976491127209,0.13687229282130495,0.03447704219868262
2013-03-18,Sideways,High_Vol,Sideways_High_Vol,Sideways_High_Vol,0.15270713128584645,0.11271995814891676,0.13687229282130495,0.040617827568628556
2013-03-19,Sideways,High_Vol,Sideways_High_Vol,Sideways_High_Vol,0.15857606723547477,0.1173216151712427,0.13687229282130495,0.05529974190285432
2013-03-20,Sideways,High_Vol,Sideways_High_Vol,Sideways_High_Vol,0.1604441898043466,0.11837356071264506,0.13687229282130495,0.06377520260425239
2013-03-21,Sideways,High_Vol,Sideways_High_Vol,Sideways_High_Vol,0.15365960491501554,0.11897218056427479,0.13687229282130495,0.06963645632217588
2013-03-22,Sideways,High_Vol,Sideways_High_Vol,Sideways_High_Vol,0.15358901407069697,0.11889714916927883,0.13687229282130495,0.07085308532458827
2013-03-25,Sideways,High_Vol,Sideways_High_Vol,Sideways_High_Vol,0.15338490121905884,0.11504185860585968,0.13687229282130495,0.07373028647578984
2013-03-26,Sideways,High_Vol,Sideways_High_Vol,Sideways_High_Vol,0.14436130620293952,0.1141847490968835,0.13687229282130495,0.07245609739454344
2013-03-28,Sideways,High_Vol,Sideways_High_Vol,Sideways_High_Vol,0.14512880942234566,0.1144337898133799,0.13687229282130495,0.06572349486816173
2013-04-01,Sideways,High_Vol,Sideways_High_Vol,Sideways_High_Vol,0.1312995790396622,0.11377731089692841,0.13687229282130495,0.06213108766070862
2013-04-02,Sideways,High_Vol,Sideways_High_Vol,Sideways_High_Vol,0.1330826525014688,0.11487514889332162,0.13687229282130495,0.05494627324580241
2013-04-03,Sideways,High_Vol,Sideways_High_Vol,Sideways_High_Vol,0.14074953671176496,0.11761344588811688,0.13687229282130495,0.06731004973287145
2013-04-04,Sideways,High_Vol,Sideways_High_Vol,Sideways_High_Vol,0.14114635731127462,0.12261491575411661,0.13687229282130495,0.08344702184794345
2013-04-05,Sideways,High_Vol,Sideways_High_Vol,Sideways_High_Vol,0.13827198016123485,0.12257453776839378,0.13687229282130495,0.08698186897656253
2013-04-08,Sideways,High_Vol,Sideways_High_Vol,Sideways_High_Vol,0.1331957899415589,0.12221961165724846,0.13687229282130495,0.08867527525679261
2013-04-09,Sideways,Medium_Vol,Sideways_Medium_Vol,Sideways_Medium_Vol,0.11874615821648603,0.1206544711483622,0.13687229282130495,0.09654238131745949
2013-04-10,Sideways,High_Vol,Sideways_High_Vol,Sideways_High_Vol,0.13051077422180477,0.12436763922418263,0.13687229282130495,0.08608579422071119
2013-04-11,Sideways,High_Vol,Sideways_High_Vol,Sideways_High_Vol,0.13475248296678258,0.1255568034838703,0.13687229282130495,0.08028210058162172
2013-04-12,Sideways,High_Vol,Sideways_High_Vol,Sideways_High_Vol,0.13562942704822395,0.12746457958962146,0.13687229282130495,0.09104286499873561
2013-04-15,Sideways,High_Vol,Sideways_High_Vol,Sideways_High_Vol,0.1326282228117991,0.128985377590621,0.13687229282130495,0.08449105089290374
2013-04-16,Sideways,High_Vol,Sideways_High_Vol,Sideways_High_Vol,0.1579650361467844,0.13868917801880645,0.13687229282130495,0.06467119708105375
2013-04-17,Sideways,High_Vol,Sideways_High_Vol,Sideways_High_Vol,0.15699712201754634,0.13868995697797645,0.13687229282130495,0.06471229995464234
2013-04-18,Sideways,High_Vol,Sideways_High_Vol,Sideways_High_Vol,0.15986103494719978,0.1438407699373301,0.13687229282130495,0.04919187094339925
2013-04-22,Sideways,High_Vol,Sideways_High_Vol,Sideways_High_Vol,0.15857258110182607,0.14537824099350422,0.13687229282130495,0.04075759339463977
2013-04-23,Sideways,High_Vol,Sideways_High_Vol,Sideways_High_Vol,0.15612233535852613,0.14522093212256632,0.13687229282130495,0.04034656465875383
2013-04-25,Sideways,High_Vol,Sideways_High_Vol,Sideways_High_Vol,0.16132794452216903,0.14792265362314796,0.13687229282130495,0.027292308062826384
2013-04-26,Sideways,High_Vol,Sideways_High_Vol,Sideways_High_Vol,0.16409451292230373,0.1489069584210813,0.13687229282130495,0.03466609936138016
2013-04-29,Sideways,High_Vol,Sideways_High_Vol,Sideways_High_Vol,0.1645152305067237,0.14914067902040173,0.13687229282130495,0.02929808012651978
2013-04-30,Sideways,High_Vol,Sideways_High_Vol,Sideways_High_Vol,0.16369342736408915,0.14942297831086063,0.13687229282130495,0.025006924068060578
2013-05-02,Sideways,High_Vol,Sideways_High_Vol,Sideways_High_Vol,0.16706051916657663,0.1509920419157002,0.13687229282130495,0.013637885289265487
2013-05-03,Sideways,High_Vol,Sideways_High_Vol,Sideways_High_Vol,0.17095250464170939,0.15247073751895637,0.13687229282130495,0.022738077557590185
2013-05-06,Sideways,High_Vol,Sideways_High_Vol,Sideways_High_Vol,0.16190432796958404,0.15273884838993593,0.13687229282130495,0.018290778746924308
2013-05-07,Sideways,High_Vol,Sideways_High_Vol,Sideways_High_Vol,0.1469075199035244,0.15432040077270415,0.13687229282130495,0.006370945406232063
2013-05-08,Sideways,High_Vol,Sideways_High_Vol,Sideways_High_Vol,0.14388129982010212,0.1545644301562873,0.13687229282130495,0.0021373494266068854
2013-05-09,Sideways,High_Vol,Sideways_High_Vol,Sideways_High_Vol,0.14471375812177498,0.1505574135301468,0.13687229282130495,0.005285813487683187
2013-05-10,Sideways,Medium_Vol,Sideways_Medium_Vol,Sideways_Medium_Vol,0.1364743760249136,0.15127494746761114,0.13687229282130495,0.0
2013-05-13,Sideways,High_Vol,Sideways_High_Vol,Sideways_High_Vol,0.1584561326658532,0.1575565414944992,0.13687229282130495,0.018753813476762787
2013-05-14,Sideways,High_Vol,Sideways_High_Vol,Sideways_High_Vol,0.15819460532001478,0.15304422764193826,0.13687229282130495,0.016300930744698305
2013-05-15,Sideways,High_Vol,Sideways_High_Vol,Sideways_High_Vol,0.1652556171172938,0.1621773369625012,0.13687229282130495,0.0
2013-05-16,Sideways,High_Vol,Sideways_High_Vol,Sideways_High_Vol,0.1651981744247096,0.15621343790045175,0.13687229282130495,0.0
2013-05-17,Sideways,High_Vol,Sideways_High_Vol,Sideways_High_Vol,0.15342239691496715,0.15608398720521102,0.13687229282130495,0.0
2013-05-20,Sideways,High_Vol,Sideways_High_Vol,Sideways_High_Vol,0.15617949560097497,0.1563191194864454,0.13687229282130495,0.004913274498306842
2013-05-21,Sideways,High_Vol,Sideways_High_Vol,Sideways_High_Vol,0.15335095589441236,0.15437300646377672,0.13687229282130495,0.011830638459735518
2013-05-22,Sideways,High_Vol,Sideways_High_Vol,Sideways_High_Vol,0.15303373830151196,0.15428103564994947,0.13687229282130495,0.014998433503609255
2013-05-23,Sideways,High_Vol,Sideways_High_Vol,Sideways_High_Vol,0.17371229777205757,0.16109112037219597,0.13687229282130495,0.035597111333305446
2013-05-24,Sideways,High_Vol,Sideways_High_Vol,Sideways_High_Vol,0.1675670954929846,0.15813736392087246,0.13687229282130495,0.032930358384385856
2013-05-27,Sideways,High_Vol,Sideways_High_Vol,Sideways_High_Vol,0.17379574381529492,0.16238607593961998,0.13687229282130495,0.016832852073023197
2013-05-28,Sideways,High_Vol,Sideways_High_Vol,Sideways_High_Vol,0.1735596335602405,0.16218386092939294,0.13687229282130495,0.012291275206978761
2013-05-29,Sideways,High_Vol,Sideways_High_Vol,Sideways_High_Vol,0.17356040467551598,0.16015665126389864,0.13687229282130495,0.01341457544001976
2013-05-30,Sideways,High_Vol,Sideways_High_Vol,Sideways_High_Vol,0.16955186902263966,0.15893300981237998,0.13689909476842996,0.010222552970858433
2013-05-31,Sideways,High_Vol,Sideways_High_Vol,Sideways_High_Vol,0.18608764148267906,0.16667812933601903,0.14158243876588247,0.03254240391300539
2013-06-03,Sideways,High_Vol,Sideways_High_Vol,Sideways_High_Vol,0.18760332137675378,0.1670094204361627,0.14193518078831063,0.04008210492921567
2013-06-04,Sideways,High_Vol,Sideways_High_Vol,Sideways_High_Vol,0.18206213710990599,0.16334092540443707,0.14198405651686424,0.04329022640410556
2013-06-05,Sideways,High_Vol,Sideways_High_Vol,Sideways_High_Vol,0.18114650906865856,0.16184805546231115,0.14176907251678764,0.04257910806773262
2013-06-06,Sideways,High_Vol,Sideways_High_Vol,Sideways_High_Vol,0.1810053865454097,0.16105896529611763,0.14176860936891988,0.04297511204197737
2013-06-07,Sideways,High_Vol,Sideways_High_Vol,Sideways_High_Vol,0.1792888985814392,0.16193153128118984,0.1421060560166285,0.04950460044872033
2013-06-10,Sideways,High_Vol,Sideways_High_Vol,Sideways_High_Vol,0.16761938595048603,0.1617114633241333,0.14073082041764676,0.04998946462125116
2013-06-11,Sideways,High_Vol,Sideways_High_Vol,Sideways_High_Vol,0.17458660821794236,0.16568099348988855,0.14242409424321237,0.06440612425117921
2013-06-12,Sideways,Medium_Vol,Sideways_Medium_Vol,Sideways_Medium_Vol,0.14279699329167395,0.16541103761009637,0.14193985883831303,0.0690284328959507
2013-06-13,Sideways,Medium_Vol,Sideways_Medium_Vol,Sideways_Medium_Vol,0.1426067080348642,0.1670036008790001,0.14246306293213645,0.07890351565983432
2013-06-14,Sideways,High_Vol,Sideways_High_Vol,Sideways_High_Vol,0.1631995054394034,0.17164533045751695,0.14568164793123323,0.06123832920730548
2013-06-17,Sideways,High_Vol,Sideways_High_Vol,Sideways_High_Vol,0.16701533522397236,0.16955449481571888,0.1460813526865256,0.054506814062008004
2013-06-18,Sideways,High_Vol,Sideways_High_Vol,Sideways_High_Vol,0.1667799552800403,0.16528725792875548,0.14614639969971796,0.0603978664082408
2013-06-19,Sideways,High_Vol,Sideways_High_Vol,Sideways_High_Vol,0.1673344040225609,0.16493261802689807,0.14616090845829122,0.05899985716078251
2013-06-20,Sideways,High_Vol,Sideways_High_Vol,Sideways_High_Vol,0.1803765587970386,0.17772040221468474,0.15265122976738651,0.08588559131095624
2013-06-21,Sideways,High_Vol,Sideways_High_Vol,Sideways_High_Vol,0.18012096305824504,0.17652324340081027,0.15190912624136993,0.0839865399685438
2013-06-24,Sideways,High_Vol,Sideways_High_Vol,Sideways_High_Vol,0.16883643572730417,0.17759916445601662,0.1533010641138366,0.09649601983650039
2013-06-25,Sideways,High_Vol,Sideways_High_Vol,Sideways_High_Vol,0.16803211125508627,0.1771919250044004,0.15334867362255034,0.09344944083575936
2013-06-26,Sideways,High_Vol,Sideways_High_Vol,Sideways_High_Vol,0.1676568782353655,0.17534183875682255,0.1533946713873423,0.09674650142563009
2013-06-27,Sideways,High_Vol,Sideways_High_Vol,Sideways_High_Vol,0.18202470695449943,0.1785641063937021,0.1558252230016144,0.08161067395646482
2013-06-28,Sideways,High_Vol,Sideways_High_Vol,Sideways_High_Vol,0.20029747760253055,0.18305497507457916,0.16208800946682475,0.05577547884677456
2013-07-01,Sideways,High_Vol,Sideways_High_Vol,Sideways_High_Vol,0.20220346731154507,0.18418226709114013,0.16282332587464549,0.04661964283882291
2013-07-02,Sideways,High_Vol,Sideways_High_Vol,Sideways_High_Vol,0.20335606420292376,0.18136678372026163,0.16300232910198692,0.053294653630680915
2013-07-03,Sideways,High_Vol,Sideways_High_Vol,Sideways_High_Vol,0.20953326189113117,0.18339815556436959,0.16465591729836718,0.06729913136394092
2013-07-04,Sideways,High_Vol,Sideways_High_Vol,Sideways_High_Vol,0.21431580183887847,0.18523644919896298,0.1656195317056538,0.05662399114870352
2013-07-05,Sideways,High_Vol,Sideways_High_Vol,Sideways_High_Vol,0.21399152519323789,0.183041263271583,0.1655749435922466,0.051621856452110586
2013-07-08,Sideways,High_Vol,Sideways_High_Vol,Sideways_High_Vol,0.21668210704953722,0.18352207276054808,0.16626869081164655,0.06072923760948705
2013-07-09,Sideways,High_Vol,Sideways_High_Vol,Sideways_High_Vol,0.21146344233674305,0.18403044912820932,0.16664929703556,0.05306027104727978
2013-07-10,Sideways,High_Vol,Sideways_High_Vol,Sideways_High_Vol,0.21242049396999715,0.18441896271546643,0.1670097333185437,0.059896824313286655
2013-07-11,Sideways,High_Vol,Sideways_High_Vol,Sideways_High_Vol,0.2191323872775869,0.1883156898216035,0.16986662481658327,0.04076086742074199
2013-07-12,Sideways,High_Vol,Sideways_High_Vol,Sideways_High_Vol,0.21341378048280693,0.18922651972865037,0.1709646482958283,0.028817062420738046
2013-07-15,Sideways,High_Vol,Sideways_High_Vol,Sideways_High_Vol,0.21259694141992386,0.18913089335303424,0.17103032959975292,0.02529374766702521
2013-07-16,Sideways,High_Vol,Sideways_High_Vol,Sideways_High_Vol,0.2168092814749797,0.18927486704920365,0.17188063309930027,0.037504212178582165
2013-07-17,Sideways,High_Vol,Sideways_High_Vol,Sideways_High_Vol,0.21689684490959288,0.1891450734482778,0.17194276379373402,0.034586977640532875
2013-07-18,Sideways,High_Vol,Sideways_High_Vol,Sideways_High_Vol,0.18791801200221106,0.19064286592773524,0.1709894726625887,0.024121992583409028
2013-07-19,Sideways,High_Vol,Sideways_High_Vol,Sideways_High_Vol,0.18865333662304312,0.18992373262803236,0.17101077603603715,0.025552278759019192
2013-07-22,Sideways,High_Vol,Sideways_High_Vol,Sideways_High_Vol,0.17834008368668636,0.1850788671663238,0.1710096044509783,0.0251321262761816
2013-07-23,Sideways,High_Vol,Sideways_High_Vol,Sideways_High_Vol,0.17882187125268978,0.1857577104319384,0.1693744734252542,0.017697542297375468
2013-07-24,Sideways,High_Vol,Sideways_High_Vol,Sideways_High_Vol,0.18874067931215152,0.17962946619609896,0.1707835921719921,0.03180705815134486
2013-07-25,Sideways,High_Vol,Sideways_High_Vol,Sideways_High_Vol,0.19157642735096395,0.18184385966888794,0.16979503425794235,0.04522163359136462
2013-07-26,Sideways,High_Vol,Sideways_High_Vol,Sideways_High_Vol,0.1655458115568555,0.18175732948448983,0.16977604902384077,0.048664137649655645
2013-07-29,Sideways,High_Vol,Sideways_High_Vol,Sideways_High_Vol,0.16514751739994674,0.18250901958518184,0.1703422911278467,0.057480631870191506
2013-07-30,Sideways,High_Vol,Sideways_High_Vol,Sideways_High_Vol,0.1697118724665347,0.18406391792405144,0.1700011449595622,0.0698608461921511
2013-07-31,Sideways,Medium_Vol,Sideways_Medium_Vol,Sideways_Medium_Vol,0.16167570059626257,0.18402191284992248,0.16977117145482845,0.07196997377598234
2013-08-01,Sideways,Medium_Vol,Sideways_Medium_Vol,Sideways_Medium_Vol,0.15581842987450098,0.17839466762878525,0.16935448855311108,0.0742569006730805
2013-08-02,Sideways,Medium_Vol,Sideways_Medium_Vol,Sideways_Medium_Vol,0.15636805378664267,0.1790909088567039,0.16833899398502303,0.08232992071239678
2013-08-05,Sideways,Medium_Vol,Sideways_Medium_Vol,Sideways_Medium_Vol,0.1537368593450478,0.17457954975400358,0.16836105883134672,0.0811177602810697
2013-08-06,Sideways,High_Vol,Sideways_High_Vol,Sideways_High_Vol,0.17173000727828924,0.18204735561955626,0.17277396524999855,0.10425384659699374
2013-08-07,Sideways,High_Vol,Sideways_High_Vol,Sideways_High_Vol,0.1710105999541505,0.18211076358964515,0.1721211151652517,0.10799536601168441
2013-08-08,Sideways,Medium_Vol,Sideways_Medium_Vol,Sideways_Medium_Vol,0.1542294811793581,0.18324242611362465,0.1719153895120243,0.10047192183459219
2013-08-12,Sideways,Medium_Vol,Sideways_Medium_Vol,Sideways_Medium_Vol,0.1493834157299808,0.17836542798452615,0.1722579570189286,0.09291612181265335
2013-08-13,Sideways,Medium_Vol,Sideways_Medium_Vol,Sideways_Medium_Vol,0.1621291714608263,0.18158365909680135,0.17381554407310912,0.07887123873168245
2013-08-14,Sideways,Medium_Vol,Sideways_Medium_Vol,Sideways_Medium_Vol,0.16176751718507834,0.18243053583369653,0.17253354824097433,0.07192151892540716
2013-08-16,Sideways,High_Vol,Sideways_High_Vol,Sideways_High_Vol,0.21171168687479916,0.2035711416496326,0.18381719510249636,0.10981360665867504
2013-08-19,Sideways,High_Vol,Sideways_High_Vol,Sideways_High_Vol,0.20886938557665233,0.20651560083480763,0.18546955379489177,0.12486057392955423
2013-08-20,Sideways,High_Vol,Sideways_High_Vol,Sideways_High_Vol,0.2086545657775873,0.2061913987921665,0.18549324935375636,0.12701010686109634
2013-08-21,Sideways,High_Vol,Sideways_High_Vol,Sideways_High_Vol,0.21228235634313394,0.20954510857956424,0.1876194417942915,0.14299452554888534
2013-08-22,Sideways,High_Vol,Sideways_High_Vol,Sideways_High_Vol,0.2270605709613713,0.21298400488768618,0.19040356143538656,0.1258787571251911
2013-08-23,Sideways,High_Vol,Sideways_High_Vol,Sideways_High_Vol,0.2326816637708566,0.2147789686406075,0.19098563618118483,0.11564815465146837
2013-08-26,Sideways,High_Vol,Sideways_High_Vol,Sideways_High_Vol,0.23061959816587868,0.21366390630176263,0.19087936707021572,0.11488045304496121
2013-08-27,Sideways,High_Vol,Sideways_High_Vol,Sideways_High_Vol,0.2552780392302669,0.22181490162239426,0.1979934681947937,0.1454349454172681
2013-08-28,Sideways,High_Vol,Sideways_High_Vol,Sideways_High_Vol,0.2553418629228577,0.22089059851229317,0.19700485555902414,0.14583094939151284
2013-08-29,Sideways,High_Vol,Sideways_High_Vol,Sideways_High_Vol,0.2719852692924132,0.22787387391727545,0.19884690047655984,0.12578184742404072
2013-08-30,Sideways,High_Vol,Sideways_High_Vol,Sideways_High_Vol,0.27686120573019873,0.22964343777342497,0.19964048423712327,0.11564010514860408
2013-09-02,Sideways,High_Vol,Sideways_High_Vol,Sideways_High_Vol,0.2831196190210387,0.22343117947290497,0.20093897096752816,0.10288006477482305
2013-09-03,Sideways,High_Vol,Sideways_High_Vol,Sideways_High_Vol,0.31041773502844716,0.23861040480070417,0.2092802463717117,0.13670739031171306
2013-09-04,Sideways,High_Vol,Sideways_High_Vol,Sideways_High_Vol,0.3206405529737424,0.24141449225280429,0.21089959127424937,0.11947048476158083
2013-09-05,Sideways,High_Vol,Sideways_High_Vol,Sideways_High_Vol,0.3235050104170096,0.24879342154690312,0.21488730632425576,0.09605961051454474
2013-09-06,Sideways,High_Vol,Sideways_High_Vol,Sideways_High_Vol,0.3272035175274646,0.2510710293222868,0.21545060370155747,0.08192586723528776
2013-09-10,Sideways,High_Vol,Sideways_High_Vol,Sideways_High_Vol,0.35139888147641923,0.2625026805229541,0.22337848439710453,0.046959063542933444
2013-09-11,Sideways,High_Vol,Sideways_High_Vol,Sideways_High_Vol,0.35084647333144603,0.25502902718709125,0.22086209137227794,0.044308488516437164
2013-09-12,Sideways,High_Vol,Sideways_High_Vol,Sideways_High_Vol,0.3505853059221345,0.25527326743543854,0.22155587038718075,0.05440169702460386
2013-09-13,Sideways,High_Vol,Sideways_High_Vol,Sideways_High_Vol,0.3498957628478387,0.254774325564496,0.22002492149321143,0.05441787494702717
2013-09-16,Sideways,High_Vol,Sideways_High_Vol,Sideways_High_Vol,0.3132602204074136,0.25252383856720334,0.21960583652387736,0.056042217275022316
2013-09-17,Sideways,High_Vol,Sideways_High_Vol,Sideways_High_Vol,0.3043246370646808,0.251267751679585,0.2196190104751276,0.054482507720025664
2013-09-18,Sideways,High_Vol,Sideways_High_Vol,Sideways_High_Vol,0.30368847982660135,0.25169220753869465,0.21896189796372384,0.046522654220977795
2013-09-19,Sideways,High_Vol,Sideways_High_Vol,Sideways_High_Vol,0.31125531260362516,0.2635253830807684,0.22616123959792642,0.01159633479302913
2013-09-20,Sideways,High_Vol,Sideways_High_Vol,Sideways_High_Vol,0.3188502642644724,0.26609738416886014,0.22769242634294282,0.0283160203257839
2013-09-23,Sideways,High_Vol,Sideways_High_Vol,Sideways_High_Vol,0.3306566988752349,0.2697040329225569,0.22993129104643678,0.04809041327883873
2013-09-24,Sideways,High_Vol,Sideways_High_Vol,Sideways_High_Vol,0.33070960783254433,0.26580044908195277,0.2291760490247384,0.04765400395688307
2013-09-25,Sideways,High_Vol,Sideways_High_Vol,Sideways_High_Vol,0.2997019699817276,0.26434389475232106,0.2287614078181205,0.0506601776099132
2013-09-26,Sideways,High_Vol,Sideways_High_Vol,Sideways_High_Vol,0.2992822468347302,0.2642211657230356,0.2286564537310409,0.04930257371016581
2013-09-27,Sideways,High_Vol,Sideways_High_Vol,Sideways_High_Vol,0.295271704632448,0.2633954246357673,0.22818835491988726,0.05723007136436706
2013-09-30,Sideways,High_Vol,Sideways_High_Vol,Sideways_High_Vol,0.30261008056421207,0.2658596054587607,0.22957018980800753,0.07305286866131243
2013-10-01,Sideways,High_Vol,Sideways_High_Vol,Sideways_High_Vol,0.3000568094862153,0.26526982777788577,0.22990177492302166,0.06582031142106082
2013-10-03,Sideways,High_Vol,Sideways_High_Vol,Sideways_High_Vol,0.268234726513808,0.2703085701727329,0.23241873564258778,0.04486603496483078
2013-10-04,Sideways,High_Vol,Sideways_High_Vol,Sideways_High_Vol,0.2630599508502794,0.27030412811380694,0.23050800699379828,0.04525398943621124
2013-10-07,Sideways,High_Vol,Sideways_High_Vol,Sideways_High_Vol,0.24964342198321487,0.2696980169448736,0.23047275804561118,0.04543983825234244
2013-10-08,Sideways,High_Vol,Sideways_High_Vol,Sideways_High_Vol,0.2450909873630281,0.26794689828484536,0.22696902385073792,0.041843762306072084
2013-10-09,Sideways,High_Vol,Sideways_High_Vol,Sideways_High_Vol,0.21037928917699947,0.2677046735464458,0.22790735475955548,0.029067544009867743
2013-10-10,Sideways,High_Vol,Sideways_High_Vol,Sideways_High_Vol,0.21032830455184953,0.2675682539993532,0.22789007006175618,0.026885655233478988
2013-10-11,Sideways,High_Vol,Sideways_High_Vol,Sideways_High_Vol,0.20946201490011007,0.26790492628823087,0.22864255771361183,0.014723645572497217
2013-10-14,Sideways,High_Vol,Sideways_High_Vol,Sideways_High_Vol,0.20931316009375842,0.2659513874890324,0.22840862622499086,0.012056892623577625
2013-10-15,Sideways,High_Vol,Sideways_High_Vol,Sideways_High_Vol,0.20999569822658942,0.26608751851058066,0.22843549195367077,0.015879301650384838
2013-10-17,Sideways,High_Vol,Sideways_High_Vol,Sideways_High_Vol,0.21256029886121164,0.2666280193134768,0.22624378780811927,0.022861298384812007
2013-10-18,Sideways,High_Vol,Sideways_High_Vol,Sideways_High_Vol,0.2255107978469861,0.2703351996214455,0.22927026514795693,0.0
2013-10-21,Sideways,High_Vol,Sideways_High_Vol,Sideways_High_Vol,0.18609226659248165,0.27033610619356657,0.22782101227991433,0.0
2013-10-22,Sideways,Medium_Vol,Sideways_Medium_Vol,Sideways_Medium_Vol,0.17408898200657047,0.2632013708985355,0.22771774063628214,0.0003465604972340475
2013-10-23,Sideways,Medium_Vol,Sideways_Medium_Vol,Sideways_Medium_Vol,0.1553597180952265,0.2631717126046466,0.22780475257917482,0.004286915578523888
2013-10-24,Sideways,Medium_Vol,Sideways_Medium_Vol,Sideways_Medium_Vol,0.156119724704263,0.2630050331239195,0.22778695101854174,0.006543178652251093
2013-10-25,Sideways,Medium_Vol,Sideways_Medium_Vol,Sideways_Medium_Vol,0.15611910912530735,0.2628790401447348,0.22492597980525886,0.009677804185135072
2013-10-28,Sideways,Medium_Vol,Sideways_Medium_Vol,Sideways_Medium_Vol,0.15966940578879676,0.26179089386056964,0.22486703689190837,0.016736652896054357
2013-10-29,Sideways,Medium_Vol,Sideways_Medium_Vol,Sideways_Medium_Vol,0.1666579804937278,0.26461937220602405,0.22685165000405982,0.0
2013-10-30,Sideways,Medium_Vol,Sideways_Medium_Vol,Sideways_Medium_Vol,0.14887190022616392,0.2460531920676153,0.22695682675505646,0.0
2013-10-31,Sideways,Medium_Vol,Sideways_Medium_Vol,Sideways_Medium_Vol,0.14880860103554458,0.24215410977236626,0.2272177121542818,0.0
2013-11-01,Trending_Up,Low_Vol,Trending_Up_Low_Vol,Trending_Up_Low_Vol,0.13280431995063138,0.24185488185378973,0.2268968679439493,0.0
2013-11-05,Trending_Up,Low_Vol,Trending_Up_Low_Vol,Trending_Up_Low_Vol,0.13884428626425951,0.23835907029459616,0.22737563173635852,0.008569617468131119
2013-11-06,Trending_Up,Low_Vol,Trending_Up_Low_Vol,Trending_Up_Low_Vol,0.14210641777134334,0.23621707699859731,0.22621230790005206,0.01459447775847699
2013-11-07,Trending_Up,Low_Vol,Trending_Up_Low_Vol,Trending_Up_Low_Vol,0.1442063575408097,0.2359078350580765,0.22618421880262224,0.019017978119934543
2013-11-08,Trending_Up,Low_Vol,Trending_Up_Low_Vol,Trending_Up_Low_Vol,0.14178400412052886,0.23696708658709278,0.22583973216645797,0.02639050452785778
2013-11-11,Trending_Up,Medium_Vol,Trending_Up_Medium_Vol,Trending_Up_Medium_Vol,0.1471605830382008,0.2233462337808578,0.22456800737587707,0.036212643257264414
2013-11-12,Trending_Up,Medium_Vol,Trending_Up_Medium_Vol,Trending_Up_Medium_Vol,0.14451017852023756,0.22510002361693227,0.22493348249298586,0.04584449227406735
2013-11-13,Trending_Up,Medium_Vol,Trending_Up_Medium_Vol,Trending_Up_Medium_Vol,0.14465931307254773,0.22057356206544868,0.22483361514905048,0.05035516359418714
2013-11-14,Trending_Up,Medium_Vol,Trending_Up_Medium_Vol,Trending_Up_Medium_Vol,0.1503488188471737,0.22046812969532753,0.2254704437900955,0.03980376160492419
2013-11-18,Trending_Up,Medium_Vol,Trending_Up_Medium_Vol,Trending_Up_Medium_Vol,0.16714239409360912,0.2232495805834795,0.22314109104319174,0.018740517448668614
2013-11-19,Trending_Up,Medium_Vol,Trending_Up_Medium_Vol,Trending_Up_Medium_Vol,0.14466000124863634,0.2036034129889721,0.2231443864610492,0.016465324460991616
2013-11-20,Trending_Up,Medium_Vol,Trending_Up_Medium_Vol,Trending_Up_Medium_Vol,0.15157972082343307,0.20297681760137878,0.22303205663604225,0.029220618858066635
2013-11-21,Trending_Up,Medium_Vol,Trending_Up_Medium_Vol,Trending_Up_Medium_Vol,0.16676659452630252,0.20151177384881833,0.22552778000188484,0.048856922419240285
2013-11-22,Trending_Up,Medium_Vol,Trending_Up_Medium_Vol,Trending_Up_Medium_Vol,0.16657032151200374,0.19892656226919145,0.22542815226661356,0.0494276367240875
2013-11-25,Trending_Up,High_Vol,Trending_Up_High_Vol,Trending_Up_High_Vol,0.1830552368563523,0.18533681058353427,0.2260699210648454,0.03041763250179258
2013-11-26,Trending_Up,High_Vol,Trending_Up_High_Vol,Trending_Up_High_Vol,0.18552962026380004,0.18662321662151446,0.22233273698122918,0.03933601122105456
2013-11-27,Trending_Up,High_Vol,Trending_Up_High_Vol,Trending_Up_High_Vol,0.18393822177922312,0.18489451794221565,0.22184183191446122,0.03965310913107276
2013-11-28,Trending_Up,Medium_Vol,Trending_Up_Medium_Vol,Trending_Up_Medium_Vol,0.17005276608206898,0.1852211776930936,0.2216872276658757,0.03414353294450647
2013-11-29,Trending_Up,High_Vol,Trending_Up_High_Vol,Trending_Up_High_Vol,0.17694993482151875,0.18737826214674766,0.2213209821532376,0.02078578348498964
2013-12-02,Trending_Up,Medium_Vol,Trending_Up_Medium_Vol,Trending_Up_Medium_Vol,0.17646747194227902,0.18779405668001573,0.22087050204099168,0.014166364613359638
2013-12-03,Trending_Up,Medium_Vol,Trending_Up_Medium_Vol,Trending_Up_Medium_Vol,0.1764560544626976,0.18726814432964314,0.220809166657515,0.016703147893505268
2013-12-04,Trending_Up,Medium_Vol,Trending_Up_Medium_Vol,Trending_Up_Medium_Vol,0.1754365851394704,0.16933712551033417,0.2205050434206226,0.023187784670081146
2013-12-05,Trending_Up,High_Vol,Trending_Up_High_Vol,Trending_Up_High_Vol,0.18065968437736787,0.16709005676609404,0.2210570640572656,0.010480101409398021
2013-12-06,Trending_Up,High_Vol,Trending_Up_High_Vol,Trending_Up_High_Vol,0.180000042883892,0.15995927116554237,0.22071714260251138,0.00749941202181968
2013-12-09,Trending_Up,High_Vol,Trending_Up_High_Vol,Trending_Up_High_Vol,0.18577652000105094,0.16360815578159202,0.21995325437307617,0.0
2013-12-10,Trending_Up,High_Vol,Trending_Up_High_Vol,Trending_Up_High_Vol,0.18222233022200562,0.16391070167203534,0.219334692817129,0.004879052965001024
2013-12-11,Trending_Up,Medium_Vol,Trending_Up_Medium_Vol,Trending_Up_Medium_Vol,0.1781088742058016,0.16437491553273018,0.2193994789285119,0.008799635578707932
2013-12-12,Trending_Up,High_Vol,Trending_Up_High_Vol,Trending_Up_High_Vol,0.18299762191765004,0.16538631300879034,0.21921259107799898,0.019932761294616307
2013-12-13,Trending_Up,High_Vol,Trending_Up_High_Vol,Trending_Up_High_Vol,0.18536152588486166,0.1626064886046497,0.21994076728168604,0.03072015635066787
2013-12-16,Trending_Up,Medium_Vol,Trending_Up_Medium_Vol,Trending_Up_Medium_Vol,0.16818175450248085,0.1621675160938121,0.2193416318811533,0.03287287830441899
2013-12-17,Trending_Up,Medium_Vol,Trending_Up_Medium_Vol,Trending_Up_Medium_Vol,0.1680920078939305,0.15497025192952818,0.21937019175269878,0.03533212355735519
2013-12-18,Trending_Up,Medium_Vol,Trending_Up_Medium_Vol,Trending_Up_Medium_Vol,0.1674866461420806,0.15722725273779561,0.22025829381058937,0.023059759306703377
2013-12-19,Trending_Up,Medium_Vol,Trending_Up_Medium_Vol,Trending_Up_Medium_Vol,0.1521210898244056,0.15855720647162527,0.22036156650092384,0.030995144962502493
2013-12-20,Trending_Up,Medium_Vol,Trending_Up_Medium_Vol,Trending_Up_Medium_Vol,0.16210253750829515,0.16274381153659712,0.22078113578084796,0.01408725839806704
2013-12-23,Trending_Up,Low_Vol,Trending_Up_Low_Vol,Trending_Up_Low_Vol,0.1480436291380359,0.1603543388596785,0.2195729810537271,0.012476610814464247
2013-12-24,Trending_Up,Low_Vol,Trending_Up_Low_Vol,Trending_Up_Low_Vol,0.14354460086173232,0.16051792185059383,0.21952696904910046,0.015006521388689421
2013-12-26,Trending_Up,Low_Vol,Trending_Up_Low_Vol,Trending_Up_Low_Vol,0.14333773494951285,0.1583045401753538,0.21894572520553207,0.013356589717681683
2013-12-27,Trending_Up,Low_Vol,Trending_Up_Low_Vol,Trending_Up_Low_Vol,0.14327462912148026,0.15862519190404425,0.21791851683395508,0.007872546461297847
2013-12-30,Trending_Up,Low_Vol,Trending_Up_Low_Vol,Trending_Up_Low_Vol,0.13713679044767985,0.15858585071264053,0.2179796924015309,0.011439495561627027
2013-12-31,Trending_Up,Low_Vol,Trending_Up_Low_Vol,Trending_Up_Low_Vol,0.13550341059208007,0.15759955684717264,0.21791448858426252,0.00941245199687845
2014-01-02,Trending_Up,Low_Vol,Trending_Up_Low_Vol,Trending_Up_Low_Vol,0.14384978871670023,0.1517376125247131,0.21853145857423034,0.022431213908224237
2014-01-03,Trending_Up,Low_Vol,Trending_Up_Low_Vol,Trending_Up_Low_Vol,0.14180270230356426,0.1516885407614311,0.21857022559230221,0.024002577404422083
2014-01-06,Trending_Up,Low_Vol,Trending_Up_Low_Vol,Trending_Up_Low_Vol,0.13421441125949252,0.1518604137009939,0.21462259141653234,0.027098117455891912
2014-01-07,Trending_Up,Low_Vol,Trending_Up_Low_Vol,Trending_Up_Low_Vol,0.13443824880089628,0.1519739225847719,0.21465867535368965,0.0316865295554829
2014-01-08,Trending_Up,Low_Vol,Trending_Up_Low_Vol,Trending_Up_Low_Vol,0.11846170169027254,0.15194990711329312,0.21434903462695523,0.02974588029233192
2014-01-09,Trending_Up,Low_Vol,Trending_Up_Low_Vol,Trending_Up_Low_Vol,0.11778439754755773,0.15179147370573134,0.21405692852003497,0.030727982477455576
2014-01-10,Trending_Up,Low_Vol,Trending_Up_Low_Vol,Trending_Up_Low_Vol,0.11751362025428538,0.1508813793919208,0.21280034701604986,0.0302408444482876
2014-01-13,Trending_Up,Low_Vol,Trending_Up_Low_Vol,Trending_Up_Low_Vol,0.12643264109794375,0.14891580016857314,0.21396947150517737,0.014322962922496716
2014-01-14,Trending_Up,Low_Vol,Trending_Up_Low_Vol,Trending_Up_Low_Vol,0.12093317288962704,0.1489491281298221,0.20344702249966914,0.019178460780401415
2014-01-15,Trending_Up,Low_Vol,Trending_Up_Low_Vol,Trending_Up_Low_Vol,0.12765239732271896,0.15070233046667134,0.20211081325440297,0.006756863033650734
2014-01-16,Trending_Up,Low_Vol,Trending_Up_Low_Vol,Trending_Up_Low_Vol,0.1269916306445514,0.15068144737518746,0.2020292580336839,0.007071135732890303
2014-01-17,Trending_Up,Low_Vol,Trending_Up_Low_Vol,Trending_Up_Low_Vol,0.12492660038146398,0.15083022070878843,0.20022865375890575,0.016067191748622967
2014-01-20,Trending_Up,Low_Vol,Trending_Up_Low_Vol,Trending_Up_Low_Vol,0.12262843952171595,0.1508913224277634,0.19825533955597255,0.009420278123666154
2014-01-21,Trending_Up,Low_Vol,Trending_Up_Low_Vol,Trending_Up_Low_Vol,0.10649325912902202,0.15050891770979666,0.19759361855091553,0.007872546461297847
2014-01-22,Trending_Up,Low_Vol,Trending_Up_Low_Vol,Trending_Up_Low_Vol,0.10719744762519022,0.14959064657199553,0.19762978430591666,0.003920505886973696
2014-01-23,Trending_Up,Low_Vol,Trending_Up_Low_Vol,Trending_Up_Low_Vol,0.10661559894276464,0.1475435017649757,0.18898662476455366,0.0028677383805610674
2014-01-24,Trending_Up,Low_Vol,Trending_Up_Low_Vol,Trending_Up_Low_Vol,0.11612656721368123,0.14856827353772922,0.19031763478140884,0.015265781020215422
2014-01-27,Trending_Up,Low_Vol,Trending_Up_Low_Vol,Trending_Up_Low_Vol,0.1354566750174772,0.1559371692472483,0.19047320665014836,0.03583491384009857
2014-01-28,Trending_Up,Low_Vol,Trending_Up_Low_Vol,Trending_Up_Low_Vol,0.1352105127998265,0.15409945896715987,0.18981202109083412,0.037343438141795145
2014-01-29,Trending_Up,Low_Vol,Trending_Up_Low_Vol,Trending_Up_Low_Vol,0.13464357442803002,0.14590379365976433,0.188651209697164,0.03828625623951385
2014-01-30,Trending_Up,Low_Vol,Trending_Up_Low_Vol,Trending_Up_Low_Vol,0.12960320225116498,0.14672786792519982,0.17870076385311984,0.04560092262362154
2014-01-31,Trending_Up,Low_Vol,Trending_Up_Low_Vol,Trending_Up_Low_Vol,0.13027279715910156,0.14399615115513364,0.17620412699916918,0.04311819899032223
2014-02-03,Trending_Up,Low_Vol,Trending_Up_Low_Vol,Trending_Up_Low_Vol,0.13863615462729775,0.14034978376552498,0.17314377781798754,0.05689908754267061
2014-02-04,Trending_Up,Low_Vol,Trending_Up_Low_Vol,Trending_Up_Low_Vol,0.13818578950349558,0.14034274296559546,0.17149810811588195,0.05704049491198178
2014-02-05,Trending_Up,Low_Vol,Trending_Up_Low_Vol,Trending_Up_Low_Vol,0.1387971294060562,0.1329927736216665,0.160710866767098,0.05366206339515641
2014-02-06,Trending_Up,Low_Vol,Trending_Up_Low_Vol,Trending_Up_Low_Vol,0.1393593542919044,0.13152155124308912,0.1606937376462719,0.05147788348078805
2014-02-07,Trending_Up,Low_Vol,Trending_Up_Low_Vol,Trending_Up_Low_Vol,0.14064240856296611,0.13190600765872706,0.15988668721649654,0.047250854294629274
2014-02-10,Trending_Up,Low_Vol,Trending_Up_Low_Vol,Trending_Up_Low_Vol,0.12498315994513014,0.13130783831099477,0.159917368515382,0.048782933703422175
2014-02-11,Trending_Up,Low_Vol,Trending_Up_Low_Vol,Trending_Up_Low_Vol,0.12490627773201221,0.12744711436870787,0.15989142911404616,0.047329422469439164
2014-02-12,Trending_Up,Low_Vol,Trending_Up_Low_Vol,Trending_Up_Low_Vol,0.11504982185612919,0.12672343537676659,0.1599551156684746,0.04398244891323104
2014-02-13,Trending_Up,Low_Vol,Trending_Up_Low_Vol,Trending_Up_Low_Vol,0.1221284966691821,0.13008127438597786,0.16098158904154253,0.057009036951364535
2014-02-14,Trending_Up,Low_Vol,Trending_Up_Low_Vol,Trending_Up_Low_Vol,0.12491378680504908,0.13072017940581052,0.15056156970340834,0.04958434443182972
2014-02-18,Trending_Up,Low_Vol,Trending_Up_Low_Vol,Trending_Up_Low_Vol,0.1323002242007426,0.13072581951874893,0.1495298609438666,0.037209856899271684
2014-02-19,Trending_Up,Low_Vol,Trending_Up_Low_Vol,Trending_Up_Low_Vol,0.13339973165711774,0.13090688627154834,0.1459627397334306,0.03317932487687086
2014-02-20,Trending_Up,Low_Vol,Trending_Up_Low_Vol,Trending_Up_Low_Vol,0.13530488802512636,0.1267662446282224,0.14690093143832592,0.042811752417870365
2014-02-21,Trending_Up,Medium_Vol,Trending_Up_Medium_Vol,Trending_Up_Medium_Vol,0.14208247111302247,0.12893443651541056,0.14766416704782598,0.032755026042204156
2014-02-24,Trending_Up,Low_Vol,Trending_Up_Low_Vol,Trending_Up_Low_Vol,0.13765674367847422,0.12927775023586421,0.1478277904174906,0.027938812271704402
2014-02-25,Trending_Up,Low_Vol,Trending_Up_Low_Vol,Trending_Up_Low_Vol,0.11510965045309852,0.12696828315002318,0.14716206096049161,0.025746806230548334
2014-02-26,Trending_Up,Low_Vol,Trending_Up_Low_Vol,Trending_Up_Low_Vol,0.11654291797774793,0.12523458586123262,0.14473796708147302,0.019657772682781686
2014-02-28,Trending_Up,Low_Vol,Trending_Up_Low_Vol,Trending_Up_Low_Vol,0.11771109077349597,0.12578320882194585,0.14455728230641915,0.013662959563400336
2014-03-03,Trending_Up,Low_Vol,Trending_Up_Low_Vol,Trending_Up_Low_Vol,0.11902458077318641,0.12733274986435997,0.1411668467705465,0.022384026967298375
2014-03-04,Trending_Up,Low_Vol,Trending_Up_Low_Vol,Trending_Up_Low_Vol,0.12531551345491249,0.1271225627893641,0.14238200556090777,0.01036309622138486
2014-03-05,Trending_Up,Low_Vol,Trending_Up_Low_Vol,Trending_Up_Low_Vol,0.11020583866782309,0.12604332784728575,0.1425300388388901,0.005539056324097404
2014-03-06,Trending_Up,Low_Vol,Trending_Up_Low_Vol,Trending_Up_Low_Vol,0.11389435584590155,0.12258163609171473,0.14346646071436192,0.0
2014-03-07,Trending_Up,Low_Vol,Trending_Up_Low_Vol,Trending_Up_Low_Vol,0.1278469083877339,0.1299103993486857,0.14519536411476805,0.0
2014-03-10,Trending_Up,Low_Vol,Trending_Up_Low_Vol,Trending_Up_Low_Vol,0.12799412224354878,0.12969479033310738,0.14518369528501865,0.0
2014-03-11,Trending_Up,Low_Vol,Trending_Up_Low_Vol,Trending_Up_Low_Vol,0.1310050248781034,0.13011661237229988,0.14416731187885887,0.00387779229129221
2014-03-12,Trending_Up,Low_Vol,Trending_Up_Low_Vol,Trending_Up_Low_Vol,0.13001801744018912,0.12965207885424757,0.14413149061417999,0.00311294468717733
2014-03-13,Trending_Up,Low_Vol,Trending_Up_Low_Vol,Trending_Up_Low_Vol,0.13245736941398265,0.1296617355718428,0.14411445957985286,0.006753589405904623
2014-03-14,Trending_Up,Low_Vol,Trending_Up_Low_Vol,Trending_Up_Low_Vol,0.13260388258520864,0.1296452559829682,0.14358164967367099,0.0050556127863398215
2014-03-18,Trending_Up,Low_Vol,Trending_Up_Low_Vol,Trending_Up_Low_Vol,0.11669309489497812,0.1257505083125871,0.13879688559381922,0.003151187067383074
2014-03-19,Trending_Up,Low_Vol,Trending_Up_Low_Vol,Trending_Up_Low_Vol,0.11629568335265655,0.1256132741056367,0.13876432747796077,0.002019227551722819
2014-03-20,Trending_Up,Low_Vol,Trending_Up_Low_Vol,Trending_Up_Low_Vol,0.11621633830955093,0.12633674694912567,0.13917939935064563,0.008283284614134384
2014-03-21,Trending_Up,Low_Vol,Trending_Up_Low_Vol,Trending_Up_Low_Vol,0.11619095700871356,0.1256724938334356,0.13900835731738378,0.006738277515392558
2014-03-24,Trending_Up,Low_Vol,Trending_Up_Low_Vol,Trending_Up_Low_Vol,0.11246193444468898,0.12892266252170284,0.1405412124567459,0.0
2014-03-25,Trending_Up,Low_Vol,Trending_Up_Low_Vol,Trending_Up_Low_Vol,0.11012527364853182,0.128815679998711,0.14040582466583812,0.0
2014-03-26,Trending_Up,Low_Vol,Trending_Up_Low_Vol,Trending_Up_Low_Vol,0.11011890792028638,0.12880394701337108,0.139846337958698,0.0
2014-03-27,Trending_Up,Low_Vol,Trending_Up_Low_Vol,Trending_Up_Low_Vol,0.11049477110047409,0.12462862901175431,0.1368317600089503,0.0
2014-03-28,Trending_Up,Low_Vol,Trending_Up_Low_Vol,Trending_Up_Low_Vol,0.11133314819005706,0.12479505290624981,0.13717943529359988,0.0
2014-03-31,Trending_Up,Low_Vol,Trending_Up_Low_Vol,Trending_Up_Low_Vol,0.11119696427369857,0.12211525172426436,0.13674004562003853,0.0
2014-04-01,Trending_Up,Low_Vol,Trending_Up_Low_Vol,Trending_Up_Low_Vol,0.10161588592237017,0.122098919521006,0.1367683131451489,0.0
2014-04-02,Trending_Up,Low_Vol,Trending_Up_Low_Vol,Trending_Up_Low_Vol,0.09673859405971542,0.1200034433596796,0.13610546440394536,0.0
2014-04-03,Trending_Up,Low_Vol,Trending_Up_Low_Vol,Trending_Up_Low_Vol,0.09882729191666509,0.11972229741989078,0.13575913858583333,0.00243607341034803
2014-04-04,Trending_Up,Low_Vol,Trending_Up_Low_Vol,Trending_Up_Low_Vol,0.09899906931285793,0.12091479670003431,0.13595689737044106,0.008618923031244997
2014-04-07,Trending_Up,Low_Vol,Trending_Up_Low_Vol,Trending_Up_Low_Vol,0.07496481581892227,0.1207690191136948,0.13530365200458694,0.008515301873091631
2014-04-09,Trending_Up,Low_Vol,Trending_Up_Low_Vol,Trending_Up_Low_Vol,0.0896210615251123,0.12478313591473061,0.13600501705150173,0.0
2014-04-10,Trending_Up,Low_Vol,Trending_Up_Low_Vol,Trending_Up_Low_Vol,0.08728867143817387,0.12074734092258405,0.13483981335927486,0.0
2014-04-11,Trending_Up,Low_Vol,Trending_Up_Low_Vol,Trending_Up_Low_Vol,0.08905738050923885,0.10974157585279803,0.13466917042611812,0.002957462472053542
2014-04-15,Trending_Up,Low_Vol,Trending_Up_Low_Vol,Trending_Up_Low_Vol,0.09181848571407064,0.1110709858712139,0.13427697001415867,0.00931372573671996
2014-04-16,Trending_Up,Low_Vol,Trending_Up_Low_Vol,Trending_Up_Low_Vol,0.09899155610784567,0.11337839175677142,0.13091796950411724,0.017818271348995874
2014-04-17,Trending_Up,Low_Vol,Trending_Up_Low_Vol,Trending_Up_Low_Vol,0.1112387520831829,0.1154637606425563,0.13299239500862395,0.002501324266416036
2014-04-21,Trending_Up,Low_Vol,Trending_Up_Low_Vol,Trending_Up_Low_Vol,0.1119215129330631,0.11571602381062697,0.13131492308754367,0.0
2014-04-22,Trending_Up,Low_Vol,Trending_Up_Low_Vol,Trending_Up_Low_Vol,0.1078478409300803,0.10942036725064917,0.12680713548029507,0.00033733100414988753
2014-04-23,Trending_Up,Low_Vol,Trending_Up_Low_Vol,Trending_Up_Low_Vol,0.10786597406420274,0.10927138595964528,0.1268277791660742,0.0
2014-04-25,Trending_Up,Low_Vol,Trending_Up_Low_Vol,Trending_Up_Low_Vol,0.10609581250562648,0.11206288909603147,0.12420095135614209,0.008485821299392904
2014-04-28,Trending_Up,Low_Vol,Trending_Up_Low_Vol,Trending_Up_Low_Vol,0.1073857784334284,0.11275989878861593,0.12329814242890959,0.01162872865143493
2014-04-29,Trending_Up,Low_Vol,Trending_Up_Low_Vol,Trending_Up_Low_Vol,0.11114242365008699,0.11447064788760564,0.12391951895909312,0.018353088567431824
2014-04-30,Trending_Up,Low_Vol,Trending_Up_Low_Vol,Trending_Up_Low_Vol,0.11007599804034969,0.11470021330293666,0.12384129336544779,0.021108628591177788
2014-05-02,Trending_Up,Low_Vol,Trending_Up_Low_Vol,Trending_Up_Low_Vol,0.10623304628081144,0.11480982447617895,0.12212643252961404,0.02134253364642492
2014-05-05,Trending_Up,Low_Vol,Trending_Up_Low_Vol,Trending_Up_Low_Vol,0.10616586693960245,0.11479538376038548,0.12175656006879382,0.020677363915009597
2014-05-06,Trending_Up,Low_Vol,Trending_Up_Low_Vol,Trending_Up_Low_Vol,0.1061250473138325,0.10910619845370442,0.12166370415581979,0.018345808031687175
2014-05-07,Trending_Up,Low_Vol,Trending_Up_Low_Vol,Trending_Up_Low_Vol,0.10950190246769771,0.11138543882382178,0.12216777202835168,0.027518712047530765
2014-05-08,Trending_Up,Low_Vol,Trending_Up_Low_Vol,Trending_Up_Low_Vol,0.10948714489614378,0.10845809429038175,0.12059007444631008,0.026451542538528668
2014-05-09,Trending_Up,Medium_Vol,Trending_Up_Medium_Vol,Trending_Up_Medium_Vol,0.15157185468368,0.1254897411903554,0.1291484587562389,0.0
2014-05-12,Trending_Up,High_Vol,Trending_Up_High_Vol,Trending_Up_High_Vol,0.1694020623873178,0.13049638954724388,0.13135515551087568,0.0
2014-05-13,Trending_Up,High_Vol,Trending_Up_High_Vol,Trending_Up_High_Vol,0.16786521929424214,0.1315560264797467,0.1324874736050041,0.0
2014-05-14,Trending_Up,High_Vol,Trending_Up_High_Vol,Trending_Up_High_Vol,0.16787053086400833,0.131629553998146,0.13224651688409808,0.0
2014-05-15,Trending_Up,Medium_Vol,Trending_Up_Medium_Vol,Trending_Up_Medium_Vol,0.16672794965718782,0.13163560310511113,0.1307323851579197,0.0
2014-05-16,Trending_Up,Medium_Vol,Trending_Up_Medium_Vol,Trending_Up_Medium_Vol,0.16592428423859645,0.13276769508654604,0.13013742547527968,0.0
2014-05-19,Trending_Up,Medium_Vol,Trending_Up_Medium_Vol,Trending_Up_Medium_Vol,0.16047825412573694,0.13315102030003606,0.13043942765450048,0.0
2014-05-20,Trending_Up,Medium_Vol,Trending_Up_Medium_Vol,Trending_Up_Medium_Vol,0.1549779567182122,0.13042489797503704,0.13026269966616982,0.0
2014-05-21,Trending_Up,Medium_Vol,Trending_Up_Medium_Vol,Trending_Up_Medium_Vol,0.15653908122342552,0.12946108654387967,0.1292835468016483,0.0031063291397498455
2014-05-22,Trending_Up,Medium_Vol,Trending_Up_Medium_Vol,Trending_Up_Medium_Vol,0.15599775378223898,0.12938224885640823,0.12836911864352749,0.0
2014-05-23,Trending_Up,Medium_Vol,Trending_Up_Medium_Vol,Trending_Up_Medium_Vol,0.159345010590804,0.12974768830611863,0.12704863450072434,0.0
2014-05-26,Trending_Up,Medium_Vol,Trending_Up_Medium_Vol,Trending_Up_Medium_Vol,0.15387636455137427,0.1242009300493755,0.12712260042735926,0.001092735657455109
2014-05-27,Trending_Up,Medium_Vol,Trending_Up_Medium_Vol,Trending_Up_Medium_Vol,0.1556192459127404,0.1254880748571389,0.12746436231803257,0.00666477949334102
2014-05-28,Trending_Up,Medium_Vol,Trending_Up_Medium_Vol,Trending_Up_Medium_Vol,0.15065657698375107,0.12470397642369246,0.12746427472128857,0.005083437827105717
2014-05-29,Trending_Up,Medium_Vol,Trending_Up_Medium_Vol,Trending_Up_Medium_Vol,0.16088729618445602,0.12926815142092848,0.1293307683419119,0.017842868098713525
2014-05-30,Trending_Up,Medium_Vol,Trending_Up_Medium_Vol,Trending_Up_Medium_Vol,0.1610874913603744,0.12876859576450075,0.12913157815337778,0.018616538465030835
2014-06-02,Trending_Up,High_Vol,Trending_Up_High_Vol,Trending_Up_High_Vol,0.16842675743810484,0.13376480565417553,0.13189006254080335,0.0006244109073139189
2014-06-03,Trending_Up,High_Vol,Trending_Up_High_Vol,Trending_Up_High_Vol,0.1683916088197842,0.13417627172364724,0.1300524260409705,0.0
2014-06-04,Trending_Up,Medium_Vol,Trending_Up_Medium_Vol,Trending_Up_Medium_Vol,0.16187456411881126,0.1345107898981438,0.1300679894141127,0.0018339229457386493
2014-06-05,Trending_Up,Medium_Vol,Trending_Up_Medium_Vol,Trending_Up_Medium_Vol,0.16172236972492435,0.13389288813479647,0.1304238754726968,0.0
2014-06-06,Trending_Up,Medium_Vol,Trending_Up_Medium_Vol,Trending_Up_Medium_Vol,0.1391392675619186,0.1364168946837028,0.13152864921054824,0.0
2014-06-09,Trending_Up,Low_Vol,Trending_Up_Low_Vol,Trending_Up_Low_Vol,0.12403483996204176,0.1349530938068232,0.1320348061825825,0.0
2014-06-10,Trending_Up,Low_Vol,Trending_Up_Low_Vol,Trending_Up_Low_Vol,0.12003794390029475,0.13501989989386373,0.13197275447026527,0.0
2014-06-11,Trending_Up,Low_Vol,Trending_Up_Low_Vol,Trending_Up_Low_Vol,0.12239351140067704,0.13588090767261907,0.1322966251792726,0.0038594907612459375
2014-06-12,Trending_Up,Low_Vol,Trending_Up_Low_Vol,Trending_Up_Low_Vol,0.12227977365691677,0.13568538850973688,0.13031543474041696,0.0008489629699214435
2014-06-13,Trending_Up,Medium_Vol,Trending_Up_Medium_Vol,Trending_Up_Medium_Vol,0.13383603985456693,0.14033793427829214,0.1323552962453456,0.014928661792144759
2014-06-16,Trending_Up,Medium_Vol,Trending_Up_Medium_Vol,Trending_Up_Medium_Vol,0.1323737848952539,0.14054167193326086,0.13131466714684314,0.016045412886367596
2014-06-17,Trending_Up,Medium_Vol,Trending_Up_Medium_Vol,Trending_Up_Medium_Vol,0.13816943301814094,0.14256347661938665,0.1324733508733955,0.003226021021144548
2014-06-18,Trending_Up,Medium_Vol,Trending_Up_Medium_Vol,Trending_Up_Medium_Vol,0.14347517744560684,0.14507867720860715,0.1325968530663931,0.012825833065640871
2014-06-19,Trending_Up,Medium_Vol,Trending_Up_Medium_Vol,Trending_Up_Medium_Vol,0.14424406841447182,0.14505867451100582,0.1325363604606893,0.015111502600044758
2014-06-20,Trending_Up,Medium_Vol,Trending_Up_Medium_Vol,Trending_Up_Medium_Vol,0.13985373770477794,0.14445216630359325,0.1328451728978637,0.01893183596469125
2014-06-23,Trending_Up,Medium_Vol,Trending_Up_Medium_Vol,Trending_Up_Medium_Vol,0.14019375004534887,0.1447627661534986,0.13296200037422412,0.021295884066555585
2014-06-24,Trending_Up,Medium_Vol,Trending_Up_Medium_Vol,Trending_Up_Medium_Vol,0.1428250680772322,0.14337024237033585,0.13387876313207747,0.009952419936675986
2014-06-25,Trending_Up,Medium_Vol,Trending_Up_Medium_Vol,Trending_Up_Medium_Vol,0.14328970738998886,0.1435244665974001,0.13202552020634004,0.011382621526479042
2014-06-26,Trending_Up,Medium_Vol,Trending_Up_Medium_Vol,Trending_Up_Medium_Vol,0.13986727673925473,0.14569976208330754,0.12832730812872273,0.021315462764855304
2014-06-27,Trending_Up,Medium_Vol,Trending_Up_Medium_Vol,Trending_Up_Medium_Vol,0.13953714949328658,0.14441481753624333,0.1281976088939221,0.019278002656453092
2014-06-30,Trending_Up,Medium_Vol,Trending_Up_Medium_Vol,Trending_Up_Medium_Vol,0.13308465427147753,0.14448651155297434,0.1294115091745713,0.005883940920289379
2014-07-01,Trending_Up,Low_Vol,Trending_Up_Low_Vol,Trending_Up_Low_Vol,0.13159188493237095,0.14142732159767754,0.1284552664753298,0.0028341919581038816
2014-07-02,Trending_Up,Medium_Vol,Trending_Up_Medium_Vol,Trending_Up_Medium_Vol,0.13590180054812015,0.14283393207881995,0.12934186062336,0.0
2014-07-03,Trending_Up,Medium_Vol,Trending_Up_Medium_Vol,Trending_Up_Medium_Vol,0.13341283744620233,0.14295553329596694,0.12665310413480985,0.0013397924683778448
2014-07-04,Trending_Up,Low_Vol,Trending_Up_Low_Vol,Trending_Up_Low_Vol,0.1249932447611509,0.14301961703646038,0.12662740856524307,0.0
2014-07-07,Trending_Up,Low_Vol,Trending_Up_Low_Vol,Trending_Up_Low_Vol,0.12190717972403674,0.1408297363463829,0.1266573543988478,0.0
2014-07-08,Trending_Up,Medium_Vol,Trending_Up_Medium_Vol,Trending_Up_Medium_Vol,0.14470640239245927,0.15014622294160232,0.13210871773258825,0.021053878387766102
2014-07-09,Trending_Up,Medium_Vol,Trending_Up_Medium_Vol,Trending_Up_Medium_Vol,0.14515204934361017,0.14963137388303996,0.1325823188712279,0.025959420953603013
2014-07-10,Trending_Up,Medium_Vol,Trending_Up_Medium_Vol,Trending_Up_Medium_Vol,0.14479267185579528,0.14953926290401176,0.13263620456497247,0.028174608822891127
2014-07-11,Trending_Up,Medium_Vol,Trending_Up_Medium_Vol,Trending_Up_Medium_Vol,0.14504222616134405,0.15411685905819011,0.13521347222330068,0.04206286109747485
2014-07-14,Trending_Up,Medium_Vol,Trending_Up_Medium_Vol,Trending_Up_Medium_Vol,0.14502629701819736,0.15422144787581296,0.13526929525409878,0.04276275712886621
2014-07-15,Trending_Up,Medium_Vol,Trending_Up_Medium_Vol,Trending_Up_Medium_Vol,0.141371323979098,0.15514858851294694,0.1334396105006164,0.033452547243452396
2014-07-16,Trending_Up,Medium_Vol,Trending_Up_Medium_Vol,Trending_Up_Medium_Vol,0.14507389451520486,0.15460552046052098,0.13422763350368463,0.02089981598415308
2014-07-17,Trending_Up,Medium_Vol,Trending_Up_Medium_Vol,Trending_Up_Medium_Vol,0.14479415566335052,0.15456576041592873,0.13313368132998732,0.018838690518477988
2014-07-18,Trending_Up,Medium_Vol,Trending_Up_Medium_Vol,Trending_Up_Medium_Vol,0.14398007054345457,0.1415868875534809,0.1331040130623037,0.015827356805203485
2014-07-21,Trending_Up,Medium_Vol,Trending_Up_Medium_Vol,Trending_Up_Medium_Vol,0.14348939706675226,0.1336618692368667,0.13166029807634938,0.013220460415211032
2014-07-22,Trending_Up,Medium_Vol,Trending_Up_Medium_Vol,Trending_Up_Medium_Vol,0.14283959573087182,0.13262836876456052,0.13172142679611681,0.0024784169984568053
2014-07-23,Trending_Up,Medium_Vol,Trending_Up_Medium_Vol,Trending_Up_Medium_Vol,0.14269251135084626,0.13262151820821988,0.1316696846579487,0.0
2014-07-24,Trending_Up,Medium_Vol,Trending_Up_Medium_Vol,Trending_Up_Medium_Vol,0.1362519634057948,0.1327487417714286,0.1317126040721507,0.0
2014-07-25,Trending_Up,Medium_Vol,Trending_Up_Medium_Vol,Trending_Up_Medium_Vol,0.1387430511910894,0.1319393990915923,0.13209754354344605,0.0051273084876045615
2014-07-28,Trending_Up,Medium_Vol,Trending_Up_Medium_Vol,Trending_Up_Medium_Vol,0.1336593558970237,0.13190823428779508,0.13249986444625034,0.010458956059863557
2014-07-30,Trending_Up,Medium_Vol,Trending_Up_Medium_Vol,Trending_Up_Medium_Vol,0.13445681135156898,0.13224108309966912,0.13142559070132065,0.005006026974130996
2014-07-31,Trending_Up,Low_Vol,Trending_Up_Low_Vol,Trending_Up_Low_Vol,0.1326026216070157,0.1339251693681282,0.1316441923872929,0.013958099201294202
2014-08-01,Trending_Up,Medium_Vol,Trending_Up_Medium_Vol,Trending_Up_Medium_Vol,0.1434107486917344,0.1389539052435288,0.1344417395033617,0.029116542430540144
2014-08-04,Trending_Up,Medium_Vol,Trending_Up_Medium_Vol,Trending_Up_Medium_Vol,0.1478430641705827,0.13823985506331926,0.13430331404314594,0.01876614735523056
2014-08-05,Trending_Up,Medium_Vol,Trending_Up_Medium_Vol,Trending_Up_Medium_Vol,0.14998971700680183,0.13912590048323986,0.13166059284924062,0.010733569831245349
2014-08-06,Trending_Up,Medium_Vol,Trending_Up_Medium_Vol,Trending_Up_Medium_Vol,0.1335071150762878,0.1404072799624374,0.13289130771306185,0.020247527774557808
2014-08-07,Trending_Up,Low_Vol,Trending_Up_Low_Vol,Trending_Up_Low_Vol,0.13261365848608087,0.14067916185015666,0.13280336715313545,0.023159157075398253
2014-08-08,Trending_Up,Medium_Vol,Trending_Up_Medium_Vol,Trending_Up_Medium_Vol,0.13801631333711895,0.13962730953512464,0.134201747067615,0.033464905588421426
2014-08-11,Trending_Up,Low_Vol,Trending_Up_Low_Vol,Trending_Up_Low_Vol,0.12946575449838602,0.14035820166321877,0.1342821622049795,0.02613463844297234
2014-08-12,Trending_Up,Medium_Vol,Trending_Up_Medium_Vol,Trending_Up_Medium_Vol,0.13614144565590805,0.13758920260412838,0.1355416967278845,0.013223800433857335
2014-08-13,Trending_Up,Low_Vol,Trending_Up_Low_Vol,Trending_Up_Low_Vol,0.13291159750911644,0.13685418744228847,0.13554165702098073,0.011627498765516317
2014-08-14,Trending_Up,Low_Vol,Trending_Up_Low_Vol,Trending_Up_Low_Vol,0.12744252025704383,0.1373285399175839,0.13576784795004104,0.00496767832077046
2014-08-18,Trending_Up,Low_Vol,Trending_Up_Low_Vol,Trending_Up_Low_Vol,0.13180408799665413,0.13763014858261907,0.13585046260794775,0.0
2014-08-19,Trending_Up,Low_Vol,Trending_Up_Low_Vol,Trending_Up_Low_Vol,0.13178682210579845,0.13417438247163285,0.13585742158973196,0.0
2014-08-20,Trending_Up,Low_Vol,Trending_Up_Low_Vol,Trending_Up_Low_Vol,0.1325974469382997,0.13297005681261675,0.1347138586364283,0.002811040875276986
2014-08-21,Trending_Up,Low_Vol,Trending_Up_Low_Vol,Trending_Up_Low_Vol,0.12770567958261142,0.1330042987561736,0.13470674354810488,0.0008103706671415005
2014-08-22,Trending_Up,Low_Vol,Trending_Up_Low_Vol,Trending_Up_Low_Vol,0.12750852900136467,0.13268599174212517,0.13471532477258572,0.0
2014-08-25,Trending_Up,Low_Vol,Trending_Up_Low_Vol,Trending_Up_Low_Vol,0.12686555842839897,0.13263431270943293,0.13460899341633487,0.0008720101166008093
2014-08-26,Trending_Up,Low_Vol,Trending_Up_Low_Vol,Trending_Up_Low_Vol,0.12515455768729425,0.12826452652420028,0.13425482024518146,0.0010678606763298618
2014-08-27,Trending_Up,Low_Vol,Trending_Up_Low_Vol,Trending_Up_Low_Vol,0.12347352239232355,0.12834420801110036,0.13430069307847756,0.0
2014-08-28,Trending_Up,Low_Vol,Trending_Up_Low_Vol,Trending_Up_Low_Vol,0.12251825571213303,0.12543210878095992,0.13429799308061863,0.0
2014-09-01,Trending_Up,Low_Vol,Trending_Up_Low_Vol,Trending_Up_Low_Vol,0.11971093144260285,0.12446025979918718,0.13474503159184312,0.0
2014-09-02,Trending_Up,Low_Vol,Trending_Up_Low_Vol,Trending_Up_Low_Vol,0.10164387789857596,0.12482561980572554,0.1348183210142797,0.0
2014-09-03,Trending_Up,Low_Vol,Trending_Up_Low_Vol,Trending_Up_Low_Vol,0.0977211497187764,0.12434822784503949,0.13423384366097987,0.0
2014-09-04,Trending_Up,Low_Vol,Trending_Up_Low_Vol,Trending_Up_Low_Vol,0.09707033637729964,0.12433012198314422,0.1343725631680417,0.002298314410975924
2014-09-05,Trending_Up,Low_Vol,Trending_Up_Low_Vol,Trending_Up_Low_Vol,0.08754060840493268,0.12232491873462836,0.13278384813177024,0.003419761869474636
2014-09-08,Trending_Up,Low_Vol,Trending_Up_Low_Vol,Trending_Up_Low_Vol,0.0893985409173144,0.12396357834613296,0.1335161651707005,0.0
2014-09-09,Trending_Up,Low_Vol,Trending_Up_Low_Vol,Trending_Up_Low_Vol,0.07650864267270809,0.12147065360626284,0.13348123353798014,0.002563000193486951
2014-09-10,Trending_Up,Low_Vol,Trending_Up_Low_Vol,Trending_Up_Low_Vol,0.08428355998680162,0.12311060238375188,0.13362069884195224,0.009762757758339876
2014-09-11,Trending_Up,Low_Vol,Trending_Up_Low_Vol,Trending_Up_Low_Vol,0.07607720979631526,0.12004926123953928,0.13265014132504238,0.010790407037644292
2014-09-12,Trending_Up,Low_Vol,Trending_Up_Low_Vol,Trending_Up_Low_Vol,0.07603815233474837,0.12000877118784525,0.13083802179712475,0.0083680866123816
2014-09-15,Trending_Up,Low_Vol,Trending_Up_Low_Vol,Trending_Up_Low_Vol,0.08216424123401286,0.11918126462226054,0.13158320325667808,0.01613671612322162
2014-09-16,Trending_Up,Low_Vol,Trending_Up_Low_Vol,Trending_Up_Low_Vol,0.0913142284166289,0.12341273449901753,0.13375903667278508,0.029484089954526685
2014-09-17,Trending_Up,Low_Vol,Trending_Up_Low_Vol,Trending_Up_Low_Vol,0.09260913472590307,0.12352460777143241,0.1338520648956272,0.024272367500715496
2014-09-18,Trending_Up,Low_Vol,Trending_Up_Low_Vol,Trending_Up_Low_Vol,0.10940437481505849,0.12892440549304565,0.13521982361942506,0.0072364358568655345
2014-09-19,Trending_Up,Low_Vol,Trending_Up_Low_Vol,Trending_Up_Low_Vol,0.10941521464843335,0.11875722083353886,0.13499230229822312,0.006416729793352472
2014-09-22,Trending_Up,Low_Vol,Trending_Up_Low_Vol,Trending_Up_Low_Vol,0.10946110987905303,0.11793271791971147,0.13428528112421004,0.0033766131205418925
2014-09-23,Trending_Up,Low_Vol,Trending_Up_Low_Vol,Trending_Up_Low_Vol,0.12538380817878325,0.12389489048596793,0.13701932761941873,0.019127968231103347
2014-09-24,Trending_Up,Low_Vol,Trending_Up_Low_Vol,Trending_Up_Low_Vol,0.1256931724027432,0.11895786840537945,0.13710807456149782,0.020981416710378946
2014-09-25,Trending_Up,Medium_Vol,Trending_Up_Medium_Vol,Trending_Up_Medium_Vol,0.13189067824344936,0.1222752053882974,0.13867584994607518,0.03205933615756182
2014-09-26,Trending_Up,Medium_Vol,Trending_Up_Medium_Vol,Trending_Up_Medium_Vol,0.13421136082628088,0.12150179726066279,0.13894703562164565,0.025085920691138495
2014-09-29,Trending_Up,Low_Vol,Trending_Up_Low_Vol,Trending_Up_Low_Vol,0.1298752460014399,0.11854923129036393,0.137891840165194,0.026303233776859905
2014-09-30,Trending_Up,Low_Vol,Trending_Up_Low_Vol,Trending_Up_Low_Vol,0.1270991822302283,0.11851666325567792,0.13789782583461827,0.02558143605310037
2014-10-01,Trending_Up,Low_Vol,Trending_Up_Low_Vol,Trending_Up_Low_Vol,0.12603464327848088,0.11863044600205612,0.13051098217854962,0.027936493030795966
2014-10-07,Trending_Up,Medium_Vol,Trending_Up_Medium_Vol,Trending_Up_Medium_Vol,0.13161728677339216,0.12179280010588985,0.12770616781286376,0.0393325100430719
2014-10-08,Trending_Up,Medium_Vol,Trending_Up_Medium_Vol,Trending_Up_Medium_Vol,0.13161373882107574,0.11947540969755752,0.12622274346983034,0.04051917823660688
2014-10-09,Trending_Up,Medium_Vol,Trending_Up_Medium_Vol,Trending_Up_Medium_Vol,0.1376140009647103,0.12381442367356323,0.12815459632306891,0.02610138369752667
2014-10-10,Trending_Up,Medium_Vol,Trending_Up_Medium_Vol,Trending_Up_Medium_Vol,0.14337954226846714,0.12687526008614475,0.13000434681864634,0.038408802503347196
2014-10-13,Trending_Up,Medium_Vol,Trending_Up_Medium_Vol,Trending_Up_Medium_Vol,0.14287174678495246,0.1264727802144867,0.12901932632584578,0.03543594927810371
2014-10-14,Trending_Up,Medium_Vol,Trending_Up_Medium_Vol,Trending_Up_Medium_Vol,0.14294146180929249,0.1259881744329371,0.12857752811160214,0.03791334687801726
2014-10-16,Trending_Up,Medium_Vol,Trending_Up_Medium_Vol,Trending_Up_Medium_Vol,0.14972560183964478,0.12983760497989402,0.13091730347142877,0.052080367036203445
2014-10-17,Trending_Up,Medium_Vol,Trending_Up_Medium_Vol,Trending_Up_Medium_Vol,0.14975454382724407,0.12852813598384685,0.13088667049509967,0.04822663743633793
2014-10-20,Trending_Up,Medium_Vol,Trending_Up_Medium_Vol,Trending_Up_Medium_Vol,0.15110209122983978,0.12654624906932893,0.1322288941997582,0.03602931324318717
2014-10-21,Trending_Up,Medium_Vol,Trending_Up_Medium_Vol,Trending_Up_Medium_Vol,0.15150704725692785,0.12512291100318815,0.1311890751667116,0.030114132211622752
2014-10-22,Trending_Up,Medium_Vol,Trending_Up_Medium_Vol,Trending_Up_Medium_Vol,0.14063722832068654,0.12525318165566743,0.13173984658152327,0.02177663075479564
2014-10-27,Trending_Up,Medium_Vol,Trending_Up_Medium_Vol,Trending_Up_Medium_Vol,0.1405245473333801,0.12305886345624355,0.13135447980545834,0.02229042552613188
2014-10-28,Trending_Up,Medium_Vol,Trending_Up_Medium_Vol,Trending_Up_Medium_Vol,0.14113265916853765,0.12300874118304686,0.13147315652050742,0.017898409135833755
2014-10-29,Trending_Up,Medium_Vol,Trending_Up_Medium_Vol,Trending_Up_Medium_Vol,0.13222846995122767,0.12104147818416444,0.13004788662451922,0.010209289082109016
2014-10-30,Trending_Up,Medium_Vol,Trending_Up_Medium_Vol,Trending_Up_Medium_Vol,0.13584657458688143,0.12170406144001321,0.13071954325290058,0.0005749650824452139
2014-10-31,Trending_Up,Medium_Vol,Trending_Up_Medium_Vol,Trending_Up_Medium_Vol,0.1412785367522843,0.12501897570963214,0.13085248950351044,0.0
2014-11-03,Trending_Up,Medium_Vol,Trending_Up_Medium_Vol,Trending_Up_Medium_Vol,0.14040913802945526,0.12505172833359882,0.13050890234914916,0.0
2014-11-05,Trending_Up,Medium_Vol,Trending_Up_Medium_Vol,Trending_Up_Medium_Vol,0.13983180232220224,0.12447403478759447,0.13042104642404428,0.0
2014-11-07,Trending_Up,Medium_Vol,Trending_Up_Medium_Vol,Trending_Up_Medium_Vol,0.14000638527180403,0.12271159534025831,0.12972629489494394,0.00015588365949246576
2014-11-10,Trending_Up,Medium_Vol,Trending_Up_Medium_Vol,Trending_Up_Medium_Vol,0.13901314794810246,0.12264523417135577,0.12790826375959924,0.0
2014-11-11,Trending_Up,Low_Vol,Trending_Up_Low_Vol,Trending_Up_Low_Vol,0.12852447507765397,0.1223327977005305,0.1272138352566278,0.0
2014-11-12,Trending_Up,Low_Vol,Trending_Up_Low_Vol,Trending_Up_Low_Vol,0.1275037347977943,0.12235230553416737,0.12723279346192676,0.0
2014-11-13,Trending_Up,Low_Vol,Trending_Up_Low_Vol,Trending_Up_Low_Vol,0.12158325188708584,0.12267061267985628,0.12716041537795172,0.0030358207275695413
2014-11-14,Trending_Up,Low_Vol,Trending_Up_Low_Vol,Trending_Up_Low_Vol,0.10771247327688596,0.12273198836872305,0.12720070127002026,0.0
2014-11-17,Trending_Up,Low_Vol,Trending_Up_Low_Vol,Trending_Up_Low_Vol,0.10785381108814927,0.12295853927802651,0.12503402268846292,0.0
2014-11-18,Trending_Up,Low_Vol,Trending_Up_Low_Vol,Trending_Up_Low_Vol,0.10662120410564126,0.12287906167974985,0.1250112550066075,0.0005752287014797022
2014-11-19,Trending_Up,Low_Vol,Trending_Up_Low_Vol,Trending_Up_Low_Vol,0.08891377659098076,0.12368650270893557,0.12394399847710477,0.005746842844646087
2014-11-20,Trending_Up,Low_Vol,Trending_Up_Low_Vol,Trending_Up_Low_Vol,0.0890966514416161,0.12231363358972976,0.12278947464757749,0.0034219505233816683
2014-11-21,Trending_Up,Low_Vol,Trending_Up_Low_Vol,Trending_Up_Low_Vol,0.08493175682557799,0.12292372192612992,0.1233006042380506,0.0
2014-11-24,Trending_Up,Low_Vol,Trending_Up_Low_Vol,Trending_Up_Low_Vol,0.08496777645999354,0.12331807009580087,0.12328449768249666,0.0
2014-11-25,Trending_Up,Low_Vol,Trending_Up_Low_Vol,Trending_Up_Low_Vol,0.09212316111498324,0.12471416027060475,0.1240038257308397,0.00786044538249779
2014-11-26,Trending_Up,Low_Vol,Trending_Up_Low_Vol,Trending_Up_Low_Vol,0.09141519161731147,0.12463222450776917,0.12289116495767423,0.006377424562735536
2014-11-27,Trending_Up,Low_Vol,Trending_Up_Low_Vol,Trending_Up_Low_Vol,0.09126992509938237,0.1226366451900162,0.12283121730679473,0.004214485520913067
2014-11-28,Trending_Up,Low_Vol,Trending_Up_Low_Vol,Trending_Up_Low_Vol,0.09429487291280321,0.12452055606810522,0.12249098634718512,0.0
2014-12-01,Trending_Up,Low_Vol,Trending_Up_Low_Vol,Trending_Up_Low_Vol,0.09369606655125512,0.12357641618743079,0.12275900229555918,0.003766728888306698
2014-12-02,Trending_Up,Low_Vol,Trending_Up_Low_Vol,Trending_Up_Low_Vol,0.07317712742124524,0.12395108710259374,0.12140387243081781,0.007399622121794312
2014-12-03,Trending_Up,Low_Vol,Trending_Up_Low_Vol,Trending_Up_Low_Vol,0.07309132585286227,0.12391616067690116,0.12136690501625909,0.005891725249614298
2014-12-04,Trending_Up,Low_Vol,Trending_Up_Low_Vol,Trending_Up_Low_Vol,0.07337780088297662,0.12229910320963978,0.12019406504659436,0.002777004555642884
2014-12-05,Trending_Up,Low_Vol,Trending_Up_Low_Vol,Trending_Up_Low_Vol,0.07486705638259754,0.1179301747920283,0.12031138459586972,0.005816108673187203
2014-12-08,Trending_Up,Low_Vol,Trending_Up_Low_Vol,Trending_Up_Low_Vol,0.08782459200359272,0.12123856650642646,0.12184851484405572,0.017465723517596718
2014-12-09,Trending_Up,Low_Vol,Trending_Up_Low_Vol,Trending_Up_Low_Vol,0.09749579728014124,0.11864711484986137,0.123285312451169,0.028824242970046283
2014-12-10,Trending_Up,Low_Vol,Trending_Up_Low_Vol,Trending_Up_Low_Vol,0.09728738068625804,0.11867739084176812,0.1182475035300669,0.027083469784298316
2014-12-11,Trending_Up,Low_Vol,Trending_Up_Low_Vol,Trending_Up_Low_Vol,0.10029886691440883,0.11991473564365122,0.11863380882001509,0.03438996412249294
2014-12-12,Trending_Up,Low_Vol,Trending_Up_Low_Vol,Trending_Up_Low_Vol,0.10276541324586526,0.11581615040377019,0.11942909786682028,0.042401000276540625
2014-12-15,Trending_Up,Low_Vol,Trending_Up_Low_Vol,Trending_Up_Low_Vol,0.10045090009970736,0.11571078691450581,0.11695822662723561,0.04292497198206852
2014-12-16,Trending_Up,Low_Vol,Trending_Up_Low_Vol,Trending_Up_Low_Vol,0.11753866588902177,0.12052122728632604,0.12095659227347191,0.06062351495866446
2014-12-17,Trending_Up,Low_Vol,Trending_Up_Low_Vol,Trending_Up_Low_Vol,0.11738412570464588,0.12003310106734871,0.12041783082704038,0.06502491139784007
2014-12-18,Trending_Up,Medium_Vol,Trending_Up_Medium_Vol,Trending_Up_Medium_Vol,0.1334370346742607,0.12519684516395893,0.12133475204037501,0.04994617009431491
2014-12-19,Trending_Up,Medium_Vol,Trending_Up_Medium_Vol,Trending_Up_Medium_Vol,0.13253784264685173,0.12633899486499484,0.12187896908293173,0.042272850078595756
2014-12-22,Trending_Up,Medium_Vol,Trending_Up_Medium_Vol,Trending_Up_Medium_Vol,0.13845430515922105,0.12865455545684862,0.1231292982133287,0.030768782930166216
2014-12-23,Trending_Up,Medium_Vol,Trending_Up_Medium_Vol,Trending_Up_Medium_Vol,0.13785215450176266,0.12663156250022203,0.1236989395297429,0.03740575786685297
2014-12-24,Trending_Up,Medium_Vol,Trending_Up_Medium_Vol,Trending_Up_Medium_Vol,0.14197672527763505,0.1295221406495812,0.12407463689436682,0.048222851261170784
2014-12-26,Trending_Up,Medium_Vol,Trending_Up_Medium_Vol,Trending_Up_Medium_Vol,0.1424249832537875,0.12553546469932364,0.12405466180899041,0.045125584919803216
2014-12-29,Trending_Up,Medium_Vol,Trending_Up_Medium_Vol,Trending_Up_Medium_Vol,0.13710424548546513,0.1222528132218168,0.1241546720336354,0.03981605045410881
2014-12-30,Trending_Up,Medium_Vol,Trending_Up_Medium_Vol,Trending_Up_Medium_Vol,0.13715411682021936,0.12216830277147525,0.12382212745257924,0.03958897330655256
2014-12-31,Trending_Up,Medium_Vol,Trending_Up_Medium_Vol,Trending_Up_Medium_Vol,0.13855657645748476,0.12211279802966381,0.12357876690993079,0.03557765606351702
2015-01-02,Trending_Up,Medium_Vol,Trending_Up_Medium_Vol,Trending_Up_Medium_Vol,0.1482499343482797,0.11981560740236796,0.12504277869992908,0.022449253886123482
2015-01-05,Trending_Up,Medium_Vol,Trending_Up_Medium_Vol,Trending_Up_Medium_Vol,0.14756539695178605,0.11996087771494074,0.12414237519870244,0.024434501717462812
2015-01-06,Trending_Up,High_Vol,Trending_Up_High_Vol,Trending_Up_High_Vol,0.1797943065581842,0.13653002924471908,0.1309683111765533,0.05366633509082176
2015-01-07,Trending_Up,High_Vol,Trending_Up_High_Vol,Trending_Up_High_Vol,0.1764437285169603,0.13619854867875006,0.13012420680476236,0.05660639854961721
2015-01-08,Trending_Up,High_Vol,Trending_Up_High_Vol,Trending_Up_High_Vol,0.18398388735875149,0.1396482191443446,0.1319748311134494,0.04117839963030885
2015-01-09,Trending_Up,High_Vol,Trending_Up_High_Vol,Trending_Up_High_Vol,0.18533106350945833,0.14015050260238726,0.13121596949083172,0.03536809012313335
2015-01-12,Trending_Up,High_Vol,Trending_Up_High_Vol,Trending_Up_High_Vol,0.18413276974815432,0.1401721825091744,0.13121558597874702,0.030885221086950194
2015-01-13,Trending_Up,High_Vol,Trending_Up_High_Vol,Trending_Up_High_Vol,0.1817781143629119,0.1394495000039214,0.13007175582953706,0.03363311610339708
2015-01-14,Trending_Up,High_Vol,Trending_Up_High_Vol,Trending_Up_High_Vol,0.1820907682539977,0.13801642408155348,0.12975723572792755,0.0361773580546095
2015-01-15,Trending_Up,High_Vol,Trending_Up_High_Vol,Trending_Up_High_Vol,0.18944585856778254,0.1440045390390845,0.1344327531150613,0.010956785069717347
2015-01-16,Trending_Up,High_Vol,Trending_Up_High_Vol,Trending_Up_High_Vol,0.18747159512722325,0.14406418563596876,0.13444565380895407,0.008668843514394666
2015-01-19,Trending_Up,High_Vol,Trending_Up_High_Vol,Trending_Up_High_Vol,0.18108133779080177,0.14429906269993328,0.13423800377479123,0.004372230045410881
2015-01-20,Trending_Up,High_Vol,Trending_Up_High_Vol,Trending_Up_High_Vol,0.18739099259088507,0.14890670106583612,0.1357676227281403,0.0
2015-01-21,Trending_Up,High_Vol,Trending_Up_High_Vol,Trending_Up_High_Vol,0.18431824591928944,0.14906019375421772,0.13581003639734926,0.0
2015-01-22,Trending_Up,High_Vol,Trending_Up_High_Vol,Trending_Up_High_Vol,0.18103610692161756,0.14915860271937917,0.13573136159390248,0.0
2015-01-23,Trending_Up,High_Vol,Trending_Up_High_Vol,Trending_Up_High_Vol,0.17389711538356498,0.1500729661261424,0.13622763348704361,0.0
2015-01-27,Trending_Up,High_Vol,Trending_Up_High_Vol,Trending_Up_High_Vol,0.1746045017528647,0.150667606086445,0.1366980589860824,0.0
2015-01-28,Trending_Up,High_Vol,Trending_Up_High_Vol,Trending_Up_High_Vol,0.17503103032704886,0.15056995265849488,0.13666290643210827,0.0
2015-01-29,Trending_Up,High_Vol,Trending_Up_High_Vol,Trending_Up_High_Vol,0.1744776228713987,0.15050189882083204,0.1367274571250042,0.0
2015-01-30,Trending_Up,High_Vol,Trending_Up_High_Vol,Trending_Up_High_Vol,0.1886157414352049,0.1553799647854917,0.13938548354452915,0.016023639045528157
2015-02-02,Trending_Up,High_Vol,Trending_Up_High_Vol,Trending_Up_High_Vol,0.1850415820458101,0.15483921941542475,0.1394226704005193,0.017308218011027568
2015-02-03,Trending_Up,High_Vol,Trending_Up_High_Vol,Trending_Up_High_Vol,0.18610177372553396,0.1553246504230852,0.13909011948423874,0.02187133135221353
2015-02-04,Trending_Up,Medium_Vol,Trending_Up_Medium_Vol,Trending_Up_Medium_Vol,0.14448075962157997,0.154535455880741,0.13895025907955574,0.025540715458995902
2015-02-05,Trending_Up,Medium_Vol,Trending_Up_Medium_Vol,Trending_Up_Medium_Vol,0.1435447975734667,0.15405823495148785,0.13890293769658288,0.026881145683864856
2015-02-06,Trending_Up,Medium_Vol,Trending_Up_Medium_Vol,Trending_Up_Medium_Vol,0.1390678543514262,0.15355700910681314,0.13921099864490377,0.0325389218917956
2015-02-09,Trending_Up,Medium_Vol,Trending_Up_Medium_Vol,Trending_Up_Medium_Vol,0.15238450196032263,0.15770688924935594,0.14156005923851953,0.04758527298284777
2015-02-10,Trending_Up,Medium_Vol,Trending_Up_Medium_Vol,Trending_Up_Medium_Vol,0.1523709180688961,0.1579589398763101,0.14076575099455854,0.04320651243137767
2015-02-11,Trending_Up,Medium_Vol,Trending_Up_Medium_Vol,Trending_Up_Medium_Vol,0.1527734069008462,0.15683022715801168,0.14107906835388961,0.03629764619667104
2015-02-12,Trending_Up,Medium_Vol,Trending_Up_Medium_Vol,Trending_Up_Medium_Vol,0.1541299766683234,0.15803134263480056,0.14125593963261293,0.0268979446954721
2015-02-13,Trending_Up,Medium_Vol,Trending_Up_Medium_Vol,Trending_Up_Medium_Vol,0.13085208641745968,0.15944118791917872,0.1421139381740453,0.01640347124303741
2015-02-16,Trending_Up,Medium_Vol,Trending_Up_Medium_Vol,Trending_Up_Medium_Vol,0.13093036167074837,0.1594310292448922,0.14209375460036153,0.015973460179688335
2015-02-18,Trending_Up,Medium_Vol,Trending_Up_Medium_Vol,Trending_Up_Medium_Vol,0.13185889929827935,0.15992998503502992,0.141707889792393,0.00929923468502835
2015-02-19,Trending_Up,Low_Vol,Trending_Up_Low_Vol,Trending_Up_Low_Vol,0.11939536875195177,0.15976469559705908,0.13979349416729844,0.006372606877166282
2015-02-20,Trending_Up,Low_Vol,Trending_Up_Low_Vol,Trending_Up_Low_Vol,0.122262681434865,0.15818009007565656,0.14021987702841743,0.013264674100265664
2015-02-23,Trending_Up,Low_Vol,Trending_Up_Low_Vol,Trending_Up_Low_Vol,0.12619339205096583,0.15720755529130515,0.138607902272246,0.022050011748399677
2015-02-24,Trending_Up,Low_Vol,Trending_Up_Low_Vol,Trending_Up_Low_Vol,0.12223813363813787,0.1571980984231665,0.1386078983154886,0.021251404190109832
2015-02-25,Trending_Up,Low_Vol,Trending_Up_Low_Vol,Trending_Up_Low_Vol,0.11777470138753181,0.15599056634097871,0.13856073318623127,0.020676092584807192
2015-02-26,Trending_Up,Low_Vol,Trending_Up_Low_Vol,Trending_Up_Low_Vol,0.12164093088333713,0.15639319267893617,0.13699575253052643,0.029992126281442787
2015-02-27,Trending_Up,Medium_Vol,Trending_Up_Medium_Vol,Trending_Up_Medium_Vol,0.13946013559990583,0.1611195690266076,0.1397627564093375,0.012035946394135792
2015-03-02,Trending_Up,Medium_Vol,Trending_Up_Medium_Vol,Trending_Up_Medium_Vol,0.1343979135663772,0.15633705355249924,0.1395540788104998,0.0
2015-03-03,Trending_Up,Medium_Vol,Trending_Up_Medium_Vol,Trending_Up_Medium_Vol,0.13470374418517075,0.1556264942657663,0.1393224059700011,0.0
2015-03-04,Trending_Up,Medium_Vol,Trending_Up_Medium_Vol,Trending_Up_Medium_Vol,0.13728319616671067,0.15409790239379215,0.1400717030794841,0.008181143184660275
2015-03-05,Trending_Up,Medium_Vol,Trending_Up_Medium_Vol,Trending_Up_Medium_Vol,0.13615245657827124,0.1534334207998818,0.14007221801070763,0.006502709462275948
2015-03-09,Trending_Up,High_Vol,Trending_Up_High_Vol,Trending_Up_High_Vol,0.15601340132177718,0.1592762653460267,0.14404645263088706,0.026622203695984437
2015-03-10,Trending_Up,High_Vol,Trending_Up_High_Vol,Trending_Up_High_Vol,0.15566436645298312,0.15887859159541576,0.14293563432072967,0.0315909623801584
2015-03-11,Trending_Up,Medium_Vol,Trending_Up_Medium_Vol,Trending_Up_Medium_Vol,0.14418179285122645,0.1564660950896939,0.14294217332714662,0.03293592382242601
2015-03-12,Trending_Up,Medium_Vol,Trending_Up_Medium_Vol,Trending_Up_Medium_Vol,0.14627021296312,0.15730208114334165,0.14172400380918085,0.02448242323190218
2015-03-13,Trending_Up,Medium_Vol,Trending_Up_Medium_Vol,Trending_Up_Medium_Vol,0.1547464953993257,0.16103714211711148,0.14224242500328838,0.03873836320689176
2015-03-16,Trending_Up,Medium_Vol,Trending_Up_Medium_Vol,Trending_Up_Medium_Vol,0.15061585078632558,0.16114211442478785,0.14226550668199522,0.040361218215923304
2015-03-17,Trending_Up,Medium_Vol,Trending_Up_Medium_Vol,Trending_Up_Medium_Vol,0.15028295912284162,0.1623937648336709,0.14294461556337587,0.030340441329720715
2015-03-18,Trending_Up,Medium_Vol,Trending_Up_Medium_Vol,Trending_Up_Medium_Vol,0.15085756335648143,0.16025202789780804,0.14095376782351107,0.03449766395720439
2015-03-19,Trending_Up,Medium_Vol,Trending_Up_Medium_Vol,Trending_Up_Medium_Vol,0.14926507543250797,0.16082935227227654,0.14132218167101893,0.04019448207586494
2015-03-20,Trending_Up,Medium_Vol,Trending_Up_Medium_Vol,Trending_Up_Medium_Vol,0.1498695695792516,0.14603018129581463,0.14068967410569982,0.047280768028345146
2015-03-23,Trending_Up,Medium_Vol,Trending_Up_Medium_Vol,Trending_Up_Medium_Vol,0.1486686134636518,0.14592576566838483,0.14052664538490317,0.049503916562456576
2015-03-24,Trending_Up,Medium_Vol,Trending_Up_Medium_Vol,Trending_Up_Medium_Vol,0.14613405515092778,0.14174540042178904,0.13999327989278962,0.05038763981520078
2015-03-25,Trending_Up,Medium_Vol,Trending_Up_Medium_Vol,Trending_Up_Medium_Vol,0.14594337406621932,0.14130518148076351,0.14002051251574701,0.05173824597054328
2015-03-26,Trending_Up,High_Vol,Trending_Up_High_Vol,Trending_Up_High_Vol,0.16327384948042417,0.1498979972086513,0.14448121618838702,0.07270802938724469
2015-03-27,Trending_Up,High_Vol,Trending_Up_High_Vol,Trending_Up_High_Vol,0.16126737852598416,0.14974911126238497,0.1439943437222408,0.07279139745727387
2015-03-30,Trending_Up,High_Vol,Trending_Up_High_Vol,Trending_Up_High_Vol,0.16056401046047955,0.1549104000659331,0.1459785098719087,0.05601780689870779
2015-03-31,Trending_Up,Medium_Vol,Trending_Up_Medium_Vol,Trending_Up_Medium_Vol,0.15121119105060488,0.1433736295788684,0.14300055840302284,0.05616228984299013
2015-04-01,Trending_Up,High_Vol,Trending_Up_High_Vol,Trending_Up_High_Vol,0.15722231833262407,0.1454802458867351,0.14405827275491423,0.04557454494928442
2015-04-06,Trending_Up,High_Vol,Trending_Up_High_Vol,Trending_Up_High_Vol,0.16011117645602888,0.14640778860598846,0.1446348101103208,0.03738775705154926
2015-04-07,Trending_Up,High_Vol,Trending_Up_High_Vol,Trending_Up_High_Vol,0.15978968481864916,0.14135207871030492,0.144633119436093,0.03734335921217174
2015-04-08,Trending_Up,Medium_Vol,Trending_Up_Medium_Vol,Trending_Up_Medium_Vol,0.14566676117648855,0.14178645913552962,0.14492711837257202,0.03132967729609559
2015-04-09,Trending_Up,Medium_Vol,Trending_Up_Medium_Vol,Trending_Up_Medium_Vol,0.14680083448743586,0.14251202163094223,0.1453109557487599,0.02422678286091427
2015-04-10,Trending_Up,Medium_Vol,Trending_Up_Medium_Vol,Trending_Up_Medium_Vol,0.14664864101224992,0.14121169165618977,0.14527821792772624,0.02399893184660275
2015-04-13,Trending_Up,Medium_Vol,Trending_Up_Medium_Vol,Trending_Up_Medium_Vol,0.1449755070812505,0.14057202925188897,0.14543631948572144,0.01803529248297902
2015-04-16,Trending_Up,Medium_Vol,Trending_Up_Medium_Vol,Trending_Up_Medium_Vol,0.14469809004273093,0.1441680103574072,0.14727435139313638,0.0321856111921634
2015-04-17,Trending_Up,Medium_Vol,Trending_Up_Medium_Vol,Trending_Up_Medium_Vol,0.15069375259951395,0.14588604432591418,0.14831589455249586,0.043379185771849384
2015-04-20,Trending_Up,High_Vol,Trending_Up_High_Vol,Trending_Up_High_Vol,0.15839858264759407,0.14722478045370027,0.1512221962565602,0.06093098686952897
2015-04-21,Trending_Up,High_Vol,Trending_Up_High_Vol,Trending_Up_High_Vol,0.1599645829925673,0.14819105583074474,0.1515829696789519,0.06875086841739614
2015-04-22,Trending_Up,High_Vol,Trending_Up_High_Vol,Trending_Up_High_Vol,0.16156579719035813,0.14879370762951355,0.15185583453984666,0.06297621838960678
2015-04-23,Trending_Up,High_Vol,Trending_Up_High_Vol,Trending_Up_High_Vol,0.16021044455315342,0.14879094447517463,0.15129841172730846,0.06646660500903154
2015-04-24,Trending_Up,High_Vol,Trending_Up_High_Vol,Trending_Up_High_Vol,0.1641584298625838,0.15059582192475474,0.1519638929700136,0.07680978185355009
2015-04-27,Sideways,High_Vol,Sideways_High_Vol,Sideways_High_Vol,0.16763466393321638,0.1519122412851849,0.1524485632544035,0.08697515023620953
2015-04-28,Trending_Up,High_Vol,Trending_Up_High_Vol,Trending_Up_High_Vol,0.17185547959607989,0.1497305954046104,0.15309273010958355,0.07899406870918438
2015-04-29,Sideways,Medium_Vol,Sideways_Medium_Vol,Sideways_Medium_Vol,0.15455879762023017,0.1496741242714675,0.15327967469561485,0.08409059330276504
2015-04-30,Sideways,High_Vol,Sideways_High_Vol,Sideways_High_Vol,0.15624628392782072,0.14920680188546626,0.15257004719451098,0.09056551340836459
2015-05-04,Trending_Up,High_Vol,Trending_Up_High_Vol,Trending_Up_High_Vol,0.15673110633950343,0.15360728632194792,0.15536834323917034,0.07384185685007642
2015-05-05,Trending_Up,High_Vol,Trending_Up_High_Vol,Trending_Up_High_Vol,0.1567061423992967,0.15128032412289963,0.15527472540722842,0.07463667587189106
2015-05-06,Sideways,High_Vol,Sideways_High_Vol,Sideways_High_Vol,0.17569381296928172,0.16232075824299566,0.1611248704559109,0.09995831596498542
2015-05-07,Sideways,High_Vol,Sideways_High_Vol,Sideways_High_Vol,0.1704823860628142,0.16132166461670105,0.16117134242887532,0.10437128751563152
2015-05-08,Sideways,High_Vol,Sideways_High_Vol,Sideways_High_Vol,0.18472251721169056,0.16628393909342085,0.1634163280472029,0.08945393914130888
2015-05-11,Trending_Up,High_Vol,Trending_Up_High_Vol,Trending_Up_High_Vol,0.1944201625564477,0.17058601478594582,0.16451648170952898,0.07458663331943866
2015-05-12,Sideways,High_Vol,Sideways_High_Vol,Sideways_High_Vol,0.20528273801080638,0.1772392810464083,0.1678116066936738,0.09662912932471864
2015-05-13,Sideways,High_Vol,Sideways_High_Vol,Sideways_High_Vol,0.21377836159141927,0.18026291003876227,0.16915930000642881,0.0845685485271641
2015-05-14,Sideways,High_Vol,Sideways_High_Vol,Sideways_High_Vol,0.21113155186473748,0.18021797323611655,0.16875386767286152,0.08581906957760178
2015-05-15,Sideways,High_Vol,Sideways_High_Vol,Sideways_High_Vol,0.20887427137267678,0.17966636425359686,0.16838932056214403,0.08157847888008893
2015-05-18,Trending_Up,High_Vol,Trending_Up_High_Vol,Trending_Up_High_Vol,0.2133724136690449,0.17720050421666267,0.16971685183408788,0.06920657044601917
2015-05-19,Trending_Up,High_Vol,Trending_Up_High_Vol,Trending_Up_High_Vol,0.20363104831321424,0.17439578080032445,0.16705149577613537,0.07009582985966376
2015-05-20,Trending_Up,High_Vol,Trending_Up_High_Vol,Trending_Up_High_Vol,0.20294672003475356,0.17490074442414558,0.16716152169113285,0.06369320550229263
2015-05-21,Trending_Up,High_Vol,Trending_Up_High_Vol,Trending_Up_High_Vol,0.20176823961272009,0.17419010675935542,0.16528395183778818,0.06394330971238016
2015-05-22,Trending_Up,High_Vol,Trending_Up_High_Vol,Trending_Up_High_Vol,0.20185460195253085,0.1745361480288479,0.1649570409153206,0.0597248636584688
2015-05-25,Trending_Up,High_Vol,Trending_Up_High_Vol,Trending_Up_High_Vol,0.2014159069587251,0.1703348968196807,0.1647689174689103,0.06958454911768792
2015-05-26,Trending_Up,High_Vol,Trending_Up_High_Vol,Trending_Up_High_Vol,0.19752190146400353,0.1701826788646487,0.16450570352170782,0.0730193570237599
2015-05-27,Trending_Up,High_Vol,Trending_Up_High_Vol,Trending_Up_High_Vol,0.19533023913760417,0.17017847395326327,0.16349614233728038,0.07354735480061136
2015-05-28,Trending_Up,High_Vol,Trending_Up_High_Vol,Trending_Up_High_Vol,0.19429276768197182,0.1687800570552439,0.1634586479007819,0.07528136723634848
2015-05-29,Trending_Up,High_Vol,Trending_Up_High_Vol,Trending_Up_High_Vol,0.19751802501377444,0.1690510895883222,0.1646620326294562,0.06253712484368487
2015-06-01,Trending_Up,High_Vol,Trending_Up_High_Vol,Trending_Up_High_Vol,0.1873006743275913,0.16902939088220179,0.16466274565454128,0.06256491420036127
2015-06-02,Sideways,High_Vol,Sideways_High_Vol,Sideways_High_Vol,0.20584134905805396,0.1747975974869033,0.16875126264391632,0.08445739110045852
2015-06-03,Sideways,High_Vol,Sideways_High_Vol,Sideways_High_Vol,0.18568295053269399,0.1764709990815746,0.1684447548086468,0.09572320715228567
2015-06-04,Sideways,High_Vol,Sideways_High_Vol,Sideways_High_Vol,0.18470526110601046,0.17615422994842356,0.16842149473581375,0.09621787941156038
2015-06-05,Sideways,High_Vol,Sideways_High_Vol,Sideways_High_Vol,0.17468126745990797,0.17558588513624535,0.16157054400141396,0.09799080780186188
2015-06-08,Sideways,High_Vol,Sideways_High_Vol,Sideways_High_Vol,0.16519904807290822,0.17640687239816197,0.16208979175661722,0.10583299682159233
2015-06-09,Sideways,Medium_Vol,Sideways_Medium_Vol,Sideways_Medium_Vol,0.14317581722031608,0.1764399031223941,0.15999921473663958,0.10825067085243852
2015-06-10,Sideways,Medium_Vol,Sideways_Medium_Vol,Sideways_Medium_Vol,0.14237642730050332,0.17918206830253885,0.16100988536155614,0.09690702289148256
2015-06-11,Sideways,Medium_Vol,Sideways_Medium_Vol,Sideways_Medium_Vol,0.1574905405343422,0.17772609270491102,0.1637456860207828,0.11459218033555649
2015-06-12,Sideways,Medium_Vol,Sideways_Medium_Vol,Sideways_Medium_Vol,0.15645494600583118,0.1778518687021196,0.16374921546708213,0.1126413892073086
2015-06-15,Trending_Down,Medium_Vol,Trending_Down_Medium_Vol,Trending_Down_Medium_Vol,0.14759761859324944,0.17287480833123528,0.16384325200063232,0.10919550897943588
2015-06-16,Trending_Down,Medium_Vol,Trending_Down_Medium_Vol,Trending_Down_Medium_Vol,0.14925940149969802,0.17326830451332603,0.158440029167171,0.10548286178268723
2015-06-17,Trending_Down,Medium_Vol,Trending_Down_Medium_Vol,Trending_Down_Medium_Vol,0.14825529911559684,0.17166016841774248,0.15866406963557655,0.10056414565096568
2015-06-18,Trending_Down,Medium_Vol,Trending_Down_Medium_Vol,Trending_Down_Medium_Vol,0.15443868816628512,0.1721913986130993,0.15939756440038946,0.0913324887974156
2015-06-19,Trending_Down,Medium_Vol,Trending_Down_Medium_Vol,Trending_Down_Medium_Vol,0.15539100457440613,0.17294500187330492,0.15731586349969962,0.0857357015075726
2015-06-22,Sideways,High_Vol,Sideways_High_Vol,Sideways_High_Vol,0.16246428726598114,0.1761877928701563,0.1592300910051536,0.07149094240655829
2015-06-23,Sideways,High_Vol,Sideways_High_Vol,Sideways_High_Vol,0.1623090787421456,0.17547635508474407,0.15921451751152563,0.06832849190634986
2015-06-24,Sideways,High_Vol,Sideways_High_Vol,Sideways_High_Vol,0.1625843677048697,0.17549430786613987,0.15861047617223317,0.0706294723495901
2015-06-25,Sideways,High_Vol,Sideways_High_Vol,Sideways_High_Vol,0.16305797919375223,0.17519059611309185,0.15815778473695952,0.06649993052660831
2015-06-26,Sideways,Medium_Vol,Sideways_Medium_Vol,Sideways_Medium_Vol,0.15548686857935715,0.17248249208152172,0.15816712244665723,0.06837853445880228
2015-06-29,Trending_Down,Medium_Vol,Trending_Down_Medium_Vol,Trending_Down_Medium_Vol,0.15757191591941852,0.17139994487068463,0.15835237268805213,0.07534801827150202
2015-06-30,Sideways,Medium_Vol,Sideways_Medium_Vol,Sideways_Medium_Vol,0.1341724470812325,0.16711698971765412,0.15677604670861028,0.06977907461442268
2015-07-01,Sideways,Low_Vol,Sideways_Low_Vol,Sideways_Low_Vol,0.1285370198632305,0.16759192048827226,0.15766381766792184,0.06038073589690149
2015-07-02,Sideways,Low_Vol,Sideways_Low_Vol,Sideways_Low_Vol,0.128652947024675,0.16705097600987998,0.15751690745513522,0.061286603793247185
2015-07-03,Sideways,Low_Vol,Sideways_Low_Vol,Sideways_Low_Vol,0.1281623103972762,0.16713709845569777,0.15762160889164872,0.05684030672502432
2015-07-06,Sideways,Low_Vol,Sideways_Low_Vol,Sideways_Low_Vol,0.12157026713265535,0.16533802561674132,0.1577804723007575,0.05269969258024177
2015-07-07,Sideways,Low_Vol,Sideways_Low_Vol,Sideways_Low_Vol,0.12082401897928018,0.16326647711234268,0.1575326516925267,0.05396139450465472
2015-07-08,Trending_Down,Medium_Vol,Trending_Down_Medium_Vol,Trending_Down_Medium_Vol,0.13502881914359355,0.16717540283578017,0.15800871311986206,0.07038490430040295
2015-07-09,Trending_Down,Low_Vol,Trending_Down_Low_Vol,Trending_Down_Low_Vol,0.1122753636064083,0.16695497939227025,0.15794913547006548,0.07421983552174517
2015-07-10,Trending_Down,Low_Vol,Trending_Down_Low_Vol,Trending_Down_Low_Vol,0.11241584609024668,0.16628423259648425,0.1576341155279719,0.07066279786716688
2015-07-13,Sideways,Low_Vol,Sideways_Low_Vol,Sideways_Low_Vol,0.11732208471854018,0.1632858840393992,0.15800859267682213,0.05964703174934
2015-07-14,Sideways,Low_Vol,Sideways_Low_Vol,Sideways_Low_Vol,0.11779001181290531,0.1632787850616877,0.157016573766591,0.06026404230929554
2015-07-15,Sideways,Low_Vol,Sideways_Low_Vol,Sideways_Low_Vol,0.11911451251072265,0.15131490945971138,0.15760532920399598,0.052516347957482286
2015-07-16,Sideways,Low_Vol,Sideways_Low_Vol,Sideways_Low_Vol,0.11879903308548846,0.15195187941869445,0.15803545098120603,0.043151334757537865
2015-07-17,Sideways,Low_Vol,Sideways_Low_Vol,Sideways_Low_Vol,0.11831996621231722,0.14787343174653966,0.15795386418608073,0.04295127309990274
2015-07-20,Sideways,Low_Vol,Sideways_Low_Vol,Sideways_Low_Vol,0.1077649876483575,0.14370398454491237,0.1575947913355955,0.04366261549951369
2015-07-21,Sideways,Low_Vol,Sideways_Low_Vol,Sideways_Low_Vol,0.11323719019645735,0.13409117920880675,0.15755310169760128,0.051888265075726
2015-07-22,Sideways,Low_Vol,Sideways_Low_Vol,Sideways_Low_Vol,0.11925986017256406,0.13356962342385886,0.15877362879611356,0.04032235653744616
2015-07-23,Sideways,Low_Vol,Sideways_Low_Vol,Sideways_Low_Vol,0.12104790504974645,0.13415972467528017,0.158964670275213,0.04517995779491455
2015-07-24,Sideways,Low_Vol,Sideways_Low_Vol,Sideways_Low_Vol,0.12487993466328719,0.13532827610329273,0.15874914450141248,0.05276645216756982
2015-07-27,Trending_Down,Medium_Vol,Trending_Down_Medium_Vol,Trending_Down_Medium_Vol,0.1404792706048486,0.13898160890643407,0.15865255958706564,0.07061275531471446
2015-07-28,Trending_Down,Medium_Vol,Trending_Down_Medium_Vol,Trending_Down_Medium_Vol,0.13920927607241654,0.13911627630748327,0.15727558090033952,0.07328053355564819
2015-07-29,Trending_Down,Medium_Vol,Trending_Down_Medium_Vol,Trending_Down_Medium_Vol,0.1351256926322688,0.13861950321181687,0.15728841763815285,0.06905101517993609
2015-07-30,Sideways,Medium_Vol,Sideways_Medium_Vol,Sideways_Medium_Vol,0.1367696975482033,0.1391990562040905,0.15713200665136984,0.0638544054814506
2015-07-31,Sideways,Medium_Vol,Sideways_Medium_Vol,Sideways_Medium_Vol,0.14383976488060823,0.14196768878871577,0.1585980425985006,0.05151039495623176
2015-08-03,Sideways,Medium_Vol,Sideways_Medium_Vol,Sideways_Medium_Vol,0.14308609694017524,0.1398464335257529,0.15539157961939284,0.050376567493400026
2015-08-04,Sideways,Medium_Vol,Sideways_Medium_Vol,Sideways_Medium_Vol,0.1434565317459538,0.13975756977838724,0.1552611742823141,0.05328326907044602
2015-08-05,Sideways,Low_Vol,Sideways_Low_Vol,Sideways_Low_Vol,0.12903894232586974,0.14028479397740234,0.1555567881872847,0.047608704147561486
2015-08-06,Sideways,Low_Vol,Sideways_Low_Vol,Sideways_Low_Vol,0.1275099847106069,0.14022795485330794,0.1549640705670635,0.04530772370432125
2015-08-07,Sideways,Low_Vol,Sideways_Low_Vol,Sideways_Low_Vol,0.12811826665625484,0.13716597202224493,0.15328663296109063,0.04798114665832986
2015-08-10,Sideways,Low_Vol,Sideways_Low_Vol,Sideways_Low_Vol,0.12323074906220854,0.13760481331547886,0.1534319895202814,0.05231628629984716
2015-08-11,Sideways,Low_Vol,Sideways_Low_Vol,Sideways_Low_Vol,0.12631143980322027,0.1278493505312629,0.15293337821769315,0.059346993538974574
2015-08-12,Trending_Down,Low_Vol,Trending_Down_Low_Vol,Trending_Down_Low_Vol,0.1309578637065717,0.1284061535998153,0.1542107104431147,0.07189660188272891
2015-08-13,Trending_Down,Low_Vol,Trending_Down_Low_Vol,Trending_Down_Low_Vol,0.12475945165559588,0.12838217040262304,0.15396266932071193,0.07118525948311796
2015-08-14,Sideways,Medium_Vol,Sideways_Medium_Vol,Sideways_Medium_Vol,0.14522716048697343,0.13504520493684755,0.15668741151761362,0.05309992444768653
2015-08-17,Sideways,Medium_Vol,Sideways_Medium_Vol,Sideways_Medium_Vol,0.14604737420675845,0.1338940869160823,0.15683254464102178,0.05768516829929137
2015-08-18,Sideways,Medium_Vol,Sideways_Medium_Vol,Sideways_Medium_Vol,0.14307370748832615,0.1337238680953882,0.15683836133934687,0.05888011063637627
2015-08-19,Sideways,Medium_Vol,Sideways_Medium_Vol,Sideways_Medium_Vol,0.13608287943513603,0.13117374918166208,0.15691588144488358,0.05570094310129221
2015-08-20,Trending_Down,Medium_Vol,Trending_Down_Medium_Vol,Trending_Down_Medium_Vol,0.14381474959272456,0.12747516368903605,0.15461067765206615,0.069306655550924
2015-08-21,Trending_Down,Medium_Vol,Trending_Down_Medium_Vol,Trending_Down_Medium_Vol,0.14430195530092785,0.12929410985928438,0.1552374317267137,0.07739889450465472
2015-08-24,Trending_Down,High_Vol,Trending_Down_High_Vol,Trending_Down_High_Vol,0.24510685702333126,0.18641640285873914,0.1789384479731102,0.13197165485619008
2015-08-25,Trending_Down,High_Vol,Trending_Down_High_Vol,Trending_Down_High_Vol,0.24908357052637528,0.1873922987107911,0.17963324358734425,0.12400164565096568
2015-08-26,Trending_Down,High_Vol,Trending_Down_High_Vol,Trending_Down_High_Vol,0.24931035098569704,0.1884807901924024,0.17938907696651066,0.13387799386897317
2015-08-27,Trending_Down,High_Vol,Trending_Down_High_Vol,Trending_Down_High_Vol,0.26141873865874937,0.19270034506872236,0.1818734259327257,0.11641515127831041
2015-08-28,Trending_Down,High_Vol,Trending_Down_High_Vol,Trending_Down_High_Vol,0.2571363262176971,0.1927938347099882,0.182254299620179,0.1105238076629151
2015-08-31,Trending_Down,High_Vol,Trending_Down_High_Vol,Trending_Down_High_Vol,0.2566466326373677,0.18937445635540626,0.18197499266929412,0.11393082621231068
2015-09-01,Trending_Down,High_Vol,Trending_Down_High_Vol,Trending_Down_High_Vol,0.2662072707716183,0.19564340218585144,0.18494162000535738,0.13454493842920662
2015-09-02,Trending_Down,High_Vol,Trending_Down_High_Vol,Trending_Down_High_Vol,0.26376631814199725,0.1963449501670723,0.18533201298236676,0.14219813811310267
2015-09-03,Trending_Down,High_Vol,Trending_Down_High_Vol,Trending_Down_High_Vol,0.27099597813215015,0.19888945101273375,0.18649164789768946,0.13041545088231207
2015-09-04,Trending_Down,High_Vol,Trending_Down_High_Vol,Trending_Down_High_Vol,0.2774531475230439,0.20395987235041552,0.18809930522750107,0.14908436240794776
2015-09-07,Trending_Down,High_Vol,Trending_Down_High_Vol,Crash,0.27856774579155696,0.20501621144831164,0.1882471654332443,0.15978326472835905
2015-09-08,Trending_Down,High_Vol,Trending_Down_High_Vol,Trending_Down_High_Vol,0.29012030104326075,0.20868585400928538,0.18845707395756067,0.14539391413088787
2015-09-09,Trending_Down,High_Vol,Trending_Down_High_Vol,Trending_Down_High_Vol,0.29787345586883307,0.2112146830205141,0.19017663359665302,0.13090453270459915
2015-09-10,Trending_Down,High_Vol,Trending_Down_High_Vol,Trending_Down_High_Vol,0.2975286433584293,0.21128132350416842,0.1899305029979038,0.13429483421911909
2015-09-11,Trending_Down,High_Vol,Trending_Down_High_Vol,Trending_Down_High_Vol,0.2855433800669801,0.21083232729403756,0.18987407902038475,0.13416147787272475
2015-09-14,Trending_Down,High_Vol,Trending_Down_High_Vol,Trending_Down_High_Vol,0.290412322706274,0.2122139098992323,0.18997805988493416,0.12494094761706266
2015-09-15,Trending_Down,High_Vol,Trending_Down_High_Vol,Trending_Down_High_Vol,0.2903615026884996,0.2124017465785974,0.1893984912361982,0.12973737972419064
2015-09-16,Trending_Down,High_Vol,Trending_Down_High_Vol,Trending_Down_High_Vol,0.2928357827217696,0.21055265184383334,0.18942410337937923,0.12195082369390024
2015-09-18,Trending_Down,High_Vol,Trending_Down_High_Vol,Trending_Down_High_Vol,0.29382289006681345,0.2120035918831626,0.19002493341169474,0.11275254663401417
2015-09-21,Trending_Down,High_Vol,Trending_Down_High_Vol,Trending_Down_High_Vol,0.29286083413522507,0.21174192642331405,0.1897108940068574,0.113286080571766
2015-09-22,Trending_Down,High_Vol,Trending_Down_High_Vol,Recovery,0.2142795390900198,0.21429297644712184,0.190117922951844,0.13163818257607338
2015-09-23,Trending_Down,High_Vol,Trending_Down_High_Vol,Trending_Down_High_Vol,0.2122408120668417,0.214688261911039,0.19027742588315225,0.1278643662289843
2015-09-24,Trending_Down,High_Vol,Trending_Down_High_Vol,Recovery,0.2082979713051542,0.2137840140893669,0.18541125662013525,0.12535778796720856
2015-09-28,Trending_Down,High_Vol,Trending_Down_High_Vol,Trending_Down_High_Vol,0.19749426761100589,0.2128540583298714,0.18581907252693233,0.13345002692093927
2015-09-29,Trending_Down,High_Vol,Trending_Down_High_Vol,Trending_Down_High_Vol,0.19721872412573702,0.21356376716902856,0.18412118980540013,0.12815897683062388
2015-09-30,Trending_Down,High_Vol,Trending_Down_High_Vol,Trending_Down_High_Vol,0.20330244990609458,0.21628047813822154,0.1835152720118845,0.11642074171529804
2015-10-01,Trending_Down,High_Vol,Trending_Down_High_Vol,Recovery,0.183919431561618,0.21569567090555586,0.17963177731171298,0.1161984268618869
2015-10-05,Trending_Down,High_Vol,Trending_Down_High_Vol,Trending_Down_High_Vol,0.19301436547206963,0.21949769601232974,0.18154986708298657,0.09747952705988606
2015-10-06,Trending_Down,High_Vol,Trending_Down_High_Vol,Trending_Down_High_Vol,0.18863664207567205,0.2196223869479652,0.1816605886958733,0.0937446266673614
2015-10-07,Trending_Down,High_Vol,Trending_Down_High_Vol,Trending_Down_High_Vol,0.1667557349155629,0.21920365737929207,0.1815724045221261,0.09102126971307489
2015-10-08,Trending_Down,Medium_Vol,Trending_Down_Medium_Vol,Trending_Down_Medium_Vol,0.15981943926770106,0.2155974317924713,0.1805028112723393,0.09636236235584271
2015-10-09,Trending_Down,Medium_Vol,Trending_Down_Medium_Vol,Trending_Down_Medium_Vol,0.15254926311412773,0.2162456406740368,0.18090689491043055,0.089654000798944
2015-10-12,Trending_Down,Medium_Vol,Trending_Down_Medium_Vol,Trending_Down_Medium_Vol,0.14650110318267134,0.21628599024121486,0.18075924768698706,0.09477836902528831
2015-10-13,Trending_Down,Medium_Vol,Trending_Down_Medium_Vol,Trending_Down_Medium_Vol,0.14543238540077194,0.21585030904769148,0.18076909457105603,0.09610113154786716
2015-10-14,Trending_Down,Medium_Vol,Trending_Down_Medium_Vol,Trending_Down_Medium_Vol,0.14641534184000213,0.2135734265076525,0.18065270098729186,0.09874671086911213
2015-10-15,Trending_Down,Medium_Vol,Trending_Down_Medium_Vol,Trending_Down_Medium_Vol,0.14513505063797452,0.2146496099772953,0.18049879807250935,0.09078782826177574
2015-10-16,Trending_Down,Medium_Vol,Trending_Down_Medium_Vol,Trending_Down_Medium_Vol,0.14347499024614463,0.21531799815910763,0.18078208150599515,0.08426840176462415
2015-10-19,Trending_Down,Medium_Vol,Trending_Down_Medium_Vol,Trending_Down_Medium_Vol,0.14171428656031693,0.2151071175973393,0.1809232487862143,0.08016675785049326
2015-10-20,Trending_Down,Medium_Vol,Trending_Down_Medium_Vol,Trending_Down_Medium_Vol,0.13901067776674855,0.21500648757917407,0.18091706913365954,0.08165620223704322
2015-10-21,Trending_Down,Medium_Vol,Trending_Down_Medium_Vol,Trending_Down_Medium_Vol,0.13916295877242474,0.21495557666146944,0.17956940993540924,0.08276224034319855
2015-10-23,Trending_Down,Low_Vol,Trending_Down_Low_Vol,Trending_Down_Low_Vol,0.11142872986267946,0.2151743949380058,0.17977814215007215,0.0778991029248298
2015-10-26,Trending_Down,Low_Vol,Trending_Down_Low_Vol,Trending_Down_Low_Vol,0.11419099314913234,0.21476030099725746,0.17600411688620393,0.08177854053772406
2015-10-27,Trending_Down,Low_Vol,Trending_Down_Low_Vol,Trending_Down_Low_Vol,0.11611383997073732,0.21282431600511995,0.17496960841884704,0.0848519782548284
2015-10-28,Trending_Down,Low_Vol,Trending_Down_Low_Vol,Trending_Down_Low_Vol,0.11394355000006248,0.21344019205951026,0.17539019253060095,0.09171041319299708
2015-10-29,Trending_Down,Low_Vol,Trending_Down_Low_Vol,Trending_Down_Low_Vol,0.11796833616855064,0.20906301977542593,0.1757525170562054,0.09831874392107823
2015-10-30,Trending_Down,Low_Vol,Trending_Down_Low_Vol,Recovery,0.11208475439711306,0.20915106167454423,0.17543402145571266,0.10342644938863416
2015-11-02,Trending_Down,Low_Vol,Trending_Down_Low_Vol,Recovery,0.11246013598607026,0.20916051339780312,0.17540494204179571,0.10509381078921773
2015-11-03,Trending_Down,Low_Vol,Trending_Down_Low_Vol,Trending_Down_Low_Vol,0.08244202965358625,0.208989007113916,0.17424446699010798,0.10399330884396277
2015-11-04,Trending_Down,Low_Vol,Trending_Down_Low_Vol,Trending_Down_Low_Vol,0.08101740304159177,0.20674881088794814,0.17145159393983972,0.10627203609142698
2015-11-05,Trending_Down,Low_Vol,Trending_Down_Low_Vol,Trending_Down_Low_Vol,0.08689335532905361,0.2071558635666525,0.1722551614570514,0.11569262800472419
2015-11-06,Trending_Down,Low_Vol,Trending_Down_Low_Vol,Trending_Down_Low_Vol,0.0853105091241533,0.15819097299393692,0.17214412286828998,0.1158205024663054
2015-11-09,Trending_Down,Low_Vol,Trending_Down_Low_Vol,Trending_Down_Low_Vol,0.0800927882901904,0.15733777376706196,0.17218612506646486,0.12016671442962346
2015-11-10,Trending_Down,Low_Vol,Trending_Down_Low_Vol,Trending_Down_Low_Vol,0.09539136955557719,0.1597906063847387,0.1739336194352754,0.13482283199597053
2015-11-13,Trending_Down,Low_Vol,Trending_Down_Low_Vol,Trending_Down_Low_Vol,0.09535875738628391,0.1530782452925863,0.17314011256173326,0.13716826455467557
2015-11-16,Trending_Down,Low_Vol,Trending_Down_Low_Vol,Trending_Down_Low_Vol,0.09945571418153105,0.152865613537104,0.17309818701801838,0.132238421825066
2015-11-17,Trending_Down,Low_Vol,Trending_Down_Low_Vol,Trending_Down_Low_Vol,0.09385147735495569,0.15298038937017422,0.1713309571257953,0.12879813203418092
2015-11-18,Trending_Down,Low_Vol,Trending_Down_Low_Vol,Trending_Down_Low_Vol,0.09538168439239969,0.14688545547422496,0.17242721075586528,0.14055302990829513
2015-11-19,Trending_Down,Low_Vol,Trending_Down_Low_Vol,Trending_Down_Low_Vol,0.11100777960858171,0.1489969065668313,0.17405911313193412,0.12822009170487703
2015-11-20,Trending_Down,Low_Vol,Trending_Down_Low_Vol,Trending_Down_Low_Vol,0.11206911601744365,0.14586317814332583,0.17391406319862096,0.12668614092677505
2015-11-23,Trending_Down,Low_Vol,Trending_Down_Low_Vol,Trending_Down_Low_Vol,0.11211514572019043,0.13725852274127495,0.1739002670417256,0.12749756843129081
2015-11-24,Trending_Down,Low_Vol,Trending_Down_Low_Vol,Trending_Down_Low_Vol,0.10830914848917395,0.13410739801338942,0.17357095100169279,0.1294594861574267
2015-11-26,Trending_Down,Low_Vol,Trending_Down_Low_Vol,Trending_Down_Low_Vol,0.11326567247483414,0.12951346041731004,0.17363580246790333,0.12365710104904822
2015-11-27,Trending_Down,Low_Vol,Trending_Down_Low_Vol,Trending_Down_Low_Vol,0.11834391061778637,0.1250016116373187,0.17327513176984047,0.11710988519522023
2015-11-30,Trending_Down,Low_Vol,Trending_Down_Low_Vol,Trending_Down_Low_Vol,0.11640741665581246,0.12466048843037165,0.17327498295779956,0.11793802973461165
2015-12-01,Trending_Down,Low_Vol,Trending_Down_Low_Vol,Trending_Down_Low_Vol,0.11506068184741397,0.12474546487035053,0.1731361217818343,0.1157537971550646
2015-12-02,Trending_Down,Low_Vol,Trending_Down_Low_Vol,Trending_Down_Low_Vol,0.11398667579835157,0.12274919603145899,0.17299159415440024,0.11837153284354592
2015-12-03,Trending_Down,Low_Vol,Trending_Down_Low_Vol,Trending_Down_Low_Vol,0.11716290606855202,0.12363910020892253,0.1734331665736025,0.12584133362859526
2015-12-04,Trending_Down,Low_Vol,Trending_Down_Low_Vol,Trending_Down_Low_Vol,0.12129269116491229,0.12418740239609231,0.1720894982930544,0.13498403197512854
2015-12-07,Trending_Down,Low_Vol,Trending_Down_Low_Vol,Trending_Down_Low_Vol,0.12126440243427465,0.12177874747985193,0.17201617948171136,0.13681812951577046
2015-12-08,Trending_Down,Low_Vol,Trending_Down_Low_Vol,Trending_Down_Low_Vol,0.1192739241141788,0.12299425204549592,0.172279622536671,0.14389882503126303
2015-12-09,Trending_Down,Low_Vol,Trending_Down_Low_Vol,Trending_Down_Low_Vol,0.12423839164904699,0.11691461672931316,0.17192801590910384,0.15381408920383494
2015-12-10,Trending_Down,Low_Vol,Trending_Down_Low_Vol,Trending_Down_Low_Vol,0.1301697284076487,0.11848724702635062,0.1727028649346675,0.14594416510351535
2015-12-11,Trending_Down,Low_Vol,Trending_Down_Low_Vol,Trending_Down_Low_Vol,0.12123852581992467,0.11997340011563194,0.17260710940975377,0.15404194021814646
2015-12-14,Trending_Down,Low_Vol,Trending_Down_Low_Vol,Trending_Down_Low_Vol,0.1230801296018478,0.11902143456364966,0.17200963037288416,0.14964014954147561
2015-12-15,Trending_Down,Low_Vol,Trending_Down_Low_Vol,Trending_Down_Low_Vol,0.12376787001760513,0.1191784786087608,0.17243935713211683,0.14398778353827985
2015-12-16,Trending_Down,Low_Vol,Trending_Down_Low_Vol,Trending_Down_Low_Vol,0.12533418356355142,0.11601191110509339,0.17285484719520947,0.13842991220300124
2015-12-17,Trending_Down,Low_Vol,Trending_Down_Low_Vol,Recovery,0.12306778958123979,0.11937234188345527,0.1736464275121957,0.12804222896693065
2015-12-18,Trending_Down,Low_Vol,Trending_Down_Low_Vol,Trending_Down_Low_Vol,0.11816836591042595,0.11103162534601305,0.17306711235605582,0.13720159007225233
2015-12-21,Trending_Down,Low_Vol,Trending_Down_Low_Vol,Trending_Down_Low_Vol,0.12304680611873611,0.11283930406979022,0.17371649856481264,0.12914267663609838
2015-12-22,Trending_Down,Low_Vol,Trending_Down_Low_Vol,Trending_Down_Low_Vol,0.12490149363093143,0.11313989942353987,0.17355506948910845,0.13451714907253023
2015-12-23,Trending_Down,Low_Vol,Trending_Down_Low_Vol,Recovery,0.13018742153270643,0.11530702122909091,0.17201382300912674,0.12564121769487285
2015-12-24,Trending_Down,Low_Vol,Trending_Down_Low_Vol,Trending_Down_Low_Vol,0.12797636161746057,0.11382113164981261,0.17197368826976311,0.12618593250659998
2015-12-28,Trending_Down,Low_Vol,Trending_Down_Low_Vol,Trending_Down_Low_Vol,0.12853504570747207,0.11500960759244419,0.1723383693484074,0.11906073059955537
2015-12-29,Trending_Down,Low_Vol,Trending_Down_Low_Vol,Trending_Down_Low_Vol,0.12850795043627883,0.11501027237437791,0.17207067105003723,0.11863829981242184
2015-12-30,Trending_Down,Low_Vol,Trending_Down_Low_Vol,Trending_Down_Low_Vol,0.12895022340760148,0.115172617094045,0.170743857831997,0.12227316937612895
2015-12-31,Trending_Down,Medium_Vol,Trending_Down_Medium_Vol,Recovery,0.13065988035145326,0.1142681051644442,0.1710860082574621,0.11670417144296234
2016-01-04,Trending_Down,Medium_Vol,Trending_Down_Medium_Vol,Trending_Down_Medium_Vol,0.14534700102311068,0.12052321628795969,0.17364634728512648,0.1339391630193136
2016-01-05,Trending_Down,Medium_Vol,Trending_Down_Medium_Vol,Recovery,0.1404698108251789,0.11984948580515462,0.1733012574099274,0.1346783490516882
2016-01-06,Trending_Down,Medium_Vol,Trending_Down_Medium_Vol,Trending_Down_Medium_Vol,0.14172565313305968,0.12025611678194867,0.17337865040956602,0.13953035987216897
2016-01-07,Trending_Down,High_Vol,Trending_Down_High_Vol,Trending_Down_High_Vol,0.16005775281461793,0.12919629355967557,0.17663587492687327,0.1587272691746561
2016-01-08,Trending_Down,Medium_Vol,Trending_Down_Medium_Vol,Trending_Down_Medium_Vol,0.1557964037564824,0.12895269759763744,0.17676900020789488,0.1550534836563846
2016-01-11,Trending_Down,Medium_Vol,Trending_Down_Medium_Vol,Trending_Down_Medium_Vol,0.15265455443975953,0.12903518958509042,0.17658623593771966,0.15922188715784355
2016-01-12,Trending_Down,Medium_Vol,Trending_Down_Medium_Vol,Trending_Down_Medium_Vol,0.1510599301339109,0.12954711820769405,0.1757555133224449,0.16517439992357927
2016-01-13,Trending_Down,Medium_Vol,Trending_Down_Medium_Vol,Trending_Down_Medium_Vol,0.1520682612676496,0.1303352947376234,0.17618558763274944,0.15938308713700153
2016-01-14,Trending_Down,Medium_Vol,Trending_Down_Medium_Vol,Trending_Down_Medium_Vol,0.14994122245764394,0.12974215242887477,0.17315686671698619,0.16222872811588163
2016-01-15,Trending_Down,Medium_Vol,Trending_Down_Medium_Vol,Trending_Down_Medium_Vol,0.15302925285059485,0.13205773166794219,0.17410317073934223,0.17323331335973322
2016-01-18,Trending_Down,Medium_Vol,Trending_Down_Medium_Vol,Trending_Down_Medium_Vol,0.14715507981992992,0.13398488803230052,0.17488767127821872,0.18288175628734193
2016-01-19,Trending_Down,Medium_Vol,Trending_Down_Medium_Vol,Trending_Down_Medium_Vol,0.15320395187229388,0.13709028654414307,0.1759079882634593,0.1735334058461859
2016-01-20,Trending_Down,Medium_Vol,Trending_Down_Medium_Vol,Trending_Down_Medium_Vol,0.1555253834088047,0.14134426624466706,0.17642985889972884,0.18751704269139918
2016-01-21,Trending_Down,Medium_Vol,Trending_Down_Medium_Vol,Trending_Down_Medium_Vol,0.155240493516002,0.14007702660434096,0.17610492163199584,0.19112965905933027
2016-01-22,Trending_Down,High_Vol,Trending_Down_High_Vol,Trending_Down_High_Vol,0.16975723579920707,0.1483292477034391,0.15320599655730485,0.17493953643879395
2016-01-25,Trending_Down,High_Vol,Trending_Down_High_Vol,Trending_Down_High_Vol,0.17041036156455838,0.14826774954168676,0.15247148839350214,0.17341671225857996
2016-01-27,Trending_Down,High_Vol,Trending_Down_High_Vol,Trending_Down_High_Vol,0.16596359288890072,0.14400122993063147,0.15149928495988274,0.1732388495206336
2016-01-28,Trending_Down,High_Vol,Trending_Down_High_Vol,Trending_Down_High_Vol,0.16550960215190513,0.14395448559611154,0.14787184325775882,0.17469502266569403
2016-01-29,Trending_Down,High_Vol,Trending_Down_High_Vol,Trending_Down_High_Vol,0.18280993676302038,0.14983653640915692,0.15059641534594462,0.15925526695150757
2016-02-01,Trending_Down,High_Vol,Trending_Down_High_Vol,Trending_Down_High_Vol,0.18015615377057953,0.14947480315214262,0.1505050227494886,0.1601000199736001
2016-02-02,Trending_Down,High_Vol,Trending_Down_High_Vol,Trending_Down_High_Vol,0.17357408330755553,0.1493851073834737,0.14746473732524484,0.17126026903570932
2016-02-03,Trending_Down,High_Vol,Trending_Down_High_Vol,Trending_Down_High_Vol,0.17736397144846852,0.14766891078904967,0.14812665837570202,0.18168127778935667
2016-02-04,Trending_Down,High_Vol,Trending_Down_High_Vol,Trending_Down_High_Vol,0.1794783773657687,0.1483492681382528,0.14671679134791857,0.17699041267194665
2016-02-05,Trending_Down,High_Vol,Trending_Down_High_Vol,Trending_Down_High_Vol,0.16895075513219998,0.15103857588970068,0.1440363165931622,0.16753090480408503
2016-02-08,Trending_Down,High_Vol,Trending_Down_High_Vol,Trending_Down_High_Vol,0.1740844966620513,0.15368846926119836,0.14427016892255762,0.17885229956926496
2016-02-09,Trending_Down,High_Vol,Trending_Down_High_Vol,Trending_Down_High_Vol,0.17781280907261066,0.15455416897007973,0.14278482837057133,0.18875084670696124
2016-02-10,Trending_Down,High_Vol,Trending_Down_High_Vol,Trending_Down_High_Vol,0.1801169545484551,0.15469956916371003,0.1410376930771793,0.1979213344101709
2016-02-11,Trending_Down,High_Vol,Trending_Down_High_Vol,Trending_Down_High_Vol,0.20801170463675417,0.16987874042837844,0.15006047796652822,0.22452687534736696
2016-02-12,Trending_Down,High_Vol,Trending_Down_High_Vol,Trending_Down_High_Vol,0.20865006582642787,0.1696529572142012,0.15007299189196574,0.22401554032930387
2016-02-15,Trending_Down,High_Vol,Trending_Down_High_Vol,Trending_Down_High_Vol,0.2305048555368463,0.1814059459824564,0.15504772895328922,0.2037848886688898
2016-02-16,Trending_Down,High_Vol,Trending_Down_High_Vol,Trending_Down_High_Vol,0.233472506851847,0.1835724887038611,0.1567326649327569,0.2165346672224538
2016-02-17,Trending_Down,High_Vol,Trending_Down_High_Vol,Trending_Down_High_Vol,0.23147734281190294,0.18409009341667787,0.15666834248817674,0.20984296842434347
2016-02-18,Trending_Down,High_Vol,Trending_Down_High_Vol,Trending_Down_High_Vol,0.22954296815301556,0.18654923006729346,0.156912375684978,0.20058357649020425
2016-02-19,Trending_Down,High_Vol,Trending_Down_High_Vol,Trending_Down_High_Vol,0.22939193716928785,0.18612325515595726,0.15701743323043332,0.19847158538279838
2016-02-22,Trending_Down,High_Vol,Trending_Down_High_Vol,Trending_Down_High_Vol,0.2170443226360696,0.18486869269775538,0.15393046199168137,0.1958260603376407
2016-02-23,Trending_Down,High_Vol,Trending_Down_High_Vol,Trending_Down_High_Vol,0.2239984222226956,0.18690688421141097,0.15593314675492995,0.20972073867583715
2016-02-24,Trending_Down,High_Vol,Trending_Down_High_Vol,Trending_Down_High_Vol,0.22690964081251008,0.18777704317620408,0.15693580756825937,0.21981934747116855
2016-02-25,Trending_Down,High_Vol,Trending_Down_High_Vol,Trending_Down_High_Vol,0.2273205528370442,0.1874979876609556,0.15666433946440733,0.225166030550924
2016-02-26,Trending_Down,High_Vol,Trending_Down_High_Vol,Trending_Down_High_Vol,0.21700386723725973,0.18796831334016598,0.15698700633464466,0.21859107961650687
2016-02-29,Trending_Down,High_Vol,Trending_Down_High_Vol,Trending_Down_High_Vol,0.21695708098145447,0.18724897135188318,0.15544664892437698,0.2233375234472697
2016-03-01,Trending_Down,High_Vol,Trending_Down_High_Vol,Trending_Down_High_Vol,0.2511107722169486,0.2013510747544053,0.16502081225244838,0.19718773881478394
2016-03-02,Trending_Down,High_Vol,Trending_Down_High_Vol,Recovery,0.25881482361832725,0.20613775839873105,0.16472382553766737,0.18089758536543005
2016-03-03,Trending_Down,High_Vol,Trending_Down_High_Vol,Recovery,0.2631378470496287,0.20777701395345052,0.1663432563839637,0.16903153006461025
2016-03-04,Trending_Down,High_Vol,Trending_Down_High_Vol,Trending_Down_High_Vol,0.26001614655479705,0.2074705595914202,0.16626578941081785,0.16794774515423094
2016-03-08,Trending_Down,High_Vol,Trending_Down_High_Vol,Recovery,0.2549430322473681,0.20595631393701197,0.16607329223040895,0.16795333559121856
2016-03-09,Trending_Down,High_Vol,Trending_Down_High_Vol,Recovery,0.2509589377685259,0.2065758643965015,0.16593219588207198,0.16278451524940948
2016-03-10,Trending_Down,High_Vol,Trending_Down_High_Vol,Recovery,0.2480298271028316,0.20588063941583393,0.16596571791405154,0.1678588409233014
2016-03-11,Trending_Down,High_Vol,Trending_Down_High_Vol,Recovery,0.21046463057793963,0.2060768637567809,0.1660832148845576,0.16518547224538002
2016-03-14,Trending_Down,High_Vol,Trending_Down_High_Vol,Recovery,0.21014269511771236,0.20622742493498203,0.16620117102470378,0.16201194942337085
2016-03-15,Trending_Down,High_Vol,Trending_Down_High_Vol,Recovery,0.19872570379111076,0.20664380015553807,0.16620071678905468,0.17069889146519382
2016-03-16,Trending_Down,High_Vol,Trending_Down_High_Vol,Recovery,0.1869716957120147,0.20276607438423466,0.16597949957142383,0.16645824649159371
2016-03-17,Trending_Down,High_Vol,Trending_Down_High_Vol,Recovery,0.18592770137519476,0.20284474998841195,0.16581516641933908,0.16492429571349174
2016-03-18,Trending_Down,High_Vol,Trending_Down_High_Vol,Recovery,0.18625358996780425,0.20453681972846446,0.167115151094316,0.1547200113762679
2016-03-21,Trending_Down,High_Vol,Trending_Down_High_Vol,Recovery,0.1897844219831802,0.20033505611893263,0.16856558671637542,0.1436153953035987
2016-03-22,Trending_Down,High_Vol,Trending_Down_High_Vol,Recovery,0.18991754926957471,0.20014568713419773,0.16832912932914104,0.14243157956440183
2016-03-23,Trending_Down,High_Vol,Trending_Down_High_Vol,Recovery,0.17430544593426317,0.19977697010291007,0.16823882888742495,0.14225371682645546
2016-03-28,Trending_Down,High_Vol,Trending_Down_High_Vol,Recovery,0.1747763213715213,0.20141272219059195,0.16935672295634374,0.153525069039183
2016-03-29,Trending_Down,High_Vol,Trending_Down_High_Vol,Recovery,0.17173685995175278,0.20093238574069175,0.1690304553054601,0.1555370293177713
2016-03-30,Trending_Down,High_Vol,Trending_Down_High_Vol,Recovery,0.17815976088400778,0.2047712332798451,0.17131714454207395,0.14017505123662638
2016-03-31,Trending_Down,High_Vol,Trending_Down_High_Vol,Recovery,0.1743296840929644,0.20234155459573538,0.17111487904769238,0.1398193800368209
2016-04-01,Trending_Down,Medium_Vol,Trending_Down_Medium_Vol,Recovery,0.14023424287302017,0.20053510762273719,0.17116130180611902,0.1426372316590246
2016-04-04,Trending_Down,Low_Vol,Trending_Down_Low_Vol,Recovery,0.12570899897815094,0.19944409218229295,0.17143574525962962,0.1375517793872447
2016-04-05,Trending_Down,Medium_Vol,Trending_Down_Medium_Vol,Recovery,0.14126215170978335,0.20100501505827825,0.1742435490801466,0.15484783156176185
2016-04-06,Trending_Down,Medium_Vol,Trending_Down_Medium_Vol,Recovery,0.14126972237082933,0.2006391324184971,0.17352321037813215,0.15360843710921218
2016-04-07,Trending_Down,Medium_Vol,Trending_Down_Medium_Vol,Recovery,0.14549943278383218,0.19700713005926926,0.17405108156591728,0.16115601552730305
2016-04-08,Trending_Down,Medium_Vol,Trending_Down_Medium_Vol,Recovery,0.14394108520065585,0.1969873762717026,0.17392294721773738,0.16018338804362928
2016-04-11,Trending_Down,Medium_Vol,Trending_Down_Medium_Vol,Recovery,0.15150528767124996,0.19983830694890467,0.17373853103514492,0.1472669276260942
2016-04-12,Trending_Down,Medium_Vol,Trending_Down_Medium_Vol,Recovery,0.15190905244415273,0.19997595231656537,0.17386546378900763,0.14309293368764764
2016-04-13,Trending_Down,High_Vol,Trending_Down_High_Vol,Recovery,0.16337527247012906,0.19981531044918655,0.1760688921816317,0.12736415780880922
2016-04-18,Sideways,Medium_Vol,Sideways_Medium_Vol,Recovery,0.15780933785390952,0.2004470622223474,0.17643066935464344,0.12022229314297624
2016-04-20,Sideways,Medium_Vol,Sideways_Medium_Vol,Recovery,0.1579457827027293,0.19777571739931368,0.17506798665605314,0.12021675698207586
2016-04-21,Sideways,Medium_Vol,Sideways_Medium_Vol,Recovery,0.15830187891694864,0.19526184920431972,0.17361290540156835,0.12051690374461581
2016-04-22,Sideways,Medium_Vol,Sideways_Medium_Vol,Recovery,0.15477610133750566,0.1951424541437593,0.1736156861601775,0.12193416093511185
2016-04-25,Trending_Down,Medium_Vol,Trending_Down_Medium_Vol,Recovery,0.15105971273084326,0.19435372923377764,0.17384541357435127,0.1268528770668334
2016-04-26,Sideways,Medium_Vol,Sideways_Medium_Vol,Recovery,0.15764194595111797,0.19344742141797738,0.17514307931865003,0.11489232709809642
2016-04-27,Sideways,Medium_Vol,Sideways_Medium_Vol,Recovery,0.15756107480376116,0.19091280189274443,0.17486745290164302,0.11297486148742532
2016-04-28,Trending_Down,High_Vol,Trending_Down_High_Vol,Recovery,0.16233180636219763,0.19315894329378044,0.17648616899203098,0.12771988328470196
2016-04-29,Trending_Down,High_Vol,Trending_Down_High_Vol,Recovery,0.16174669665336702,0.17587846958722306,0.1764815584391634,0.12743645355703764
2016-05-02,Trending_Down,Medium_Vol,Trending_Down_Medium_Vol,Recovery,0.15125177757195568,0.17675850131719098,0.1766526284947199,0.1323162537341948
2016-05-03,Trending_Down,Medium_Vol,Trending_Down_Medium_Vol,Recovery,0.15392577979223102,0.16946610119136218,0.1769894100873829,0.13886341531193552
2016-05-04,Trending_Down,Medium_Vol,Trending_Down_Medium_Vol,Trending_Down_Medium_Vol,0.1546449781739657,0.16537218549637195,0.17667632040624867,0.1433597549326108
2016-05-05,Trending_Down,Medium_Vol,Trending_Down_Medium_Vol,Trending_Down_Medium_Vol,0.15372909637793633,0.16472271171973119,0.17600304409734338,0.1401417257190496
2016-05-06,Trending_Down,Medium_Vol,Trending_Down_Medium_Vol,Recovery,0.1345181245099566,0.16318083052318122,0.1759707628621442,0.14036957673336112
2016-05-09,Sideways,Medium_Vol,Sideways_Medium_Vol,Recovery,0.14640799079289923,0.166906824277913,0.1775496863094305,0.1256301453730721
2016-05-10,Sideways,Medium_Vol,Sideways_Medium_Vol,Recovery,0.1409777396663402,0.16688630982015806,0.17656930865670656,0.12321247134222593
2016-05-11,Sideways,Medium_Vol,Sideways_Medium_Vol,Recovery,0.1432475138899579,0.16186092993632906,0.17619206161983533,0.1275420205467556
2016-05-12,Sideways,Medium_Vol,Sideways_Medium_Vol,Recovery,0.1354924910650317,0.15855073784762963,0.1757715878382778,0.12181187691051827
2016-05-13,Trending_Down,Medium_Vol,Trending_Down_Medium_Vol,Recovery,0.14162631400287315,0.15998823327410103,0.17650434368207119,0.13131583689384466
2016-05-16,Sideways,Low_Vol,Sideways_Low_Vol,Recovery,0.12720540105344297,0.15957829552941152,0.1764369882997792,0.12621925802417674
2016-05-17,Sideways,Low_Vol,Sideways_Low_Vol,Sideways_Low_Vol,0.12443664273559776,0.1584541851800745,0.1762476386253634,0.12288453522300959
2016-05-18,Sideways,Low_Vol,Sideways_Low_Vol,Sideways_Low_Vol,0.12474709658719904,0.14178965305361194,0.17527975957083677,0.1251743890683618
2016-05-19,Trending_Down,Low_Vol,Trending_Down_Low_Vol,Trending_Down_Low_Vol,0.1304773928693512,0.1381202252836664,0.17536143761483283,0.13481729583507016
2016-05-20,Trending_Down,Low_Vol,Trending_Down_Low_Vol,Trending_Down_Low_Vol,0.13106058037366308,0.13519258653112456,0.17486749876438928,0.13856326854939557
2016-05-23,Trending_Down,Low_Vol,Trending_Down_Low_Vol,Trending_Down_Low_Vol,0.13003450769899322,0.13537175059020598,0.1746339280818029,0.1406363979783243
2016-05-24,Trending_Down,Low_Vol,Trending_Down_Low_Vol,Trending_Down_Low_Vol,0.11905325607567098,0.13541060971074373,0.17389861167923076,0.13865776321731277
2016-05-25,Sideways,Medium_Vol,Sideways_Medium_Vol,Sideways_Medium_Vol,0.14904180194196356,0.14469442916249722,0.17805352855151624,0.11797694568917605
2016-05-26,Sideways,Medium_Vol,Sideways_Medium_Vol,Recovery,0.14778161827003763,0.1480512543576893,0.17960763901229257,0.10299848244060025
2016-05-27,Sideways,Medium_Vol,Sideways_Medium_Vol,Sideways_Medium_Vol,0.15135366467022393,0.1494580782810052,0.1803848289474749,0.0933277863172155
2016-05-30,Sideways,Medium_Vol,Sideways_Medium_Vol,Sideways_Medium_Vol,0.14870252521936222,0.14939798556019426,0.18027884433563598,0.09089898568848132
2016-05-31,Trending_Up,Medium_Vol,Trending_Up_Medium_Vol,Trending_Up_Medium_Vol,0.14516237298078422,0.1471279049496524,0.1800754132822557,0.09294427148464637
2016-06-01,Trending_Up,Medium_Vol,Trending_Up_Medium_Vol,Trending_Up_Medium_Vol,0.14217621040606865,0.14694375192706038,0.17726837786945504,0.09073778570932332
2016-06-02,Trending_Up,Medium_Vol,Trending_Up_Medium_Vol,Trending_Up_Medium_Vol,0.1422906634386892,0.14709657755333636,0.17737977119225037,0.08640264606780602
2016-06-03,Trending_Up,Medium_Vol,Trending_Up_Medium_Vol,Trending_Up_Medium_Vol,0.1421487283746442,0.1451966320177729,0.17710127064678827,0.08619704824927053
2016-06-06,Trending_Up,Medium_Vol,Trending_Up_Medium_Vol,Trending_Up_Medium_Vol,0.1331790240928091,0.1430217637230498,0.17330701263508216,0.08839240742670557
2016-06-07,Trending_Up,Medium_Vol,Trending_Up_Medium_Vol,Trending_Up_Medium_Vol,0.1347874536506797,0.14380716228257026,0.17358712550791386,0.08112266829929136
2016-06-08,Trending_Up,Low_Vol,Trending_Up_Low_Vol,Trending_Up_Low_Vol,0.13216867448892305,0.1437876096400956,0.17333526936503602,0.0803890727039044
2016-06-09,Trending_Up,Medium_Vol,Trending_Up_Medium_Vol,Trending_Up_Medium_Vol,0.1368998904749856,0.14169311027180337,0.17350292593963412,0.08810897769904126
2016-06-10,Trending_Up,Low_Vol,Trending_Up_Low_Vol,Trending_Up_Low_Vol,0.13052619335788804,0.1419877808319186,0.1734161143576476,0.0918382876545783
2016-06-13,Trending_Up,Medium_Vol,Trending_Up_Medium_Vol,Trending_Up_Medium_Vol,0.13399614951701835,0.13804244796528692,0.1737666699900394,0.09844656410657218
2016-06-14,Trending_Up,Medium_Vol,Trending_Up_Medium_Vol,Trending_Up_Medium_Vol,0.13387563521152235,0.13806308135380504,0.17233500266873983,0.09864108960330693
2016-06-15,Trending_Up,Medium_Vol,Trending_Up_Medium_Vol,Trending_Up_Medium_Vol,0.1381060009136985,0.13991431745809912,0.17203732337729913,0.08777550541892455
2016-06-16,Trending_Up,Medium_Vol,Trending_Up_Medium_Vol,Trending_Up_Medium_Vol,0.1346858416943616,0.14103115768100777,0.17185118041567585,0.09509517854661664
2016-06-17,Trending_Up,Low_Vol,Trending_Up_Low_Vol,Trending_Up_Low_Vol,0.1324480646519204,0.13261805722387204,0.16948686638531663,0.09182157061970266
2016-06-20,Trending_Up,Low_Vol,Trending_Up_Low_Vol,Trending_Up_Low_Vol,0.1324794183520528,0.1335160078653394,0.16962570831681212,0.08422954008614701
2016-06-21,Trending_Up,Medium_Vol,Trending_Up_Medium_Vol,Trending_Up_Medium_Vol,0.1338782374689838,0.1316390368641447,0.16703495857556241,0.08629702480200083
2016-06-22,Trending_Up,Low_Vol,Trending_Up_Low_Vol,Trending_Up_Low_Vol,0.10927480886402072,0.1318979271615868,0.16710003967477646,0.088097796825066
2016-06-23,Trending_Up,Low_Vol,Trending_Up_Low_Vol,Trending_Up_Low_Vol,0.09663685270380099,0.1289997377621054,0.16747353674306634,0.08067803859246908
2016-06-24,Trending_Up,Low_Vol,Trending_Up_Low_Vol,Trending_Up_Low_Vol,0.12075374553441329,0.1391216244972097,0.17139054667779074,0.10089202749409476
2016-06-27,Trending_Up,Low_Vol,Trending_Up_Low_Vol,Trending_Up_Low_Vol,0.1202971573863269,0.1333196187793906,0.16899903089995358,0.10021395633597333
2016-06-28,Trending_Up,Low_Vol,Trending_Up_Low_Vol,Trending_Up_Low_Vol,0.12116951445710471,0.1324439728580555,0.16905930444700773,0.09652909849590106
2016-06-29,Trending_Up,Low_Vol,Trending_Up_Low_Vol,Trending_Up_Low_Vol,0.12556746239486025,0.13390049819475047,0.16808134068920527,0.08806447130748923
2016-06-30,Trending_Up,Low_Vol,Trending_Up_Low_Vol,Trending_Up_Low_Vol,0.1296254325387869,0.13554166702478182,0.16728260187987637,0.0787550368208976
2016-07-01,Trending_Up,Low_Vol,Trending_Up_Low_Vol,Trending_Up_Low_Vol,0.13057662148509191,0.13569339947966533,0.16723085133853188,0.07424208871752119
2016-07-04,Trending_Up,Low_Vol,Trending_Up_Low_Vol,Trending_Up_Low_Vol,0.13093492799130843,0.1351010193629643,0.16653785145304484,0.06953450656523552
2016-07-05,Trending_Up,Low_Vol,Trending_Up_Low_Vol,Trending_Up_Low_Vol,0.12950470190866067,0.13260187447614055,0.16507416918225173,0.07339722714325414
2016-07-07,Trending_Up,Low_Vol,Trending_Up_Low_Vol,Trending_Up_Low_Vol,0.12950008840663876,0.1325817425502534,0.16369763716662597,0.07318044845074337
2016-07-08,Trending_Up,Low_Vol,Trending_Up_Low_Vol,Trending_Up_Low_Vol,0.12559211057795763,0.12653325396167733,0.1625113996126838,0.07481448433375017
2016-07-11,Trending_Up,Medium_Vol,Trending_Up_Medium_Vol,Trending_Up_Medium_Vol,0.1372043024663305,0.1316144134617329,0.1547009571946514,0.05872998297901903
2016-07-12,Trending_Up,Medium_Vol,Trending_Up_Medium_Vol,Trending_Up_Medium_Vol,0.1336653385372161,0.13099738967964525,0.15483525042010854,0.052822030880922605
2016-07-13,Trending_Up,Medium_Vol,Trending_Up_Medium_Vol,Trending_Up_Medium_Vol,0.1336562429478792,0.12933163400211556,0.14999779526714552,0.05299430318188134
2016-07-14,Trending_Up,Low_Vol,Trending_Up_Low_Vol,Trending_Up_Low_Vol,0.1293504501247663,0.1284968040604665,0.14735721020836745,0.047936640266777825
2016-07-15,Trending_Up,Low_Vol,Trending_Up_Low_Vol,Trending_Up_Low_Vol,0.12512570845450222,0.12890814977420792,0.14717055545325478,0.05055991211615951
2016-07-18,Trending_Up,Low_Vol,Trending_Up_Low_Vol,Trending_Up_Low_Vol,0.1269699804672533,0.1294794382772646,0.14659338092369062,0.05419478167986661
2016-07-19,Trending_Up,Low_Vol,Trending_Up_Low_Vol,Trending_Up_Low_Vol,0.12478901426729591,0.12471861469042445,0.14658928135677085,0.05198835018063082
2016-07-20,Trending_Up,Low_Vol,Trending_Up_Low_Vol,Trending_Up_Low_Vol,0.12417515324682724,0.12484486554276114,0.1466285827241818,0.047842199874947894
2016-07-21,Trending_Up,Low_Vol,Trending_Up_Low_Vol,Trending_Up_Low_Vol,0.12715339251041582,0.1253219286379742,0.14404826925934733,0.054039226413783524
2016-07-22,Trending_Up,Low_Vol,Trending_Up_Low_Vol,Trending_Up_Low_Vol,0.12520201541951548,0.12490389967706397,0.1421527835751394,0.05058216531193553
2016-07-25,Trending_Up,Low_Vol,Trending_Up_Low_Vol,Trending_Up_Low_Vol,0.09339105079666635,0.12337005293943692,0.14215543994046342,0.04008332464915937
2016-07-26,Trending_Up,Low_Vol,Trending_Up_Low_Vol,Trending_Up_Low_Vol,0.09783709224089107,0.12410217225445459,0.14227261844631567,0.0450854088509101
2016-07-27,Trending_Up,Low_Vol,Trending_Up_Low_Vol,Trending_Up_Low_Vol,0.09775078623493827,0.12404419446167583,0.14168109736157042,0.04228986470056968
2016-07-28,Trending_Up,Low_Vol,Trending_Up_Low_Vol,Trending_Up_Low_Vol,0.09545572259797035,0.12395673111948537,0.13250737622521266,0.036676414651938306
2016-07-29,Trending_Up,Low_Vol,Trending_Up_Low_Vol,Trending_Up_Low_Vol,0.0934324644824264,0.1209528524219978,0.12940110605491514,0.039766569403918296
2016-08-01,Trending_Up,Low_Vol,Trending_Up_Low_Vol,Trending_Up_Low_Vol,0.09316032166645168,0.12017663563566909,0.12777593401446263,0.03998334809642907
2016-08-02,Trending_Up,Low_Vol,Trending_Up_Low_Vol,Trending_Up_Low_Vol,0.09308042221374453,0.12002808287625757,0.1278678653249401,0.04150058183965541
2016-08-03,Trending_Up,Low_Vol,Trending_Up_Low_Vol,Trending_Up_Low_Vol,0.09849519426532899,0.12266263165677883,0.12893147947909564,0.050176505835764905
2016-08-04,Trending_Up,Low_Vol,Trending_Up_Low_Vol,Trending_Up_Low_Vol,0.09844250703258582,0.11182170235059054,0.12869951294647225,0.049481771918855076
2016-08-05,Trending_Up,Low_Vol,Trending_Up_Low_Vol,Trending_Up_Low_Vol,0.10968793409953892,0.11077560890088521,0.13008733076976603,0.034803346880644716
2016-08-08,Trending_Up,Low_Vol,Trending_Up_Low_Vol,Trending_Up_Low_Vol,0.09398533918666188,0.10879963087006106,0.13008850148822135,0.031668794289287205
2016-08-09,Trending_Up,Low_Vol,Trending_Up_Low_Vol,Trending_Up_Low_Vol,0.09390627038410637,0.1093602282041469,0.13030828793556176,0.03534806169237182
2016-08-10,Trending_Up,Low_Vol,Trending_Up_Low_Vol,Trending_Up_Low_Vol,0.10431911805653163,0.1129935635520933,0.13067464095603484,0.046791740482145336
2016-08-11,Trending_Up,Low_Vol,Trending_Up_Low_Vol,Trending_Up_Low_Vol,0.10285376440960171,0.11296833102751556,0.13054406105950725,0.044918672710851745
2016-08-16,Trending_Up,Low_Vol,Trending_Up_Low_Vol,Trending_Up_Low_Vol,0.10413701446038838,0.1131829269498926,0.1307352382207804,0.039316403536195636
2016-08-17,Trending_Up,Low_Vol,Trending_Up_Low_Vol,Trending_Up_Low_Vol,0.10335244377072832,0.1133939095620351,0.12970348677828744,0.04137281593024871
2016-08-18,Trending_Up,Low_Vol,Trending_Up_Low_Vol,Trending_Up_Low_Vol,0.10474558618202646,0.11360953991490172,0.1285068677841068,0.03590384882589968
2016-08-19,Trending_Up,Low_Vol,Trending_Up_Low_Vol,Trending_Up_Low_Vol,0.10404104330071438,0.11259485402100164,0.1285438074504085,0.03660965506461025
2016-08-22,Trending_Up,Low_Vol,Trending_Up_Low_Vol,Trending_Up_Low_Vol,0.1023553273433541,0.11322829844179572,0.12883695561908373,0.04080584792274559
2016-08-23,Trending_Up,Low_Vol,Trending_Up_Low_Vol,Trending_Up_Low_Vol,0.1017657254735675,0.11123199257042414,0.12679044027871214,0.04042244164235098
2016-08-24,Trending_Up,Low_Vol,Trending_Up_Low_Vol,Trending_Up_Low_Vol,0.09417114715180146,0.11062706681722527,0.12665955515983734,0.03845493347922745
2016-08-25,Trending_Up,Low_Vol,Trending_Up_Low_Vol,Trending_Up_Low_Vol,0.09544066714312353,0.11041417459097874,0.1243706433222777,0.04491313654995137
2016-08-26,Trending_Up,Low_Vol,Trending_Up_Low_Vol,Trending_Up_Low_Vol,0.09513258291808956,0.11064630896322494,0.12448140636724193,0.04709742340558566
2016-08-29,Trending_Up,Low_Vol,Trending_Up_Low_Vol,Trending_Up_Low_Vol,0.09381427199284113,0.10801523263645967,0.12437714232829503,0.0432179857926914
2016-08-30,Trending_Up,Low_Vol,Trending_Up_Low_Vol,Trending_Up_Low_Vol,0.10927835265773815,0.1110755103143561,0.12634955693244823,0.028000599208003334
2016-08-31,Trending_Up,Low_Vol,Trending_Up_Low_Vol,Trending_Up_Low_Vol,0.11020103576679466,0.11122334606596929,0.12176940816078431,0.023348595769070446
2016-09-01,Trending_Up,Low_Vol,Trending_Up_Low_Vol,Trending_Up_Low_Vol,0.11012624855918782,0.11026174276178291,0.12184997613362768,0.024632442337084896
2016-09-02,Trending_Up,Low_Vol,Trending_Up_Low_Vol,Trending_Up_Low_Vol,0.10406552356086857,0.11012113142556572,0.12077290993861504,0.020741932402389883
2016-09-06,Trending_Up,Low_Vol,Trending_Up_Low_Vol,Trending_Up_Low_Vol,0.11459705075405476,0.1140471606914681,0.12267302249900208,0.005919132972071696
2016-09-07,Trending_Up,Low_Vol,Trending_Up_Low_Vol,Trending_Up_Low_Vol,0.10464398793632576,0.1135406586701337,0.12090100864857288,0.008703604800611366
2016-09-08,Trending_Up,Low_Vol,Trending_Up_Low_Vol,Trending_Up_Low_Vol,0.10481774674022629,0.10002735782325926,0.12083965997460433,0.004863137418368765
2016-09-09,Trending_Up,Low_Vol,Trending_Up_Low_Vol,Trending_Up_Low_Vol,0.11047227779624857,0.1033538619501181,0.11906088290388055,0.014400422919271919
2016-09-12,Trending_Up,Low_Vol,Trending_Up_Low_Vol,Trending_Up_Low_Vol,0.11967583081662445,0.11155396087161595,0.12201643317174776,0.03119637522578852
2016-09-14,Trending_Up,Low_Vol,Trending_Up_Low_Vol,Trending_Up_Low_Vol,0.11961408756871189,0.1100582493085508,0.12200685288404785,0.029973643532027233
2016-09-15,Trending_Up,Low_Vol,Trending_Up_Low_Vol,Trending_Up_Low_Vol,0.11819795050808908,0.10814520017227305,0.12199446761133141,0.02820066086563846
2016-09-16,Trending_Up,Low_Vol,Trending_Up_Low_Vol,Trending_Up_Low_Vol,0.11841420596998142,0.10803999459481547,0.12202761081323102,0.024054510559955538
2016-09-19,Trending_Up,Low_Vol,Trending_Up_Low_Vol,Trending_Up_Low_Vol,0.1174159686747871,0.10776845580853434,0.12160101483777096,0.02088087918577185
2016-09-20,Trending_Up,Low_Vol,Trending_Up_Low_Vol,Trending_Up_Low_Vol,0.11839288343740954,0.1076589439842367,0.12016720430781384,0.02449349555370293
2016-09-21,Trending_Up,Low_Vol,Trending_Up_Low_Vol,Trending_Up_Low_Vol,0.1169374374720606,0.10766271469068665,0.12016020544084728,0.024354548770320967
2016-09-22,Trending_Up,Low_Vol,Trending_Up_Low_Vol,Trending_Up_Low_Vol,0.12157854483765074,0.10942826945021203,0.1176931928117722,0.01431705484924274
2016-09-23,Trending_Up,Low_Vol,Trending_Up_Low_Vol,Trending_Up_Low_Vol,0.12304506156253187,0.10364253325629523,0.11798512041596265,0.018307649888842575
2016-09-26,Trending_Up,Low_Vol,Trending_Up_Low_Vol,Trending_Up_Low_Vol,0.1291530771848575,0.1069793000753765,0.11943633438988399,0.03036823068639711
2016-09-27,Trending_Up,Low_Vol,Trending_Up_Low_Vol,Trending_Up_Low_Vol,0.12904056075886616,0.10710531739010888,0.11872605435012777,0.032218936709740166
2016-09-28,Trending_Up,Low_Vol,Trending_Up_Low_Vol,Trending_Up_Low_Vol,0.12917489589274828,0.1069150667713735,0.11838765790240587,0.027911586424899264
2016-09-29,Trending_Up,Medium_Vol,Trending_Up_Medium_Vol,Trending_Up_Medium_Vol,0.13201454995605671,0.11414396359627992,0.12205312610305674,0.045018757815756566
2016-09-30,Trending_Up,Medium_Vol,Trending_Up_Medium_Vol,Trending_Up_Medium_Vol,0.1309025686866529,0.11387808233188529,0.12204955983514933,0.04280668160344588
2016-10-03,Trending_Up,Medium_Vol,Trending_Up_Medium_Vol,Trending_Up_Medium_Vol,0.14226295255151053,0.11835689250130185,0.12130271121840712,0.02869533312491316
2016-10-04,Trending_Up,Medium_Vol,Trending_Up_Medium_Vol,Trending_Up_Medium_Vol,0.14210247053578914,0.11823358155464485,0.12133702950034407,0.02524380818396554
2016-10-05,Trending_Up,Medium_Vol,Trending_Up_Medium_Vol,Trending_Up_Medium_Vol,0.13021835377164662,0.117404793208693,0.12112010380572419,0.028044997047380855
2016-10-06,Trending_Up,Medium_Vol,Trending_Up_Medium_Vol,Trending_Up_Medium_Vol,0.13047737964053813,0.11761504645430357,0.12106270615571682,0.03186885594692233
2016-10-07,Trending_Up,Low_Vol,Trending_Up_Low_Vol,Trending_Up_Low_Vol,0.12912024245106746,0.11511542701020266,0.11963383729885568,0.03319720890648881
2016-10-10,Trending_Up,Low_Vol,Trending_Up_Low_Vol,Trending_Up_Low_Vol,0.12571607925541,0.1144762721046426,0.11938986227859243,0.03195222401695151
2016-10-13,Trending_Up,Low_Vol,Trending_Up_Low_Vol,Trending_Up_Low_Vol,0.1232640108752041,0.11969323100245371,0.12217571800967764,0.04700851917465611
2016-10-14,Trending_Up,Low_Vol,Trending_Up_Low_Vol,Trending_Up_Low_Vol,0.12324456212064108,0.11895870379911476,0.1220497520809796,0.045891300194525496
2016-10-17,Trending_Up,Low_Vol,Trending_Up_Low_Vol,Trending_Up_Low_Vol,0.12493830503355517,0.11986055946204122,0.12127173592022551,0.052894218076976515
2016-10-18,Trending_Up,Medium_Vol,Trending_Up_Medium_Vol,Trending_Up_Medium_Vol,0.14226739122130952,0.12702432003049338,0.12412558929890832,0.03538692337084896
2016-10-19,Trending_Up,Medium_Vol,Trending_Up_Medium_Vol,Trending_Up_Medium_Vol,0.14164785761755544,0.12707163897202303,0.1241086030439151,0.037476769834653326
2016-10-20,Trending_Up,Medium_Vol,Trending_Up_Medium_Vol,Trending_Up_Medium_Vol,0.14249708030204272,0.12570475132035125,0.12421958742577315,0.03299703869667917
2016-10-21,Trending_Up,Medium_Vol,Trending_Up_Medium_Vol,Trending_Up_Medium_Vol,0.14248673298312253,0.12572710865178535,0.1187371570008607,0.03370295348756426
2016-10-24,Trending_Up,Medium_Vol,Trending_Up_Medium_Vol,Trending_Up_Medium_Vol,0.13709908075867297,0.12095221260912206,0.1159296004975422,0.03193550698207587
2016-10-25,Trending_Up,Medium_Vol,Trending_Up_Medium_Vol,Trending_Up_Medium_Vol,0.13666372976864882,0.1208231058884482,0.11489795202710473,0.03389747898429901
2016-10-26,Trending_Up,Medium_Vol,Trending_Up_Medium_Vol,Trending_Up_Medium_Vol,0.13324431312364726,0.1221241737514076,0.11581580504824847,0.042350979574822846
2016-10-27,Trending_Up,Medium_Vol,Trending_Up_Medium_Vol,Trending_Up_Medium_Vol,0.13316564357307675,0.11912312447010333,0.11573256149633895,0.042350979574822846
2016-10-28,Trending_Up,Medium_Vol,Trending_Up_Medium_Vol,Trending_Up_Medium_Vol,0.1324273917550954,0.11918656695603201,0.11574156050687956,0.03982214811727108
2016-11-01,Trending_Up,Low_Vol,Trending_Up_Low_Vol,Trending_Up_Low_Vol,0.11631962340830018,0.11850146540075131,0.11558470737472934,0.04112824788106156
2016-11-02,Trending_Up,Low_Vol,Trending_Up_Low_Vol,Trending_Up_Low_Vol,0.1250683648440124,0.1219694037913196,0.11756115138865424,0.05360566902876199
2016-11-03,Trending_Up,Low_Vol,Trending_Up_Low_Vol,Trending_Up_Low_Vol,0.11151855629141366,0.12140470715464734,0.11763282427351829,0.05683477056412394
2016-11-04,Trending_Up,Low_Vol,Trending_Up_Low_Vol,Trending_Up_Low_Vol,0.11101024609260315,0.12205877373110688,0.11742873436173117,0.06252605252188412
2016-11-07,Trending_Up,Low_Vol,Trending_Up_Low_Vol,Trending_Up_Low_Vol,0.11584215436515838,0.12304065742110148,0.11799307545204711,0.05548980912185633
2016-11-08,Trending_Up,Low_Vol,Trending_Up_Low_Vol,Trending_Up_Low_Vol,0.11791285758470202,0.12370979659758762,0.1174458389404593,0.05032098878004724
2016-11-09,Trending_Up,Low_Vol,Trending_Up_Low_Vol,Trending_Up_Low_Vol,0.1255348860264726,0.12691789374484816,0.1191747393811307,0.06272057801861887
2016-11-10,Trending_Up,Medium_Vol,Trending_Up_Medium_Vol,Trending_Up_Medium_Vol,0.13307439600060145,0.128713589524927,0.11975691770446496,0.052299569264971514
2016-11-11,Trending_Up,Medium_Vol,Trending_Up_Medium_Vol,Trending_Up_Medium_Vol,0.15398488911414865,0.14202697952048676,0.12743153658596437,0.07780466253299986
2016-11-15,Sideways,High_Vol,Sideways_High_Vol,Sideways_High_Vol,0.17061213774001505,0.14993518256770713,0.13110797057129875,0.09868554171877171
2016-11-16,Sideways,High_Vol,Sideways_High_Vol,Sideways_High_Vol,0.17008147620292716,0.14481754083760565,0.1304902187195562,0.09833540667986661
2016-11-17,Sideways,Medium_Vol,Sideways_Medium_Vol,Sideways_Medium_Vol,0.15112830506699074,0.14420253239307834,0.13050520596989942,0.1018535283798805
2016-11-18,Sideways,Medium_Vol,Sideways_Medium_Vol,Sideways_Medium_Vol,0.15138615084817006,0.14421535152160728,0.12980513796337675,0.10250381018132555
2016-11-21,Sideways,High_Vol,Sideways_High_Vol,Sideways_High_Vol,0.15652745893538855,0.14818622941529505,0.13280667089601939,0.11862163705363346
2016-11-22,Sideways,High_Vol,Sideways_High_Vol,Sideways_High_Vol,0.16360979311147864,0.1452251849159186,0.13364139993240032,0.11048494598443796
2016-11-23,Sideways,High_Vol,Sideways_High_Vol,Sideways_High_Vol,0.16474640295674667,0.14584996596325617,0.13313381508200806,0.10703906575656523
2016-11-24,Sideways,High_Vol,Sideways_High_Vol,Sideways_High_Vol,0.16531072858029489,0.14589947582753562,0.1291830506322501,0.1145755175767681
2016-11-25,Sideways,High_Vol,Sideways_High_Vol,Sideways_High_Vol,0.18321952549867973,0.15229275260832015,0.13258165508371983,0.09803531419341392
2016-11-28,Sideways,High_Vol,Sideways_High_Vol,Sideways_High_Vol,0.18363101356514944,0.1483462928617039,0.13244598616914194,0.09663471976170626
2016-11-29,Sideways,High_Vol,Sideways_High_Vol,Sideways_High_Vol,0.18334779985953203,0.1484084290686094,0.1316332417376879,0.09493956900444629
2016-11-30,Trending_Up,High_Vol,Trending_Up_High_Vol,Trending_Up_High_Vol,0.18905092154680345,0.15047033149614067,0.1316146174291977,0.08578574406002501
2016-12-01,Trending_Up,High_Vol,Trending_Up_High_Vol,Trending_Up_High_Vol,0.18492527206367163,0.15006238377136602,0.13151069235378796,0.08929827532305128
2016-12-02,Sideways,High_Vol,Sideways_High_Vol,Sideways_High_Vol,0.18904368305913513,0.15191021911898733,0.13280034880341748,0.10109214342781715
2016-12-05,Sideways,High_Vol,Sideways_High_Vol,Sideways_High_Vol,0.19032149783549998,0.15260678859488958,0.13294018813004158,0.0964290676670835
2016-12-06,Sideways,High_Vol,Sideways_High_Vol,Sideways_High_Vol,0.1876846019845942,0.152739919460387,0.13297586127721198,0.09482841157774073
2016-12-07,Sideways,High_Vol,Sideways_High_Vol,Sideways_High_Vol,0.18579152863702178,0.15054169593843802,0.13317607684836094,0.09939699267055718
2016-12-08,Trending_Up,High_Vol,Trending_Up_High_Vol,Trending_Up_High_Vol,0.19488314702044765,0.15674333820946146,0.13334216616735256,0.0833014189940253
2016-12-09,Trending_Up,High_Vol,Trending_Up_High_Vol,Trending_Up_High_Vol,0.18991942926132394,0.15485510447130083,0.13297531158331777,0.08164512991524246
2016-12-12,Sideways,High_Vol,Sideways_High_Vol,Sideways_High_Vol,0.16892837334706745,0.15645712601974293,0.13406242917706218,0.09175491958454912
2016-12-13,Trending_Up,Medium_Vol,Trending_Up_Medium_Vol,Trending_Up_Medium_Vol,0.14914035281197607,0.15684223517162824,0.1341679313594338,0.08608589082256496
2016-12-14,Sideways,Medium_Vol,Sideways_Medium_Vol,Sideways_Medium_Vol,0.15042589151983768,0.15252498917348742,0.1342983590443192,0.0904598921425594
2016-12-15,Sideways,Medium_Vol,Sideways_Medium_Vol,Sideways_Medium_Vol,0.1502865788581125,0.15244954632995775,0.13427951837549315,0.0936667947582326
2016-12-16,Sideways,Medium_Vol,Sideways_Medium_Vol,Sideways_Medium_Vol,0.1504383082551947,0.14809925477735789,0.13422476974873895,0.09523966149089899
2016-12-19,Sideways,Medium_Vol,Sideways_Medium_Vol,Sideways_Medium_Vol,0.13533637074041063,0.1478053719336502,0.1341414927644613,0.09914129802348201
2016-12-20,Sideways,Medium_Vol,Sideways_Medium_Vol,Recovery,0.13245985219742837,0.14779812642614717,0.13384486222529063,0.10158122525010421
2016-12-21,Sideways,Medium_Vol,Sideways_Medium_Vol,Recovery,0.1322891816321044,0.1477172297132213,0.1337216584654525,0.10392665780880922
2016-12-22,Sideways,Medium_Vol,Sideways_Medium_Vol,Recovery,0.13394892238328304,0.14899992880841995,0.13328403342788542,0.11306376571835487
2016-12-23,Sideways,Low_Vol,Sideways_Low_Vol,Sideways_Low_Vol,0.11475313656464375,0.14895688137491206,0.13311498211498296,0.11232457968598027
2016-12-26,Sideways,Low_Vol,Sideways_Low_Vol,Sideways_Low_Vol,0.11861902085053336,0.14671916646806923,0.13374888071635552,0.12093928025566208
2016-12-27,Sideways,Medium_Vol,Sideways_Medium_Vol,Sideways_Medium_Vol,0.13296790554346505,0.15169051162090522,0.13591204193533618,0.10708905403293038
2016-12-28,Sideways,Low_Vol,Sideways_Low_Vol,Sideways_Low_Vol,0.12685396700299356,0.1510869608938447,0.1358619030794219,0.10686673917951925
2016-12-29,Sideways,Medium_Vol,Sideways_Medium_Vol,Sideways_Medium_Vol,0.1309148680940211,0.14601756811617483,0.13665093094638175,0.09922466609351119
2016-12-30,Trending_Down,Low_Vol,Trending_Down_Low_Vol,Trending_Down_Low_Vol,0.127440956569347,0.14825172996363817,0.13770018289763994,0.09008755818396554
2017-01-02,Trending_Down,Low_Vol,Trending_Down_Low_Vol,Trending_Down_Low_Vol,0.12637086060031322,0.1476716180521972,0.13701425123171532,0.09078782826177574
2017-01-03,Trending_Down,Low_Vol,Trending_Down_Low_Vol,Trending_Down_Low_Vol,0.12634118350773932,0.14779755864756494,0.13703793345119275,0.0893705710712797
2017-01-04,Trending_Down,Low_Vol,Trending_Down_Low_Vol,Trending_Down_Low_Vol,0.1247675852313859,0.14765735514755635,0.13466638134518608,0.08956509656801445
2017-01-05,Sideways,Low_Vol,Sideways_Low_Vol,Sideways_Low_Vol,0.11304883460335212,0.14982252415003688,0.1356081782467297,0.08030570463387522
2017-01-06,Trending_Down,Low_Vol,Trending_Down_Low_Vol,Trending_Down_Low_Vol,0.11365965265899376,0.14888754888002015,0.13559763193641033,0.08364042743504238
2017-01-09,Trending_Down,Low_Vol,Trending_Down_Low_Vol,Trending_Down_Low_Vol,0.10619895332478249,0.14887530052138934,0.134366086682872,0.08450189749201056
2017-01-10,Sideways,Low_Vol,Sideways_Low_Vol,Sideways_Low_Vol,0.10630092599480154,0.1495622723716213,0.1347435318159504,0.07866059642906767
2017-01-11,Sideways,Low_Vol,Sideways_Low_Vol,Sideways_Low_Vol,0.1108372586272318,0.15191419894693298,0.13561020219019823,0.06842846845908017
2017-01-12,Sideways,Low_Vol,Sideways_Low_Vol,Sideways_Low_Vol,0.10957507595700891,0.14940014892763817,0.13568577525633024,0.06547726049048215
2017-01-13,Sideways,Low_Vol,Sideways_Low_Vol,Sideways_Low_Vol,0.10925667367130402,0.14922745669535828,0.13535561256857775,0.06623875399472003
2017-01-16,Sideways,Low_Vol,Sideways_Low_Vol,Sideways_Low_Vol,0.10700994374860986,0.14865797074810116,0.13538257257579397,0.06485482232180075
2017-01-17,Sideways,Low_Vol,Sideways_Low_Vol,Sideways_Low_Vol,0.1065207449435133,0.1477021843575228,0.1352453744526518,0.06649993052660831
2017-01-18,Sideways,Low_Vol,Sideways_Low_Vol,Sideways_Low_Vol,0.10515631831253265,0.1472441652499692,0.13529995818710927,0.06438793941920244
2017-01-19,Sideways,Low_Vol,Sideways_Low_Vol,Sideways_Low_Vol,0.09446883381044421,0.1443751063286366,0.13530431553391947,0.0623760334167014
2017-01-20,Sideways,Low_Vol,Sideways_Low_Vol,Sideways_Low_Vol,0.10498751257729866,0.14388823717814306,0.1358359118311487,0.07190778275670419
2017-01-23,Sideways,Low_Vol,Sideways_Low_Vol,Sideways_Low_Vol,0.09532357538578319,0.13087806233520358,0.13605489161433365,0.06722245380019452
2017-01-24,Sideways,Low_Vol,Sideways_Low_Vol,Sideways_Low_Vol,0.08696794894019907,0.12171097486898386,0.1368579710618121,0.057851904439349726
2017-01-25,Sideways,Low_Vol,Sideways_Low_Vol,Sideways_Low_Vol,0.09663667204975601,0.12572700847747795,0.1365894325309352,0.04374044740864249
2017-01-27,Sideways,Low_Vol,Sideways_Low_Vol,Sideways_Low_Vol,0.09483881256682106,0.12538245561053646,0.1365618758277797,0.03946088648047798
2017-01-30,Sideways,Low_Vol,Sideways_Low_Vol,Sideways_Low_Vol,0.09227679799928576,0.12540615747675724,0.13655557783949768,0.04040572460747534
2017-01-31,Sideways,Low_Vol,Sideways_Low_Vol,Sideways_Low_Vol,0.09955678265882327,0.11947528039661497,0.1370021203196362,0.04834794445602334
2017-02-01,Sideways,Low_Vol,Sideways_Low_Vol,Sideways_Low_Vol,0.11419008044899931,0.12398788226348241,0.13793240461815456,0.03110736244268445
2017-02-02,Sideways,Low_Vol,Sideways_Low_Vol,Sideways_Low_Vol,0.11359236839539058,0.12389405292997885,0.13791614590110568,0.029123245796859803
2017-02-03,Sideways,Low_Vol,Sideways_Low_Vol,Sideways_Low_Vol,0.11085797102130324,0.12172229846190014,0.1377723123686259,0.028378469327497567
2017-02-06,Sideways,Low_Vol,Sideways_Low_Vol,Sideways_Low_Vol,0.10907107106611268,0.11610228434226763,0.1373963328396912,0.021697951403362514
2017-02-07,Sideways,Low_Vol,Sideways_Low_Vol,Sideways_Low_Vol,0.11093516319075815,0.11672756281337683,0.13480275541040782,0.025338357127969988
2017-02-08,Sideways,Low_Vol,Sideways_Low_Vol,Sideways_Low_Vol,0.11076097883949416,0.11677078911278768,0.13478978759709612,0.02525498905794081
2017-02-09,Sideways,Low_Vol,Sideways_Low_Vol,Sideways_Low_Vol,0.10647947323439019,0.11509726435418129,0.13477013521842005,0.024215601986939003
2017-02-10,Sideways,Low_Vol,Sideways_Low_Vol,Sideways_Low_Vol,0.1064542240790838,0.11448762911575464,0.13462935538715298,0.0225316321036543
2017-02-13,Sideways,Low_Vol,Sideways_Low_Vol,Sideways_Low_Vol,0.105903550103587,0.10964214931335758,0.1345470579189129,0.021253321696540223
2017-02-14,Sideways,Low_Vol,Sideways_Low_Vol,Sideways_Low_Vol,0.10673918137426522,0.10957692336762889,0.1344362465307859,0.022670578887036264
2017-02-15,Sideways,Low_Vol,Sideways_Low_Vol,Sideways_Low_Vol,0.11164068833156372,0.11153858621050468,0.13499675285830795,0.03018477751146311
2017-02-16,Sideways,Low_Vol,Sideways_Low_Vol,Sideways_Low_Vol,0.11262171047782754,0.11103059488383377,0.1343456117576735,0.02426010837849104
2017-02-17,Trending_Up,Low_Vol,Trending_Up_Low_Vol,Trending_Up_Low_Vol,0.11307636669491106,0.10493504092637167,0.1344286478860172,0.01940250712102265
2017-02-20,Trending_Up,Low_Vol,Trending_Up_Low_Vol,Trending_Up_Low_Vol,0.10388027609260625,0.10556703431460775,0.13335544186940596,0.013010955085452271
2017-02-21,Trending_Up,Low_Vol,Trending_Up_Low_Vol,Trending_Up_Low_Vol,0.10362838415905087,0.10168313705918622,0.13339668664735713,0.00982635994164235
2017-02-22,Trending_Up,Low_Vol,Trending_Up_Low_Vol,Trending_Up_Low_Vol,0.10025436712243714,0.1011666756885234,0.13326238788702266,0.007708724121161595
2017-02-23,Trending_Up,Low_Vol,Trending_Up_Low_Vol,Trending_Up_Low_Vol,0.08899938142012453,0.10008466224277511,0.13016570755848905,0.0063081839655411975
2017-02-27,Trending_Up,Low_Vol,Trending_Up_Low_Vol,Trending_Up_Low_Vol,0.0915326068127101,0.10046875119969981,0.1303920846675614,0.011065700118104765
2017-02-28,Trending_Up,Low_Vol,Trending_Up_Low_Vol,Trending_Up_Low_Vol,0.09192650785858382,0.10050307933135626,0.12838116151974577,0.012966557246074753
2017-03-01,Trending_Up,Low_Vol,Trending_Up_Low_Vol,Trending_Up_Low_Vol,0.08671607662490438,0.10031746613219439,0.12878989973066834,0.005607913887730999
2017-03-02,Trending_Up,Low_Vol,Trending_Up_Low_Vol,Trending_Up_Low_Vol,0.06726735357902645,0.10105264957933326,0.12897992992932106,0.010726691677087676
2017-03-03,Trending_Up,Low_Vol,Trending_Up_Low_Vol,Trending_Up_Low_Vol,0.06730907852346407,0.10064275794373573,0.12881111758538882,0.010971259726274836
2017-03-06,Trending_Up,Low_Vol,Trending_Up_Low_Vol,Trending_Up_Low_Vol,0.0711080522645954,0.09738148326068233,0.12928334425076354,0.0036459418855078504
2017-03-07,Trending_Up,Low_Vol,Trending_Up_Low_Vol,Trending_Up_Low_Vol,0.06868246204013571,0.09778079989035245,0.12932021875460292,0.00548557558705016
2017-03-08,Trending_Up,Low_Vol,Trending_Up_Low_Vol,Trending_Up_Low_Vol,0.06775668496531773,0.09452429163162428,0.12688504086494568,0.007997798561900792
2017-03-09,Trending_Up,Low_Vol,Trending_Up_Low_Vol,Trending_Up_Low_Vol,0.0677268484097941,0.08956300267291231,0.12687965176472313,0.007697651799360845
2017-03-10,Trending_Up,Low_Vol,Trending_Up_Low_Vol,Trending_Up_Low_Vol,0.06772426075265034,0.08950859848351096,0.12626857772208208,0.006858434938168682
2017-03-14,Trending_Up,Low_Vol,Trending_Up_Low_Vol,Trending_Up_Low_Vol,0.08882712367251894,0.09454023500656981,0.12577237639096306,0.0
2017-03-15,Trending_Up,Low_Vol,Trending_Up_Low_Vol,Trending_Up_Low_Vol,0.08907806999660428,0.09297706903788752,0.12570592245141543,0.0002421255983823044
2017-03-16,Trending_Up,Low_Vol,Trending_Up_Low_Vol,Trending_Up_Low_Vol,0.0907597455284365,0.09353946207799216,0.1260373409840381,0.0
2017-03-17,Trending_Up,Low_Vol,Trending_Up_Low_Vol,Trending_Up_Low_Vol,0.08343485605069036,0.09359343868997237,0.1260210743661276,0.0
2017-03-20,Trending_Up,Low_Vol,Trending_Up_Low_Vol,Trending_Up_Low_Vol,0.08491492654058044,0.09436573657469709,0.12617795473786733,0.003624455763931585
2017-03-21,Trending_Up,Low_Vol,Trending_Up_Low_Vol,Trending_Up_Low_Vol,0.08459167119085226,0.09276041632232804,0.12612523430126668,0.004208471079248149
2017-03-22,Trending_Up,Low_Vol,Trending_Up_Low_Vol,Trending_Up_Low_Vol,0.09203849080046343,0.0957804736049226,0.1263704705672142,0.014148352043749762
2017-03-23,Trending_Up,Low_Vol,Trending_Up_Low_Vol,Trending_Up_Low_Vol,0.09363206263890436,0.09605122639660063,0.12668887626031494,0.008051266267379866
2017-03-24,Trending_Up,Low_Vol,Trending_Up_Low_Vol,Trending_Up_Low_Vol,0.09367619159113277,0.0955283406404944,0.12667897719737226,0.00568226219259904
2017-03-27,Trending_Up,Low_Vol,Trending_Up_Low_Vol,Trending_Up_Low_Vol,0.09776810744302666,0.0951589296561786,0.1271963440399464,0.012538098790273788
2017-03-28,Trending_Up,Low_Vol,Trending_Up_Low_Vol,Trending_Up_Low_Vol,0.09747151138328215,0.09565394442180568,0.1256397773227865,0.006468305441928909
2017-03-29,Trending_Up,Low_Vol,Trending_Up_Low_Vol,Trending_Up_Low_Vol,0.09754620225782412,0.09574181263265538,0.1256262524084085,0.0017740078216260723
2017-03-30,Trending_Up,Low_Vol,Trending_Up_Low_Vol,Trending_Up_Low_Vol,0.09525453135168926,0.0958039841730225,0.1252096069382773,0.0
2017-03-31,Trending_Up,Low_Vol,Trending_Up_Low_Vol,Trending_Up_Low_Vol,0.09235895167664204,0.0955535615549393,0.12476356465934652,0.0
2017-04-03,Trending_Up,Low_Vol,Trending_Up_Low_Vol,Trending_Up_Low_Vol,0.0940634976914184,0.0962607725890376,0.12493111685252926,0.0
2017-04-05,Trending_Up,Low_Vol,Trending_Up_Low_Vol,Trending_Up_Low_Vol,0.09190656834718904,0.09628932373131219,0.1229769692033803,0.0
2017-04-06,Trending_Up,Low_Vol,Trending_Up_Low_Vol,Trending_Up_Low_Vol,0.0912967726212556,0.09240797893562006,0.12191137498041016,0.00034540133484915015
2017-04-07,Trending_Up,Low_Vol,Trending_Up_Low_Vol,Trending_Up_Low_Vol,0.09521448857215226,0.09430322762445717,0.1141981373118313,0.007215272620414578
2017-04-10,Trending_Up,Low_Vol,Trending_Up_Low_Vol,Trending_Up_Low_Vol,0.0958786000046513,0.09275475832771479,0.10780351510118151,0.009033873362400309
2017-04-11,Trending_Up,Low_Vol,Trending_Up_Low_Vol,Trending_Up_Low_Vol,0.09723288389017674,0.08819452912381272,0.10806051319404691,0.003038309087080135
2017-04-12,Trending_Up,Low_Vol,Trending_Up_Low_Vol,Trending_Up_Low_Vol,0.08004983296522121,0.08863598640223433,0.10802816391770177,0.006659384112634775
2017-04-13,Trending_Up,Low_Vol,Trending_Up_Low_Vol,Trending_Up_Low_Vol,0.0831604814377865,0.08988640450817635,0.1085593847790409,0.012342010773317437
2017-04-17,Trending_Up,Low_Vol,Trending_Up_Low_Vol,Trending_Up_Low_Vol,0.07880258294889772,0.08743557700616325,0.1041760421730769,0.013583221062967601
2017-04-18,Trending_Up,Low_Vol,Trending_Up_Low_Vol,Trending_Up_Low_Vol,0.07979820187518286,0.07922727733463669,0.10374109836388884,0.01726901272556752
2017-04-19,Trending_Up,Low_Vol,Trending_Up_Low_Vol,Trending_Up_Low_Vol,0.07881905921521909,0.07921709975925449,0.10368600347850247,0.017447141579975536
2017-04-20,Trending_Up,Low_Vol,Trending_Up_Low_Vol,Trending_Up_Low_Vol,0.07988983246176418,0.07946096191185006,0.10257161119685983,0.013896158677605113
2017-04-21,Trending_Up,Low_Vol,Trending_Up_Low_Vol,Trending_Up_Low_Vol,0.07101319956312532,0.07849542177868035,0.09887573616940971,0.01573099127969666
2017-04-24,Trending_Up,Low_Vol,Trending_Up_Low_Vol,Trending_Up_Low_Vol,0.0775180259532803,0.08100117462482222,0.10004704604256819,0.005094379834380218
2017-04-25,Trending_Up,Low_Vol,Trending_Up_Low_Vol,Trending_Up_Low_Vol,0.08357799532950094,0.08323523180018474,0.10091531391170731,0.0
2017-04-26,Trending_Up,Low_Vol,Trending_Up_Low_Vol,Trending_Up_Low_Vol,0.0789681258102424,0.08363817282972558,0.10009638259251186,0.0
2017-04-27,Trending_Up,Low_Vol,Trending_Up_Low_Vol,Trending_Up_Low_Vol,0.07768554384567107,0.08379229575260054,0.099827912572351,0.0010371444318647695
2017-04-28,Trending_Up,Low_Vol,Trending_Up_Low_Vol,Trending_Up_Low_Vol,0.07884555978827248,0.08463308669645507,0.0975645321234993,0.0051112674694406834
2017-05-02,Trending_Up,Low_Vol,Trending_Up_Low_Vol,Trending_Up_Low_Vol,0.07834311136651285,0.08442929899039543,0.09737895873227854,0.004068692962016412
2017-05-03,Trending_Up,Low_Vol,Trending_Up_Low_Vol,Trending_Up_Low_Vol,0.07837214395677701,0.08202945594939366,0.09740903312483683,0.004266473021818253
2017-05-04,Trending_Up,Low_Vol,Trending_Up_Low_Vol,Trending_Up_Low_Vol,0.07668847562300887,0.0817689743838946,0.09704581906545025,0.0
2017-05-05,Trending_Up,Low_Vol,Trending_Up_Low_Vol,Trending_Up_Low_Vol,0.08198857577465564,0.08391046192502968,0.09456203865523587,0.007970232889681276
2017-05-08,Trending_Up,Low_Vol,Trending_Up_Low_Vol,Trending_Up_Low_Vol,0.0826363809862701,0.08310911686050158,0.0946051006175168,0.004898619004901436
2017-05-09,Trending_Up,Low_Vol,Trending_Up_Low_Vol,Trending_Up_Low_Vol,0.0781897980471982,0.08296001583163723,0.09256642757854998,0.0045994913891519865
2017-05-10,Trending_Up,Low_Vol,Trending_Up_Low_Vol,Trending_Up_Low_Vol,0.08385277887314714,0.08524486542579206,0.09319604119627983,0.0
2017-05-11,Trending_Up,Low_Vol,Trending_Up_Low_Vol,Trending_Up_Low_Vol,0.08192540515195207,0.08525004887851957,0.09267311333240505,0.0
2017-05-12,Trending_Up,Low_Vol,Trending_Up_Low_Vol,Trending_Up_Low_Vol,0.08104682252124734,0.08454772354893411,0.09252473438061548,0.0022817964752794673
2017-05-15,Trending_Up,Low_Vol,Trending_Up_Low_Vol,Trending_Up_Low_Vol,0.07785451820712626,0.08463763539945539,0.09252927328172678,0.0
2017-05-16,Trending_Up,Low_Vol,Trending_Up_Low_Vol,Trending_Up_Low_Vol,0.07940795530504838,0.0844993100866873,0.09247276001822916,0.0
2017-05-17,Trending_Up,Low_Vol,Trending_Up_Low_Vol,Trending_Up_Low_Vol,0.07651230497583066,0.08322171177933792,0.09221276340469452,0.0
2017-05-18,Trending_Up,Low_Vol,Trending_Up_Low_Vol,Trending_Up_Low_Vol,0.08798887472611376,0.08706607435297217,0.09385080864850234,0.010109419697924048
2017-05-19,Trending_Up,Low_Vol,Trending_Up_Low_Vol,Trending_Up_Low_Vol,0.08796368252980084,0.08593164313797312,0.09197720759227805,0.0102721160407317
2017-05-22,Trending_Up,Low_Vol,Trending_Up_Low_Vol,Trending_Up_Low_Vol,0.08704822129302493,0.08567949172416753,0.09197192417865084,0.009185628428207753
2017-05-23,Trending_Up,Low_Vol,Trending_Up_Low_Vol,Trending_Up_Low_Vol,0.08370697767596558,0.08658711568707457,0.0908858011877611,0.0146549730336194
2017-05-24,Trending_Up,Low_Vol,Trending_Up_Low_Vol,Trending_Up_Low_Vol,0.07796352673398832,0.08698328987463819,0.08832583483586126,0.017342486976091122
2017-05-25,Trending_Up,Low_Vol,Trending_Up_Low_Vol,Trending_Up_Low_Vol,0.09468224468360438,0.09325222789121092,0.09120431924902705,0.0016796577697294176
2017-05-26,Trending_Up,Low_Vol,Trending_Up_Low_Vol,Trending_Up_Low_Vol,0.09861755445734567,0.08781492416557722,0.09128674714229333,0.0
2017-05-29,Trending_Up,Low_Vol,Trending_Up_Low_Vol,Trending_Up_Low_Vol,0.09653034468857133,0.08776113213020291,0.09028389096252869,0.0
2017-05-30,Trending_Up,Low_Vol,Trending_Up_Low_Vol,Trending_Up_Low_Vol,0.09651827028331851,0.08653835046770375,0.09020511885391948,0.0
2017-05-31,Trending_Up,Low_Vol,Trending_Up_Low_Vol,Trending_Up_Low_Vol,0.0965564636270843,0.08658961311675085,0.09026019307868786,0.00034285288709222296
2017-06-01,Trending_Up,Low_Vol,Trending_Up_Low_Vol,Trending_Up_Low_Vol,0.0959325223128675,0.08601743431709002,0.09027831730108986,0.0008779834365223454
2017-06-02,Trending_Up,Low_Vol,Trending_Up_Low_Vol,Trending_Up_Low_Vol,0.0896514381180493,0.08616383280365585,0.08930984061772038,0.0
2017-06-05,Trending_Up,Low_Vol,Trending_Up_Low_Vol,Trending_Up_Low_Vol,0.08955902758662977,0.08232730986600956,0.08892756652435636,0.0
2017-06-06,Trending_Up,Low_Vol,Trending_Up_Low_Vol,Trending_Up_Low_Vol,0.09179733854637948,0.08242888761049932,0.0892712626134145,0.003922359487981693
2017-06-07,Trending_Up,Low_Vol,Trending_Up_Low_Vol,Trending_Up_Low_Vol,0.08695389600084236,0.08246241419583146,0.08896152559654705,0.0011575300722638717
2017-06-08,Trending_Up,Low_Vol,Trending_Up_Low_Vol,Trending_Up_Low_Vol,0.0876296619224449,0.08064920404943107,0.08777768374726802,0.0028784829613551703
2017-06-09,Trending_Up,Low_Vol,Trending_Up_Low_Vol,Trending_Up_Low_Vol,0.08670823871595863,0.07991183125098938,0.08774163764010637,0.0007079626723804322
2017-06-12,Trending_Up,Low_Vol,Trending_Up_Low_Vol,Trending_Up_Low_Vol,0.08896371849621963,0.08084190139644055,0.0883307279613271,0.006067040249706731
2017-06-13,Trending_Up,Low_Vol,Trending_Up_Low_Vol,Trending_Up_Low_Vol,0.08611147652177854,0.08079704189999909,0.08840960895898936,0.007048942285195303
2017-06-14,Trending_Up,Low_Vol,Trending_Up_Low_Vol,Trending_Up_Low_Vol,0.08608118697477411,0.08077005527427737,0.08827010968697693,0.0058861635589588365
2017-06-15,Trending_Up,Low_Vol,Trending_Up_Low_Vol,Trending_Up_Low_Vol,0.0786343186138976,0.08037029384018586,0.08869456358028648,0.01003088429120259
2017-06-16,Trending_Up,Low_Vol,Trending_Up_Low_Vol,Trending_Up_Low_Vol,0.07855599783393839,0.08021326370766514,0.08868521915738674,0.00899730320121462
2017-06-19,Trending_Up,Low_Vol,Trending_Up_Low_Vol,Trending_Up_Low_Vol,0.08177707627985019,0.08150662634745724,0.08725258622254267,0.0018139146257982245
2017-06-20,Trending_Up,Low_Vol,Trending_Up_Low_Vol,Trending_Up_Low_Vol,0.0781744867295069,0.07962830060445436,0.08711365090250925,0.0022324947801126887
2017-06-21,Trending_Up,Low_Vol,Trending_Up_Low_Vol,Trending_Up_Low_Vol,0.07774074995847793,0.07967164551415497,0.0861760962435153,0.004289361523450078
2017-06-22,Trending_Up,Low_Vol,Trending_Up_Low_Vol,Trending_Up_Low_Vol,0.05591793314707518,0.07886798640684271,0.08337205842352445,0.004661410341584419
2017-06-23,Trending_Up,Low_Vol,Trending_Up_Low_Vol,Trending_Up_Low_Vol,0.05095064796431794,0.07961192244886521,0.08390305373945625,0.010351254054837533
2017-06-27,Trending_Up,Low_Vol,Trending_Up_Low_Vol,Trending_Up_Low_Vol,0.055741647381639135,0.08002368091015576,0.08472613448201559,0.01691964169458042
2017-06-28,Trending_Up,Low_Vol,Trending_Up_Low_Vol,Trending_Up_Low_Vol,0.055193130438024485,0.08016007880881021,0.08356891626233133,0.01900234796516751
2017-06-29,Trending_Up,Low_Vol,Trending_Up_Low_Vol,Trending_Up_Low_Vol,0.0556618264533151,0.07950068963024905,0.0789623451708292,0.017674236638794295
2017-06-30,Trending_Up,Low_Vol,Trending_Up_Low_Vol,Trending_Up_Low_Vol,0.056297602712446916,0.07948851759778632,0.07895303225773842,0.01593773965909185
2017-07-03,Trending_Up,Low_Vol,Trending_Up_Low_Vol,Trending_Up_Low_Vol,0.06571663147152608,0.08179819752557797,0.08023720128352266,0.006211781976566375
2017-07-04,Trending_Up,Low_Vol,Trending_Up_Low_Vol,Trending_Up_Low_Vol,0.06508878756354901,0.0815787285154326,0.07969425572954657,0.006387510948994994
2017-07-05,Trending_Up,Low_Vol,Trending_Up_Low_Vol,Trending_Up_Low_Vol,0.06436690378127972,0.07855745996827314,0.07938958632332478,0.0038759290874548894
2017-07-06,Trending_Up,Low_Vol,Trending_Up_Low_Vol,Trending_Up_Low_Vol,0.06507566864025348,0.07629862009669237,0.07950763077432667,5.682677281867455e-05
2017-07-07,Trending_Up,Low_Vol,Trending_Up_Low_Vol,Trending_Up_Low_Vol,0.06484216669482912,0.07581142236277662,0.07956469640410425,0.0009612102265581488
2017-07-10,Trending_Up,Low_Vol,Trending_Up_Low_Vol,Trending_Up_Low_Vol,0.07509919731719032,0.07908594452971882,0.08109938357373134,0.0
2017-07-11,Trending_Up,Low_Vol,Trending_Up_Low_Vol,Trending_Up_Low_Vol,0.07182901217963746,0.07826471691510845,0.08110190147540779,0.0
2017-07-12,Trending_Up,Low_Vol,Trending_Up_Low_Vol,Trending_Up_Low_Vol,0.07187055699146482,0.07839971374318415,0.08106203334324567,0.0
2017-07-13,Trending_Up,Low_Vol,Trending_Up_Low_Vol,Trending_Up_Low_Vol,0.07561248939990027,0.07974062106682248,0.08048716612575055,0.0
2017-07-14,Trending_Up,Low_Vol,Trending_Up_Low_Vol,Trending_Up_Low_Vol,0.07311471962446897,0.07932111494701374,0.08016084681324527,0.0005409167111671609
2017-07-17,Trending_Up,Low_Vol,Trending_Up_Low_Vol,Trending_Up_Low_Vol,0.0732472400845395,0.07664211161470827,0.07998461660622096,0.0
2017-07-18,Trending_Up,Low_Vol,Trending_Up_Low_Vol,Trending_Up_Low_Vol,0.07928086399093559,0.0799164515763465,0.08112082899134347,0.008955249163058294
2017-07-19,Trending_Up,Low_Vol,Trending_Up_Low_Vol,Trending_Up_Low_Vol,0.08234866863284226,0.08112705243379535,0.08167195670049104,0.0016489177149386352
2017-07-20,Trending_Up,Low_Vol,Trending_Up_Low_Vol,Trending_Up_Low_Vol,0.082694616338678,0.07920540015685701,0.0818666529212874,0.00430119048451472
2017-07-21,Trending_Up,Low_Vol,Trending_Up_Low_Vol,Trending_Up_Low_Vol,0.083123179149337,0.07953446221316476,0.08202483117771688,7.061303240823039e-05
2017-07-24,Trending_Up,Low_Vol,Trending_Up_Low_Vol,Trending_Up_Low_Vol,0.07953285545097184,0.07969384340676972,0.08174226211743611,0.0
2017-07-25,Trending_Up,Low_Vol,Trending_Up_Low_Vol,Trending_Up_Low_Vol,0.0732723610804821,0.07933052709271825,0.08162258070707909,0.00018568247962832932
2017-07-26,Trending_Up,Low_Vol,Trending_Up_Low_Vol,Trending_Up_Low_Vol,0.07217300797001945,0.07883301197061957,0.08131545510878525,0.0
2017-07-27,Trending_Up,Low_Vol,Trending_Up_Low_Vol,Trending_Up_Low_Vol,0.07267787591170824,0.07886424765554932,0.08070966002626803,1.0037865166327427e-05
2017-07-28,Trending_Up,Low_Vol,Trending_Up_Low_Vol,Trending_Up_Low_Vol,0.07354598890687801,0.07474152515791245,0.0807279106054539,0.0006137716001701954
2017-07-31,Trending_Up,Low_Vol,Trending_Up_Low_Vol,Trending_Up_Low_Vol,0.06976908980936108,0.07551602555957852,0.08052218234034493,0.0
2017-08-01,Trending_Up,Low_Vol,Trending_Up_Low_Vol,Trending_Up_Low_Vol,0.06926135193394649,0.07570232602929691,0.08047418710075728,0.0
2017-08-02,Trending_Up,Low_Vol,Trending_Up_Low_Vol,Trending_Up_Low_Vol,0.07228986403896494,0.07481077000041403,0.08057247951943482,0.003277462823206051
2017-08-03,Trending_Up,Low_Vol,Trending_Up_Low_Vol,Trending_Up_Low_Vol,0.07868926864253925,0.07647889694855041,0.08154668319138618,0.009985515672752684
2017-08-04,Trending_Up,Low_Vol,Trending_Up_Low_Vol,Trending_Up_Low_Vol,0.07899216118551264,0.0694466203551717,0.08180471283526512,0.004770308229805119
2017-08-07,Trending_Up,Low_Vol,Trending_Up_Low_Vol,Trending_Up_Low_Vol,0.07228181432865981,0.06722480967090373,0.07781416293903148,0.005660106656090012
2017-08-08,Trending_Up,Low_Vol,Trending_Up_Low_Vol,Trending_Up_Low_Vol,0.07944956107281048,0.07006044973033655,0.07905448325206745,0.01345578746484881
2017-08-09,Trending_Up,Low_Vol,Trending_Up_Low_Vol,Trending_Up_Low_Vol,0.08394222169876966,0.07216348287064643,0.07934559804143551,0.020425875137413802
2017-08-10,Trending_Up,Low_Vol,Trending_Up_Low_Vol,Trending_Up_Low_Vol,0.08561457099733948,0.07520052891607323,0.08081581132003855,0.029106333808420298
2017-08-11,Trending_Up,Low_Vol,Trending_Up_Low_Vol,Trending_Up_Low_Vol,0.09381302023099436,0.07954118452847084,0.08270221958746406,0.03992729064682437
2017-08-14,Trending_Up,Low_Vol,Trending_Up_Low_Vol,Trending_Up_Low_Vol,0.09883669992487032,0.08133614405671968,0.08363364830318486,0.03168671062492312
2017-08-16,Trending_Up,Low_Vol,Trending_Up_Low_Vol,Trending_Up_Low_Vol,0.10116386941776283,0.0844239094839122,0.08328758277549024,0.021488689924365204
2017-08-17,Trending_Up,Low_Vol,Trending_Up_Low_Vol,Trending_Up_Low_Vol,0.09775719183233128,0.08382321073170303,0.08286092778709254,0.020811396525885546
2017-08-18,Trending_Up,Low_Vol,Trending_Up_Low_Vol,Trending_Up_Low_Vol,0.10029300747437321,0.08523989224301422,0.0836995061500069,0.027410734854165165
2017-08-21,Trending_Up,Low_Vol,Trending_Up_Low_Vol,Trending_Up_Low_Vol,0.10297001982923207,0.0873959596403989,0.0840959832080677,0.03562167423838526
2017-08-22,Trending_Up,Low_Vol,Trending_Up_Low_Vol,Trending_Up_Low_Vol,0.10085540056114031,0.08730893373431102,0.08365551435173864,0.034514350220257936
2017-08-23,Trending_Up,Low_Vol,Trending_Up_Low_Vol,Trending_Up_Low_Vol,0.10681157725465988,0.08848812654671169,0.08442437870175475,0.0259178894475661
2017-08-24,Trending_Up,Low_Vol,Trending_Up_Low_Vol,Trending_Up_Low_Vol,0.10439769529710449,0.08842255263548628,0.08432914592327387,0.02546806621969486
2017-08-28,Trending_Up,Low_Vol,Trending_Up_Low_Vol,Trending_Up_Low_Vol,0.10687572678251406,0.08916006245518658,0.08468129458769282,0.019956259301318998
2017-08-29,Trending_Up,Low_Vol,Trending_Up_Low_Vol,Trending_Up_Low_Vol,0.11410862899867077,0.09282244130059748,0.08640697572844028,0.031498922220070245
2017-08-30,Trending_Up,Low_Vol,Trending_Up_Low_Vol,Trending_Up_Low_Vol,0.11685648198757574,0.09478336280934105,0.08735835503379971,0.02276400973912184
2017-08-31,Trending_Up,Low_Vol,Trending_Up_Low_Vol,Trending_Up_Low_Vol,0.11668394095547593,0.09378741199631632,0.08744982916354553,0.01945198226350585
2017-09-01,Trending_Up,Low_Vol,Trending_Up_Low_Vol,Trending_Up_Low_Vol,0.11864771588741384,0.09446520329144062,0.08695448997409666,0.01386602547627291
2017-09-04,Trending_Up,Low_Vol,Trending_Up_Low_Vol,Trending_Up_Low_Vol,0.11827471956329988,0.09552124392999455,0.08756267052304148,0.019951335286590207
2017-09-05,Trending_Up,Low_Vol,Trending_Up_Low_Vol,Trending_Up_Low_Vol,0.1175254775010392,0.09579332063907117,0.08730593817345418,0.016060880904303996
2017-09-06,Trending_Up,Low_Vol,Trending_Up_Low_Vol,Trending_Up_Low_Vol,0.11802943656189355,0.09518686130050343,0.08730404313150678,0.019620074609443566
2017-09-07,Trending_Up,Low_Vol,Trending_Up_Low_Vol,Trending_Up_Low_Vol,0.11511330504143065,0.09369073147339924,0.08668763069539281,0.01826558436179266
2017-09-08,Trending_Up,Low_Vol,Trending_Up_Low_Vol,Trending_Up_Low_Vol,0.11224233868269122,0.0934441851540085,0.08662477957334264,0.017781196481511483
2017-09-11,Trending_Up,Low_Vol,Trending_Up_Low_Vol,Trending_Up_Low_Vol,0.10954954515332292,0.09448662099482413,0.08688511122636931,0.010736958940089416
2017-09-12,Trending_Up,Low_Vol,Trending_Up_Low_Vol,Trending_Up_Low_Vol,0.1029069378369709,0.09602548129452497,0.08772709230118543,0.0021355741526687872
2017-09-13,Trending_Up,Low_Vol,Trending_Up_Low_Vol,Trending_Up_Low_Vol,0.10043290061674696,0.09408623097471905,0.0877121869191377,0.003494988415048484
2017-09-14,Trending_Up,Low_Vol,Trending_Up_Low_Vol,Trending_Up_Low_Vol,0.09453752045121651,0.09405193652218394,0.08759366372266825,0.0027732823347013085
2017-09-15,Trending_Up,Low_Vol,Trending_Up_Low_Vol,Trending_Up_Low_Vol,0.09461232746987965,0.09401545912296927,0.0861934786734191,0.002891844885425901
2017-09-18,Trending_Up,Low_Vol,Trending_Up_Low_Vol,Trending_Up_Low_Vol,0.09217881681392716,0.09469304925798225,0.08556806435156335,0.0
2017-09-19,Trending_Up,Low_Vol,Trending_Up_Low_Vol,Trending_Up_Low_Vol,0.0847338993942916,0.09465976094142078,0.08535872074720596,0.0005466118624873446
2017-09-20,Trending_Up,Low_Vol,Trending_Up_Low_Vol,Trending_Up_Low_Vol,0.08520265938178471,0.09195905856254918,0.08533850870218636,0.0011769035279597306
2017-09-21,Trending_Up,Low_Vol,Trending_Up_Low_Vol,Trending_Up_Low_Vol,0.0819974101649831,0.09213314085300618,0.08508879270433872,0.0030728762595012647
2017-09-22,Trending_Up,Low_Vol,Trending_Up_Low_Vol,Trending_Up_Low_Vol,0.10169003238161542,0.09890431491928678,0.08898914511726655,0.01858538042665927
2017-09-25,Trending_Up,Low_Vol,Trending_Up_Low_Vol,Trending_Up_Low_Vol,0.10543767043811174,0.09969749695484229,0.09035851170777531,0.02762703123103378
2017-09-26,Trending_Up,Low_Vol,Trending_Up_Low_Vol,Trending_Up_Low_Vol,0.09614356856207072,0.09969060243918677,0.09006989430340236,0.027735334056506373
2017-09-27,Trending_Up,Low_Vol,Trending_Up_Low_Vol,Trending_Up_Low_Vol,0.10281725064934669,0.10408644930205517,0.09191051282690298,0.04110563526724732
2017-09-28,Trending_Up,Low_Vol,Trending_Up_Low_Vol,Trending_Up_Low_Vol,0.10282843075881067,0.10251627829485696,0.09193450949018962,0.037835678644164046
2017-09-29,Trending_Up,Low_Vol,Trending_Up_Low_Vol,Trending_Up_Low_Vol,0.10057796185543433,0.10120521071179406,0.09196547751076474,0.035900366786851386
2017-10-03,Trending_Up,Low_Vol,Trending_Up_Low_Vol,Trending_Up_Low_Vol,0.10254237213811344,0.10240535564214019,0.09141956843840844,0.02891723913590889
2017-10-04,Trending_Up,Low_Vol,Trending_Up_Low_Vol,Trending_Up_Low_Vol,0.10360415640566502,0.10274386937140031,0.09176603271123743,0.023460738879194643
2017-10-05,Trending_Up,Low_Vol,Trending_Up_Low_Vol,Trending_Up_Low_Vol,0.10323075521004711,0.10222858208047866,0.09179590971150361,0.026041250872626452
2017-10-06,Trending_Up,Low_Vol,Trending_Up_Low_Vol,Trending_Up_Low_Vol,0.10834442360831822,0.1043556839136583,0.09258842939713802,0.01707847068715738
2017-10-09,Trending_Up,Low_Vol,Trending_Up_Low_Vol,Trending_Up_Low_Vol,0.10836554630083749,0.10359313042363709,0.09200031217284259,0.016187136509844303
2017-10-10,Trending_Up,Low_Vol,Trending_Up_Low_Vol,Trending_Up_Low_Vol,0.10577281264910017,0.10379282392591882,0.09206277869118384,0.013409640336512076
2017-10-11,Trending_Up,Low_Vol,Trending_Up_Low_Vol,Trending_Up_Low_Vol,0.10125088732125069,0.10403714028089757,0.09067617068774926,0.01657619950188395
2017-10-12,Trending_Up,Low_Vol,Trending_Up_Low_Vol,Trending_Up_Low_Vol,0.10932797351777496,0.10613529030248041,0.09221082270756076,0.005584424553231608
2017-10-13,Trending_Up,Low_Vol,Trending_Up_Low_Vol,Trending_Up_Low_Vol,0.11206271069460613,0.10698033128214084,0.09275612437792416,0.0
2017-10-16,Trending_Up,Low_Vol,Trending_Up_Low_Vol,Trending_Up_Low_Vol,0.11390996256658724,0.10755385908579135,0.09260682341852641,0.0
2017-10-17,Trending_Up,Low_Vol,Trending_Up_Low_Vol,Trending_Up_Low_Vol,0.11170339284935663,0.10633578647325011,0.09243041849994504,0.0
2017-10-18,Trending_Up,Low_Vol,Trending_Up_Low_Vol,Trending_Up_Low_Vol,0.11207982843713708,0.10593270675476299,0.08936580911438907,0.0023059945074831033
2017-10-19,Trending_Up,Low_Vol,Trending_Up_Low_Vol,Trending_Up_Low_Vol,0.1145058110940274,0.10693744347073803,0.08906604484245753,0.008588677354183562
2017-10-23,Trending_Up,Low_Vol,Trending_Up_Low_Vol,Trending_Up_Low_Vol,0.1149943027063553,0.10561796846998252,0.08920832977271552,0.004846433857308491
2017-10-24,Trending_Up,Low_Vol,Trending_Up_Low_Vol,Trending_Up_Low_Vol,0.0985428382000728,0.1042791540879093,0.08921703078106138,0.002613721254147274
2017-10-25,Trending_Up,Low_Vol,Trending_Up_Low_Vol,Trending_Up_Low_Vol,0.09367089635257136,0.10347650775448763,0.09009752756052566,0.0
2017-10-26,Trending_Up,Low_Vol,Trending_Up_Low_Vol,Trending_Up_Low_Vol,0.09371295726531773,0.0999953237427837,0.09029954477371895,0.0
2017-10-27,Trending_Up,Low_Vol,Trending_Up_Low_Vol,Trending_Up_Low_Vol,0.07417364007545192,0.09883879572169996,0.09026208705307118,0.0020060326371162678
2017-10-30,Trending_Up,Low_Vol,Trending_Up_Low_Vol,Trending_Up_Low_Vol,0.07424047153850907,0.0966771498589613,0.09037628886150732,0.0
2017-10-31,Trending_Up,Low_Vol,Trending_Up_Low_Vol,Trending_Up_Low_Vol,0.07691696141800387,0.09702787319014537,0.09024119164211034,0.0027355791510630324
2017-11-01,Trending_Up,Low_Vol,Trending_Up_Low_Vol,Trending_Up_Low_Vol,0.07985030205131013,0.09763526035090105,0.09142876952833312,0.0
2017-11-02,Trending_Up,Low_Vol,Trending_Up_Low_Vol,Trending_Up_Low_Vol,0.08067190149751156,0.09533794670746036,0.09142034747468168,0.0015995589591015756
2017-11-03,Trending_Up,Low_Vol,Trending_Up_Low_Vol,Trending_Up_Low_Vol,0.07833372065944992,0.09538889489685788,0.09144717232240518,0.0
2017-11-06,Trending_Up,Low_Vol,Trending_Up_Low_Vol,Trending_Up_Low_Vol,0.07511019053108034,0.0938629251130293,0.0909241178200478,6.698831021286774e-05
2017-11-07,Trending_Up,Low_Vol,Trending_Up_Low_Vol,Trending_Up_Low_Vol,0.08640443210468779,0.09700793616633625,0.09241929825256635,0.009791878438172686
2017-11-08,Trending_Up,Low_Vol,Trending_Up_Low_Vol,Trending_Up_Low_Vol,0.08915010592319637,0.09718923982530339,0.09279903418870844,0.014288410368332935
2017-11-09,Trending_Up,Low_Vol,Trending_Up_Low_Vol,Trending_Up_Low_Vol,0.08754041321604539,0.09283266132882327,0.0924697929255075,0.013733537879693853
2017-11-10,Trending_Up,Low_Vol,Trending_Up_Low_Vol,Trending_Up_Low_Vol,0.07991577443390278,0.0910181892764722,0.0924719105534813,0.012508969146137288
2017-11-13,Trending_Up,Low_Vol,Trending_Up_Low_Vol,Trending_Up_Low_Vol,0.08487427486171534,0.09368389979160191,0.09326312098136323,0.02176989281870366
2017-11-14,Trending_Up,Low_Vol,Trending_Up_Low_Vol,Trending_Up_Low_Vol,0.08298612265247202,0.09345519525538198,0.09350434964991149,0.025438927589093517
2017-11-15,Trending_Up,Low_Vol,Trending_Up_Low_Vol,Trending_Up_Low_Vol,0.08610548034752084,0.0936665042841927,0.09412835929521905,0.03199714855895719
2017-11-16,Trending_Up,Low_Vol,Trending_Up_Low_Vol,Trending_Up_Low_Vol,0.09293697416769052,0.09557390682048368,0.09520552469518816,0.022745754604161682
2017-11-17,Trending_Up,Low_Vol,Trending_Up_Low_Vol,Trending_Up_Low_Vol,0.09267649541963464,0.09608483864225072,0.0951529179121018,0.016158851052379814
2017-11-20,Trending_Up,Low_Vol,Trending_Up_Low_Vol,Trending_Up_Low_Vol,0.0920173247935789,0.09608817790914571,0.09442231008383464,0.014709399665151878
2017-11-21,Trending_Up,Low_Vol,Trending_Up_Low_Vol,Trending_Up_Low_Vol,0.09215164928668813,0.0961892272766998,0.09435296010624139,0.012016226680220043
2017-11-22,Trending_Up,Low_Vol,Trending_Up_Low_Vol,Trending_Up_Low_Vol,0.08730661668617706,0.09509085053195665,0.09435503577663565,0.010542950998564936
2017-11-23,Trending_Up,Low_Vol,Trending_Up_Low_Vol,Trending_Up_Low_Vol,0.08572637671951958,0.09330131642530437,0.09434459167260502,0.009925855058598422
2017-11-24,Trending_Up,Low_Vol,Trending_Up_Low_Vol,Trending_Up_Low_Vol,0.08645089576559915,0.0935141472609905,0.09336439767880295,0.0060081133401100216
2017-11-27,Trending_Up,Low_Vol,Trending_Up_Low_Vol,Trending_Up_Low_Vol,0.08544709594560485,0.09351673225740106,0.09335175026785374,0.005065792424061229
2017-11-28,Trending_Up,Low_Vol,Trending_Up_Low_Vol,Trending_Up_Low_Vol,0.08548469983353942,0.0938233456115057,0.09348599135350036,0.007868930877780435
2017-11-29,Trending_Up,Low_Vol,Trending_Up_Low_Vol,Trending_Up_Low_Vol,0.07691547489976348,0.09281039773765448,0.09338889832203134,0.008725204048074623
2017-11-30,Trending_Up,Low_Vol,Trending_Up_Low_Vol,Trending_Up_Low_Vol,0.0890350269411629,0.0975719248418182,0.09586196364679597,0.021616856762736187
2017-12-01,Trending_Up,Low_Vol,Trending_Up_Low_Vol,Trending_Up_Low_Vol,0.09371360722989665,0.10032686344203323,0.09594807320270268,0.031638382713465675
2017-12-04,Trending_Up,Low_Vol,Trending_Up_Low_Vol,Trending_Up_Low_Vol,0.09388339650798795,0.10024253381927031,0.09593059572273838,0.031069122219564697
2017-12-05,Trending_Up,Low_Vol,Trending_Up_Low_Vol,Trending_Up_Low_Vol,0.08878595077680607,0.09370810362827171,0.09585344822654056,0.03197799569480985
2017-12-06,Trending_Up,Low_Vol,Trending_Up_Low_Vol,Trending_Up_Low_Vol,0.09074123978451332,0.09281303022352105,0.0958771873281236,0.039072029717770865
2017-12-07,Trending_Up,Low_Vol,Trending_Up_Low_Vol,Trending_Up_Low_Vol,0.10248978009722758,0.09653528869183184,0.09775331373647207,0.027342722285338437
2017-12-08,Trending_Up,Low_Vol,Trending_Up_Low_Vol,Trending_Up_Low_Vol,0.1088312314322221,0.09289866952027406,0.09880596929341204,0.017876068823248027
2017-12-11,Trending_Up,Low_Vol,Trending_Up_Low_Vol,Trending_Up_Low_Vol,0.10503640652183877,0.09328949538275176,0.09799788052984626,0.012461133700071753
2017-12-12,Trending_Up,Low_Vol,Trending_Up_Low_Vol,Trending_Up_Low_Vol,0.10829826167520769,0.09545671130626,0.09828589347903417,0.02031567657259029
2017-12-13,Trending_Up,Low_Vol,Trending_Up_Low_Vol,Trending_Up_Low_Vol,0.10672726683020548,0.0951270495141026,0.09848698670584513,0.024831361366897873
2017-12-14,Trending_Up,Low_Vol,Trending_Up_Low_Vol,Trending_Up_Low_Vol,0.1032250266392316,0.09517703058400435,0.09867480574369368,0.01917248415450849
2017-12-15,Trending_Up,Low_Vol,Trending_Up_Low_Vol,Trending_Up_Low_Vol,0.10429105776111772,0.09622339038791511,0.09911260976513042,0.011408753886629992
2017-12-18,Trending_Up,Low_Vol,Trending_Up_Low_Vol,Trending_Up_Low_Vol,0.10579863220518863,0.09489812525765325,0.09942380216531044,0.006099019373355657
2017-12-19,Trending_Up,Low_Vol,Trending_Up_Low_Vol,Trending_Up_Low_Vol,0.10820691445789325,0.09596168271940196,0.09965773330457312,0.0
2017-12-20,Trending_Up,Low_Vol,Trending_Up_Low_Vol,Trending_Up_Low_Vol,0.10851357033572157,0.09606018347928719,0.09972024631674867,0.001815888030940283
2017-12-21,Trending_Up,Low_Vol,Trending_Up_Low_Vol,Trending_Up_Low_Vol,0.10855774298157252,0.09565336820931052,0.0997148176468081,0.0021886602757786615
2017-12-22,Trending_Up,Low_Vol,Trending_Up_Low_Vol,Trending_Up_Low_Vol,0.10909114118304501,0.09322905997784789,0.09955438917159375,0.0
2017-12-26,Trending_Up,Low_Vol,Trending_Up_Low_Vol,Trending_Up_Low_Vol,0.10965977337982795,0.09237064353149375,0.09954959779044732,0.0
2017-12-27,Trending_Up,Low_Vol,Trending_Up_Low_Vol,Trending_Up_Low_Vol,0.11016376383692295,0.09205295300044693,0.09961002368375187,0.003869344347908655
2017-12-28,Trending_Up,Low_Vol,Trending_Up_Low_Vol,Trending_Up_Low_Vol,0.11023498356856151,0.09213563690620674,0.0989858976219819,0.00508945633338081
2017-12-29,Trending_Up,Low_Vol,Trending_Up_Low_Vol,Trending_Up_Low_Vol,0.09874470802969015,0.09246563786065017,0.09895836410178768,7.594404287138585e-05
2018-01-02,Trending_Up,Low_Vol,Trending_Up_Low_Vol,Trending_Up_Low_Vol,0.09602625131255851,0.09339409319336195,0.09993520719435033,0.008479305387409201
2018-01-03,Trending_Up,Low_Vol,Trending_Up_Low_Vol,Trending_Up_Low_Vol,0.09610931689139188,0.09311402003936467,0.09906079158236748,0.0083843521518777
2018-01-04,Trending_Up,Low_Vol,Trending_Up_Low_Vol,Trending_Up_Low_Vol,0.09682104479949971,0.09382121428645947,0.0986861090899631,0.0025352699342448843
2018-01-05,Trending_Up,Low_Vol,Trending_Up_Low_Vol,Trending_Up_Low_Vol,0.09101248907032536,0.09262339538676664,0.0977669516456742,0.0
2018-01-08,Trending_Up,Low_Vol,Trending_Up_Low_Vol,Trending_Up_Low_Vol,0.08477682259971056,0.09300926135231602,0.09625405920314575,0.0
2018-01-09,Trending_Up,Low_Vol,Trending_Up_Low_Vol,Trending_Up_Low_Vol,0.08001098077258291,0.09283642066162513,0.09546821663042043,0.0
2018-01-10,Trending_Up,Low_Vol,Trending_Up_Low_Vol,Trending_Up_Low_Vol,0.07912625642873172,0.09255216499341311,0.09421503202561929,0.00045123669150136316
2018-01-11,Trending_Up,Low_Vol,Trending_Up_Low_Vol,Trending_Up_Low_Vol,0.07082238152440395,0.09228843072275915,0.0942298255933788,0.0
2018-01-12,Trending_Up,Low_Vol,Trending_Up_Low_Vol,Trending_Up_Low_Vol,0.06642937408978186,0.08981383054863919,0.09351639464620184,0.0
2018-01-15,Trending_Up,Low_Vol,Trending_Up_Low_Vol,Trending_Up_Low_Vol,0.06632302618915241,0.09042520223736208,0.09262658457108713,0.0
2018-01-16,Trending_Up,Low_Vol,Trending_Up_Low_Vol,Trending_Up_Low_Vol,0.06633401524555037,0.09083116634952346,0.09293985840717844,0.00382622713875651
2018-01-17,Trending_Up,Low_Vol,Trending_Up_Low_Vol,Trending_Up_Low_Vol,0.06912245647432977,0.09246835630558775,0.09279944778992051,0.0
2018-01-18,Trending_Up,Low_Vol,Trending_Up_Low_Vol,Trending_Up_Low_Vol,0.06635905155109965,0.08944948219833161,0.09283605261039025,0.0
2018-01-19,Trending_Up,Low_Vol,Trending_Up_Low_Vol,Trending_Up_Low_Vol,0.06775846202677759,0.08965519078359363,0.09306463524403658,0.0
2018-01-22,Trending_Up,Low_Vol,Trending_Up_Low_Vol,Trending_Up_Low_Vol,0.06883461626655661,0.0904672223929487,0.09120958193767122,0.0
2018-01-23,Trending_Up,Low_Vol,Trending_Up_Low_Vol,Trending_Up_Low_Vol,0.07436714209342403,0.09292749361528528,0.09162099117535902,0.0
2018-01-24,Trending_Up,Low_Vol,Trending_Up_Low_Vol,Trending_Up_Low_Vol,0.07481504334032091,0.08962012754543455,0.0915633479458998,0.0
2018-01-25,Trending_Up,Low_Vol,Trending_Up_Low_Vol,Trending_Up_Low_Vol,0.07252530383292567,0.08906077989252235,0.09136050032006926,0.0014747978869745625
2018-01-29,Trending_Up,Low_Vol,Trending_Up_Low_Vol,Trending_Up_Low_Vol,0.07161678408272727,0.08733507347678196,0.09088547726419062,0.0
2018-01-30,Trending_Up,Low_Vol,Trending_Up_Low_Vol,Trending_Up_Low_Vol,0.07987321008731726,0.08793156646452932,0.09174962532630844,0.007254905229466384
2018-01-31,Trending_Up,Low_Vol,Trending_Up_Low_Vol,Trending_Up_Low_Vol,0.0711058052924791,0.08748304428814054,0.09157421981249747,0.00922699918315635
2018-02-01,Trending_Up,Low_Vol,Trending_Up_Low_Vol,Trending_Up_Low_Vol,0.07173588161140419,0.087647482345313,0.0916310684998307,0.01019729713367721
2018-02-02,Trending_Up,Medium_Vol,Trending_Up_Medium_Vol,Trending_Up_Medium_Vol,0.11566235744258042,0.10354875308856196,0.0994315981409994,0.033224391600636276
2018-02-05,Trending_Up,Medium_Vol,Trending_Up_Medium_Vol,Trending_Up_Medium_Vol,0.11985280462702967,0.1057441999372824,0.10005003704175663,0.04167420484964725
2018-02-06,Trending_Up,Medium_Vol,Trending_Up_Medium_Vol,Trending_Up_Medium_Vol,0.13099742521176347,0.1119838162580503,0.10255806639778212,0.05679493714866291
2018-02-07,Trending_Up,Medium_Vol,Trending_Up_Medium_Vol,Trending_Up_Medium_Vol,0.130914217322992,0.11179021270084717,0.10259436021461817,0.058731058395985795
2018-02-08,Trending_Up,Medium_Vol,Trending_Up_Medium_Vol,Trending_Up_Medium_Vol,0.13592000672482868,0.1137445310963852,0.10361733961385416,0.04973323167388022
2018-02-09,Trending_Up,Medium_Vol,Trending_Up_Medium_Vol,Trending_Up_Medium_Vol,0.14140837307519363,0.11663988561148877,0.10535704949738033,0.06068516599649222
2018-02-12,Trending_Up,Medium_Vol,Trending_Up_Medium_Vol,Trending_Up_Medium_Vol,0.14446401181112978,0.11795599256500856,0.10559405540605225,0.05306641000286904
2018-02-14,Trending_Up,Medium_Vol,Trending_Up_Medium_Vol,Trending_Up_Medium_Vol,0.14287898023852394,0.11432140512731712,0.10578281055568277,0.05655681538017448
2018-02-15,Trending_Up,Medium_Vol,Trending_Up_Medium_Vol,Trending_Up_Medium_Vol,0.14370267128950445,0.11188495515997615,0.10594929531961336,0.05254980684411447
2018-02-16,Trending_Up,Medium_Vol,Trending_Up_Medium_Vol,Trending_Up_Medium_Vol,0.14241377897105345,0.11397783199107245,0.10690310961904143,0.060923287764980655
2018-02-19,Trending_Up,Medium_Vol,Trending_Up_Medium_Vol,Trending_Up_Medium_Vol,0.1428023433787519,0.11524336223859233,0.10451079653428264,0.06756270876233711
2018-02-20,Trending_Up,Medium_Vol,Trending_Up_Medium_Vol,Trending_Up_Medium_Vol,0.13861963297519145,0.1139577697402392,0.10342324804353213,0.06917990125930794
2018-02-21,Trending_Up,Medium_Vol,Trending_Up_Medium_Vol,Trending_Up_Medium_Vol,0.13642502082103236,0.11106552080407989,0.10353304635192771,0.06585119758403794
2018-02-22,Trending_Up,Medium_Vol,Trending_Up_Medium_Vol,Trending_Up_Medium_Vol,0.12717549320969201,0.10908804372720364,0.10102003190321694,0.06717639699127793
2018-02-23,Trending_Up,Medium_Vol,Trending_Up_Medium_Vol,Trending_Up_Medium_Vol,0.13573715136341533,0.11085477298232872,0.10211589762843797,0.05744183169511289
2018-02-26,Trending_Up,Medium_Vol,Trending_Up_Medium_Vol,Trending_Up_Medium_Vol,0.14167769773885777,0.11075501129356033,0.10288323551880625,0.04921662851512565
2018-02-27,Trending_Up,Medium_Vol,Trending_Up_Medium_Vol,Trending_Up_Medium_Vol,0.13872797752341703,0.11036405454881998,0.10250639777166491,0.05175919694881259
2018-02-28,Trending_Up,Medium_Vol,Trending_Up_Medium_Vol,Trending_Up_Medium_Vol,0.13818493218555883,0.1106962700366075,0.10271822473167737,0.057280129993077446
2018-03-01,Trending_Up,Medium_Vol,Trending_Up_Medium_Vol,Trending_Up_Medium_Vol,0.13819229855522344,0.10968314049725665,0.10277498233807324,0.06037974894560488
2018-03-05,Trending_Up,Medium_Vol,Trending_Up_Medium_Vol,Trending_Up_Medium_Vol,0.14016254344408077,0.11119890421403923,0.10307271087616639,0.06931922969274922
2018-03-06,Trending_Up,Medium_Vol,Trending_Up_Medium_Vol,Trending_Up_Medium_Vol,0.12193096378089276,0.11242004130794116,0.10452994652733345,0.07916610002342613
2018-03-07,Trending_Up,Medium_Vol,Trending_Up_Medium_Vol,Trending_Up_Medium_Vol,0.12231290941652195,0.11414068175570365,0.10553955474022081,0.0877057573000466
2018-03-08,Trending_Up,Medium_Vol,Trending_Up_Medium_Vol,Trending_Up_Medium_Vol,0.11766784737833286,0.11601440543370667,0.10626527310199423,0.07975903551032548
2018-03-09,Trending_Up,Medium_Vol,Trending_Up_Medium_Vol,Trending_Up_Medium_Vol,0.11763306670438872,0.11537741368837101,0.10485325542158089,0.08117864133720201
2018-03-12,Trending_Up,Medium_Vol,Trending_Up_Medium_Vol,Trending_Up_Medium_Vol,0.13289951327730234,0.12311239583872723,0.10851969745003547,0.063699415575129
2018-03-13,Trending_Up,Medium_Vol,Trending_Up_Medium_Vol,Trending_Up_Medium_Vol,0.12662472620508772,0.12283015236868641,0.10809841578393803,0.06320983581530384
2018-03-14,Trending_Up,Medium_Vol,Trending_Up_Medium_Vol,Trending_Up_Medium_Vol,0.12289815738937164,0.12284650325079473,0.10813351006436271,0.06464277786502864
2018-03-15,Trending_Up,Medium_Vol,Trending_Up_Medium_Vol,Trending_Up_Medium_Vol,0.12336731372064243,0.1227301339570181,0.10836131933430125,0.06920236226621031
2018-03-16,Trending_Up,Medium_Vol,Trending_Up_Medium_Vol,Trending_Up_Medium_Vol,0.13314998263885888,0.12639278437212068,0.11087281284966062,0.08402662682177629
2018-03-19,Sideways,Medium_Vol,Sideways_Medium_Vol,Sideways_Medium_Vol,0.13395833584766598,0.1281504899486399,0.11183062453331655,0.0930919243028972
2018-03-20,Sideways,Medium_Vol,Sideways_Medium_Vol,Sideways_Medium_Vol,0.1333719279317006,0.12755015705166778,0.11187554629840213,0.09038765416717481
2018-03-21,Sideways,Medium_Vol,Sideways_Medium_Vol,Sideways_Medium_Vol,0.13419954501162565,0.12714225669436546,0.11112955574487711,0.08761143861871827
2018-03-22,Sideways,Medium_Vol,Sideways_Medium_Vol,Sideways_Medium_Vol,0.13348841724782148,0.12635343116176728,0.11102692246487876,0.09125012173690264
2018-03-23,Sideways,Medium_Vol,Sideways_Medium_Vol,Sideways_Medium_Vol,0.138309088242548,0.1284510988285401,0.1124436609201343,0.10173493730659186
2018-03-26,Sideways,Medium_Vol,Sideways_Medium_Vol,Sideways_Medium_Vol,0.14195563217925686,0.13249162840133705,0.11429670154887031,0.08982156660258846
2018-03-27,Trending_Up,Medium_Vol,Trending_Up_Medium_Vol,Trending_Up_Medium_Vol,0.13909449303428623,0.13309120007790898,0.11455248482791133,0.0850149111254807
2018-03-28,Sideways,Medium_Vol,Sideways_Medium_Vol,Sideways_Medium_Vol,0.14022654010623448,0.133500355795886,0.11385227705961554,0.09134444041823096
2018-04-02,Trending_Up,High_Vol,Trending_Up_High_Vol,Trending_Up_High_Vol,0.14547735517832108,0.13485055693521691,0.11492992364356115,0.0825307764050632
2018-04-03,Trending_Up,High_Vol,Trending_Up_High_Vol,Trending_Up_High_Vol,0.146152375491302,0.13501706465191923,0.11496497180681396,0.07954793714076647
2018-04-04,Sideways,High_Vol,Sideways_High_Vol,Sideways_High_Vol,0.14773842962734657,0.13542270459005215,0.11633287234041252,0.0900237156647098
2018-04-05,Trending_Up,High_Vol,Trending_Up_High_Vol,Trending_Up_High_Vol,0.16003715125953308,0.14292301989872663,0.11947452467716717,0.07234690323254249
2018-04-06,Trending_Up,High_Vol,Trending_Up_High_Vol,Trending_Up_High_Vol,0.15589060340826197,0.14177142175589763,0.11925554449274336,0.07176747944510785
2018-04-09,Trending_Up,High_Vol,Trending_Up_High_Vol,Trending_Up_High_Vol,0.15383974246351936,0.14130356399861269,0.11947335928030188,0.06747742712675465
2018-04-10,Trending_Up,High_Vol,Trending_Up_High_Vol,Trending_Up_High_Vol,0.15368792488746197,0.138928195640194,0.11950671437619247,0.06541996379917403
2018-04-11,Trending_Up,Medium_Vol,Trending_Up_Medium_Vol,Trending_Up_Medium_Vol,0.1380571195344828,0.13902059584546306,0.11855127715216258,0.06408125269246934
2018-04-12,Trending_Up,Medium_Vol,Trending_Up_Medium_Vol,Trending_Up_Medium_Vol,0.13877057606383933,0.13950562821555823,0.11852869134579441,0.060352725546675465
2018-04-13,Trending_Up,Medium_Vol,Trending_Up_Medium_Vol,Trending_Up_Medium_Vol,0.13877240337153451,0.13888899663484192,0.11802507680432461,0.05838071933129371
2018-04-16,Trending_Up,Medium_Vol,Trending_Up_Medium_Vol,Trending_Up_Medium_Vol,0.13808110522876968,0.13875654281159877,0.11729995669479958,0.054090667012940526
2018-04-17,Trending_Up,Medium_Vol,Trending_Up_Medium_Vol,Trending_Up_Medium_Vol,0.12305108469031557,0.13888179975491285,0.11687867462719019,0.05226228840810246
2018-04-18,Trending_Up,Medium_Vol,Trending_Up_Medium_Vol,Trending_Up_Medium_Vol,0.11621367534055269,0.13891146069975305,0.11692525781492384,0.054283779029316
2018-04-19,Trending_Up,Medium_Vol,Trending_Up_Medium_Vol,Trending_Up_Medium_Vol,0.11631457219184418,0.12942704396378793,0.11698875534982958,0.0507709126451082
2018-04-20,Trending_Up,Medium_Vol,Trending_Up_Medium_Vol,Trending_Up_Medium_Vol,0.11653602162119947,0.1279863729166716,0.11697336950092661,0.050883217679620056
2018-04-23,Trending_Up,Medium_Vol,Trending_Up_Medium_Vol,Trending_Up_Medium_Vol,0.1143746028744312,0.12295080283352976,0.1170035916823926,0.04902790341416079
2018-04-24,Trending_Up,Low_Vol,Trending_Up_Low_Vol,Trending_Up_Low_Vol,0.102027943871367,0.12297766166436751,0.11692479528255069,0.04636408063852431
2018-04-25,Trending_Up,Low_Vol,Trending_Up_Low_Vol,Trending_Up_Low_Vol,0.09743056610357186,0.12150205085511182,0.11712399191937206,0.050299231500158366
2018-04-26,Trending_Up,Low_Vol,Trending_Up_Low_Vol,Trending_Up_Low_Vol,0.09712643475190816,0.11896772009146687,0.11721894093405881,0.046054101195609924
2018-04-27,Trending_Up,Low_Vol,Trending_Up_Low_Vol,Trending_Up_Low_Vol,0.09243951986487553,0.1186247789495723,0.11769270147560364,0.039360721138702856
2018-04-30,Trending_Up,Low_Vol,Trending_Up_Low_Vol,Trending_Up_Low_Vol,0.08904621459633247,0.11861129695682089,0.11589799206424573,0.03513357718733796
2018-05-02,Trending_Up,Low_Vol,Trending_Up_Low_Vol,Trending_Up_Low_Vol,0.09041707976271629,0.11841723586320232,0.11468159374384901,0.03704723742775847
2018-05-03,Trending_Up,Low_Vol,Trending_Up_Low_Vol,Trending_Up_Low_Vol,0.07820867270106265,0.11689778035824212,0.1148735100909342,0.04049719544497799
2018-05-04,Trending_Up,Low_Vol,Trending_Up_Low_Vol,Trending_Up_Low_Vol,0.053938380563480375,0.11649729592532086,0.11528602817193118,0.04601365383552401
2018-05-07,Trending_Up,Low_Vol,Trending_Up_Low_Vol,Trending_Up_Low_Vol,0.060416297838459976,0.11798805484725648,0.1154039739641203,0.03727632215050103
2018-05-08,Trending_Up,Low_Vol,Trending_Up_Low_Vol,Trending_Up_Low_Vol,0.05973950426975725,0.11780803284968276,0.11391398056765378,0.03706969843466084
2018-05-09,Trending_Up,Low_Vol,Trending_Up_Low_Vol,Trending_Up_Low_Vol,0.05974267910977891,0.11776584247743191,0.11299398278754264,0.034922391079470726
2018-05-10,Trending_Up,Low_Vol,Trending_Up_Low_Vol,Trending_Up_Low_Vol,0.061373980878987024,0.11581470017695943,0.11279087113544262,0.037182003469172706
2018-05-11,Trending_Up,Low_Vol,Trending_Up_Low_Vol,Trending_Up_Low_Vol,0.06565908808884015,0.11569472594091919,0.11269426847690543,0.029100515638037363
2018-05-14,Trending_Up,Low_Vol,Trending_Up_Low_Vol,Trending_Up_Low_Vol,0.06588627134504457,0.11547932553557802,0.11239273598952806,0.0290915663305997
2018-05-15,Trending_Up,Low_Vol,Trending_Up_Low_Vol,Trending_Up_Low_Vol,0.06523722107998967,0.11459298366969263,0.11209497709339257,0.029518325461744783
2018-05-16,Trending_Up,Low_Vol,Trending_Up_Low_Vol,Trending_Up_Low_Vol,0.06961893395193677,0.11512004481927147,0.11188995405556533,0.034976350139021346
2018-05-17,Trending_Up,Low_Vol,Trending_Up_Low_Vol,Trending_Up_Low_Vol,0.07246606415259581,0.11363969423269284,0.11198599181753466,0.04022318870843069
2018-05-18,Trending_Up,Low_Vol,Trending_Up_Low_Vol,Trending_Up_Low_Vol,0.07794672254685954,0.11250230925423886,0.11222259254919907,0.047976710743468105
2018-05-21,Trending_Up,Low_Vol,Trending_Up_Low_Vol,Trending_Up_Low_Vol,0.08258689344679103,0.11177045780588943,0.11284096635516375,0.055137297291606165
2018-05-22,Trending_Up,Low_Vol,Trending_Up_Low_Vol,Trending_Up_Low_Vol,0.08256865070788096,0.11030454535115988,0.11287476038647914,0.05334041673941635
2018-05-23,Trending_Up,Low_Vol,Trending_Up_Low_Vol,Trending_Up_Low_Vol,0.08877563615936838,0.11279691041504838,0.11374688584464789,0.06289538171867062
2018-05-24,Trending_Up,Low_Vol,Trending_Up_Low_Vol,Trending_Up_Low_Vol,0.09318877828238688,0.10595538652343349,0.11431316799256712,0.05539340541327814
2018-05-25,Trending_Up,Low_Vol,Trending_Up_Low_Vol,Trending_Up_Low_Vol,0.09713783900474288,0.10765429357659159,0.11496416894318566,0.04719057550188506
2018-05-28,Trending_Up,Low_Vol,Trending_Up_Low_Vol,Trending_Up_Low_Vol,0.09800752140590954,0.10886760563315949,0.11559587168762786,0.03968859919649257
2018-05-29,Trending_Up,Low_Vol,Trending_Up_Low_Vol,Trending_Up_Low_Vol,0.09820255833307039,0.10894754655496774,0.11565075552514154,0.04466151876766282
2018-05-30,Trending_Up,Low_Vol,Trending_Up_Low_Vol,Trending_Up_Low_Vol,0.09816424181408274,0.1023803648107717,0.1148831233922153,0.04636408063852431
2018-05-31,Trending_Up,Low_Vol,Trending_Up_Low_Vol,Trending_Up_Low_Vol,0.1060610876440211,0.10211034260759021,0.11627130478136924,0.03542100788504176
2018-06-01,Trending_Up,Low_Vol,Trending_Up_Low_Vol,Trending_Up_Low_Vol,0.10476705153843019,0.10263450149289877,0.11609562967640259,0.03901029433570256
2018-06-04,Trending_Up,Low_Vol,Trending_Up_Low_Vol,Trending_Up_Low_Vol,0.10195394578592568,0.10387963352698434,0.11628209778270963,0.04509275255252673
2018-06-05,Trending_Up,Low_Vol,Trending_Up_Low_Vol,Trending_Up_Low_Vol,0.10244979808114657,0.10372885959020013,0.11600056137742251,0.04826870383319895
2018-06-06,Trending_Up,Low_Vol,Trending_Up_Low_Vol,Trending_Up_Low_Vol,0.1071837800967187,0.10109743846240453,0.11679338139808237,0.040047975306930536
2018-06-07,Trending_Up,Low_Vol,Trending_Up_Low_Vol,Trending_Up_Low_Vol,0.11057536830052499,0.09850873079360108,0.1174377055477012,0.03252810038666273
2018-06-08,Trending_Up,Low_Vol,Trending_Up_Low_Vol,Trending_Up_Low_Vol,0.10632201517857753,0.09811133172300916,0.11740896319409183,0.0325909210153428
2018-06-11,Trending_Up,Low_Vol,Trending_Up_Low_Vol,Trending_Up_Low_Vol,0.10654755491605922,0.09636852766155812,0.11736041200277823,0.030856948830141267
2018-06-12,Trending_Up,Low_Vol,Trending_Up_Low_Vol,Trending_Up_Low_Vol,0.10814535827361428,0.09486733265719338,0.11730724267692755,0.02583472032975566
2018-06-13,Trending_Up,Low_Vol,Trending_Up_Low_Vol,Trending_Up_Low_Vol,0.10595872281905183,0.09475313814676223,0.11714978650072068,0.024590327904379282
2018-06-14,Trending_Up,Low_Vol,Trending_Up_Low_Vol,Trending_Up_Low_Vol,0.10529384382561692,0.09125117925568897,0.11666042354570365,0.028961274942904295
2018-06-15,Trending_Up,Low_Vol,Trending_Up_Low_Vol,Trending_Up_Low_Vol,0.10017286259916483,0.08127561471729976,0.11659460862361765,0.028094244981149423
2018-06-18,Trending_Up,Low_Vol,Trending_Up_Low_Vol,Trending_Up_Low_Vol,0.09556960547744563,0.08148194706816603,0.11605661886501255,0.029698013516963762
2018-06-19,Trending_Up,Low_Vol,Trending_Up_Low_Vol,Trending_Up_Low_Vol,0.1014360381448135,0.08357108476236953,0.11629150160819798,0.03773001694226732
2018-06-20,Trending_Up,Low_Vol,Trending_Up_Low_Vol,Trending_Up_Low_Vol,0.09411860692376015,0.08428826925056065,0.11536794176851119,0.03219565993684596
2018-06-21,Trending_Up,Low_Vol,Trending_Up_Low_Vol,Trending_Up_Low_Vol,0.09224751767986258,0.08465265382743928,0.1154398634439096,0.034976350139021346
2018-06-22,Trending_Up,Low_Vol,Trending_Up_Low_Vol,Trending_Up_Low_Vol,0.09105892507920488,0.08573828742874035,0.11608574088323156,0.027721444909554964
2018-06-25,Trending_Up,Low_Vol,Trending_Up_Low_Vol,Trending_Up_Low_Vol,0.09008264525594059,0.086786168634019,0.11602450752136488,0.03305812750657379
2018-06-26,Trending_Up,Low_Vol,Trending_Up_Low_Vol,Trending_Up_Low_Vol,0.08767405310585626,0.08629924209625327,0.11549690436407627,0.032456154973928564
2018-06-27,Trending_Up,Low_Vol,Trending_Up_Low_Vol,Trending_Up_Low_Vol,0.09395600600756311,0.0888395210951178,0.11631678565540446,0.04123840867275629
2018-06-28,Trending_Up,Low_Vol,Trending_Up_Low_Vol,Trending_Up_Low_Vol,0.08815267971534486,0.09047601305056277,0.11690618819926664,0.04863264233566396
2018-06-29,Trending_Up,Low_Vol,Trending_Up_Low_Vol,Trending_Up_Low_Vol,0.09777183011013475,0.09389284997426914,0.11260471002965317,0.03738415253129406
2018-07-02,Trending_Up,Low_Vol,Trending_Up_Low_Vol,Trending_Up_Low_Vol,0.09695335803580747,0.09473368331629863,0.11205995094539381,0.04250526210503504
2018-07-03,Trending_Up,Low_Vol,Trending_Up_Low_Vol,Trending_Up_Low_Vol,0.09695296108100776,0.09503949696421617,0.10932905183368472,0.0386778538858858
2018-07-04,Trending_Up,Low_Vol,Trending_Up_Low_Vol,Trending_Up_Low_Vol,0.094889014065903,0.0959261035393357,0.1097261488481182,0.03238877195322144
2018-07-05,Trending_Up,Low_Vol,Trending_Up_Low_Vol,Trending_Up_Low_Vol,0.09099823363463513,0.09552256265987966,0.1087669479518857,0.03419916420487597
2018-07-06,Trending_Up,Low_Vol,Trending_Up_Low_Vol,Trending_Up_Low_Vol,0.09133314412200484,0.09514776956084357,0.10717303435483555,0.03214170087729534
2018-07-09,Trending_Up,Low_Vol,Trending_Up_Low_Vol,Trending_Up_Low_Vol,0.09491097522516195,0.09530958553679289,0.10705573060860325,0.024931717661633705
2018-07-10,Trending_Up,Low_Vol,Trending_Up_Low_Vol,Trending_Up_Low_Vol,0.09806200454976513,0.09673248162611285,0.10767984907954739,0.01645496875200153
2018-07-11,Trending_Up,Low_Vol,Trending_Up_Low_Vol,Trending_Up_Low_Vol,0.09802702831316164,0.09658133368351488,0.10750766286795423,0.016360650070673208
2018-07-12,Trending_Up,Low_Vol,Trending_Up_Low_Vol,Trending_Up_Low_Vol,0.09872728293434044,0.09717992082458714,0.10695894896775393,0.00963129730739906
2018-07-13,Trending_Up,Low_Vol,Trending_Up_Low_Vol,Trending_Up_Low_Vol,0.09885145668706628,0.09610329333410654,0.10627029167190764,0.010017609078458228
2018-07-16,Trending_Up,Low_Vol,Trending_Up_Low_Vol,Trending_Up_Low_Vol,0.10292328438561099,0.09586905954951765,0.10697706515449773,0.01738938173446352
2018-07-17,Trending_Up,Low_Vol,Trending_Up_Low_Vol,Trending_Up_Low_Vol,0.0992286412948741,0.09683431516032306,0.10728828500769844,0.01099246942100613
2018-07-18,Trending_Up,Low_Vol,Trending_Up_Low_Vol,Trending_Up_Low_Vol,0.09874318886985824,0.0969962126544387,0.10735414771167183,0.013472129487704793
2018-07-19,Trending_Up,Low_Vol,Trending_Up_Low_Vol,Trending_Up_Low_Vol,0.09839201396642644,0.09696552150418092,0.1062659729628501,0.01557004017537133
2018-07-20,Trending_Up,Low_Vol,Trending_Up_Low_Vol,Trending_Up_Low_Vol,0.09648845040918297,0.09579324859104087,0.10567422622934326,0.01079926966632244
2018-07-23,Trending_Up,Low_Vol,Trending_Up_Low_Vol,Trending_Up_Low_Vol,0.09556375469211266,0.09685144676624628,0.10603378449920081,0.004101414955696541
2018-07-24,Trending_Up,Low_Vol,Trending_Up_Low_Vol,Trending_Up_Low_Vol,0.0960731556562953,0.09722602001841986,0.10572693493328747,0.0
2018-07-25,Trending_Up,Low_Vol,Trending_Up_Low_Vol,Trending_Up_Low_Vol,0.08768683904407003,0.09619051879526073,0.1055503611237031,0.00020655135283242424
2018-07-26,Trending_Up,Low_Vol,Trending_Up_Low_Vol,Trending_Up_Low_Vol,0.07962495547490596,0.095287804556941,0.10435631885054249,0.0
2018-07-27,Trending_Up,Low_Vol,Trending_Up_Low_Vol,Trending_Up_Low_Vol,0.0769968024304867,0.0951391713246993,0.10375694176736365,0.0
2018-07-30,Trending_Up,Low_Vol,Trending_Up_Low_Vol,Trending_Up_Low_Vol,0.07115261911512295,0.09311724265271644,0.10252761571888172,0.0
2018-07-31,Trending_Up,Low_Vol,Trending_Up_Low_Vol,Trending_Up_Low_Vol,0.07106775056096154,0.09319848961338964,0.10186192802743523,0.0
2018-08-01,Trending_Up,Low_Vol,Trending_Up_Low_Vol,Trending_Up_Low_Vol,0.07105096377477563,0.0895225284309957,0.10182568419038147,0.0009069523785937569
2018-08-02,Trending_Up,Low_Vol,Trending_Up_Low_Vol,Trending_Up_Low_Vol,0.0807562231820895,0.09145021783240032,0.0989036914291831,0.009844565199445252
2018-08-03,Trending_Up,Low_Vol,Trending_Up_Low_Vol,Trending_Up_Low_Vol,0.08566366453700407,0.09219712338570829,0.1000561563240247,0.0
2018-08-06,Trending_Up,Low_Vol,Trending_Up_Low_Vol,Trending_Up_Low_Vol,0.08378664625879126,0.09102514073028789,0.10000680779321587,0.0
2018-08-07,Trending_Up,Low_Vol,Trending_Up_Low_Vol,Trending_Up_Low_Vol,0.08071618008975058,0.0898545826858532,0.09958224396916004,0.0
2018-08-08,Trending_Up,Low_Vol,Trending_Up_Low_Vol,Trending_Up_Low_Vol,0.08121337658739639,0.08997862698283143,0.09605641128017364,0.0
2018-08-09,Trending_Up,Low_Vol,Trending_Up_Low_Vol,Trending_Up_Low_Vol,0.0793883789400416,0.08705478120305052,0.09440368432290921,0.0
2018-08-10,Trending_Up,Low_Vol,Trending_Up_Low_Vol,Trending_Up_Low_Vol,0.08145529406725974,0.08701659942768859,0.09468132360723698,0.0035917768410804124
2018-08-13,Trending_Up,Low_Vol,Trending_Up_Low_Vol,Trending_Up_Low_Vol,0.08001574532180941,0.08707289194088969,0.0954153185947451,0.010021201265418337
2018-08-14,Trending_Up,Low_Vol,Trending_Up_Low_Vol,Trending_Up_Low_Vol,0.08039820787926777,0.0873091666258029,0.09550577356971043,0.003103610532166831
2018-08-16,Trending_Up,Low_Vol,Trending_Up_Low_Vol,Trending_Up_Low_Vol,0.08202032779871422,0.08675934008179581,0.09372598722005618,0.007466884250013004
2018-08-17,Trending_Up,Low_Vol,Trending_Up_Low_Vol,Trending_Up_Low_Vol,0.08300655322373583,0.08664314338927254,0.09229665823439367,0.0
2018-08-20,Trending_Up,Low_Vol,Trending_Up_Low_Vol,Trending_Up_Low_Vol,0.08426844833357952,0.08754695420033065,0.09253707080284586,0.0
2018-08-21,Trending_Up,Low_Vol,Trending_Up_Low_Vol,Trending_Up_Low_Vol,0.08270457765870974,0.08754454467229635,0.09160047376296322,0.0
2018-08-23,Trending_Up,Low_Vol,Trending_Up_Low_Vol,Trending_Up_Low_Vol,0.08233243202449901,0.08712199670588096,0.09062080821017814,0.0
2018-08-24,Trending_Up,Low_Vol,Trending_Up_Low_Vol,Trending_Up_Low_Vol,0.0833449420021533,0.08748598264566093,0.09073296478734619,0.0022145337355118605
2018-08-27,Trending_Up,Low_Vol,Trending_Up_Low_Vol,Trending_Up_Low_Vol,0.09025061028196263,0.08951866667047886,0.08995777922950672,0.0
2018-08-28,Trending_Up,Low_Vol,Trending_Up_Low_Vol,Trending_Up_Low_Vol,0.08594305148951599,0.08966355560620357,0.08532493520929901,0.0
2018-08-29,Trending_Up,Low_Vol,Trending_Up_Low_Vol,Trending_Up_Low_Vol,0.08824521588553287,0.09025204090286756,0.08572799711920623,0.003969809547642374
2018-08-30,Trending_Up,Low_Vol,Trending_Up_Low_Vol,Trending_Up_Low_Vol,0.08861007754340432,0.08764302028429179,0.08565025316132595,0.0052562248423989434
2018-08-31,Trending_Up,Low_Vol,Trending_Up_Low_Vol,Trending_Up_Low_Vol,0.08829222266463,0.08721325636229865,0.08564586677162052,0.004941006091067853
2018-09-03,Trending_Up,Low_Vol,Trending_Up_Low_Vol,Trending_Up_Low_Vol,0.08746023572025403,0.0895360350337001,0.08698303079382491,0.013302414331047408
2018-09-04,Trending_Up,Low_Vol,Trending_Up_Low_Vol,Trending_Up_Low_Vol,0.08411172643508373,0.08976925224726996,0.08745077589360904,0.018588422312263066
2018-09-05,Trending_Up,Low_Vol,Trending_Up_Low_Vol,Trending_Up_Low_Vol,0.08533216564939773,0.08918291781165263,0.08775480900231601,0.022281365139285258
2018-09-06,Trending_Up,Low_Vol,Trending_Up_Low_Vol,Trending_Up_Low_Vol,0.08701767489501634,0.08959987962123284,0.08783150111252022,0.017174222377220258
2018-09-07,Trending_Up,Low_Vol,Trending_Up_Low_Vol,Trending_Up_Low_Vol,0.0864993078791501,0.08657757677911396,0.08800298751139994,0.01272738344975934
2018-09-10,Trending_Up,Low_Vol,Trending_Up_Low_Vol,Trending_Up_Low_Vol,0.09893272840692822,0.09028330073481085,0.09063721793834986,0.025591037238573925
2018-09-11,Trending_Up,Medium_Vol,Trending_Up_Medium_Vol,Trending_Up_Medium_Vol,0.10873630436297216,0.09306074524908053,0.09320310059668621,0.038420581846062105
2018-09-12,Trending_Up,Medium_Vol,Trending_Up_Medium_Vol,Trending_Up_Medium_Vol,0.10987528113277056,0.0929240498356252,0.09378384653993235,0.031400912329088045
2018-09-14,Trending_Up,Medium_Vol,Trending_Up_Medium_Vol,Trending_Up_Medium_Vol,0.11642891909802446,0.09626076364214343,0.09569182437569834,0.019022856811986198
2018-09-17,Trending_Up,Medium_Vol,Trending_Up_Medium_Vol,Trending_Up_Medium_Vol,0.12340401070338024,0.10013201232358337,0.09776854141564556,0.03073220598884014
2018-09-18,Trending_Up,Medium_Vol,Trending_Up_Medium_Vol,Trending_Up_Medium_Vol,0.12370263493000717,0.10232414163265613,0.09860789996400073,0.039153180506453125
2018-09-19,Trending_Up,Medium_Vol,Trending_Up_Medium_Vol,Trending_Up_Medium_Vol,0.12053928721760214,0.10288212352528303,0.09868737613895649,0.04294845087745453
2018-09-21,Trending_Up,Medium_Vol,Trending_Up_Medium_Vol,Trending_Up_Medium_Vol,0.12227352224688624,0.10368930051440456,0.0991008018645889,0.050722016494867316
2018-09-24,Trending_Up,Medium_Vol,Trending_Up_Medium_Vol,Trending_Up_Medium_Vol,0.13123139176049917,0.10824934937115926,0.1021692515291071,0.06568979080589513
2018-09-25,Trending_Up,Medium_Vol,Trending_Up_Medium_Vol,Trending_Up_Medium_Vol,0.13778640781962828,0.11014511379359343,0.10307372925301295,0.05716657193742812
2018-09-26,Trending_Up,Medium_Vol,Trending_Up_Medium_Vol,Trending_Up_Medium_Vol,0.12791178246374707,0.1091435078055559,0.10291339004182537,0.058329445441282955
2018-09-27,Trending_Up,Medium_Vol,Trending_Up_Medium_Vol,Trending_Up_Medium_Vol,0.1261109606097856,0.11025944664176013,0.10310311135728863,0.06482516465583336
2018-09-28,Trending_Up,Medium_Vol,Trending_Up_Medium_Vol,Trending_Up_Medium_Vol,0.12613816857512103,0.10939517318173901,0.10238752369711764,0.06883756908357115
2018-10-01,Trending_Up,Medium_Vol,Trending_Up_Medium_Vol,Trending_Up_Medium_Vol,0.13137013338411369,0.10959064674304618,0.10297225935464611,0.0622055795299655
2018-10-03,Trending_Up,Medium_Vol,Trending_Up_Medium_Vol,Trending_Up_Medium_Vol,0.13607003592480457,0.1136806534737633,0.10526363592520997,0.07498828640797377
2018-10-04,Sideways,High_Vol,Sideways_High_Vol,Sideways_High_Vol,0.1532569561881929,0.1254318990508276,0.11188011188188159,0.09705243429739745
2018-10-05,Sideways,High_Vol,Sideways_High_Vol,Sideways_High_Vol,0.17253810568120884,0.13771683154955658,0.11875741331369094,0.12114408184073774
2018-10-08,Sideways,High_Vol,Sideways_High_Vol,Sideways_High_Vol,0.1751039246004969,0.1368531563839266,0.11888544196499715,0.11845211869595774
2018-10-09,Sideways,High_Vol,Sideways_High_Vol,Sideways_High_Vol,0.1708429268351888,0.13638089662573316,0.11906664969168369,0.12245603742492653
2018-10-10,Sideways,High_Vol,Sideways_High_Vol,Sideways_High_Vol,0.18335318843922868,0.14157936464154924,0.12140753389825835,0.10890662270520084
2018-10-11,Sideways,High_Vol,Sideways_High_Vol,Sideways_High_Vol,0.1906265305430574,0.14836685295711674,0.12578172086324485,0.1281125875857222
2018-10-12,Sideways,High_Vol,Sideways_High_Vol,Sideways_High_Vol,0.21356508241238864,0.15651188918089162,0.13064466745275238,0.10785023640158453
2018-10-15,Sideways,High_Vol,Sideways_High_Vol,Sideways_High_Vol,0.21154507925682273,0.1565401618832145,0.13024107497739282,0.10444264599395153
2018-10-16,Sideways,High_Vol,Sideways_High_Vol,Sideways_High_Vol,0.20637072926127342,0.15730447194688654,0.1306613657843367,0.09828768582016442
2018-10-17,Sideways,High_Vol,Sideways_High_Vol,Sideways_High_Vol,0.20663247888886851,0.1592539220028063,0.13117908286434787,0.10950719387592112
2018-10-19,Sideways,High_Vol,Sideways_High_Vol,Sideways_High_Vol,0.20921307542241804,0.1609711805556856,0.13251090785237807,0.12224306302444946
2018-10-22,Sideways,High_Vol,Sideways_High_Vol,Sideways_High_Vol,0.20924903343266124,0.15881758823515182,0.1320273563950417,0.12720960940494952
2018-10-23,Sideways,High_Vol,Sideways_High_Vol,Sideways_High_Vol,0.20965522759912794,0.15940043589542943,0.13218556205895168,0.1355965579343613
2018-10-24,Sideways,High_Vol,Sideways_High_Vol,Sideways_High_Vol,0.20959615215617167,0.1608707047323492,0.1325993083907069,0.12895599948886144
2018-10-25,Sideways,High_Vol,Sideways_High_Vol,Sideways_High_Vol,0.20528819070862978,0.16085578557017766,0.13342077701450378,0.13746216376666526
2018-10-26,Sideways,High_Vol,Sideways_High_Vol,Sideways_High_Vol,0.20567629254469055,0.16130713709530647,0.13278596684971955,0.14554670528602462
2018-10-29,Sideways,High_Vol,Sideways_High_Vol,Sideways_High_Vol,0.22628483203939112,0.1705063020166037,0.13747251433288982,0.126732580025131
2018-10-30,Sideways,High_Vol,Sideways_High_Vol,Sideways_High_Vol,0.2263507066437087,0.17035793425763052,0.1373525220828217,0.1312007163926396
2018-10-31,Sideways,High_Vol,Sideways_High_Vol,Sideways_High_Vol,0.23665238744850803,0.17537151306898607,0.14047773538675093,0.11516807007922648
2018-11-01,Sideways,High_Vol,Sideways_High_Vol,Sideways_High_Vol,0.23323675114150724,0.17529817723573773,0.13976901262025687,0.11569193718852494
2018-11-02,Sideways,High_Vol,Sideways_High_Vol,Sideways_High_Vol,0.22745205727362564,0.1789347385916044,0.14174535204511823,0.10099246070622311
2018-11-05,Sideways,High_Vol,Sideways_High_Vol,Recovery,0.20515811039853268,0.17784343419626844,0.14180463352008876,0.10346296375175704
2018-11-06,Sideways,High_Vol,Sideways_High_Vol,Recovery,0.20502859370737553,0.17775140619837587,0.14177442600688825,0.10295182519061209
2018-11-07,Sideways,High_Vol,Sideways_High_Vol,Sideways_High_Vol,0.20485009039989863,0.1786242903251133,0.14191666581243018,0.09712481231630958
2018-11-09,Sideways,High_Vol,Sideways_High_Vol,Sideways_High_Vol,0.19824913596685426,0.17862353463898076,0.1419068480965606,0.09824933378945351
2018-11-12,Sideways,High_Vol,Sideways_High_Vol,Recovery,0.18464801006043527,0.17684271446736918,0.14255189483022457,0.10702387908910849
2018-11-13,Sideways,High_Vol,Sideways_High_Vol,Sideways_High_Vol,0.16875692038968768,0.17827334651846938,0.14339423612061583,0.09847936278059377
2018-11-14,Sideways,High_Vol,Sideways_High_Vol,Sideways_High_Vol,0.16835796524675398,0.17824384113600283,0.14337640164208282,0.09900755593240193
2018-11-15,Sideways,High_Vol,Sideways_High_Vol,Sideways_High_Vol,0.1671349204089429,0.1787085131560402,0.14292018363097186,0.09556585634344252
2018-11-16,Trending_Down,High_Vol,Trending_Down_High_Vol,Trending_Down_High_Vol,0.1614173978183103,0.17955273521642115,0.14296490833914002,0.08998592705094348
2018-11-19,Sideways,High_Vol,Sideways_High_Vol,Sideways_High_Vol,0.15209243149357804,0.18008448997983736,0.14340349629697904,0.08306850188482344
2018-11-20,Trending_Down,High_Vol,Trending_Down_High_Vol,Trending_Down_High_Vol,0.1557728492180615,0.18089887221221707,0.14377366128112332,0.09220086081590492
2018-11-21,Trending_Down,High_Vol,Trending_Down_High_Vol,Trending_Down_High_Vol,0.15219849765121693,0.18102758358470136,0.14375318639970555,0.09698429912786984
2018-11-22,Trending_Down,High_Vol,Trending_Down_High_Vol,Recovery,0.15407255128406405,0.1807514173827052,0.14415266125155854,0.10322869191123227
2018-11-26,Trending_Down,High_Vol,Trending_Down_High_Vol,Trending_Down_High_Vol,0.15063340100901976,0.18203881327601004,0.144282480685295,0.09455214811304681
2018-11-27,Trending_Down,Medium_Vol,Trending_Down_Medium_Vol,Trending_Down_Medium_Vol,0.14420818387819062,0.18081210292537217,0.14399596884157262,0.08969633178216978
2018-11-28,Trending_Down,Medium_Vol,Trending_Down_Medium_Vol,Trending_Down_Medium_Vol,0.12609068100961976,0.17912230134800078,0.14291383543643643,0.0860118746539166
2018-11-29,Sideways,Medium_Vol,Sideways_Medium_Vol,Sideways_Medium_Vol,0.12744450355203604,0.1805788573285476,0.14391903376642962,0.07494993437726286
2018-11-30,Sideways,Medium_Vol,Sideways_Medium_Vol,Sideways_Medium_Vol,0.11396516143579759,0.1779675067496385,0.143811057510041,0.0734122758444435
2018-12-03,Sideways,Medium_Vol,Sideways_Medium_Vol,Sideways_Medium_Vol,0.11362849048082267,0.17625292859545205,0.14345379088609247,0.07281594752310772
2018-12-04,Sideways,Low_Vol,Sideways_Low_Vol,Sideways_Low_Vol,0.10097094825515061,0.17533648146793032,0.14343646152653847,0.07402990160582698
2018-12-05,Sideways,Low_Vol,Sideways_Low_Vol,Sideways_Low_Vol,0.10548068359604366,0.1759527300623176,0.1439764682988252,0.08140730156110236
2018-12-06,Trending_Down,Medium_Vol,Trending_Down_Medium_Vol,Trending_Down_Medium_Vol,0.12353274227839564,0.1788996789825553,0.1459531646362064,0.09689054047578481
2018-12-07,Trending_Down,Medium_Vol,Trending_Down_Medium_Vol,Trending_Down_Medium_Vol,0.1252460888962392,0.1768959396922672,0.1459588597393259,0.08900624480874898
2018-12-10,Trending_Down,Medium_Vol,Trending_Down_Medium_Vol,Trending_Down_Medium_Vol,0.14340736507768737,0.18040752967705087,0.14904135756978018,0.10649144308791583
2018-12-11,Trending_Down,Medium_Vol,Trending_Down_Medium_Vol,Recovery,0.14059630942675247,0.1810503269807808,0.14892062011005766,0.10132040800570771
2018-12-12,Trending_Down,High_Vol,Trending_Down_High_Vol,Trending_Down_High_Vol,0.1505376574207818,0.18529512936545714,0.15171542790215586,0.08526646425224688
2018-12-13,Sideways,High_Vol,Sideways_High_Vol,Sideways_High_Vol,0.15118303040023737,0.1854628031431737,0.1514934704984286,0.08067046005132683
2018-12-14,Sideways,High_Vol,Sideways_High_Vol,Sideways_High_Vol,0.15083475435414484,0.18474110505140337,0.15114087897705294,0.0794862891074243
2018-12-17,Sideways,High_Vol,Sideways_High_Vol,Sideways_High_Vol,0.15161994599780565,0.18302109697117447,0.15159830985603215,0.07242410790348
2018-12-18,Sideways,High_Vol,Sideways_High_Vol,Sideways_High_Vol,0.14966221271618238,0.17461001607819113,0.15159094748898702,0.0706904463677216
2018-12-19,Sideways,High_Vol,Sideways_High_Vol,Sideways_High_Vol,0.14498280116913045,0.16328169827869782,0.15163599950539675,0.06569835969778932
2018-12-20,Sideways,Medium_Vol,Sideways_Medium_Vol,Sideways_Medium_Vol,0.1432403446766895,0.163339742147938,0.15126293973106064,0.06702728667951612
2018-12-21,Trending_Down,High_Vol,Trending_Down_High_Vol,Trending_Down_High_Vol,0.15689927696017847,0.1685105270795606,0.15374498316553506,0.08386931890786728
2018-12-24,Trending_Down,High_Vol,Trending_Down_High_Vol,Trending_Down_High_Vol,0.1569495523441008,0.16643389630850733,0.15428346811467447,0.09157899220513695
2018-12-26,Trending_Down,High_Vol,Trending_Down_High_Vol,Trending_Down_High_Vol,0.15735278359369342,0.1590769462852004,0.15453819138603936,0.08592668489372578
2018-12-27,Sideways,High_Vol,Sideways_High_Vol,Sideways_High_Vol,0.15756178906604498,0.15097670115654624,0.15386779950829688,0.08167143973356902
2018-12-28,Sideways,High_Vol,Sideways_High_Vol,Sideways_High_Vol,0.15373983212426456,0.15158633443681926,0.1542378357896848,0.07484769002640883
2018-12-31,Sideways,High_Vol,Sideways_High_Vol,Sideways_High_Vol,0.1536249838173856,0.15092606064004827,0.1541312855175682,0.07462198707777826
2019-01-02,Sideways,High_Vol,Sideways_High_Vol,Sideways_High_Vol,0.15527223055371364,0.14885557818330708,0.15442865454108828,0.08058951314052051
2019-01-03,Trending_Down,High_Vol,Trending_Down_High_Vol,Trending_Down_High_Vol,0.15991021784385537,0.14738136372303193,0.154775059898239,0.09083358180346722
2019-01-04,Trending_Down,High_Vol,Trending_Down_High_Vol,Trending_Down_High_Vol,0.1589670452094446,0.14696484391263243,0.15407352703486518,0.08613965929420284
2019-01-07,Trending_Down,High_Vol,Trending_Down_High_Vol,Trending_Down_High_Vol,0.14681586247929182,0.14510868845196304,0.15418668816069114,0.08235295781509562
2019-01-08,Sideways,Medium_Vol,Sideways_Medium_Vol,Sideways_Medium_Vol,0.14407574845525462,0.14440675485968837,0.15427320300662867,0.07976739867742898
2019-01-09,Sideways,Medium_Vol,Sideways_Medium_Vol,Sideways_Medium_Vol,0.1243308964156489,0.1424518022400433,0.1542353546036971,0.07525234138731525
2019-01-10,Sideways,Medium_Vol,Sideways_Medium_Vol,Sideways_Medium_Vol,0.12450001574791913,0.1406881654149164,0.1542458971226279,0.07811052439621757
2019-01-11,Trending_Down,Low_Vol,Trending_Down_Low_Vol,Trending_Down_Low_Vol,0.10852560873036353,0.13289780044250982,0.15419935499193876,0.08038078158942795
2019-01-14,Trending_Down,Low_Vol,Trending_Down_Low_Vol,Trending_Down_Low_Vol,0.10874573148835232,0.1329454757431653,0.15409838749750493,0.08526646425224688
2019-01-15,Sideways,Medium_Vol,Sideways_Medium_Vol,Sideways_Medium_Vol,0.11973013137810543,0.13024556186976108,0.15533933267601965,0.07255613539315074
2019-01-16,Sideways,Medium_Vol,Sideways_Medium_Vol,Sideways_Medium_Vol,0.11661303636092195,0.13020520587122475,0.1552155304753414,0.07225797123248286
2019-01-17,Sideways,Medium_Vol,Sideways_Medium_Vol,Sideways_Medium_Vol,0.11652206683885441,0.12519497711479372,0.15472229238123575,0.07098861052838949
2019-01-18,Sideways,Medium_Vol,Sideways_Medium_Vol,Sideways_Medium_Vol,0.1147968883862001,0.12495456924441907,0.15425566762078868,0.07083952844805555
2019-01-21,Sideways,Medium_Vol,Sideways_Medium_Vol,Sideways_Medium_Vol,0.11620178846330706,0.1253235592371032,0.15447031677034476,0.06616266052945435
2019-01-22,Sideways,Low_Vol,Sideways_Low_Vol,Sideways_Low_Vol,0.09582649375594163,0.12502163757093387,0.15452740986278166,0.06949354687566554
2019-01-23,Sideways,Low_Vol,Sideways_Low_Vol,Sideways_Low_Vol,0.09574849084742316,0.12657995174169276,0.1550034337847736,0.07726711249307833
2019-01-24,Sideways,Low_Vol,Sideways_Low_Vol,Sideways_Low_Vol,0.09367291010439688,0.12441497491250196,0.15379763268793883,0.07570815652021128
2019-01-25,Trending_Down,Low_Vol,Trending_Down_Low_Vol,Trending_Down_Low_Vol,0.09546901661404526,0.12373215502221076,0.15387447359493361,0.08160754741342591
2019-01-28,Trending_Down,Low_Vol,Trending_Down_Low_Vol,Trending_Down_Low_Vol,0.09890396306025129,0.1263580844483028,0.15465178837817137,0.09174512887613409
2019-01-29,Trending_Down,Low_Vol,Trending_Down_Low_Vol,Trending_Down_Low_Vol,0.09881157561138991,0.12610420155492783,0.15465034667526747,0.09254161985666823
2019-01-30,Trending_Down,Low_Vol,Trending_Down_Low_Vol,Trending_Down_Low_Vol,0.09668499973826443,0.12533476163804202,0.15464444026886925,0.09257572903799463
2019-01-31,Trending_Down,Low_Vol,Trending_Down_Low_Vol,Trending_Down_Low_Vol,0.1068090728247579,0.12984671526406902,0.15668852913595208,0.07731395022255824
2019-02-01,Sideways,Low_Vol,Sideways_Low_Vol,Sideways_Low_Vol,0.1071739001403818,0.128340452527633,0.156830129316959,0.07197253561996848
2019-02-04,Sideways,Low_Vol,Sideways_Low_Vol,Sideways_Low_Vol,0.10650995299676394,0.12768918243661254,0.15678179215793686,0.07038803935766921
2019-02-05,Sideways,Low_Vol,Sideways_Low_Vol,Sideways_Low_Vol,0.10633496521673977,0.12655101160107718,0.15656893340353656,0.06850537893470204
2019-02-06,Sideways,Medium_Vol,Sideways_Medium_Vol,Sideways_Medium_Vol,0.11253336892579635,0.12736780733258488,0.1575678860479622,0.057592520738382245
2019-02-07,Sideways,Medium_Vol,Sideways_Medium_Vol,Sideways_Medium_Vol,0.11152318708728227,0.12694444567785607,0.15627121981196954,0.05700043526643098
2019-02-08,Sideways,Medium_Vol,Sideways_Medium_Vol,Sideways_Medium_Vol,0.1195426647557212,0.1295659649512086,0.15591878839152948,0.06771737365293691
2019-02-11,Sideways,Medium_Vol,Sideways_Medium_Vol,Sideways_Medium_Vol,0.11934340638935573,0.12731212186788918,0.15562326114763564,0.07238575587276909
2019-02-12,Trending_Down,Medium_Vol,Trending_Down_Medium_Vol,Trending_Down_Medium_Vol,0.1103458891636057,0.12782147721629364,0.15436965962469373,0.07727559819184734
2019-02-14,Trending_Down,Medium_Vol,Trending_Down_Medium_Vol,Trending_Down_Medium_Vol,0.11359262733516244,0.12900979536920193,0.15374208152653027,0.08454659414000937
2019-02-15,Trending_Down,Medium_Vol,Trending_Down_Medium_Vol,Trending_Down_Medium_Vol,0.11343310510443196,0.12905007377493927,0.1532041558070933,0.08639090253226563
2019-02-18,Trending_Down,Medium_Vol,Trending_Down_Medium_Vol,Trending_Down_Medium_Vol,0.11600451492599548,0.12899347067928818,0.15354680395632256,0.09350000465881501
2019-02-19,Trending_Down,Medium_Vol,Trending_Down_Medium_Vol,Trending_Down_Medium_Vol,0.11383634693647467,0.12350156643645777,0.15313416635733484,0.09661799979767433
2019-02-20,Trending_Down,Medium_Vol,Trending_Down_Medium_Vol,Trending_Down_Medium_Vol,0.12384873979950115,0.1250760565569754,0.15248110911139837,0.08544957232078204
2019-02-21,Trending_Down,Medium_Vol,Trending_Down_Medium_Vol,Trending_Down_Medium_Vol,0.12219433769762729,0.11744745045972876,0.15198727008726343,0.08081529928227627
2019-02-22,Trending_Down,Medium_Vol,Trending_Down_Medium_Vol,Trending_Down_Medium_Vol,0.12200731080924077,0.1168454613802143,0.15197949141028969,0.08066189115943263
2019-02-25,Sideways,Medium_Vol,Sideways_Medium_Vol,Sideways_Medium_Vol,0.12324189090708805,0.1113345596871824,0.15217354554697843,0.07312692342505431
2019-02-26,Trending_Down,Medium_Vol,Trending_Down_Medium_Vol,Trending_Down_Medium_Vol,0.11694429919617891,0.11122597052295354,0.1521615065837568,0.07694340804297824
2019-02-27,Trending_Down,Medium_Vol,Trending_Down_Medium_Vol,Trending_Down_Medium_Vol,0.11745438068576995,0.11136109644039648,0.1517803896008389,0.07938404475657027
2019-02-28,Trending_Down,Medium_Vol,Trending_Down_Medium_Vol,Trending_Down_Medium_Vol,0.11765350164779659,0.11000700407536888,0.15024517128692894,0.08058951314052051
2019-03-01,Sideways,Low_Vol,Sideways_Low_Vol,Sideways_Low_Vol,0.10382867718229208,0.1109562768097287,0.1456519073017758,0.07454104016697193
2019-03-05,Sideways,Low_Vol,Sideways_Low_Vol,Sideways_Low_Vol,0.10961845469197318,0.11327985116470096,0.14014640469533107,0.06398175275269413
2019-03-06,Sideways,Medium_Vol,Sideways_Medium_Vol,Sideways_Medium_Vol,0.11129503422998498,0.1139941349335293,0.1403482477128097,0.05839758061081058
2019-03-07,Sideways,Medium_Vol,Sideways_Medium_Vol,Sideways_Medium_Vol,0.11117965560785716,0.10604095959754067,0.14009723484944123,0.057954577219193254
2019-03-08,Sideways,Low_Vol,Sideways_Low_Vol,Sideways_Low_Vol,0.10337023333703918,0.10421267297841325,0.13816684568549908,0.059896887112919024
2019-03-11,Sideways,Medium_Vol,Sideways_Medium_Vol,Sideways_Medium_Vol,0.11198837321454452,0.10657693299192318,0.13471734157525564,0.04859651533948119
2019-03-12,Sideways,Low_Vol,Sideways_Low_Vol,Sideways_Low_Vol,0.10984240345998185,0.10913879048463823,0.1310913062192614,0.03725346549282276
2019-03-13,Sideways,Low_Vol,Sideways_Low_Vol,Sideways_Low_Vol,0.10715562288546757,0.10830584645294537,0.13107799242912788,0.03380328020509435
2019-03-14,Sideways,Low_Vol,Sideways_Low_Vol,Sideways_Low_Vol,0.10391789605105356,0.10830941319347948,0.13071840007432783,0.03367125271542361
2019-03-15,Trending_Up,Low_Vol,Trending_Up_Low_Vol,Trending_Up_Low_Vol,0.09797123738118318,0.10793690602283725,0.12941515777282295,0.026549422040720704
2019-03-18,Trending_Up,Low_Vol,Trending_Up_Low_Vol,Trending_Up_Low_Vol,0.09609836906368002,0.10425753182842205,0.12713160436108167,0.02353791410209993
2019-03-19,Trending_Up,Low_Vol,Trending_Up_Low_Vol,Trending_Up_Low_Vol,0.08698006584393993,0.10445580127734778,0.12691349670614321,0.01755757629807897
2019-03-20,Trending_Up,Low_Vol,Trending_Up_Low_Vol,Trending_Up_Low_Vol,0.08458144439764619,0.10441502256690506,0.12577431174050352,0.018524529992119947
2019-03-22,Trending_Up,Low_Vol,Trending_Up_Low_Vol,Trending_Up_Low_Vol,0.0854817114096226,0.10550724910521977,0.1258222115917203,0.023989403192486262
2019-03-25,Trending_Up,Low_Vol,Trending_Up_Low_Vol,Trending_Up_Low_Vol,0.09548772411234428,0.10757362411470785,0.125650340189876,0.03273416535332453
2019-03-26,Trending_Up,Low_Vol,Trending_Up_Low_Vol,Trending_Up_Low_Vol,0.09991687824723157,0.10967350200610895,0.12552971321874593,0.0217446862887081
2019-03-27,Trending_Up,Low_Vol,Trending_Up_Low_Vol,Trending_Up_Low_Vol,0.10053690825769594,0.109839360799918,0.12130171497676875,0.024998951766622653
2019-03-28,Trending_Up,Low_Vol,Trending_Up_Low_Vol,Trending_Up_Low_Vol,0.10146629077883418,0.1109330473070166,0.12186860506833196,0.014354474592154023
2019-04-01,Trending_Up,Low_Vol,Trending_Up_Low_Vol,Trending_Up_Low_Vol,0.1005495050832656,0.10849478402922232,0.11930872064506393,0.005907876591983644
2019-04-02,Trending_Up,Low_Vol,Trending_Up_Low_Vol,Trending_Up_Low_Vol,0.09868107030974471,0.10859326984044135,0.1193438050756699,0.002155284294202837
2019-04-03,Trending_Up,Low_Vol,Trending_Up_Low_Vol,Trending_Up_Low_Vol,0.10435108799283468,0.10985475914406187,0.1172924734898967,0.008054675187417473
2019-04-04,Trending_Up,Low_Vol,Trending_Up_Low_Vol,Trending_Up_Low_Vol,0.10313339942386436,0.11046579343545397,0.11740559950206682,0.011969161306810921
2019-04-05,Trending_Up,Low_Vol,Trending_Up_Low_Vol,Trending_Up_Low_Vol,0.10308949158307212,0.11062647727862107,0.11765629522700781,0.006180500463219321
2019-04-08,Trending_Up,Low_Vol,Trending_Up_Low_Vol,Trending_Up_Low_Vol,0.1067006275657697,0.11107381530911818,0.11775276807252114,0.011415427865570558
2019-04-09,Trending_Up,Low_Vol,Trending_Up_Low_Vol,Trending_Up_Low_Vol,0.10595719363730759,0.1093230577409554,0.11795301690649586,0.00566936190207437
2019-04-10,Trending_Up,Low_Vol,Trending_Up_Low_Vol,Trending_Up_Low_Vol,0.10616572968986977,0.11118399836966474,0.11749022931277975,0.013136277660050263
2019-04-11,Trending_Up,Low_Vol,Trending_Up_Low_Vol,Trending_Up_Low_Vol,0.09927872325478378,0.10977348332362737,0.11668942790716424,0.012079891356433956
2019-04-12,Trending_Up,Low_Vol,Trending_Up_Low_Vol,Trending_Up_Low_Vol,0.09942729791206703,0.10608382848670755,0.11676567410972483,0.008097270067512884
2019-04-15,Trending_Up,Low_Vol,Trending_Up_Low_Vol,Trending_Up_Low_Vol,0.09976551257691055,0.10602224293376401,0.11677898297689837,0.0041019202304383015
2019-04-16,Trending_Up,Low_Vol,Trending_Up_Low_Vol,Trending_Up_Low_Vol,0.10052218963701699,0.10688811242743185,0.1170649966382693,0.0
2019-04-18,Trending_Up,Low_Vol,Trending_Up_Low_Vol,Trending_Up_Low_Vol,0.10157299853155187,0.10193123899543721,0.11674800810294723,0.002914240066438874
2019-04-22,Trending_Up,Medium_Vol,Trending_Up_Medium_Vol,Trending_Up_Medium_Vol,0.11240035422455294,0.10696255819902271,0.11770973325345473,0.01634832753688844
2019-04-23,Trending_Up,Medium_Vol,Trending_Up_Medium_Vol,Trending_Up_Medium_Vol,0.11251332463172184,0.10714994959784156,0.11736586109885429,0.017917833260232236
2019-04-24,Trending_Up,Medium_Vol,Trending_Up_Medium_Vol,Trending_Up_Medium_Vol,0.11884562576413116,0.11035363374823119,0.11823509545143962,0.005175126979674139
2019-04-25,Trending_Up,Medium_Vol,Trending_Up_Medium_Vol,Trending_Up_Medium_Vol,0.11699614096071378,0.10944466801203094,0.11815581209368366,0.012331274406501651
2019-04-26,Trending_Up,Medium_Vol,Trending_Up_Medium_Vol,Trending_Up_Medium_Vol,0.11522588584966426,0.1111462637254488,0.11876702172174987,0.002757239784252615
2019-04-30,Trending_Up,Medium_Vol,Trending_Up_Medium_Vol,Trending_Up_Medium_Vol,0.11419878019196912,0.10743586338032891,0.11868924355437502,0.003308687741103138
2019-05-02,Trending_Up,Low_Vol,Trending_Up_Low_Vol,Trending_Up_Low_Vol,0.10889848865005312,0.1067157051033201,0.11741574883714834,0.005293933525666273
2019-05-03,Trending_Up,Low_Vol,Trending_Up_Low_Vol,Trending_Up_Low_Vol,0.10494727685987175,0.10575616884002208,0.11744431609788873,0.006354410365763433
2019-05-06,Trending_Up,Medium_Vol,Trending_Up_Medium_Vol,Trending_Up_Medium_Vol,0.10969939834736384,0.10668718556966342,0.11862153852422679,0.016025959147449528
2019-05-07,Trending_Up,Medium_Vol,Trending_Up_Medium_Vol,Trending_Up_Medium_Vol,0.11191102335860392,0.10884637806474998,0.11950185952676573,0.024539434079848273
2019-05-08,Trending_Up,Medium_Vol,Trending_Up_Medium_Vol,Trending_Up_Medium_Vol,0.11860329635721141,0.11109471910407552,0.12041600265907992,0.03628529213071504
2019-05-09,Trending_Up,Medium_Vol,Trending_Up_Medium_Vol,Trending_Up_Medium_Vol,0.11653445559931382,0.11151583466946215,0.11749856830673963,0.04117624445714439
2019-05-10,Trending_Up,Medium_Vol,Trending_Up_Medium_Vol,Trending_Up_Medium_Vol,0.11573149846167194,0.10882003680219508,0.11685870448783782,0.04311898831835051
2019-05-13,Trending_Up,Medium_Vol,Trending_Up_Medium_Vol,Trending_Up_Medium_Vol,0.11781869381996272,0.11200459547972723,0.11417922526860755,0.054207350728357036
2019-05-14,Trending_Up,Medium_Vol,Trending_Up_Medium_Vol,Trending_Up_Medium_Vol,0.12013606699041249,0.11278848012494412,0.11428303685836957,0.047942086696964266
2019-05-15,Trending_Up,Medium_Vol,Trending_Up_Medium_Vol,Trending_Up_Medium_Vol,0.12061378696608485,0.11244823162402172,0.11134262684033995,0.05346079160287926
2019-05-16,Trending_Up,Medium_Vol,Trending_Up_Medium_Vol,Trending_Up_Medium_Vol,0.12503207562212093,0.11350226699256763,0.1119340453349128,0.04496852620728246
2019-05-17,Trending_Up,Medium_Vol,Trending_Up_Medium_Vol,Trending_Up_Medium_Vol,0.1346315318177155,0.1166390357459176,0.11378124743721965,0.03223849593895365
2019-05-20,Trending_Up,High_Vol,Trending_Up_High_Vol,Trending_Up_High_Vol,0.18881656458277116,0.14148536282342444,0.12711769955322044,0.0
2019-05-21,Trending_Up,High_Vol,Trending_Up_High_Vol,Trending_Up_High_Vol,0.19208483523819483,0.14356075648214447,0.12828469002984236,0.010073374389702619
2019-05-22,Trending_Up,High_Vol,Trending_Up_High_Vol,Trending_Up_High_Vol,0.18560832567733304,0.1417914905857306,0.12810023811864507,0.007638459567137996
2019-05-23,Trending_Up,High_Vol,Trending_Up_High_Vol,Trending_Up_High_Vol,0.1874105663355562,0.14257887435054264,0.12862473273254052,0.014473839774480586
2019-05-24,Trending_Up,High_Vol,Trending_Up_High_Vol,Trending_Up_High_Vol,0.1904329758605538,0.14645799696299044,0.12738376754536518,0.0
2019-05-27,Trending_Up,High_Vol,Trending_Up_High_Vol,Trending_Up_High_Vol,0.18934716759803288,0.1467286259945665,0.12681147960584746,0.0
2019-05-28,Trending_Up,High_Vol,Trending_Up_High_Vol,Trending_Up_High_Vol,0.1867198769052032,0.1447901460461669,0.1265561952001139,0.0
2019-05-29,Trending_Up,High_Vol,Trending_Up_High_Vol,Trending_Up_High_Vol,0.18809072418096737,0.14357121300115377,0.12687718120311417,0.005671205333752489
2019-05-30,Trending_Up,High_Vol,Trending_Up_High_Vol,Trending_Up_High_Vol,0.18925120792769964,0.14412240897409276,0.1268416225215082,0.0
2019-05-31,Trending_Up,High_Vol,Trending_Up_High_Vol,Trending_Up_High_Vol,0.18940193218150558,0.14426688426450893,0.12692109255559636,0.0019337668306383222
2019-06-03,Trending_Up,High_Vol,Trending_Up_High_Vol,Trending_Up_High_Vol,0.1902858211677271,0.14646993762478056,0.12800280661160787,0.0
2019-06-04,Trending_Up,High_Vol,Trending_Up_High_Vol,Trending_Up_High_Vol,0.18825140058515563,0.14716560023716252,0.12693527591594578,0.005534114111566868
2019-06-06,Trending_Up,High_Vol,Trending_Up_High_Vol,Trending_Up_High_Vol,0.19126650069755785,0.1508649029600436,0.12929139034340156,0.02025055185631742
2019-06-07,Trending_Up,High_Vol,Trending_Up_High_Vol,Trending_Up_High_Vol,0.18934986447722563,0.15086868671888132,0.12921050212584015,0.01802527330267577
2019-06-10,Trending_Up,High_Vol,Trending_Up_High_Vol,Trending_Up_High_Vol,0.18867227059607775,0.15041570775110444,0.12929040384159537,0.013719562069446044
2019-06-11,Trending_Up,High_Vol,Trending_Up_High_Vol,Trending_Up_High_Vol,0.18079993902781646,0.1488414069347151,0.12920695564438842,0.010170797763088537
2019-06-12,Trending_Up,High_Vol,Trending_Up_High_Vol,Trending_Up_High_Vol,0.18290051803241217,0.14755555518349506,0.12939228770554564,0.01508449006052748
2019-06-13,Trending_Up,High_Vol,Trending_Up_High_Vol,Trending_Up_High_Vol,0.18018581001720782,0.14725807189652534,0.12927520295326927,0.01443514754204307
2019-06-14,Trending_Up,High_Vol,Trending_Up_High_Vol,Trending_Up_High_Vol,0.1829202045157508,0.14661576772582985,0.12961382570117086,0.02194225149299097
2019-06-17,Trending_Up,High_Vol,Trending_Up_High_Vol,Trending_Up_High_Vol,0.18591285272514915,0.14837913803602756,0.12977486332879687,0.0344457706499282
2019-06-18,Trending_Up,Medium_Vol,Trending_Up_Medium_Vol,Trending_Up_Medium_Vol,0.12975404543619287,0.14818162335640409,0.12978150083171913,0.03284511468311431
2019-06-19,Trending_Up,Medium_Vol,Trending_Up_Medium_Vol,Trending_Up_Medium_Vol,0.12477903625922426,0.1475605706825605,0.1297829601514696,0.03284923467172375
2019-06-20,Trending_Up,Medium_Vol,Trending_Up_Medium_Vol,Trending_Up_Medium_Vol,0.13172253944397957,0.14962695207232163,0.13100603232984492,0.0212432267589221
2019-06-21,Trending_Up,Medium_Vol,Trending_Up_Medium_Vol,Trending_Up_Medium_Vol,0.13357221144299838,0.15060702141322616,0.1317752342250834,0.030148380178007743
2019-06-24,Trending_Up,Medium_Vol,Trending_Up_Medium_Vol,Trending_Up_Medium_Vol,0.12008480287085889,0.15018793209037995,0.13167389044874012,0.03217089066479248
2019-06-25,Trending_Up,Medium_Vol,Trending_Up_Medium_Vol,Trending_Up_Medium_Vol,0.12138640750326093,0.1507609360253607,0.13140213355619199,0.02416332927393279
2019-06-26,Trending_Up,Medium_Vol,Trending_Up_Medium_Vol,Trending_Up_Medium_Vol,0.12257987632470309,0.14996575991995248,0.13151008536872538,0.01993622096064401
2019-06-27,Trending_Up,Medium_Vol,Trending_Up_Medium_Vol,Trending_Up_Medium_Vol,0.12094568703519958,0.149976312826775,0.13101007752762542,0.020432558411946352
2019-06-28,Trending_Up,Medium_Vol,Trending_Up_Medium_Vol,Trending_Up_Medium_Vol,0.11877072889934076,0.1501466939171764,0.12988523947742067,0.024792071849369986
2019-07-01,Trending_Up,Medium_Vol,Trending_Up_Medium_Vol,Trending_Up_Medium_Vol,0.12130116540928487,0.15056721701946899,0.1301370797961199,0.018443088618127546
2019-07-02,Trending_Up,Medium_Vol,Trending_Up_Medium_Vol,Trending_Up_Medium_Vol,0.11051526737464175,0.14968168482549543,0.13019164465415922,0.014745358449107033
2019-07-03,Trending_Up,Low_Vol,Trending_Up_Low_Vol,Trending_Up_Low_Vol,0.1090998404975389,0.14950679787766183,0.12774649119624343,0.014211779532138941
2019-07-04,Trending_Up,Low_Vol,Trending_Up_Low_Vol,Trending_Up_Low_Vol,0.09525959986487709,0.14619271841664896,0.1275389040411598,0.011730092275627237
2019-07-05,Trending_Up,Low_Vol,Trending_Up_Low_Vol,Trending_Up_Low_Vol,0.10370282548440223,0.14858063972371807,0.12901870836126378,0.022947286361423982
2019-07-08,Trending_Up,Medium_Vol,Trending_Up_Medium_Vol,Trending_Up_Medium_Vol,0.12635329999699058,0.1536149845363858,0.13372914255262974,0.0438390215430973
2019-07-09,Trending_Up,Medium_Vol,Trending_Up_Medium_Vol,Trending_Up_Medium_Vol,0.12502005163947216,0.15278770507993517,0.13253879718204054,0.04406230876891105
2019-07-10,Trending_Up,Medium_Vol,Trending_Up_Medium_Vol,Trending_Up_Medium_Vol,0.12500918245966142,0.15148750194462648,0.1328156679232514,0.048777514556283284
2019-07-11,Trending_Up,Medium_Vol,Trending_Up_Medium_Vol,Trending_Up_Medium_Vol,0.1288461728953999,0.15246949733375315,0.1319042544757957,0.04182879023805052
2019-07-12,Trending_Up,Medium_Vol,Trending_Up_Medium_Vol,Trending_Up_Medium_Vol,0.12684243834127196,0.1525135335246869,0.13170039135345007,0.04434359897161853
2019-07-15,Trending_Up,Medium_Vol,Trending_Up_Medium_Vol,Trending_Up_Medium_Vol,0.11981998511971904,0.15268605968666463,0.13141654271168818,0.0413780150137232
2019-07-16,Trending_Up,Medium_Vol,Trending_Up_Medium_Vol,Trending_Up_Medium_Vol,0.1220322596911211,0.15178262368319098,0.13099598846991564,0.035235839053856736
2019-07-17,Trending_Up,Medium_Vol,Trending_Up_Medium_Vol,Trending_Up_Medium_Vol,0.12228948425053805,0.150489958569322,0.1309304211211419,0.03317600631731587
2019-07-18,Trending_Up,Medium_Vol,Trending_Up_Medium_Vol,Trending_Up_Medium_Vol,0.1165719642721469,0.14897088446774687,0.1309254538694835,0.040670669518345054
2019-07-19,Trending_Up,Medium_Vol,Trending_Up_Medium_Vol,Trending_Up_Medium_Vol,0.12416420709770219,0.15265661212758763,0.13326354984248187,0.05536642653595801
2019-07-22,Trending_Up,Medium_Vol,Trending_Up_Medium_Vol,Trending_Up_Medium_Vol,0.12546826896907806,0.15330605054844676,0.13243634469943075,0.061409318848745925
2019-07-23,Trending_Up,Medium_Vol,Trending_Up_Medium_Vol,Trending_Up_Medium_Vol,0.12005721918749074,0.15097405503243497,0.13227501419893462,0.0626626032269205
2019-07-24,Trending_Up,Medium_Vol,Trending_Up_Medium_Vol,Trending_Up_Medium_Vol,0.11818285662014505,0.15080167690739169,0.13259388844372103,0.06760529701280629
2019-07-25,Trending_Up,Medium_Vol,Trending_Up_Medium_Vol,Trending_Up_Medium_Vol,0.11799660698202766,0.15025283788220029,0.13205546551662156,0.06918939224109204
2019-07-26,Trending_Up,Medium_Vol,Trending_Up_Medium_Vol,Trending_Up_Medium_Vol,0.11925790691787566,0.14904196136168563,0.13191617604571673,0.06652989920165123
2019-07-29,Trending_Up,Medium_Vol,Trending_Up_Medium_Vol,Trending_Up_Medium_Vol,0.11661615474048152,0.1470943466524769,0.13257820362975817,0.07439681549115718
2019-07-30,Sideways,Medium_Vol,Sideways_Medium_Vol,Sideways_Medium_Vol,0.11590796763093734,0.12119424339637803,0.1334374998963301,0.08298343724186959
2019-07-31,Sideways,Medium_Vol,Sideways_Medium_Vol,Sideways_Medium_Vol,0.11733717839247437,0.11984549700403668,0.133126573783118,0.08028670273676303
2019-08-01,Sideways,Medium_Vol,Sideways_Medium_Vol,Sideways_Medium_Vol,0.11924107435763845,0.1222591510856419,0.13342160137505144,0.09170246411671686
2019-08-02,Sideways,Medium_Vol,Sideways_Medium_Vol,Sideways_Medium_Vol,0.11775757713742085,0.12174738005436486,0.1331060436560662,0.09026725396700373
2019-08-05,Sideways,Low_Vol,Sideways_Low_Vol,Sideways_Low_Vol,0.10293365451578788,0.11771777927106426,0.13451272361458244,0.10141416589416881
2019-08-06,Sideways,Low_Vol,Sideways_Low_Vol,Sideways_Low_Vol,0.10972169925859276,0.11814169802582868,0.13507713027041113,0.09432891646319173
2019-08-07,Sideways,Medium_Vol,Sideways_Medium_Vol,Sideways_Medium_Vol,0.11139418787522744,0.11902022059140269,0.13433351312007324,0.10200146623124041
2019-08-08,Sideways,Medium_Vol,Sideways_Medium_Vol,Sideways_Medium_Vol,0.1259036368675842,0.1254461176160088,0.1355177660251723,0.08736363140643082
2019-08-09,Sideways,Medium_Vol,Sideways_Medium_Vol,Sideways_Medium_Vol,0.1302358977725944,0.1253932142573072,0.13586859577446309,0.08097740670952262
2019-08-13,Sideways,Medium_Vol,Sideways_Medium_Vol,Sideways_Medium_Vol,0.13858950408526877,0.12990984720949736,0.13833069781345864,0.09618194192835663
2019-08-14,Sideways,Medium_Vol,Sideways_Medium_Vol,Sideways_Medium_Vol,0.14171831656030914,0.12753303279088538,0.13866965441169796,0.08761592012069143
2019-08-16,Sideways,Medium_Vol,Sideways_Medium_Vol,Sideways_Medium_Vol,0.14151445154986736,0.1274736259673867,0.13859887556676892,0.08609386707381848
2019-08-19,Sideways,Medium_Vol,Sideways_Medium_Vol,Sideways_Medium_Vol,0.14070683750138877,0.12394415949831897,0.13822003601178873,0.08558920886120687
2019-08-20,Sideways,Medium_Vol,Sideways_Medium_Vol,Sideways_Medium_Vol,0.13224159478717626,0.12374101953261207,0.13829645056741238,0.08864171650035242
2019-08-21,Sideways,Medium_Vol,Sideways_Medium_Vol,Sideways_Medium_Vol,0.13371219708684157,0.12411335084322464,0.13871681795476665,0.0967733622540377
2019-08-22,Sideways,Medium_Vol,Sideways_Medium_Vol,Sideways_Medium_Vol,0.14304487353551879,0.1276765052957011,0.1403274494598949,0.1114443185559036
2019-08-23,Sideways,High_Vol,Sideways_High_Vol,Sideways_High_Vol,0.14765661840941016,0.1295741010420786,0.1397336380965294,0.10416470260346927
2019-08-26,Sideways,High_Vol,Sideways_High_Vol,Sideways_High_Vol,0.1688426810068089,0.1393745528716087,0.14381770829573864,0.08526251799970513
2019-08-27,Sideways,High_Vol,Sideways_High_Vol,Sideways_High_Vol,0.1693343051638177,0.1392306355219005,0.14288372591240772,0.08133317984356161
2019-08-28,Sideways,High_Vol,Sideways_High_Vol,Sideways_High_Vol,0.16782252526785515,0.13703426738733634,0.1423733847143689,0.08623451217517222
2019-08-29,Sideways,High_Vol,Sideways_High_Vol,Sideways_High_Vol,0.16753861436264672,0.1379885824769889,0.1428169077186895,0.09432479647458229
2019-08-30,Sideways,High_Vol,Sideways_High_Vol,Sideways_High_Vol,0.16918899507331803,0.13916509105845717,0.14305279271582608,0.08812469832191248
2019-09-03,Sideways,High_Vol,Sideways_High_Vol,Sideways_High_Vol,0.1788911671490605,0.14243387077084363,0.14641961478027343,0.10676627345010674
2019-09-04,Sideways,High_Vol,Sideways_High_Vol,Sideways_High_Vol,0.17963601063473658,0.14207889526630368,0.1462660208400289,0.102898977475376
2019-09-05,Sideways,High_Vol,Sideways_High_Vol,Sideways_High_Vol,0.17431859030541988,0.14213087834366211,0.1460892068979097,0.10263012802258722
2019-09-06,Sideways,High_Vol,Sideways_High_Vol,Sideways_High_Vol,0.1750738957022784,0.14241941787049892,0.14654441152029654,0.09449848226890196
2019-09-09,Sideways,High_Vol,Sideways_High_Vol,Sideways_High_Vol,0.17296046351229244,0.14261252114685546,0.146407146752972,0.08979571723144844
2019-09-11,Sideways,High_Vol,Sideways_High_Vol,Sideways_High_Vol,0.16324492856970943,0.14294210509067412,0.1464889846520505,0.08709478195364205
2019-09-12,Sideways,High_Vol,Sideways_High_Vol,Sideways_High_Vol,0.16196414657733657,0.1429822185515363,0.1464710906129129,0.09147085612959384
2019-09-13,Trending_Down,High_Vol,Trending_Down_High_Vol,Trending_Down_High_Vol,0.15325828876646547,0.14360682421094353,0.146993758480997,0.08376930487309829
2019-09-16,Trending_Down,High_Vol,Trending_Down_High_Vol,Trending_Down_High_Vol,0.1516642457554787,0.14358668924668244,0.14662294760465594,0.08975847576578269
2019-09-17,Trending_Down,High_Vol,Trending_Down_High_Vol,Trending_Down_High_Vol,0.1627446215657722,0.14756580344672207,0.14883646425006328,0.10513669677893636
2019-09-18,Trending_Down,High_Vol,Trending_Down_High_Vol,Trending_Down_High_Vol,0.16304081921325508,0.14750894525790056,0.1475058198525058,0.10322986910957756
2019-09-19,Trending_Down,High_Vol,Trending_Down_High_Vol,Trending_Down_High_Vol,0.16803613036710563,0.1479214585477365,0.14870488271223511,0.11446782470660229
2019-09-20,Sideways,High_Vol,Sideways_High_Vol,Sideways_High_Vol,0.25382243468679266,0.18703653446015994,0.17028365503560566,0.06736536826437402
2019-09-23,Sideways,High_Vol,Sideways_High_Vol,Sideways_High_Vol,0.2619163220195514,0.1983033138191436,0.1761299923951636,0.040397700076946846
2019-09-24,Sideways,High_Vol,Sideways_High_Vol,Sideways_High_Vol,0.2619961260714267,0.1979821323971453,0.1754529080586861,0.041390374979551524
2019-09-25,Sideways,High_Vol,Sideways_High_Vol,Sideways_High_Vol,0.2594255414025348,0.1994176120644263,0.17660462984683134,0.05363336544500926
2019-09-26,Sideways,High_Vol,Sideways_High_Vol,Sideways_High_Vol,0.26156357663293883,0.20102427849802293,0.1775451710667787,0.042796664424908155
2019-09-27,Sideways,High_Vol,Sideways_High_Vol,Sideways_High_Vol,0.26146838557965163,0.20123717604646243,0.17771683060972307,0.04766075529085302
2019-09-30,Sideways,High_Vol,Sideways_High_Vol,Sideways_High_Vol,0.2590867255745161,0.20081360435273216,0.17712241785396493,0.0508001058271584
2019-10-01,Sideways,High_Vol,Sideways_High_Vol,Sideways_High_Vol,0.2621883841810851,0.20191385970479894,0.17729952945913177,0.06027599884478751
2019-10-03,Sideways,High_Vol,Sideways_High_Vol,Sideways_High_Vol,0.2500552049190044,0.20139867417679264,0.1763757467449201,0.06407301266088657
2019-10-04,Trending_Down,High_Vol,Trending_Down_High_Vol,Trending_Down_High_Vol,0.25531736954323087,0.20036359992557767,0.17727901323046688,0.07559217767652839
2019-10-07,Trending_Down,High_Vol,Trending_Down_High_Vol,Trending_Down_High_Vol,0.25616160163222845,0.20009628542983254,0.17738181089182684,0.07959179799130359
2019-10-09,Sideways,High_Vol,Sideways_High_Vol,Sideways_High_Vol,0.26066700457860437,0.203728514071451,0.17841261518718254,0.06413093485368991
2019-10-10,Trending_Down,High_Vol,Trending_Down_High_Vol,Trending_Down_High_Vol,0.26212002047177524,0.20399029366218863,0.17847254042637883,0.07064536390203313
2019-10-11,Sideways,High_Vol,Sideways_High_Vol,Sideways_High_Vol,0.2626834931354986,0.20443087260609077,0.17849077613224978,0.06481339884923064
2019-10-14,Sideways,High_Vol,Sideways_High_Vol,Sideways_High_Vol,0.26174068109122606,0.2044549528902823,0.17800243726682655,0.06182705338010732
2019-10-15,Sideways,High_Vol,Sideways_High_Vol,Sideways_High_Vol,0.26148483213326545,0.20416557340373676,0.17716097587217844,0.054617800370395056
2019-10-16,Sideways,High_Vol,Sideways_High_Vol,Sideways_High_Vol,0.25969426959927977,0.20300542769479532,0.16711270866065922,0.05166457637832805
2019-10-17,Sideways,High_Vol,Sideways_High_Vol,Sideways_High_Vol,0.25113828724569454,0.20417305439721348,0.1672561775093266,0.041543460830823976
2019-10-18,Sideways,High_Vol,Sideways_High_Vol,Sideways_High_Vol,0.2512908423217998,0.2022362402271253,0.16753491107276317,0.03529788123526953
2019-10-22,Sideways,High_Vol,Sideways_High_Vol,Sideways_High_Vol,0.24686375049766146,0.20294994094112098,0.1674763069825545,0.0413780150137232
2019-10-23,Sideways,High_Vol,Sideways_High_Vol,Sideways_High_Vol,0.1651568098191828,0.2006221975193368,0.1655046661084894,0.04007512920405455
2019-10-24,Sideways,Medium_Vol,Sideways_Medium_Vol,Sideways_Medium_Vol,0.12970939676107718,0.20019373857846642,0.1651481844537134,0.04185367173788794
2019-10-25,Sideways,Medium_Vol,Sideways_Medium_Vol,Sideways_Medium_Vol,0.1296571466409888,0.19898394415486118,0.16514659220884728,0.041746067329500126
2019-10-29,Sideways,Medium_Vol,Sideways_Medium_Vol,Sideways_Medium_Vol,0.1345349540477641,0.19947255727417193,0.16729471615316024,0.024957517666470766
2019-10-30,Sideways,Medium_Vol,Sideways_Medium_Vol,Sideways_Medium_Vol,0.13004548811345953,0.19922138153272181,0.16708450290532573,0.020221631151960934
2019-10-31,Sideways,Medium_Vol,Sideways_Medium_Vol,Sideways_Medium_Vol,0.1279928947320747,0.19497034257080134,0.16711695178007702,0.017462773681351195
2019-11-01,Sideways,Medium_Vol,Sideways_Medium_Vol,Sideways_Medium_Vol,0.12670986804222623,0.19416686814074177,0.16563859330536995,0.016375015904367792
2019-11-04,Sideways,Medium_Vol,Sideways_Medium_Vol,Sideways_Medium_Vol,0.11897447683894805,0.19426055184562355,0.1655523808524,0.01218094828404494
2019-11-05,Sideways,Medium_Vol,Sideways_Medium_Vol,Sideways_Medium_Vol,0.11770395560183874,0.19441946840326554,0.16388185257785864,0.014174538066473188
2019-11-06,Sideways,Low_Vol,Sideways_Low_Vol,Sideways_Low_Vol,0.10366467050064236,0.19416914672264773,0.16396875809176667,0.010133556297422786
2019-11-07,Sideways,Low_Vol,Sideways_Low_Vol,Sideways_Low_Vol,0.09951242680340515,0.19267787095536473,0.16393531689818835,0.006328302504104841
2019-11-08,Sideways,Low_Vol,Sideways_Low_Vol,Sideways_Low_Vol,0.09656928255312767,0.18971553756954973,0.16442740522635432,0.014923164232036143
2019-11-11,Trending_Up,Low_Vol,Trending_Up_Low_Vol,Trending_Up_Low_Vol,0.09023194720692036,0.1892397090571703,0.16423543859663303,0.014484748973537152
2019-11-13,Trending_Up,Low_Vol,Trending_Up_Low_Vol,Trending_Up_Low_Vol,0.09480044123512689,0.18491340645107682,0.16452537148233523,0.02052352129771563
2019-11-14,Trending_Up,Low_Vol,Trending_Up_Low_Vol,Trending_Up_Low_Vol,0.09475580641993371,0.18482012771631756,0.16412461597089542,0.01790538971255001
2019-11-15,Trending_Up,Low_Vol,Trending_Up_Low_Vol,Trending_Up_Low_Vol,0.09260142639430148,0.18417716184472852,0.16284397540947054,0.015973761327444172
2019-11-18,Trending_Up,Low_Vol,Trending_Up_Low_Vol,Trending_Up_Low_Vol,0.09307435524579413,0.18272842703372025,0.1628383179751198,0.01687959333288902
2019-11-19,Trending_Up,Low_Vol,Trending_Up_Low_Vol,Trending_Up_Low_Vol,0.08779422395064904,0.18247951814351085,0.16299183366632186,0.012280231931123485
2019-11-20,Trending_Up,Low_Vol,Trending_Up_Low_Vol,Trending_Up_Low_Vol,0.08677740758587821,0.17542680286152804,0.1620804883049664,0.007399580326650469
2019-11-21,Trending_Up,Low_Vol,Trending_Up_Low_Vol,Trending_Up_Low_Vol,0.0832941284243912,0.17567222632900997,0.16145761865450253,0.00993910899187514
2019-11-22,Trending_Up,Low_Vol,Trending_Up_Low_Vol,Trending_Up_Low_Vol,0.08610493661258563,0.1762475260442796,0.16159311733039444,0.014406146053596205
2019-11-25,Trending_Up,Low_Vol,Trending_Up_Low_Vol,Trending_Up_Low_Vol,0.095122637315982,0.1774063481993279,0.1624398608166848,0.001224282889727697
2019-11-26,Trending_Up,Low_Vol,Trending_Up_Low_Vol,Trending_Up_Low_Vol,0.09660354713758142,0.17760476130684624,0.16239102221373017,0.004206427586151184
2019-11-27,Trending_Up,Low_Vol,Trending_Up_Low_Vol,Trending_Up_Low_Vol,0.07846538673615255,0.17775027974648858,0.16258204163157775,0.0
2019-11-28,Trending_Up,Low_Vol,Trending_Up_Low_Vol,Trending_Up_Low_Vol,0.0780919450345317,0.1771511546527908,0.16252107552510983,0.0
2019-11-29,Trending_Up,Low_Vol,Trending_Up_Low_Vol,Trending_Up_Low_Vol,0.08423319573258144,0.17790477422595308,0.16273212640806362,0.007826467690735943
2019-12-02,Trending_Up,Low_Vol,Trending_Up_Low_Vol,Trending_Up_Low_Vol,0.08436816594374166,0.17698180471142452,0.1626374601675008,0.008472464910970846
2019-12-03,Trending_Up,Low_Vol,Trending_Up_Low_Vol,Trending_Up_Low_Vol,0.08513787518481465,0.1723445408569659,0.1628034058191708,0.01291648858478388
2019-12-04,Trending_Up,Low_Vol,Trending_Up_Low_Vol,Trending_Up_Low_Vol,0.08575019313412813,0.17240079617492088,0.16288127102926064,0.008883948584472053
2019-12-05,Trending_Up,Low_Vol,Trending_Up_Low_Vol,Trending_Up_Low_Vol,0.08514412750929082,0.1693869699066572,0.16187874610770264,0.010924891531457042
2019-12-06,Trending_Up,Low_Vol,Trending_Up_Low_Vol,Trending_Up_Low_Vol,0.08885354160119122,0.12483729336416977,0.15870296190919173,0.018899477271072423
2019-12-09,Trending_Up,Low_Vol,Trending_Up_Low_Vol,Trending_Up_Low_Vol,0.083406618774284,0.10742809745733839,0.15870771976286507,0.01758272951586856
2019-12-10,Trending_Up,Low_Vol,Trending_Up_Low_Vol,Trending_Up_Low_Vol,0.08690092843455992,0.10863720161770833,0.1588896859498205,0.02422409207975904
2019-12-11,Trending_Up,Low_Vol,Trending_Up_Low_Vol,Trending_Up_Low_Vol,0.08550197811818636,0.10464755733587236,0.15863956641342292,0.01983351306275817
2019-12-12,Trending_Up,Low_Vol,Trending_Up_Low_Vol,Trending_Up_Low_Vol,0.08687132740438108,0.10229305422222193,0.15875333239581024,0.014759967589231279
2019-12-13,Trending_Up,Low_Vol,Trending_Up_Low_Vol,Trending_Up_Low_Vol,0.09268706535914752,0.1033284004674521,0.15936780264788483,0.005304040625011553
2019-12-16,Trending_Up,Low_Vol,Trending_Up_Low_Vol,Trending_Up_Low_Vol,0.09334632008059576,0.10321138696423159,0.15916032167870164,0.007999258686444457
2019-12-17,Trending_Up,Low_Vol,Trending_Up_Low_Vol,Trending_Up_Low_Vol,0.0972016977123952,0.10168535402149434,0.15975451364109194,0.0
2019-12-18,Trending_Up,Low_Vol,Trending_Up_Low_Vol,Trending_Up_Low_Vol,0.09705193397732276,0.10116969567063736,0.1593467664065818,0.0
2019-12-19,Trending_Up,Low_Vol,Trending_Up_Low_Vol,Trending_Up_Low_Vol,0.0964287782758519,0.09609115143461887,0.15734104579485966,0.0
2019-12-20,Trending_Up,Low_Vol,Trending_Up_Low_Vol,Trending_Up_Low_Vol,0.09403901480014824,0.09506303770231343,0.15692232212685855,0.0
2019-12-23,Trending_Up,Low_Vol,Trending_Up_Low_Vol,Trending_Up_Low_Vol,0.08310132951989699,0.08896044768874695,0.1569041698263191,0.0007374472230261788
2019-12-24,Trending_Up,Low_Vol,Trending_Up_Low_Vol,Trending_Up_Low_Vol,0.08373594517375692,0.08770707589602082,0.15678549385635498,0.004665167368370206
2019-12-26,Trending_Up,Low_Vol,Trending_Up_Low_Vol,Trending_Up_Low_Vol,0.08648297404242607,0.08928851665320035,0.15725637807922552,0.011836079655122664
2019-12-27,Trending_Up,Low_Vol,Trending_Up_Low_Vol,Trending_Up_Low_Vol,0.09215164515359481,0.09119125437557403,0.157877821651618,0.0021186786301768622
2019-12-30,Trending_Up,Low_Vol,Trending_Up_Low_Vol,Trending_Up_Low_Vol,0.08686876108892537,0.09011306050987845,0.1571730187749676,0.0012997437675284966
2019-12-31,Trending_Up,Low_Vol,Trending_Up_Low_Vol,Trending_Up_Low_Vol,0.09127416855360486,0.09203340289714468,0.1568539302536966,0.0084217157238438
2020-01-01,Trending_Up,Low_Vol,Trending_Up_Low_Vol,Trending_Up_Low_Vol,0.08935626356769152,0.08944463474610319,0.15682273256486512,0.007276830302706687
2020-01-02,Trending_Up,Low_Vol,Trending_Up_Low_Vol,Trending_Up_Low_Vol,0.09248789168477721,0.0900479983417095,0.15575609496870427,0.0
2020-01-03,Trending_Up,Low_Vol,Trending_Up_Low_Vol,Trending_Up_Low_Vol,0.093969900220414,0.08938654310155171,0.15601612737850104,0.0045227893866035965
2020-01-06,Trending_Up,Medium_Vol,Trending_Up_Medium_Vol,Trending_Up_Medium_Vol,0.11395337995271371,0.10021877088051843,0.1578780847606107,0.02354223071004446
2020-01-07,Trending_Up,Medium_Vol,Trending_Up_Medium_Vol,Trending_Up_Medium_Vol,0.11511787695011125,0.10050764741936045,0.15762553353807282,0.018665222545997357
2020-01-08,Trending_Up,Medium_Vol,Trending_Up_Medium_Vol,Trending_Up_Medium_Vol,0.11243770153752335,0.10073857929590165,0.15698315572220362,0.020912424635085088
2020-01-09,Trending_Up,Medium_Vol,Trending_Up_Medium_Vol,Trending_Up_Medium_Vol,0.12409216592335803,0.0993675887154451,0.1568724847083907,0.005398039734998239
2020-01-10,Trending_Up,Medium_Vol,Trending_Up_Medium_Vol,Trending_Up_Medium_Vol,0.12350250694280851,0.09910300527061199,0.15662809688559443,0.0020680651854782547
2020-01-13,Trending_Up,Medium_Vol,Trending_Up_Medium_Vol,Trending_Up_Medium_Vol,0.12085799624555336,0.09969056674914292,0.15425459481004236,0.0
2020-01-14,Trending_Up,Medium_Vol,Trending_Up_Medium_Vol,Trending_Up_Medium_Vol,0.12015903062846015,0.09977838909945445,0.15370821304130997,0.0
2020-01-15,Trending_Up,Medium_Vol,Trending_Up_Medium_Vol,Trending_Up_Medium_Vol,0.11677038159184298,0.09959172020113176,0.15376689358850762,0.0015369308543055748
2020-01-16,Trending_Up,Medium_Vol,Trending_Up_Medium_Vol,Trending_Up_Medium_Vol,0.11586654265717249,0.09940108693492464,0.15376409720859083,0.0005500436646037067
2020-01-17,Trending_Up,Medium_Vol,Trending_Up_Medium_Vol,Trending_Up_Medium_Vol,0.11550228334765603,0.09912502924374536,0.15361234118694672,0.00080488222011305
2020-01-20,Trending_Up,Medium_Vol,Trending_Up_Medium_Vol,Trending_Up_Medium_Vol,0.12158611434505667,0.10185842598482357,0.1538673284128734,0.011142748693715418
2020-01-21,Trending_Up,Medium_Vol,Trending_Up_Medium_Vol,Trending_Up_Medium_Vol,0.1225394376637281,0.1003773949738716,0.15159338330467653,0.015567507531206072
2020-01-22,Trending_Up,Medium_Vol,Trending_Up_Medium_Vol,Trending_Up_Medium_Vol,0.12309853098441323,0.10116924051301754,0.1515298927619734,0.02065953892864323
2020-01-23,Trending_Up,Medium_Vol,Trending_Up_Medium_Vol,Trending_Up_Medium_Vol,0.12240051551887882,0.10086226735365686,0.14834007921274128,0.014718151006458253
2020-01-24,Trending_Up,Medium_Vol,Trending_Up_Medium_Vol,Trending_Up_Medium_Vol,0.11885972402365874,0.10138005812222485,0.14842605716984592,0.0092256138816707
2020-01-27,Trending_Up,Medium_Vol,Trending_Up_Medium_Vol,Trending_Up_Medium_Vol,0.1245829932662053,0.10439118424685355,0.14922386886079617,0.019680788245828362
2020-01-28,Trending_Up,Medium_Vol,Trending_Up_Medium_Vol,Trending_Up_Medium_Vol,0.12341693001333034,0.10511192491525327,0.14872502728576129,0.024793121412876772
2020-01-29,Trending_Up,Medium_Vol,Trending_Up_Medium_Vol,Trending_Up_Medium_Vol,0.12550215131122333,0.10546753332354825,0.14865635058013346,0.018831431721080545
2020-01-30,Trending_Up,Medium_Vol,Trending_Up_Medium_Vol,Trending_Up_Medium_Vol,0.12412369267875399,0.10645216059123448,0.14532022186849083,0.026410943364777378
2020-01-31,Trending_Up,Medium_Vol,Trending_Up_Medium_Vol,Trending_Up_Medium_Vol,0.12485687394480982,0.10720530467782903,0.14568075962423102,0.032372633056573605
2020-02-03,Trending_Up,Medium_Vol,Trending_Up_Medium_Vol,Trending_Up_Medium_Vol,0.12912607105333904,0.11697823498005372,0.14990820594378454,0.0529350868690603
2020-02-04,Trending_Up,High_Vol,Trending_Up_High_Vol,Trending_Up_High_Vol,0.1543821500055526,0.1247291387179918,0.15353039537356736,0.03095293109761083
2020-02-05,Trending_Up,High_Vol,Trending_Up_High_Vol,Trending_Up_High_Vol,0.15768525908883724,0.12626086722653412,0.15393550953793467,0.022095355910955017
2020-02-06,Trending_Up,High_Vol,Trending_Up_High_Vol,Trending_Up_High_Vol,0.14749782605483233,0.12603978968071605,0.15397986284963894,0.01814788614736004
2020-02-07,Trending_Up,High_Vol,Trending_Up_High_Vol,Trending_Up_High_Vol,0.1472080179550849,0.12590772820775925,0.15385239619446622,0.021351221009250736
2020-02-10,Trending_Up,High_Vol,Trending_Up_High_Vol,Trending_Up_High_Vol,0.14606660262091123,0.12528185313564122,0.15372912262858351,0.026758759285393507
2020-02-11,Trending_Up,High_Vol,Trending_Up_High_Vol,Trending_Up_High_Vol,0.14793076652153025,0.12608105918234647,0.1535088429785039,0.0205786478310482
2020-02-12,Trending_Up,High_Vol,Trending_Up_High_Vol,Trending_Up_High_Vol,0.15108849480620687,0.1267554585998232,0.15115747845780375,0.013031524224474376
2020-02-13,Trending_Up,High_Vol,Trending_Up_High_Vol,Trending_Up_High_Vol,0.15108262965130603,0.12659181821497498,0.15124808825021138,0.01517916706657993
2020-02-14,Trending_Up,High_Vol,Trending_Up_High_Vol,Trending_Up_High_Vol,0.15184630065321505,0.1270445200047612,0.1499769015794461,0.02012971803843828
2020-02-17,Trending_Up,High_Vol,Trending_Up_High_Vol,Trending_Up_High_Vol,0.1488421552271894,0.12633663190863503,0.12516341937789002,0.025602032388827075
2020-02-18,Trending_Up,High_Vol,Trending_Up_High_Vol,Trending_Up_High_Vol,0.14882546615918177,0.12674027556057685,0.11694763039046989,0.02991351209159969
2020-02-19,Trending_Up,High_Vol,Trending_Up_High_Vol,Trending_Up_High_Vol,0.1534872288458641,0.12809709296237584,0.11816502902844216,0.019122608074337653
2020-02-20,Trending_Up,High_Vol,Trending_Up_High_Vol,Trending_Up_High_Vol,0.1523865100040797,0.12809925045251305,0.11644158282552722,0.022766815217163765
2020-02-24,Trending_Up,High_Vol,Trending_Up_High_Vol,Trending_Up_High_Vol,0.1668445025112343,0.13606889412200687,0.1199791990614271,0.043106818511264126
2020-02-25,Trending_Up,High_Vol,Trending_Up_High_Vol,Trending_Up_High_Vol,0.16360234455847594,0.13429963268291303,0.11976691210272011,0.04565488808550758
2020-02-26,Sideways,High_Vol,Sideways_High_Vol,Sideways_High_Vol,0.16607078236854037,0.13596158434800149,0.12077033296124613,0.05531331673643919
2020-02-27,Sideways,High_Vol,Sideways_High_Vol,Sideways_High_Vol,0.1637360457785453,0.1342691139549334,0.11984403592179595,0.058969610146777054
2020-02-28,Sideways,High_Vol,Sideways_High_Vol,Sideways_High_Vol,0.2052110100332803,0.1563519093091187,0.1335696226773213,0.09387814751486986
2020-03-02,Sideways,High_Vol,Sideways_High_Vol,Sideways_High_Vol,0.20521720155807557,0.1562716986668593,0.13248733402035892,0.09945963324892695
2020-03-03,Sideways,High_Vol,Sideways_High_Vol,Sideways_High_Vol,0.20433248635230686,0.16086850161207386,0.13451065240504095,0.08566367235313704
2020-03-04,Sideways,High_Vol,Sideways_High_Vol,Sideways_High_Vol,0.18203730508756388,0.16099914780920008,0.1320559817211021,0.08989426095831463
2020-03-05,Sideways,High_Vol,Sideways_High_Vol,Sideways_High_Vol,0.17723352762606423,0.1610785033933711,0.13160928181405385,0.08843822120160408
2020-03-06,Sideways,High_Vol,Sideways_High_Vol,Sideways_High_Vol,0.19018112615039748,0.1689082124500605,0.13701410706032077,0.11105131173525229
2020-03-09,Sideways,High_Vol,Sideways_High_Vol,Crash,0.24597827226723692,0.19709686787293831,0.15720383647317798,0.15457072224137855
2020-03-11,Sideways,High_Vol,Sideways_High_Vol,Crash,0.24750509456721959,0.19708130304658483,0.15663710788906818,0.1540085133140506
2020-03-12,Sideways,High_Vol,Sideways_High_Vol,Crash,0.36134227396109664,0.26649697160863184,0.2037103644595601,0.22424220880093562
2020-03-13,Sideways,High_Vol,Sideways_High_Vol,Crash,0.3968794590059888,0.28297501764989413,0.21240071841131028,0.19471292942291232
2020-03-16,Sideways,High_Vol,Sideways_High_Vol,Crash,0.4598106479585052,0.32472058320557307,0.2428620362704855,0.25601218738138376
2020-03-17,Sideways,High_Vol,Sideways_High_Vol,Crash,0.4604015251677779,0.3276401247526956,0.24546637389204526,0.27464549910952646
2020-03-18,Sideways,High_Vol,Sideways_High_Vol,Crash,0.48125652136652336,0.3449271346325703,0.25945834591522465,0.3149494884862503
2020-03-19,Trending_Down,High_Vol,Trending_Down_High_Vol,Crash,0.47952113956970344,0.3460756425133292,0.2616309785165599,0.33156044377930477
2020-03-20,Trending_Down,High_Vol,Trending_Down_High_Vol,Crash,0.542668834798674,0.3760323766374592,0.2792539807491682,0.29257093473850015
2020-03-23,Trending_Down,High_Vol,Trending_Down_High_Vol,Crash,0.6744764684623092,0.4642085807885297,0.3428562708021647,0.384398524527421
2020-03-24,Trending_Down,High_Vol,Trending_Down_High_Vol,Crash,0.6948570677983399,0.46970505148366276,0.3456939473378761,0.3689645189053317
2020-03-25,Trending_Down,High_Vol,Trending_Down_High_Vol,Crash,0.7574399606879754,0.49793575330586065,0.3630691941893433,0.3271600154672626
2020-03-26,Trending_Down,High_Vol,Trending_Down_High_Vol,Crash,0.7822492426392309,0.5082217236672901,0.36914073324225904,0.3009836088883833
2020-03-27,Trending_Down,High_Vol,Trending_Down_High_Vol,Crash,0.7835558918927136,0.5084807841331708,0.36905231823474166,0.2994628720526393
2020-03-30,Trending_Down,High_Vol,Trending_Down_High_Vol,Crash,0.7865843770608837,0.514963054037802,0.37470112102976644,0.33013276330388
2020-03-31,Trending_Down,High_Vol,Trending_Down_High_Vol,Crash,0.8077962704748793,0.5248790494184425,0.3803051676374646,0.30451856565232865
2020-04-01,Trending_Down,High_Vol,Trending_Down_High_Vol,Crash,0.8072433533381541,0.5301450677992482,0.3846402461414313,0.3323410744691818
2020-04-03,Trending_Down,High_Vol,Trending_Down_High_Vol,Crash,0.8066864913527623,0.5309443582706007,0.38551832825102544,0.3460925610603369
2020-04-07,Trending_Down,High_Vol,Trending_Down_High_Vol,Crash,0.8844139415661036,0.5723724282107548,0.4117763895691424,0.2887892759259325
2020-04-08,Trending_Down,High_Vol,Trending_Down_High_Vol,Crash,0.8830603788058697,0.5717391547870718,0.41175551135230126,0.29230400991547906
2020-04-09,Trending_Down,High_Vol,Trending_Down_High_Vol,Crash,0.8882794964688479,0.5810782386032192,0.4176142933564602,0.2629283762257588
2020-04-13,Trending_Down,High_Vol,Trending_Down_High_Vol,Crash,0.8883792135008628,0.5812165218609354,0.4178987043966601,0.2724776334930222
2020-04-15,Trending_Down,High_Vol,Trending_Down_High_Vol,Trending_Down_High_Vol,0.8407120542166775,0.5812403440414943,0.4179720333116832,0.278022702434119
2020-04-16,Trending_Down,High_Vol,Trending_Down_High_Vol,Trending_Down_High_Vol,0.8282028193653571,0.581396118774793,0.418123325377769,0.27256255334645446
2020-04-17,Trending_Down,High_Vol,Trending_Down_High_Vol,Recovery,0.7902195788167508,0.5868704965649713,0.42122763443967226,0.2504024213612534
2020-04-20,Trending_Down,High_Vol,Trending_Down_High_Vol,Recovery,0.7840319596101055,0.586926829268565,0.42123585464567487,0.25079881933755405
2020-04-21,Trending_Down,High_Vol,Trending_Down_High_Vol,Recovery,0.7639425592875858,0.5886049905532852,0.4235740230191387,0.27348063570607306
2020-04-22,Trending_Down,High_Vol,Trending_Down_High_Vol,Recovery,0.7590857216717483,0.588534541122414,0.42475173402696875,0.25682923486422105
2020-04-23,Trending_Down,High_Vol,Trending_Down_High_Vol,Recovery,0.7347676670700442,0.5891836330597607,0.4255225876505682,0.24658837451156274
2020-04-24,Trending_Down,High_Vol,Trending_Down_High_Vol,Recovery,0.5471071158902004,0.5895196727001775,0.4260085712531369,0.25949050457797007
2020-04-27,Trending_Down,High_Vol,Trending_Down_High_Vol,Recovery,0.5444189520921452,0.5910389196800977,0.42667825654942715,0.24914458059269318
2020-04-28,Trending_Down,High_Vol,Trending_Down_High_Vol,Recovery,0.5013174486174172,0.5920186258395109,0.42707754133594844,0.2411686709726957
2020-04-29,Trending_Down,High_Vol,Trending_Down_High_Vol,Recovery,0.48886036911920566,0.5937423890614439,0.4283134652241933,0.22721906438860273
2020-04-30,Trending_Down,High_Vol,Trending_Down_High_Vol,Recovery,0.49763788983844154,0.598722818127016,0.43168396945296167,0.20242183522467622
2020-05-04,Trending_Down,High_Vol,Trending_Down_High_Vol,Recovery,0.5180638785587015,0.6108101042954039,0.4405859943141619,0.24823858450058633
2020-05-05,Trending_Down,High_Vol,Trending_Down_High_Vol,Recovery,0.5065825706176409,0.6109053456124468,0.4407365757824444,0.2553489435772745
2020-05-06,Trending_Down,High_Vol,Trending_Down_High_Vol,Recovery,0.4792964474944492,0.6114773408019663,0.440886429599961,0.25006669170814905
2020-05-07,Trending_Down,High_Vol,Trending_Down_High_Vol,Recovery,0.4718629841748973,0.6115213523511881,0.4409408913652905,0.2558787644674794
2020-05-08,Trending_Down,High_Vol,Trending_Down_High_Vol,Recovery,0.36300004189737234,0.6109276525657521,0.4410574430836105,0.25163601059957763
2020-05-11,Trending_Down,High_Vol,Trending_Down_High_Vol,Recovery,0.36220384524869087,0.6109700116179829,0.4409329037860415,0.252630955300954
2020-05-12,Trending_Down,High_Vol,Trending_Down_High_Vol,Recovery,0.3329529395056506,0.609841499354036,0.4407929947278944,0.256080992211467
2020-05-13,Trending_Down,High_Vol,Trending_Down_High_Vol,Recovery,0.3358349554820807,0.6123360387599466,0.44185532135020306,0.24095435696119635
2020-05-14,Trending_Down,High_Vol,Trending_Down_High_Vol,Recovery,0.34878661664264893,0.6141492597667654,0.44343059119918604,0.26043291746303715
2020-05-15,Trending_Down,High_Vol,Trending_Down_High_Vol,Recovery,0.3480906917800172,0.6141990718950868,0.44305135878762697,0.2609102065369328
2020-05-18,Trending_Down,High_Vol,Trending_Down_High_Vol,Trending_Down_High_Vol,0.35137332263454774,0.6134632045846906,0.44576928661324855,0.28627762314464933
2020-05-19,Trending_Down,High_Vol,Trending_Down_High_Vol,Trending_Down_High_Vol,0.3526504955418491,0.6138792453184195,0.4459081115528644,0.2817598869420519
2020-05-20,Trending_Down,High_Vol,Trending_Down_High_Vol,Recovery,0.3448411886716092,0.6149420312930711,0.4474872608982776,0.26659683489882097
2020-05-21,Trending_Down,High_Vol,Trending_Down_High_Vol,Trending_Down_High_Vol,0.3351394528952586,0.6152006815817788,0.44761575121675523,0.26338544252525575
2020-05-22,Trending_Down,High_Vol,Trending_Down_High_Vol,Trending_Down_High_Vol,0.33180387531562694,0.615149785136086,0.4476753319958224,0.26880514606412276
2020-05-26,Trending_Down,High_Vol,Trending_Down_High_Vol,Trending_Down_High_Vol,0.32649135773894805,0.6132550809477121,0.4476202892533098,0.2696302510586346
2020-05-27,Trending_Down,High_Vol,Trending_Down_High_Vol,Recovery,0.3425286561258641,0.6089961344174394,0.4504891086485159,0.24650345465813045
2020-05-28,Trending_Down,High_Vol,Trending_Down_High_Vol,Recovery,0.34696897202484606,0.610696236296582,0.45171148366673947,0.2323354263114884
2020-05-29,Trending_Down,High_Vol,Trending_Down_High_Vol,Recovery,0.34240579388092174,0.5815751646667928,0.45201590255572527,0.22503903350937415
2020-06-01,Trending_Down,High_Vol,Trending_Down_High_Vol,Trending_Down_High_Vol,0.33519299858691043,0.5781279834921107,0.45411764299918894,0.20515190976850847
2020-06-02,Trending_Down,High_Vol,Trending_Down_High_Vol,Recovery,0.26111591752055,0.5517548655131149,0.45467882078499616,0.1927796795875186
2020-06-03,Trending_Down,High_Vol,Trending_Down_High_Vol,Recovery,0.25681862930005894,0.5483413022929106,0.45492679251500245,0.18611019279176585
2020-06-04,Trending_Down,High_Vol,Trending_Down_High_Vol,Recovery,0.25808795298052545,0.5319858740876716,0.4540628869087849,0.1887351247077671
2020-06-05,Trending_Down,High_Vol,Trending_Down_High_Vol,Recovery,0.2553573356863358,0.5282668590621444,0.4543962121377617,0.17959032292847893
2020-06-08,Trending_Down,High_Vol,Trending_Down_High_Vol,Recovery,0.25549670228439386,0.5137665190669234,0.4544334258101104,0.17754379395836714
2020-06-09,Trending_Down,High_Vol,Trending_Down_High_Vol,Recovery,0.2615575032476045,0.4150908930280354,0.4539076640444695,0.1873154227488043
2020-06-10,Trending_Down,High_Vol,Trending_Down_High_Vol,Recovery,0.25952312301428765,0.41277355918435243,0.45404085890257356,0.1816934914659497
2020-06-11,Trending_Down,High_Vol,Trending_Down_High_Vol,Recovery,0.26845606725788895,0.39282349543689604,0.4549482493418957,0.19901635161401043
2020-06-12,Trending_Down,High_Vol,Trending_Down_High_Vol,Recovery,0.24665182561387566,0.38460888178073294,0.455116066435046,0.1932811411964378
2020-06-15,Trending_Down,High_Vol,Trending_Down_High_Vol,Recovery,0.25665547828450785,0.38699494825223696,0.4556763356249682,0.2061590197326091
2020-06-16,Trending_Down,High_Vol,Trending_Down_High_Vol,Recovery,0.21433797848268915,0.3722816223245013,0.45605946923732466,0.19804565844287006
2020-06-17,Trending_Down,High_Vol,Trending_Down_High_Vol,Recovery,0.21681903149576512,0.36415407567117236,0.45605924870791753,0.20070289940078181
2020-06-18,Trending_Down,High_Vol,Trending_Down_High_Vol,Recovery,0.21700377540653779,0.35271360392419676,0.4573174881139988,0.18367532335702794
2020-06-19,Trending_Down,High_Vol,Trending_Down_High_Vol,Recovery,0.2196375093006405,0.34886024791554604,0.45805137367536036,0.17131920819938706
2020-06-22,Trending_Down,High_Vol,Trending_Down_High_Vol,Recovery,0.21389562385947888,0.29310138582779605,0.45817581994131173,0.16591569867908154
2020-06-23,Trending_Down,High_Vol,Trending_Down_High_Vol,Recovery,0.21397667820953004,0.29371512233111946,0.45879983530675705,0.1529893170824382
2020-06-24,Trending_Down,High_Vol,Trending_Down_High_Vol,Recovery,0.20925760970810264,0.28386625907858704,0.4592661227431414,0.16639298775297723
2020-06-25,Trending_Down,High_Vol,Trending_Down_High_Vol,Recovery,0.20406328998729162,0.2817978328898791,0.45902695626488743,0.16771955435640823
2020-06-26,Trending_Down,High_Vol,Trending_Down_High_Vol,Recovery,0.2039417902777939,0.2811067585557604,0.4592742790416979,0.1601077336708009
2020-06-29,Trending_Down,High_Vol,Trending_Down_High_Vol,Recovery,0.19055431156427463,0.2818048147115431,0.45921768162027754,0.16581861356292502
2020-06-30,Trending_Down,High_Vol,Trending_Down_High_Vol,Recovery,0.1844485615030407,0.2747406802219083,0.45909846970221346,0.16665185506432384
2020-07-01,Trending_Down,High_Vol,Trending_Down_High_Vol,Recovery,0.18699568497541233,0.2755991567192629,0.45952871328826383,0.15630182332799722
2020-07-02,Trending_Down,High_Vol,Trending_Down_High_Vol,Recovery,0.18907590044309938,0.26583744768569256,0.45879662333684046,0.14646138970747677
2020-07-03,Trending_Down,High_Vol,Trending_Down_High_Vol,Recovery,0.18661415767575634,0.26208781287664207,0.45730657081916376,0.14195984752344085
2020-07-06,Trending_Down,High_Vol,Trending_Down_High_Vol,Recovery,0.1917614447573425,0.2622982989363575,0.45770207098014165,0.1293165057731676
2020-07-07,Trending_Down,High_Vol,Trending_Down_High_Vol,Recovery,0.18361501881215767,0.25820169966094214,0.4576850041508707,0.12640442625974652
2020-07-08,Trending_Down,High_Vol,Trending_Down_High_Vol,Recovery,0.1882723277481369,0.25846208562045314,0.4578422140430885,0.13400013192200486
2020-07-09,Trending_Down,High_Vol,Trending_Down_High_Vol,Recovery,0.16671311496365335,0.2583797305751333,0.4581012824352147,0.12528814491197762
2020-07-10,Trending_Down,High_Vol,Trending_Down_High_Vol,Recovery,0.1691353558019619,0.25642133372191317,0.45799729258502914,0.12896063234087699
2020-07-13,Trending_Down,High_Vol,Trending_Down_High_Vol,Recovery,0.1521104595300762,0.24733394062257216,0.4578417463598374,0.12615772421112417
2020-07-14,Trending_Down,High_Vol,Trending_Down_High_Vol,Recovery,0.1708915342125107,0.21198280174738574,0.4586594794707692,0.14195984752344085
2020-07-15,Trending_Down,High_Vol,Trending_Down_High_Vol,Recovery,0.1693042582911698,0.210180393345013,0.4586233075141593,0.14108213171740727
2020-07-16,Trending_Down,High_Vol,Trending_Down_High_Vol,Recovery,0.15899286778731947,0.21085239123917338,0.45897804251048246,0.13123364058521234
2020-07-17,Sideways,High_Vol,Sideways_High_Vol,Recovery,0.15891749964057605,0.21107172419142686,0.4596199684772742,0.11814950554921619
2020-07-20,Sideways,High_Vol,Sideways_High_Vol,Recovery,0.1609890866403038,0.21170125379652419,0.45961544331130844,0.10840212828901505
2020-07-21,Sideways,High_Vol,Sideways_High_Vol,Sideways_High_Vol,0.15848974352507805,0.2123657889054069,0.4600647754669314,0.09707334586987355
2020-07-22,Sideways,Medium_Vol,Sideways_Medium_Vol,Sideways_Medium_Vol,0.1436709593482625,0.21200796564277824,0.4589119966416867,0.09947179851165121
2020-07-23,Sideways,Medium_Vol,Sideways_Medium_Vol,Sideways_Medium_Vol,0.14266018410509843,0.20882528117520627,0.4590533927567739,0.09276992367877544
2020-07-24,Sideways,Medium_Vol,Sideways_Medium_Vol,Sideways_Medium_Vol,0.14313135023068574,0.19821109445804994,0.45878124622815963,0.09449288825850709
2020-07-27,Sideways,Medium_Vol,Sideways_Medium_Vol,Sideways_Medium_Vol,0.1419848112814165,0.19912788810284604,0.45882566656573226,0.09953649559068473
2020-07-28,Sideways,Medium_Vol,Sideways_Medium_Vol,Sideways_Medium_Vol,0.1461616742573719,0.18019413887454708,0.4555637135233085,0.08588612287152338
2020-07-29,Sideways,High_Vol,Sideways_High_Vol,Sideways_High_Vol,0.15042424766997398,0.18275432470401545,0.4556733612845456,0.09378919890560032
2020-07-30,Sideways,High_Vol,Sideways_High_Vol,Recovery,0.15361210936942096,0.18136205742525527,0.4552920393893588,0.10193486923724987
2020-07-31,Sideways,High_Vol,Sideways_High_Vol,Recovery,0.15432253728841636,0.18198430473627425,0.45524805115269745,0.10425645953726974
2020-08-03,Sideways,High_Vol,Sideways_High_Vol,Recovery,0.16026513522253488,0.18598339853757734,0.456011071863964,0.11896655303205349
2020-08-04,Sideways,High_Vol,Sideways_High_Vol,Recovery,0.17250147713533803,0.1885880309758512,0.4551970185212745,0.10249304940874059
2020-08-05,Sideways,High_Vol,Sideways_High_Vol,Recovery,0.16839065666037648,0.17791554120920208,0.4482330766316285,0.10197531478604739
2020-08-06,Sideways,High_Vol,Sideways_High_Vol,Sideways_High_Vol,0.16767594274707193,0.17491640558577737,0.4484064419538046,0.09400754167293691
2020-08-07,Sideways,High_Vol,Sideways_High_Vol,Sideways_High_Vol,0.1661952814055146,0.17441104509344132,0.4276450853942954,0.09288320281349349
2020-08-10,Sideways,High_Vol,Sideways_High_Vol,Sideways_High_Vol,0.16647740286359716,0.1667334151283765,0.42373716210542745,0.0883451648412848
2020-08-11,Sideways,Medium_Vol,Sideways_Medium_Vol,Sideways_Medium_Vol,0.14836188889091567,0.164216941205314,0.40501129002419384,0.08411054748026996
2020-08-12,Sideways,High_Vol,Sideways_High_Vol,Sideways_High_Vol,0.14904233926885754,0.16391237318263474,0.40266003130683203,0.08525108035827489
2020-08-13,Sideways,Medium_Vol,Sideways_Medium_Vol,Sideways_Medium_Vol,0.14632076006410982,0.16356533624912706,0.39174163709924553,0.08589418038319788
2020-08-14,Sideways,Medium_Vol,Sideways_Medium_Vol,Sideways_Medium_Vol,0.14587588275956415,0.1649374006173086,0.3899210646871728,0.09576692304562882
2020-08-17,Sideways,Medium_Vol,Sideways_Medium_Vol,Sideways_Medium_Vol,0.14252287764748897,0.16519712194869518,0.3798547371081348,0.09020976783702024
2020-08-18,Sideways,Medium_Vol,Sideways_Medium_Vol,Sideways_Medium_Vol,0.14208053869285936,0.16360175212590647,0.31502319165578074,0.07902657359450731
2020-08-19,Sideways,Medium_Vol,Sideways_Medium_Vol,Sideways_Medium_Vol,0.14144076375871004,0.16329951090637854,0.3132614706372055,0.07716197059877186
2020-08-20,Sideways,Medium_Vol,Sideways_Medium_Vol,Sideways_Medium_Vol,0.14345135940080542,0.15616941074620166,0.29752451643736777,0.08494370998645627
2020-08-21,Trending_Up,Medium_Vol,Trending_Up_Medium_Vol,Trending_Up_Medium_Vol,0.14412989856003366,0.15594851026714698,0.29200463304355206,0.08013882618643897
2020-08-24,Trending_Up,Medium_Vol,Trending_Up_Medium_Vol,Trending_Up_Medium_Vol,0.14440099404652432,0.1504578612363174,0.2921288559368173,0.07246625818242286
2020-08-25,Trending_Up,Medium_Vol,Trending_Up_Medium_Vol,Trending_Up_Medium_Vol,0.13511503229623537,0.1496926792500291,0.2823823306537345,0.07199710561541418
2020-08-26,Trending_Up,Medium_Vol,Trending_Up_Medium_Vol,Trending_Up_Medium_Vol,0.13186612024103309,0.14922431850134626,0.2768697591672405,0.06574021081452358
2020-08-27,Trending_Up,Medium_Vol,Trending_Up_Medium_Vol,Trending_Up_Medium_Vol,0.12592168349789512,0.14339280296519777,0.2681359564525959,0.06495958012464655
2020-08-28,Trending_Up,Medium_Vol,Trending_Up_Medium_Vol,Trending_Up_Medium_Vol,0.12616284152922827,0.14103386728825074,0.26540596553493495,0.05781288325021062
2020-08-31,Trending_Up,Medium_Vol,Trending_Up_Medium_Vol,Trending_Up_Medium_Vol,0.13904013617908217,0.1514105603144842,0.23233460867420733,0.078852626136593
2020-09-01,Trending_Up,Medium_Vol,Trending_Up_Medium_Vol,Trending_Up_Medium_Vol,0.1264744783529389,0.14875017891843179,0.2321211678877286,0.07215888781060424
2020-09-02,Trending_Up,Medium_Vol,Trending_Up_Medium_Vol,Trending_Up_Medium_Vol,0.12715853783670852,0.14332747533065043,0.2237351734788077,0.06692118924132603
2020-09-03,Trending_Up,Medium_Vol,Trending_Up_Medium_Vol,Trending_Up_Medium_Vol,0.12475075030419984,0.14321214719406564,0.22242609937488753,0.06753190122912602
2020-09-04,Trending_Up,Medium_Vol,Trending_Up_Medium_Vol,Trending_Up_Medium_Vol,0.14061046449990922,0.14858952749472668,0.22396863461977765,0.08319246512065136
2020-09-07,Trending_Up,Medium_Vol,Trending_Up_Medium_Vol,Trending_Up_Medium_Vol,0.13973738972684907,0.14727892629300074,0.22382276705241713,0.08147755805259423
2020-09-08,Trending_Up,Medium_Vol,Trending_Up_Medium_Vol,Trending_Up_Medium_Vol,0.13939738616132033,0.1476114253419894,0.21943581595124273,0.08452716823096937
2020-09-09,Trending_Up,Medium_Vol,Trending_Up_Medium_Vol,Trending_Up_Medium_Vol,0.13988901049473812,0.14610478730802526,0.2195754528200611,0.0877102013232488
2020-09-10,Trending_Up,High_Vol,Trending_Up_High_Vol,Trending_Up_High_Vol,0.14998038211284112,0.14755787755019767,0.2143275389961022,0.07385760086009988
2020-09-11,Trending_Up,Medium_Vol,Trending_Up_Medium_Vol,Trending_Up_Medium_Vol,0.14369623110555255,0.14732885888132594,0.21182292113433723,0.07262804037761292
2020-09-14,Trending_Up,Medium_Vol,Trending_Up_Medium_Vol,Trending_Up_Medium_Vol,0.14299786950078328,0.14443095380454948,0.2111336297659007,0.07460181475701665
2020-09-15,Trending_Up,Medium_Vol,Trending_Up_Medium_Vol,Trending_Up_Medium_Vol,0.13865623071202274,0.1449642219805327,0.20899925991615395,0.06798896752862293
2020-09-16,Trending_Up,Medium_Vol,Trending_Up_Medium_Vol,Trending_Up_Medium_Vol,0.14053888452261132,0.14369048482281635,0.20831832564770558,0.06129522920263417
2020-09-17,Trending_Up,Medium_Vol,Trending_Up_Medium_Vol,Trending_Up_Medium_Vol,0.13985368341561744,0.1438536870367169,0.20848096652892084,0.0684500625839571
2020-09-18,Trending_Up,Medium_Vol,Trending_Up_Medium_Vol,Trending_Up_Medium_Vol,0.13904559239590195,0.14340074434277036,0.2069001574303328,0.06935195092501419
2020-09-21,Trending_Up,High_Vol,Trending_Up_High_Vol,Trending_Up_High_Vol,0.1574216810624079,0.15269159022153636,0.20467858076369097,0.08993067775127489
2020-09-22,Trending_Up,High_Vol,Trending_Up_High_Vol,Trending_Up_High_Vol,0.15965125916036677,0.14805951396896477,0.18240838301005885,0.09776897771110582
2020-09-23,Trending_Up,High_Vol,Trending_Up_High_Vol,Trending_Up_High_Vol,0.15675656813111097,0.14821288285565068,0.18160709021286323,0.09953246683484747
2020-09-24,Trending_Up,High_Vol,Trending_Up_High_Vol,Trending_Up_High_Vol,0.1841792645370046,0.16109965038803473,0.18807150421618243,0.12592721618106334
2020-09-25,Trending_Up,High_Vol,Trending_Up_High_Vol,Trending_Up_High_Vol,0.2027644273101262,0.16554344123627446,0.1903992652999182,0.10613314880051694
2020-09-28,Trending_Up,High_Vol,Trending_Up_High_Vol,Trending_Up_High_Vol,0.1988320582860833,0.16757402910284036,0.19162805095708246,0.09179117299596058
2020-09-29,Trending_Up,High_Vol,Trending_Up_High_Vol,Trending_Up_High_Vol,0.19664048101441017,0.16520119207654665,0.19159440403050462,0.09220771475144748
2020-09-30,Trending_Up,High_Vol,Trending_Up_High_Vol,Trending_Up_High_Vol,0.19547836149408518,0.16513754830725075,0.19129894722488947,0.09017335104405998
2020-10-01,Trending_Up,High_Vol,Trending_Up_High_Vol,Trending_Up_High_Vol,0.2038293795914098,0.16770782151138613,0.19019875359053487,0.07647036751337685
2020-10-05,Trending_Up,High_Vol,Trending_Up_High_Vol,Trending_Up_High_Vol,0.19604003131618286,0.16838244198960892,0.18512910553405038,0.06948142407829373
2020-10-06,Trending_Up,High_Vol,Trending_Up_High_Vol,Trending_Up_High_Vol,0.20141370262984296,0.1703460606125347,0.18595331607826152,0.05661563180963418
2020-10-07,Trending_Up,High_Vol,Trending_Up_High_Vol,Trending_Up_High_Vol,0.20138613692950155,0.16774020563026437,0.17642046120689742,0.05043157059466411
2020-10-08,Trending_Up,High_Vol,Trending_Up_High_Vol,Trending_Up_High_Vol,0.20149508445217845,0.1671060164798501,0.17653412907778837,0.04268624799993996
2020-10-09,Trending_Up,High_Vol,Trending_Up_High_Vol,Trending_Up_High_Vol,0.19660403113650518,0.16592137156639059,0.17422660229547657,0.03624726923424806
2020-10-12,Trending_Up,High_Vol,Trending_Up_High_Vol,Trending_Up_High_Vol,0.19660033087809484,0.16566187191584478,0.17422171907446726,0.0348923433495313
2020-10-13,Trending_Up,High_Vol,Trending_Up_High_Vol,Trending_Up_High_Vol,0.1961012768656978,0.16050744787414808,0.1735119249145726,0.03460519575211144
2020-10-14,Trending_Up,High_Vol,Trending_Up_High_Vol,Trending_Up_High_Vol,0.19526666916741073,0.15585312683784422,0.1733953469906771,0.03164864193405559
2020-10-15,Trending_Up,High_Vol,Trending_Up_High_Vol,Trending_Up_High_Vol,0.21509927567776282,0.1663087463284073,0.17250050450713159,0.05516369980397338
2020-10-16,Trending_Up,High_Vol,Trending_Up_High_Vol,Trending_Up_High_Vol,0.2141249036041231,0.16591500263387407,0.17063997938569506,0.0485224932942939
2020-10-19,Trending_Up,High_Vol,Trending_Up_High_Vol,Trending_Up_High_Vol,0.2159238476595844,0.16697574993199157,0.17062896250166526,0.03957596949836855
2020-10-20,Trending_Up,High_Vol,Trending_Up_High_Vol,Trending_Up_High_Vol,0.19682726661339994,0.1667597511289007,0.16643175357643522,0.03765480593048658
2020-10-21,Trending_Up,High_Vol,Trending_Up_High_Vol,Trending_Up_High_Vol,0.19209400913888058,0.16665085506347257,0.1650171313880545,0.0343503571966021
2020-10-22,Trending_Up,High_Vol,Trending_Up_High_Vol,Trending_Up_High_Vol,0.19272725186936965,0.16688482319219408,0.1649056537732592,0.037683086216559844
2020-10-23,Trending_Up,Medium_Vol,Trending_Up_Medium_Vol,Trending_Up_Medium_Vol,0.14923519917532643,0.16688141453837727,0.1647228579826353,0.03494092540521582
2020-10-26,Trending_Up,Medium_Vol,Trending_Up_Medium_Vol,Trending_Up_Medium_Vol,0.14790879549373698,0.16803907730348974,0.16581392771369857,0.04809378627608274
2020-10-27,Trending_Up,Medium_Vol,Trending_Up_Medium_Vol,Trending_Up_Medium_Vol,0.1426239221230151,0.16894959863960324,0.16639504267394623,0.03825335265556231
2020-10-28,Trending_Up,High_Vol,Trending_Up_High_Vol,Trending_Up_High_Vol,0.15370075006581937,0.1701081540900108,0.16673522698992538,0.05117981324741814
2020-10-29,Trending_Up,High_Vol,Trending_Up_High_Vol,Trending_Up_High_Vol,0.15585277964901403,0.17054935055016204,0.16684314557634433,0.05593619398696342
2020-10-30,Trending_Up,Medium_Vol,Trending_Up_Medium_Vol,Trending_Up_Medium_Vol,0.14844650973319032,0.1694596362309984,0.1629735718350567,0.058233453761534784
2020-11-02,Trending_Up,Medium_Vol,Trending_Up_Medium_Vol,Trending_Up_Medium_Vol,0.14652981192214193,0.1691750930913668,0.16273945158022401,0.05606961690086772
2020-11-03,Trending_Up,Medium_Vol,Trending_Up_Medium_Vol,Trending_Up_Medium_Vol,0.14488897802419204,0.17036424422598223,0.16115297060817096,0.0443930185611101
2020-11-04,Trending_Up,Medium_Vol,Trending_Up_Medium_Vol,Trending_Up_Medium_Vol,0.14578124505721804,0.1711688096006944,0.1609038148793906,0.036708364289582227
2020-11-05,Trending_Up,High_Vol,Trending_Up_High_Vol,Trending_Up_High_Vol,0.15591715875874776,0.17489406088716566,0.16264502922496304,0.019575645617997323
2020-11-06,Trending_Up,High_Vol,Trending_Up_High_Vol,Trending_Up_High_Vol,0.15930537494106153,0.1765631732084411,0.16047657378882507,0.007987995887509237
2020-11-09,Trending_Up,High_Vol,Trending_Up_High_Vol,Trending_Up_High_Vol,0.1675293300587459,0.1791432014687798,0.1606855445795962,0.0
2020-11-10,Trending_Up,High_Vol,Trending_Up_High_Vol,Trending_Up_High_Vol,0.1721260840881283,0.17271126458794916,0.16159016730866219,0.0
2020-11-11,Trending_Up,High_Vol,Trending_Up_High_Vol,Trending_Up_High_Vol,0.17364487792258068,0.17309176979168694,0.16058214575087573,0.0
2020-11-12,Trending_Up,Medium_Vol,Trending_Up_Medium_Vol,Trending_Up_Medium_Vol,0.14378199983374762,0.17355841488119175,0.15837786748122853,0.004576821525331422
2020-11-13,Trending_Up,Medium_Vol,Trending_Up_Medium_Vol,Trending_Up_Medium_Vol,0.14352630865311095,0.1734552946881077,0.1582653140860529,0.0022903640178228786
2020-11-17,Trending_Up,Medium_Vol,Trending_Up_Medium_Vol,Trending_Up_Medium_Vol,0.14521221842746412,0.1694185723815894,0.15866984823702948,0.0
2020-11-18,Trending_Up,Medium_Vol,Trending_Up_Medium_Vol,Trending_Up_Medium_Vol,0.14502672492205076,0.16949242570291406,0.1580692432783761,0.0
2020-11-19,Trending_Up,High_Vol,Trending_Up_High_Vol,Trending_Up_High_Vol,0.15726951388087945,0.17255765833354522,0.1598180409711901,0.012872668613413716
2020-11-20,Trending_Up,High_Vol,Trending_Up_High_Vol,Trending_Up_High_Vol,0.1555309240691272,0.17228043823176406,0.15915395837881005,0.006121399363321933
2020-11-23,Trending_Up,High_Vol,Trending_Up_High_Vol,Trending_Up_High_Vol,0.15553952453762898,0.170001533949573,0.1585015460788827,0.0009120093279616641
2020-11-24,Trending_Up,Medium_Vol,Trending_Up_Medium_Vol,Trending_Up_Medium_Vol,0.14188979915370784,0.1708008446420674,0.15891536115903612,0.0
2020-11-25,Trending_Up,High_Vol,Trending_Up_High_Vol,Trending_Up_High_Vol,0.15758469036922254,0.17508410390591897,0.15993710251041512,0.01507068046809232
2020-11-26,Trending_Up,Medium_Vol,Trending_Up_Medium_Vol,Trending_Up_Medium_Vol,0.14466954563112666,0.17559871676585817,0.16044581394651153,0.005220191923176871
2020-11-27,Trending_Up,Medium_Vol,Trending_Up_Medium_Vol,Trending_Up_Medium_Vol,0.1418397263797097,0.17546697286778581,0.15963535182987823,0.0066027730614578745
2020-12-01,Trending_Up,Medium_Vol,Trending_Up_Medium_Vol,Trending_Up_Medium_Vol,0.14000665551789793,0.17499126189394423,0.1597354785219079,0.0
2020-12-02,Trending_Up,Medium_Vol,Trending_Up_Medium_Vol,Trending_Up_Medium_Vol,0.14085102922091686,0.17487532820465979,0.15945055755353624,0.0
2020-12-03,Trending_Up,Medium_Vol,Trending_Up_Medium_Vol,Trending_Up_Medium_Vol,0.1394833844368466,0.16543666195196005,0.15944081912593153,0.0
2020-12-04,Trending_Up,Medium_Vol,Trending_Up_Medium_Vol,Trending_Up_Medium_Vol,0.13994852629638277,0.1637987849206519,0.15658001625108092,0.0
2020-12-07,Trending_Up,Medium_Vol,Trending_Up_Medium_Vol,Trending_Up_Medium_Vol,0.13241506069329864,0.16353020526293163,0.15677102561436157,0.0
2020-12-08,Trending_Up,Medium_Vol,Trending_Up_Medium_Vol,Trending_Up_Medium_Vol,0.13001365470772855,0.1450351573918319,0.15608956392113116,0.0
2020-12-09,Trending_Up,Medium_Vol,Trending_Up_Medium_Vol,Trending_Up_Medium_Vol,0.12454463269374738,0.139537795767234,0.15525881735449326,0.0
2020-12-10,Trending_Up,Medium_Vol,Trending_Up_Medium_Vol,Trending_Up_Medium_Vol,0.12224149198878477,0.1378867882775795,0.1548907665397982,0.003754854805880669
2020-12-11,Trending_Up,Medium_Vol,Trending_Up_Medium_Vol,Trending_Up_Medium_Vol,0.12012689248234071,0.1375816434846067,0.1539511797978534,0.0011271999201951696
2020-12-14,Trending_Up,Medium_Vol,Trending_Up_Medium_Vol,Trending_Up_Medium_Vol,0.11679396025336546,0.1375424546118236,0.1537863401972049,0.0
2020-12-15,Trending_Up,Medium_Vol,Trending_Up_Medium_Vol,Trending_Up_Medium_Vol,0.11711520258028207,0.13524295133525743,0.15355315491373406,0.0
2020-12-16,Trending_Up,Low_Vol,Trending_Up_Low_Vol,Trending_Up_Low_Vol,0.11412036867728378,0.1353968678958995,0.1537726803769536,0.0
2020-12-17,Trending_Up,Low_Vol,Trending_Up_Low_Vol,Trending_Up_Low_Vol,0.11398761733867584,0.133335666487996,0.15332216420814215,0.0
2020-12-18,Trending_Up,Low_Vol,Trending_Up_Low_Vol,Trending_Up_Low_Vol,0.0976392938139133,0.1331914758463576,0.1519001531363227,0.0
2020-12-21,Trending_Up,High_Vol,Trending_Up_High_Vol,Trending_Up_High_Vol,0.157582237836173,0.15368284030357932,0.16004503428085703,0.03140495257793328
2020-12-22,Trending_Up,High_Vol,Trending_Up_High_Vol,Trending_Up_High_Vol,0.16006532960730413,0.1544168741721384,0.15967334912925268,0.02138359325582793
2020-12-23,Trending_Up,High_Vol,Trending_Up_High_Vol,Trending_Up_High_Vol,0.1601004867866931,0.1553092740144431,0.16000767947936295,0.01158748724256524
2020-12-24,Trending_Up,High_Vol,Trending_Up_High_Vol,Trending_Up_High_Vol,0.14933357266903716,0.1562948588551179,0.1578156177225382,0.0008211739245804515
2020-12-28,Trending_Up,Medium_Vol,Trending_Up_Medium_Vol,Trending_Up_Medium_Vol,0.14879523664549812,0.15690017252766725,0.15600558594094543,0.0
2020-12-29,Trending_Up,Medium_Vol,Trending_Up_Medium_Vol,Trending_Up_Medium_Vol,0.14775824149225097,0.14392119173663095,0.15601318437305423,0.0
2020-12-30,Trending_Up,Medium_Vol,Trending_Up_Medium_Vol,Trending_Up_Medium_Vol,0.14531218596567563,0.14370332904935962,0.15567259247262571,0.0
2020-12-31,Trending_Up,Medium_Vol,Trending_Up_Medium_Vol,Trending_Up_Medium_Vol,0.1454172181636015,0.1432696273966862,0.15570643894211078,1.4318125133010144e-05
2021-01-01,Trending_Up,Medium_Vol,Trending_Up_Medium_Vol,Trending_Up_Medium_Vol,0.145298174239839,0.14324692081033547,0.15564544020900917,0.0
2021-01-04,Trending_Up,Medium_Vol,Trending_Up_Medium_Vol,Trending_Up_Medium_Vol,0.14462229751036898,0.1436574051376621,0.15588402819027594,0.0
2021-01-05,Trending_Up,Medium_Vol,Trending_Up_Medium_Vol,Trending_Up_Medium_Vol,0.1439364458860834,0.14281519863175474,0.1558291666001207,0.0
2021-01-06,Trending_Up,Medium_Vol,Trending_Up_Medium_Vol,Trending_Up_Medium_Vol,0.1459852374433874,0.14375555584368532,0.15605490390023935,0.0037501320469030598
2021-01-07,Trending_Up,Medium_Vol,Trending_Up_Medium_Vol,Trending_Up_Medium_Vol,0.14375399706377046,0.1386839570908867,0.154711523846014,0.00437694218986584
2021-01-08,Trending_Up,Medium_Vol,Trending_Up_Medium_Vol,Trending_Up_Medium_Vol,0.1485488997369495,0.14015346350426408,0.15586038793972756,0.0
2021-01-11,Trending_Up,High_Vol,Trending_Up_High_Vol,Trending_Up_High_Vol,0.15025461398239945,0.1350221193623546,0.15548547244026623,0.0
2021-01-12,Trending_Up,High_Vol,Trending_Up_High_Vol,Trending_Up_High_Vol,0.15040362658614545,0.13335725859746497,0.1555554106041331,0.0
2021-01-13,Trending_Up,High_Vol,Trending_Up_High_Vol,Trending_Up_High_Vol,0.1505785382343358,0.1328033023327453,0.1546170954713915,0.0
2021-01-14,Trending_Up,High_Vol,Trending_Up_High_Vol,Trending_Up_High_Vol,0.14953852401541026,0.1328200281184346,0.15455924259904333,0.0
2021-01-15,Trending_Up,High_Vol,Trending_Up_High_Vol,Trending_Up_High_Vol,0.15789962399765056,0.13609241530048338,0.1557785700644571,0.011092344158201577
2021-01-18,Trending_Up,High_Vol,Trending_Up_High_Vol,Trending_Up_High_Vol,0.16458168089229233,0.13964707239249433,0.1570969736068353,0.021533874119540792
2021-01-19,Trending_Up,Medium_Vol,Trending_Up_Medium_Vol,Trending_Up_Medium_Vol,0.11731873368709142,0.13914912424892228,0.15863306332966973,0.0051007989217640645
2021-01-20,Trending_Up,Medium_Vol,Trending_Up_Medium_Vol,Trending_Up_Medium_Vol,0.1162431157862402,0.13834681923687264,0.15891495859208077,0.0
2021-01-21,Trending_Up,Medium_Vol,Trending_Up_Medium_Vol,Trending_Up_Medium_Vol,0.11739000014074322,0.1362670299621134,0.15898694023389745,0.003711280204622873
2021-01-22,Trending_Up,Medium_Vol,Trending_Up_Medium_Vol,Trending_Up_Medium_Vol,0.13102222796001206,0.14007307076718556,0.1564940867241326,0.01862788592796309
2021-01-25,Trending_Up,Medium_Vol,Trending_Up_Medium_Vol,Trending_Up_Medium_Vol,0.13451203894505498,0.14169722214350386,0.15737562854930526,0.02770966966038602
2021-01-27,Trending_Up,High_Vol,Trending_Up_High_Vol,Trending_Up_High_Vol,0.15210097271082204,0.14883781913827362,0.16085272098263004,0.04624199787505786
2021-01-28,Trending_Up,High_Vol,Trending_Up_High_Vol,Trending_Up_High_Vol,0.15628713225897486,0.15153836037170765,0.16206237520850886,0.05648121023943909
2021-01-29,Trending_Up,High_Vol,Trending_Up_High_Vol,Trending_Up_High_Vol,0.16261475600260883,0.1532546422180753,0.16111609420160264,0.06897379751487263
2021-02-01,Trending_Up,High_Vol,Trending_Up_High_Vol,Trending_Up_High_Vol,0.23724136479847205,0.18498415492958337,0.1765799851479259,0.024821266065682225
2021-02-02,Trending_Up,High_Vol,Trending_Up_High_Vol,Trending_Up_High_Vol,0.2519105595440418,0.18919255437982374,0.18016929642441604,0.0
2021-02-03,Trending_Up,High_Vol,Trending_Up_High_Vol,Trending_Up_High_Vol,0.2532656619310682,0.18961429851839415,0.18024368497168705,0.0
2021-02-04,Trending_Up,High_Vol,Trending_Up_High_Vol,Trending_Up_High_Vol,0.2528472976606675,0.18978494119772718,0.1792845326067905,0.0
2021-02-05,Trending_Up,High_Vol,Trending_Up_High_Vol,Trending_Up_High_Vol,0.25256344741234327,0.18910668006407655,0.17927547307497355,0.0
2021-02-08,Trending_Up,High_Vol,Trending_Up_High_Vol,Trending_Up_High_Vol,0.25139183862305303,0.18593378416728315,0.17982160884613857,0.0
2021-02-09,Trending_Up,High_Vol,Trending_Up_High_Vol,Trending_Up_High_Vol,0.25028146126844547,0.18547649421552095,0.17976344126021307,0.00043001363368045607
2021-02-10,Trending_Up,High_Vol,Trending_Up_High_Vol,Trending_Up_High_Vol,0.25012209801156404,0.18534626156005896,0.17968440759562115,0.0006152373547985251
2021-02-11,Trending_Up,High_Vol,Trending_Up_High_Vol,Trending_Up_High_Vol,0.2501685169876107,0.184538268358856,0.17893821920927613,0.0
2021-02-12,Trending_Up,High_Vol,Trending_Up_High_Vol,Trending_Up_High_Vol,0.25036956615636297,0.18462714913771502,0.17892221425686436,0.0006590524229219205
2021-02-15,Trending_Up,High_Vol,Trending_Up_High_Vol,Trending_Up_High_Vol,0.2468760764881016,0.18526183643890906,0.1747399598921582,0.0
2021-02-16,Trending_Up,High_Vol,Trending_Up_High_Vol,Trending_Up_High_Vol,0.2419513037999266,0.18482104338949007,0.17380058490628944,8.162092525863472e-05
2021-02-17,Trending_Up,High_Vol,Trending_Up_High_Vol,Trending_Up_High_Vol,0.239386366637712,0.18582627694808282,0.1743421526835209,0.00690838236062127
2021-02-18,Trending_Up,High_Vol,Trending_Up_High_Vol,Trending_Up_High_Vol,0.23999713587004107,0.18682189930697565,0.16704430781245266,0.012781836895502196
2021-02-19,Trending_Up,High_Vol,Trending_Up_High_Vol,Trending_Up_High_Vol,0.24234521480255952,0.18775012231515142,0.16533168585232738,0.021740562405159515
2021-02-22,Trending_Up,High_Vol,Trending_Up_High_Vol,Trending_Up_High_Vol,0.2479529027211485,0.19405418580469672,0.16817737023039714,0.04172461699221407
2021-02-23,Trending_Up,High_Vol,Trending_Up_High_Vol,Trending_Up_High_Vol,0.24488597876161064,0.19404654317073664,0.16810181833300888,0.03962861713811147
2021-02-24,Trending_Up,High_Vol,Trending_Up_High_Vol,Trending_Up_High_Vol,0.2389239816157667,0.19769336953356578,0.16997804362050686,0.021724238220107786
2021-02-25,Trending_Up,High_Vol,Trending_Up_High_Vol,Trending_Up_High_Vol,0.23312579526823585,0.198067757524569,0.1690395502744264,0.014192284743780119
2021-02-26,Trending_Up,High_Vol,Trending_Up_High_Vol,Trending_Up_High_Vol,0.2708359519521097,0.21674492133445164,0.18066233557280273,0.05129384151626683
2021-03-01,Trending_Up,High_Vol,Trending_Up_High_Vol,Trending_Up_High_Vol,0.2214262581413137,0.21916034774832344,0.1810438607211854,0.036118917351990174
2021-03-02,Trending_Up,High_Vol,Trending_Up_High_Vol,Trending_Up_High_Vol,0.2057785477498236,0.22011951741447344,0.18140071120511778,0.02583142868566143
2021-03-03,Trending_Up,High_Vol,Trending_Up_High_Vol,Trending_Up_High_Vol,0.21685869031475405,0.21121766877336912,0.1837904224057056,0.004512043008106042
2021-03-04,Trending_Up,High_Vol,Trending_Up_High_Vol,Trending_Up_High_Vol,0.2201204470372195,0.21265516959967967,0.18489428077004957,0.015276185124675644
2021-03-05,Trending_Up,High_Vol,Trending_Up_High_Vol,Trending_Up_High_Vol,0.22297802777476117,0.21354065852599005,0.1858489882995276,0.024590790621730182
2021-03-08,Trending_Up,High_Vol,Trending_Up_High_Vol,Trending_Up_High_Vol,0.21796243856782474,0.2125630267524069,0.18582935299875097,0.023408881364176435
2021-03-09,Trending_Up,High_Vol,Trending_Up_High_Vol,Trending_Up_High_Vol,0.22080471910635435,0.2126522349553147,0.1861756064694108,0.01412367215348458
2021-03-10,Trending_Up,High_Vol,Trending_Up_High_Vol,Trending_Up_High_Vol,0.22151242588189599,0.21270647873209797,0.1812354294556764,0.00913503946148554
2021-03-12,Trending_Up,High_Vol,Trending_Up_High_Vol,Trending_Up_High_Vol,0.22358367329505496,0.21416099886533618,0.18212081731055013,0.01852795003371008
2021-03-15,Trending_Up,High_Vol,Trending_Up_High_Vol,Trending_Up_High_Vol,0.2247280798581658,0.21494419646842997,0.1823718366281858,0.025152317080970446
2021-03-16,Trending_Up,High_Vol,Trending_Up_High_Vol,Trending_Up_High_Vol,0.22116647547130486,0.21500834658632,0.18246235953827547,0.026396207228642467
2021-03-17,Trending_Up,High_Vol,Trending_Up_High_Vol,Trending_Up_High_Vol,0.22478373580630007,0.21668620788392604,0.18400105048463447,0.03874711114531822
2021-03-18,Trending_Up,High_Vol,Trending_Up_High_Vol,Trending_Up_High_Vol,0.22653887111912996,0.21816168860762436,0.184993759892489,0.049419876085406864
2021-03-19,Trending_Up,High_Vol,Trending_Up_High_Vol,Trending_Up_High_Vol,0.23200929605563547,0.21962347921847944,0.18576885350527403,0.03726486238935184
2021-03-22,Trending_Up,High_Vol,Trending_Up_High_Vol,Trending_Up_High_Vol,0.2301146526408188,0.21961949786253757,0.18408559406308583,0.03776109210838519
2021-03-23,Trending_Up,High_Vol,Trending_Up_High_Vol,Trending_Up_High_Vol,0.21874242395818116,0.21754452440061822,0.18370101102593944,0.032645118019713114
2021-03-24,Trending_Up,High_Vol,Trending_Up_High_Vol,Trending_Up_High_Vol,0.22819233127627703,0.2205282789792967,0.1848078782648131,0.049971582527076945
2021-03-25,Trending_Up,High_Vol,Trending_Up_High_Vol,Trending_Up_High_Vol,0.22237329836975012,0.22293478504746167,0.1865776063122899,0.06463070070352774
2021-03-26,Trending_Up,High_Vol,Trending_Up_High_Vol,Trending_Up_High_Vol,0.22601724524044386,0.22482810268549147,0.18718792480827257,0.05272061354959648
2021-03-30,Trending_Up,High_Vol,Trending_Up_High_Vol,Trending_Up_High_Vol,0.20022121729548378,0.2307876324535026,0.19013707389127224,0.030663387460972604
2021-03-31,Trending_Up,High_Vol,Trending_Up_High_Vol,Trending_Up_High_Vol,0.1961482401382661,0.23061501449274088,0.19055804804008206,0.04074516588911045
2021-04-01,Trending_Up,High_Vol,Trending_Up_High_Vol,Trending_Up_High_Vol,0.19719491840490563,0.2306407532738275,0.1909704520482692,0.029210534991368907
2021-04-05,Trending_Up,High_Vol,Trending_Up_High_Vol,Trending_Up_High_Vol,0.18620384329705889,0.23057454696599666,0.1913925658291697,0.044199388952595016
2021-04-06,Trending_Up,High_Vol,Trending_Up_High_Vol,Trending_Up_High_Vol,0.18398015204418305,0.22990007016062258,0.1907491792740844,0.04121531517186976
2021-04-07,Trending_Up,High_Vol,Trending_Up_High_Vol,Trending_Up_High_Vol,0.18490621048478642,0.23061564965998035,0.18975340215713776,0.03236435479009298
2021-04-08,Trending_Up,High_Vol,Trending_Up_High_Vol,Trending_Up_High_Vol,0.18539117445157724,0.22800344651030421,0.18882798065236703,0.02878935826376478
2021-04-09,Trending_Up,High_Vol,Trending_Up_High_Vol,Trending_Up_High_Vol,0.18192401256265733,0.22698487624384717,0.18855072124461295,0.031332679048093406
2021-04-12,Trending_Up,High_Vol,Trending_Up_High_Vol,Trending_Up_High_Vol,0.2176008454043151,0.2370616185363328,0.1972276234307659,0.06555142300025385
2021-04-13,Trending_Up,High_Vol,Trending_Up_High_Vol,Trending_Up_High_Vol,0.22355615071021287,0.23736312415844488,0.19818317222728993,0.05288385540011375
2021-04-15,Trending_Up,High_Vol,Trending_Up_High_Vol,Trending_Up_High_Vol,0.22402113020983622,0.23524894554989623,0.1975363226436953,0.04787883475671512
2021-04-16,Trending_Up,High_Vol,Trending_Up_High_Vol,Trending_Up_High_Vol,0.22437805489780493,0.21040646769727395,0.19745883973827458,0.045502071672992396
2021-04-19,Trending_Up,High_Vol,Trending_Up_High_Vol,Trending_Up_High_Vol,0.22851803336303986,0.20625518999453066,0.1984811030441309,0.062374711082648644
2021-04-20,Trending_Up,High_Vol,Trending_Up_High_Vol,Trending_Up_High_Vol,0.2258651606104635,0.20515935396006743,0.19847671481728596,0.0664916577994246
2021-04-22,Trending_Up,High_Vol,Trending_Up_High_Vol,Trending_Up_High_Vol,0.22248849124217807,0.20526564829682525,0.19864246819376224,0.05932534056171648
2021-04-23,Trending_Up,High_Vol,Trending_Up_High_Vol,Trending_Up_High_Vol,0.2228070683233982,0.20536842315603826,0.1983385803543642,0.06355662034020239
2021-04-26,Trending_Up,High_Vol,Trending_Up_High_Vol,Trending_Up_High_Vol,0.22525907089844618,0.20450786825264733,0.19715343991610818,0.054176718102940946
2021-04-27,Trending_Up,High_Vol,Trending_Up_High_Vol,Trending_Up_High_Vol,0.22022603668665017,0.20638599086154308,0.19735016129373634,0.04320361366443967
2021-04-28,Trending_Up,High_Vol,Trending_Up_High_Vol,Trending_Up_High_Vol,0.21716183385796595,0.20910310841782384,0.19840021670823496,0.029393353110678675
2021-04-29,Trending_Up,High_Vol,Trending_Up_High_Vol,Trending_Up_High_Vol,0.21339788444467883,0.2088985346719787,0.19783476189125992,0.02741155878559031
2021-04-30,Trending_Up,High_Vol,Trending_Up_High_Vol,Trending_Up_High_Vol,0.20717630988769725,0.21253155433441415,0.20013254282840573,0.04463688986525087
2021-05-03,Trending_Up,High_Vol,Trending_Up_High_Vol,Trending_Up_High_Vol,0.20394724445137252,0.2111501932292298,0.20013752666641207,0.044437683794541515
2021-05-04,Trending_Up,High_Vol,Trending_Up_High_Vol,Trending_Up_High_Vol,0.2011990394316899,0.21201805167283483,0.20038353091849495,0.05342580559056151
2021-05-05,Trending_Up,High_Vol,Trending_Up_High_Vol,Trending_Up_High_Vol,0.1965228214874125,0.21261730756376865,0.2004743058276201,0.045502071672992396
2021-05-06,Trending_Up,High_Vol,Trending_Up_High_Vol,Trending_Up_High_Vol,0.19796375267117972,0.21302422990567949,0.2007069345324233,0.03851857255459404
2021-05-07,Trending_Up,High_Vol,Trending_Up_High_Vol,Trending_Up_High_Vol,0.19662480248509426,0.21267559767635366,0.20037891698688723,0.032096599895435944
2021-05-10,Trending_Up,High_Vol,Trending_Up_High_Vol,Trending_Up_High_Vol,0.19828088138165215,0.20825545202446952,0.20054240680138202,0.024313279475850824
2021-05-11,Trending_Up,High_Vol,Trending_Up_High_Vol,Trending_Up_High_Vol,0.19935644796254454,0.2087341782398925,0.20085524708120966,0.030294435372264433
2021-05-12,Trending_Up,High_Vol,Trending_Up_High_Vol,Trending_Up_High_Vol,0.155321720185331,0.20575189175124842,0.20163459378592882,0.04036645754917995
2021-05-14,Trending_Up,Medium_Vol,Trending_Up_Medium_Vol,Trending_Up_Medium_Vol,0.14867564537414055,0.20494188455780785,0.20166357701796378,0.0415875193443187
2021-05-17,Trending_Up,High_Vol,Trending_Up_High_Vol,Trending_Up_High_Vol,0.1586217728779486,0.19004949542347613,0.20287659629382832,0.025566925874745166
2021-05-18,Trending_Up,High_Vol,Trending_Up_High_Vol,Trending_Up_High_Vol,0.16350454754058374,0.1887168120561329,0.2036247943618332,0.01349034478655586
2021-05-19,Trending_Up,Medium_Vol,Trending_Up_Medium_Vol,Trending_Up_Medium_Vol,0.14924342414674593,0.18768652127944177,0.20386035683895593,0.018580174672606035
2021-05-20,Trending_Up,High_Vol,Trending_Up_High_Vol,Trending_Up_High_Vol,0.1521539756585523,0.18189988381703057,0.1977239424270221,0.026683538392092004
2021-05-21,Trending_Up,High_Vol,Trending_Up_High_Vol,Trending_Up_High_Vol,0.16136058059474034,0.18491370060250964,0.19900827980222013,0.009102391091382087
2021-05-24,Trending_Up,High_Vol,Trending_Up_High_Vol,Trending_Up_High_Vol,0.15922832824028005,0.1836035411296108,0.19851509545361076,0.007639718604208209
2021-05-25,Trending_Up,High_Vol,Trending_Up_High_Vol,Trending_Up_High_Vol,0.15716565287557074,0.18359571267814503,0.19790518150368708,0.00693777864698395
2021-05-26,Trending_Up,High_Vol,Trending_Up_High_Vol,Trending_Up_High_Vol,0.1541223654125665,0.18288679468323463,0.19766282572336608,0.000865181807741528
2021-05-27,Trending_Up,Medium_Vol,Trending_Up_Medium_Vol,Trending_Up_Medium_Vol,0.1472295552797438,0.18262921988174427,0.19760688490564499,0.0
2021-05-28,Trending_Up,Medium_Vol,Trending_Up_Medium_Vol,Trending_Up_Medium_Vol,0.14819924452205352,0.18173896061077918,0.1977494809998709,0.0
2021-05-31,Trending_Up,Medium_Vol,Trending_Up_Medium_Vol,Trending_Up_Medium_Vol,0.1311344322806178,0.18203039251096761,0.19819696067881473,0.0
2021-06-01,Trending_Up,Medium_Vol,Trending_Up_Medium_Vol,Trending_Up_Medium_Vol,0.13137562250806645,0.1819909592389443,0.19820046944851596,0.0005101904286871787
2021-06-02,Trending_Up,Medium_Vol,Trending_Up_Medium_Vol,Trending_Up_Medium_Vol,0.12342068948388733,0.17931325223203115,0.19788565882225656,0.000423518844990536
2021-06-03,Trending_Up,Medium_Vol,Trending_Up_Medium_Vol,Trending_Up_Medium_Vol,0.12294376387012441,0.1775794277914632,0.19805241778236743,0.0
2021-06-04,Trending_Up,Medium_Vol,Trending_Up_Medium_Vol,Trending_Up_Medium_Vol,0.12326069809287538,0.17580537806570257,0.19793802091024582,0.0012810173052479636
2021-06-07,Trending_Up,Medium_Vol,Trending_Up_Medium_Vol,Trending_Up_Medium_Vol,0.12280790416088799,0.17597279920417294,0.19802435350827235,0.0
2021-06-08,Trending_Up,Medium_Vol,Trending_Up_Medium_Vol,Trending_Up_Medium_Vol,0.12204479954658615,0.17580327124324177,0.19682385703693497,0.0007333060957774142
2021-06-09,Trending_Up,Medium_Vol,Trending_Up_Medium_Vol,Trending_Up_Medium_Vol,0.12255764064911527,0.17124332016128396,0.19670988384589136,0.007383402904829541
2021-06-10,Trending_Up,Low_Vol,Trending_Up_Low_Vol,Trending_Up_Low_Vol,0.11312639584238494,0.1671288394994205,0.19678416932353407,0.0008824720127913184
2021-06-11,Trending_Up,Low_Vol,Trending_Up_Low_Vol,Trending_Up_Low_Vol,0.11174287138710537,0.16536258811223517,0.1968401780421865,0.0
2021-06-14,Trending_Up,Low_Vol,Trending_Up_Low_Vol,Trending_Up_Low_Vol,0.10093862784694724,0.1578451046278933,0.1968304843854257,0.0
2021-06-15,Trending_Up,Low_Vol,Trending_Up_Low_Vol,Trending_Up_Low_Vol,0.09462045448873511,0.1556182032651334,0.19593713158815357,0.0
2021-06-16,Trending_Up,Low_Vol,Trending_Up_Low_Vol,Trending_Up_Low_Vol,0.09605078527682073,0.1547627980509433,0.19542274660690193,0.006408632752808104
2021-06-17,Trending_Up,Low_Vol,Trending_Up_Low_Vol,Trending_Up_Low_Vol,0.0916709042728359,0.1506664824474078,0.1940021549540147,0.011207184295099011
2021-06-18,Trending_Up,Low_Vol,Trending_Up_Low_Vol,Trending_Up_Low_Vol,0.07159041382810305,0.15067822777572099,0.19362378744755945,0.011714503875419443
2021-06-21,Trending_Up,Low_Vol,Trending_Up_Low_Vol,Trending_Up_Low_Vol,0.07207548401378598,0.14973046642418994,0.193558664942937,0.007735085148951589
2021-06-22,Trending_Up,Low_Vol,Trending_Up_Low_Vol,Trending_Up_Low_Vol,0.07196557955958106,0.14962998558168358,0.1918945731770741,0.006080942703656443
2021-06-23,Trending_Up,Low_Vol,Trending_Up_Low_Vol,Trending_Up_Low_Vol,0.0744906358090013,0.15013518696168812,0.19147066046576927,0.011487613131527954
2021-06-24,Trending_Up,Low_Vol,Trending_Up_Low_Vol,Trending_Up_Low_Vol,0.07680413351367077,0.12515972719597562,0.18892940560709384,0.004965565775792807
2021-06-25,Trending_Up,Low_Vol,Trending_Up_Low_Vol,Trending_Up_Low_Vol,0.07545078974085942,0.12247401017317867,0.18800217223466884,0.0005608576728578855
2021-06-28,Trending_Up,Low_Vol,Trending_Up_Low_Vol,Trending_Up_Low_Vol,0.07032654538568066,0.12265651713882282,0.18665605306236951,0.0034374532310915765
2021-06-29,Trending_Up,Low_Vol,Trending_Up_Low_Vol,Trending_Up_Low_Vol,0.07238207768819388,0.1233368943060567,0.17175752114465673,0.007612193688265041
2021-06-30,Trending_Up,Low_Vol,Trending_Up_Low_Vol,Trending_Up_Low_Vol,0.07281946757205865,0.11551664239930645,0.16719971372698006,0.009310458906375538
2021-07-01,Trending_Up,Low_Vol,Trending_Up_Low_Vol,Trending_Up_Low_Vol,0.06886445334824856,0.11509701604725714,0.16666724703508637,0.011925579343699293
2021-07-02,Trending_Up,Low_Vol,Trending_Up_Low_Vol,Trending_Up_Low_Vol,0.0693446986478964,0.11434632900401144,0.16637425990848284,0.009266336133560187
2021-07-05,Trending_Up,Low_Vol,Trending_Up_Low_Vol,Trending_Up_Low_Vol,0.07151356728072995,0.11404561909739815,0.16668548436734157,0.002199246380578792
2021-07-06,Trending_Up,Low_Vol,Trending_Up_Low_Vol,Trending_Up_Low_Vol,0.07157344125026295,0.11274342778117498,0.16555392755572962,0.0032137624651448556
2021-07-07,Trending_Up,Low_Vol,Trending_Up_Low_Vol,Trending_Up_Low_Vol,0.06774688086430443,0.11059898991990076,0.16563318054982362,0.0
2021-07-08,Trending_Up,Low_Vol,Trending_Up_Low_Vol,Trending_Up_Low_Vol,0.07345032574926232,0.10942607542693071,0.1664055221137046,0.009556255727745109
2021-07-09,Trending_Up,Low_Vol,Trending_Up_Low_Vol,Trending_Up_Low_Vol,0.0723837608108013,0.1096982313982934,0.16634519800340478,0.011955589781093899
2021-07-12,Trending_Up,Low_Vol,Trending_Up_Low_Vol,Trending_Up_Low_Vol,0.0722896064615368,0.10095562762638277,0.16633707380293022,0.011779275780556901
2021-07-13,Trending_Up,Low_Vol,Trending_Up_Low_Vol,Trending_Up_Low_Vol,0.0764973276461342,0.10186804568804426,0.16603345845163456,0.0042381777680529364
2021-07-14,Trending_Up,Low_Vol,Trending_Up_Low_Vol,Trending_Up_Low_Vol,0.07338355147992773,0.0987339846842972,0.16607033280394706,0.001618435839599645
2021-07-15,Trending_Up,Low_Vol,Trending_Up_Low_Vol,Trending_Up_Low_Vol,0.07217835376209474,0.09777926115076745,0.16578435508295103,0.0
2021-07-16,Trending_Up,Low_Vol,Trending_Up_Low_Vol,Trending_Up_Low_Vol,0.07208987546098167,0.09701107772312077,0.16546661880318547,5.022573678365543e-05
2021-07-19,Trending_Up,Low_Vol,Trending_Up_Low_Vol,Trending_Up_Low_Vol,0.0816597905658826,0.10013739853349603,0.16573447419458687,0.010788598647363876
2021-07-20,Trending_Up,Low_Vol,Trending_Up_Low_Vol,Trending_Up_Low_Vol,0.08576327887063116,0.10084128281929351,0.16283047139620554,0.018343187246759412
2021-07-22,Trending_Up,Low_Vol,Trending_Up_Low_Vol,Trending_Up_Low_Vol,0.09464888178617566,0.10267213030248325,0.16385255167559842,0.006289194395739926
2021-07-23,Trending_Up,Low_Vol,Trending_Up_Low_Vol,Trending_Up_Low_Vol,0.09206665989141762,0.0991321034386998,0.1613465946206637,0.0042796743189062
2021-07-26,Trending_Up,Low_Vol,Trending_Up_Low_Vol,Trending_Up_Low_Vol,0.09099308364469394,0.09925031452962958,0.16099712859619542,0.006264050864505128
2021-07-27,Trending_Up,Low_Vol,Trending_Up_Low_Vol,Trending_Up_Low_Vol,0.0921086515594623,0.09396711350400143,0.14920566718270298,0.011162256051787334
2021-07-28,Trending_Up,Low_Vol,Trending_Up_Low_Vol,Trending_Up_Low_Vol,0.09128085067487302,0.090617788332882,0.14729518939703243,0.013488891250609194
2021-07-29,Trending_Up,Low_Vol,Trending_Up_Low_Vol,Trending_Up_Low_Vol,0.09242525878104844,0.08992409259290442,0.1465446990047282,0.009152735974953608
2021-07-30,Trending_Up,Low_Vol,Trending_Up_Low_Vol,Trending_Up_Low_Vol,0.0919354151833903,0.08752826369554742,0.1425323416637717,0.010119842042204215
2021-08-02,Trending_Up,Low_Vol,Trending_Up_Low_Vol,Trending_Up_Low_Vol,0.09538002237727213,0.08000696816042102,0.14186786934890847,0.0024522302036239676
2021-08-03,Trending_Up,Low_Vol,Trending_Up_Low_Vol,Trending_Up_Low_Vol,0.10690758878648944,0.08640473886079132,0.14290004599031153,0.0
2021-08-04,Trending_Up,Low_Vol,Trending_Up_Low_Vol,Trending_Up_Low_Vol,0.10941959818804566,0.08770488902158466,0.14334659303942035,0.0
2021-08-05,Trending_Up,Low_Vol,Trending_Up_Low_Vol,Trending_Up_Low_Vol,0.10907561720335453,0.0870493753712891,0.14269444107591167,0.0
2021-08-06,Trending_Up,Low_Vol,Trending_Up_Low_Vol,Trending_Up_Low_Vol,0.1029963583332924,0.08765316309540236,0.14268848648353796,0.0034612335015615195
2021-08-09,Trending_Up,Low_Vol,Trending_Up_Low_Vol,Trending_Up_Low_Vol,0.10190596892274477,0.08683463678210429,0.14175006534589343,0.0022307764686704218
2021-08-10,Trending_Up,Low_Vol,Trending_Up_Low_Vol,Trending_Up_Low_Vol,0.1017437557919586,0.08464046672493462,0.1412305564558437,0.0008898653754988562
2021-08-11,Trending_Up,Low_Vol,Trending_Up_Low_Vol,Trending_Up_Low_Vol,0.09955980182428621,0.08459810243079642,0.14119287189355514,0.0007578958471550738
2021-08-12,Trending_Up,Low_Vol,Trending_Up_Low_Vol,Trending_Up_Low_Vol,0.10029492051285115,0.08508319072550947,0.13964081086196234,0.0
2021-08-13,Trending_Up,Low_Vol,Trending_Up_Low_Vol,Trending_Up_Low_Vol,0.10431346595532752,0.08634189171424857,0.1389747045709166,0.0
2021-08-16,Trending_Up,Low_Vol,Trending_Up_Low_Vol,Trending_Up_Low_Vol,0.10406246415368313,0.08620205084204952,0.13775736564719188,0.0
2021-08-17,Trending_Up,Low_Vol,Trending_Up_Low_Vol,Trending_Up_Low_Vol,0.09256858870908392,0.0858221836437749,0.13776264864600474,0.0
2021-08-18,Trending_Up,Low_Vol,Trending_Up_Low_Vol,Trending_Up_Low_Vol,0.08678968629324241,0.08616108499155369,0.1377500960852805,0.0027536023181795473
2021-08-20,Trending_Up,Low_Vol,Trending_Up_Low_Vol,Trending_Up_Low_Vol,0.08641649682147279,0.0863918780584371,0.13498878350061283,0.009876832017210015
2021-08-23,Trending_Up,Low_Vol,Trending_Up_Low_Vol,Trending_Up_Low_Vol,0.08646751314875153,0.08556567460423078,0.1323253401684197,0.007111239115165443
2021-08-24,Trending_Up,Low_Vol,Trending_Up_Low_Vol,Trending_Up_Low_Vol,0.08743236015669115,0.08668109729224642,0.13147949092894323,0.0
2021-08-25,Trending_Up,Low_Vol,Trending_Up_Low_Vol,Trending_Up_Low_Vol,0.08331947035933855,0.08668479119358494,0.12671199548761017,0.0
2021-08-26,Trending_Up,Low_Vol,Trending_Up_Low_Vol,Trending_Up_Low_Vol,0.08174748139585718,0.08650046491345721,0.12535953924802903,0.0
2021-08-27,Trending_Up,Low_Vol,Trending_Up_Low_Vol,Trending_Up_Low_Vol,0.08168282516356297,0.0851035936247712,0.12425661740380589,0.0
2021-08-30,Trending_Up,Low_Vol,Trending_Up_Low_Vol,Trending_Up_Low_Vol,0.08854777346382209,0.08835864240901439,0.12288366936840267,0.0
2021-08-31,Trending_Up,Low_Vol,Trending_Up_Low_Vol,Trending_Up_Low_Vol,0.09225681607111053,0.09121431161806717,0.12396225391313663,0.0
2021-09-01,Trending_Up,Low_Vol,Trending_Up_Low_Vol,Trending_Up_Low_Vol,0.08448871364498467,0.09176015538518333,0.12358406809004083,0.003265734774363788
2021-09-02,Trending_Up,Low_Vol,Trending_Up_Low_Vol,Trending_Up_Low_Vol,0.08565042605853977,0.09333631908365049,0.12415386530684781,0.0
2021-09-03,Trending_Up,Low_Vol,Trending_Up_Low_Vol,Trending_Up_Low_Vol,0.08596931401239412,0.09214456479559428,0.12411260144700693,0.0
2021-09-06,Trending_Up,Low_Vol,Trending_Up_Low_Vol,Trending_Up_Low_Vol,0.08242808993687828,0.09158237073797962,0.10910979713994726,0.0
2021-09-07,Trending_Up,Low_Vol,Trending_Up_Low_Vol,Trending_Up_Low_Vol,0.08351869333434062,0.09161797761860827,0.10760448052799826,0.0009035189246697419
2021-09-08,Trending_Up,Low_Vol,Trending_Up_Low_Vol,Trending_Up_Low_Vol,0.08434199304705935,0.09114352207726975,0.10752227142597012,0.0013983807016719652
2021-09-09,Trending_Up,Low_Vol,Trending_Up_Low_Vol,Trending_Up_Low_Vol,0.08401078546890348,0.0901119547409325,0.10752433096191956,0.0004920519781321221
2021-09-13,Trending_Up,Low_Vol,Trending_Up_Low_Vol,Trending_Up_Low_Vol,0.08491302623103843,0.08994369854526299,0.10300611304129982,0.001294755319342633
2021-09-14,Trending_Up,Low_Vol,Trending_Up_Low_Vol,Trending_Up_Low_Vol,0.08075877539322834,0.08932738219740026,0.10251207181113076,0.0
2021-09-15,Trending_Up,Low_Vol,Trending_Up_Low_Vol,Trending_Up_Low_Vol,0.08304432708410897,0.09031286703289655,0.10256262993266661,0.0
2021-09-16,Trending_Up,Low_Vol,Trending_Up_Low_Vol,Trending_Up_Low_Vol,0.08394749293644442,0.09009278612006387,0.10225684580247456,0.0
2021-09-17,Trending_Up,Low_Vol,Trending_Up_Low_Vol,Trending_Up_Low_Vol,0.08373583540926031,0.09042732389315766,0.10171691641642326,0.0025156476006126098
2021-09-20,Trending_Up,Low_Vol,Trending_Up_Low_Vol,Trending_Up_Low_Vol,0.09016333454889451,0.09480269674752563,0.10249641928857507,0.013193772334723049
2021-09-21,Trending_Up,Low_Vol,Trending_Up_Low_Vol,Trending_Up_Low_Vol,0.09322272989857436,0.0926416699347952,0.1012303831705989,0.003828809665617289
2021-09-22,Trending_Up,Low_Vol,Trending_Up_Low_Vol,Trending_Up_Low_Vol,0.0925905879153395,0.09230677802143673,0.1013103137273012,0.004699487187668397
2021-09-23,Trending_Up,Low_Vol,Trending_Up_Low_Vol,Trending_Up_Low_Vol,0.10301821184159604,0.09700192266984979,0.09892051644162703,0.0
2021-09-24,Trending_Up,Low_Vol,Trending_Up_Low_Vol,Trending_Up_Low_Vol,0.10249429506195921,0.09632126220222952,0.09888032047478999,0.0
2021-09-27,Trending_Up,Low_Vol,Trending_Up_Low_Vol,Trending_Up_Low_Vol,0.1031895363008475,0.09646333790888045,0.09722409829490132,0.0
2021-09-28,Trending_Up,Low_Vol,Trending_Up_Low_Vol,Trending_Up_Low_Vol,0.10088303912107321,0.09814527332434189,0.0975350043594719,0.005964682490154303
2021-09-29,Trending_Up,Low_Vol,Trending_Up_Low_Vol,Trending_Up_Low_Vol,0.09548258011468742,0.09849353134022726,0.09736442775001612,0.008053655889407471
2021-09-30,Trending_Up,Low_Vol,Trending_Up_Low_Vol,Trending_Up_Low_Vol,0.09710092113060005,0.0955296263105375,0.09770632718659261,0.013270674705482316
2021-10-01,Trending_Up,Low_Vol,Trending_Up_Low_Vol,Trending_Up_Low_Vol,0.09524481123385752,0.09425556688872838,0.09774192860270754,0.018092804587624925
2021-10-04,Trending_Up,Low_Vol,Trending_Up_Low_Vol,Trending_Up_Low_Vol,0.09852734573911566,0.0927782692718505,0.09765505210240788,0.009176628131997041
2021-10-05,Trending_Up,Low_Vol,Trending_Up_Low_Vol,Trending_Up_Low_Vol,0.100857039789536,0.09349528107576441,0.0960892068686575,0.001836944561641014
2021-10-06,Trending_Up,Low_Vol,Trending_Up_Low_Vol,Trending_Up_Low_Vol,0.10821945661551466,0.09700172081022247,0.09778397228590845,0.011710918110208142
2021-10-07,Trending_Up,Low_Vol,Trending_Up_Low_Vol,Trending_Up_Low_Vol,0.1111487408076292,0.09651036624196505,0.09539318601208964,0.0036264149411971
2021-10-08,Trending_Up,Low_Vol,Trending_Up_Low_Vol,Trending_Up_Low_Vol,0.1123375918643195,0.09616965212289477,0.09410111187596382,0.0
2021-10-11,Trending_Up,Low_Vol,Trending_Up_Low_Vol,Trending_Up_Low_Vol,0.11208340060740887,0.09608584341694897,0.09346886224132897,0.0
2021-10-12,Trending_Up,Low_Vol,Trending_Up_Low_Vol,Trending_Up_Low_Vol,0.11211932631521021,0.09573714388443864,0.09207573669111645,0.0
2021-10-13,Trending_Up,Medium_Vol,Trending_Up_Medium_Vol,Trending_Up_Medium_Vol,0.11327424386890995,0.09627255232263798,0.08919458558996625,0.0
2021-10-14,Trending_Up,Medium_Vol,Trending_Up_Medium_Vol,Trending_Up_Medium_Vol,0.11571269127507197,0.09317769349013313,0.09007418632226427,0.0
2021-10-18,Trending_Up,Medium_Vol,Trending_Up_Medium_Vol,Trending_Up_Medium_Vol,0.11602148802314048,0.09306766480530414,0.09049862629091648,0.0
2021-10-19,Trending_Up,Low_Vol,Trending_Up_Low_Vol,Trending_Up_Low_Vol,0.10739741808990533,0.09395190024826372,0.0906128981945212,0.0031553077349964326
2021-10-20,Trending_Up,Low_Vol,Trending_Up_Low_Vol,Trending_Up_Low_Vol,0.11131793866667083,0.09610353477270568,0.09202448482519784,0.011389868132448931
2021-10-21,Trending_Up,Medium_Vol,Trending_Up_Medium_Vol,Trending_Up_Medium_Vol,0.11354406414835563,0.09743445708449856,0.09231695526530635,0.016179593562537987
2021-10-22,Trending_Up,Low_Vol,Trending_Up_Low_Vol,Trending_Up_Low_Vol,0.10214416763893822,0.09826332475310684,0.09179900746524093,0.019600010570545175
2021-10-25,Trending_Up,Low_Vol,Trending_Up_Low_Vol,Trending_Up_Low_Vol,0.10209568539574397,0.09822102554387928,0.09175384719627776,0.01903173806189054
2021-10-26,Trending_Up,Low_Vol,Trending_Up_Low_Vol,Trending_Up_Low_Vol,0.10511159122415725,0.098855327400505,0.0922751017109043,0.011292407705927434
2021-10-27,Trending_Up,Low_Vol,Trending_Up_Low_Vol,Trending_Up_Low_Vol,0.10303051281893669,0.09790986212021852,0.09212129574366805,0.014401733569408843
2021-10-28,Trending_Up,Medium_Vol,Trending_Up_Medium_Vol,Trending_Up_Medium_Vol,0.1263381471924388,0.10904062505371948,0.0978428413841248,0.033544356650194236
2021-10-29,Trending_Up,Medium_Vol,Trending_Up_Medium_Vol,Trending_Up_Medium_Vol,0.13065119288036725,0.11220177183945242,0.09939094723158409,0.04358922861446579
2021-11-01,Trending_Up,Medium_Vol,Trending_Up_Medium_Vol,Trending_Up_Medium_Vol,0.13868360092906357,0.11571852032969467,0.10159933316717082,0.029625961258951932
2021-11-02,Trending_Up,Medium_Vol,Trending_Up_Medium_Vol,Trending_Up_Medium_Vol,0.13590866247007455,0.11433263816441405,0.10095925478250309,0.03182875716815095
2021-11-03,Trending_Up,Medium_Vol,Trending_Up_Medium_Vol,Trending_Up_Medium_Vol,0.1341012120013107,0.11485986721622504,0.10088775419065175,0.03506249834835232
2021-11-04,Trending_Up,Medium_Vol,Trending_Up_Medium_Vol,Trending_Up_Medium_Vol,0.1297657905069579,0.11424607559080115,0.1009668935738645,0.03032139742607225
2021-11-08,Trending_Up,Medium_Vol,Trending_Up_Medium_Vol,Trending_Up_Medium_Vol,0.12998816016005696,0.11528049832275672,0.10160631055404938,0.022108506646230278
2021-11-09,Trending_Up,Medium_Vol,Trending_Up_Medium_Vol,Trending_Up_Medium_Vol,0.12876579116313866,0.11543035856135565,0.10162971057153783,0.023423693877011705
2021-11-10,Trending_Up,Medium_Vol,Trending_Up_Medium_Vol,Trending_Up_Medium_Vol,0.1286180603270408,0.11550329637163369,0.10097787686976514,0.024887714383869348
2021-11-11,Trending_Up,Medium_Vol,Trending_Up_Medium_Vol,Trending_Up_Medium_Vol,0.13148571023740066,0.11410690765751269,0.10158870112422301,0.03265949631352237
2021-11-12,Trending_Up,Medium_Vol,Trending_Up_Medium_Vol,Trending_Up_Medium_Vol,0.13530074983749876,0.1145818462418946,0.10316801149441346,0.02025760418593589
2021-11-15,Trending_Up,Medium_Vol,Trending_Up_Medium_Vol,Trending_Up_Medium_Vol,0.13023525568382296,0.11415473531715327,0.1030994194031454,0.019895034486403635
2021-11-16,Trending_Up,Medium_Vol,Trending_Up_Medium_Vol,Trending_Up_Medium_Vol,0.12789493254035114,0.11378673626579135,0.10378482883982257,0.02586189582727729
2021-11-17,Trending_Up,Medium_Vol,Trending_Up_Medium_Vol,Trending_Up_Medium_Vol,0.12865694194192873,0.11426525434120138,0.10380946326956475,0.03130371818926561
2021-11-18,Trending_Up,Medium_Vol,Trending_Up_Medium_Vol,Trending_Up_Medium_Vol,0.12813246734771697,0.11556939831818579,0.10439826966692102,0.03854781850373933
2021-11-22,Trending_Up,Medium_Vol,Trending_Up_Medium_Vol,Trending_Up_Medium_Vol,0.14327016066323167,0.12402508127204208,0.10935925931846613,0.05739552337411802
2021-11-23,Trending_Up,Medium_Vol,Trending_Up_Medium_Vol,Trending_Up_Medium_Vol,0.1453237189806466,0.12450055696453509,0.10936905177899264,0.05269786739251077
2021-11-24,Trending_Up,Medium_Vol,Trending_Up_Medium_Vol,Trending_Up_Medium_Vol,0.1455371946178618,0.1250430500289593,0.10948151931550762,0.05747670516106868
2021-11-25,Trending_Up,Medium_Vol,Trending_Up_Medium_Vol,Trending_Up_Medium_Vol,0.14473790045675558,0.12597103968000153,0.10979369714028107,0.050917259057635895
2021-11-26,Trending_Up,High_Vol,Trending_Up_High_Vol,Trending_Up_High_Vol,0.17379150387713252,0.14206979001264403,0.11966895387521449,0.07850828466478159
2021-11-29,Trending_Up,High_Vol,Trending_Up_High_Vol,Trending_Up_High_Vol,0.1636544807854963,0.14084546359858377,0.11963904798076218,0.07701995190401945
2021-11-30,Trending_Up,High_Vol,Trending_Up_High_Vol,Trending_Up_High_Vol,0.1610118519853703,0.14020780145499886,0.11946920268312117,0.08084902618852567
2021-12-01,Trending_Up,High_Vol,Trending_Up_High_Vol,Trending_Up_High_Vol,0.1563516207788928,0.1424999717578094,0.12050148305920326,0.07090689992336355
2021-12-02,Trending_Up,High_Vol,Trending_Up_High_Vol,Trending_Up_High_Vol,0.16609547070405495,0.14397283826655505,0.12212110724016019,0.058201950265584945
2021-12-03,Trending_Up,High_Vol,Trending_Up_High_Vol,Trending_Up_High_Vol,0.17010343400958303,0.1447131822891853,0.12265708627437352,0.06929415184588145
2021-12-06,Trending_Up,High_Vol,Trending_Up_High_Vol,Trending_Up_High_Vol,0.17590609559019627,0.14919344608731244,0.12564840116069195,0.08468888242911128
2021-12-07,Trending_Up,High_Vol,Trending_Up_High_Vol,Trending_Up_High_Vol,0.1836758930449064,0.14913131413940398,0.12783666022216228,0.07037657567189028
2021-12-08,Trending_Up,High_Vol,Trending_Up_High_Vol,Trending_Up_High_Vol,0.19634587953994748,0.15429789107170205,0.12995266770236533,0.054516318279115246
2021-12-09,Trending_Up,High_Vol,Trending_Up_High_Vol,Trending_Up_High_Vol,0.19692232281311867,0.1544499912338386,0.1299547518926861,0.05196723130995481
2021-12-10,Trending_Up,High_Vol,Trending_Up_High_Vol,Trending_Up_High_Vol,0.19536925800985339,0.15391094175342543,0.12985709635803844,0.052267540498401203
2021-12-13,Trending_Up,High_Vol,Trending_Up_High_Vol,Trending_Up_High_Vol,0.18987492714427576,0.154891466313743,0.13065874364799646,0.06000961919611004
2021-12-14,Trending_Up,High_Vol,Trending_Up_High_Vol,Trending_Up_High_Vol,0.18967276098138033,0.15456438102647954,0.12943882065534276,0.06235575169789382
2021-12-15,Trending_Up,High_Vol,Trending_Up_High_Vol,Trending_Up_High_Vol,0.18964177025925322,0.15474984778188242,0.12918353401946947,0.0679572949974895
2021-12-16,Trending_Up,High_Vol,Trending_Up_High_Vol,Trending_Up_High_Vol,0.1896167991102637,0.15331759444730556,0.12791613092918844,0.06649602283237759
2021-12-17,Trending_Up,High_Vol,Trending_Up_High_Vol,Trending_Up_High_Vol,0.1946625015858817,0.15576028606000153,0.13044512819621953,0.0807407838059248
2021-12-20,Trending_Up,High_Vol,Trending_Up_High_Vol,Trending_Up_High_Vol,0.1974643827764129,0.16150720051243453,0.1352151834760853,0.10081974577838852
2021-12-21,Trending_Up,High_Vol,Trending_Up_High_Vol,Trending_Up_High_Vol,0.200244280550794,0.16190207427468856,0.13566173704593934,0.09234164002008403
2021-12-22,Trending_Up,High_Vol,Trending_Up_High_Vol,Trending_Up_High_Vol,0.2051173505651282,0.1634423531417847,0.136559603344823,0.08235088924711292
2021-12-23,Trending_Up,High_Vol,Trending_Up_High_Vol,Trending_Up_High_Vol,0.20509078512859696,0.1641914675774988,0.1367861836078466,0.07601057054517586
2021-12-24,Trending_Up,High_Vol,Trending_Up_High_Vol,Trending_Up_High_Vol,0.1774522343646854,0.16413446393497755,0.13697459567612108,0.0797367934251209
2021-12-27,Trending_Up,High_Vol,Trending_Up_High_Vol,Trending_Up_High_Vol,0.1782150220379598,0.16294226256902303,0.13667747323175658,0.0752717951428345
2021-12-28,Trending_Up,High_Vol,Trending_Up_High_Vol,Trending_Up_High_Vol,0.17987193299999385,0.16257229999887093,0.13522654375386897,0.06731598002166962
2021-12-29,Trending_Up,High_Vol,Trending_Up_High_Vol,Trending_Up_High_Vol,0.17599949872456044,0.1613345763360269,0.1347562914484739,0.06837948257181364
2021-12-30,Trending_Up,High_Vol,Trending_Up_High_Vol,Trending_Up_High_Vol,0.1686382746201316,0.1612916318339516,0.13474440236547575,0.06890177320895326
2021-12-31,Trending_Up,High_Vol,Trending_Up_High_Vol,Trending_Up_High_Vol,0.1661666238951775,0.16203467225041449,0.13520217089464134,0.0607780978303956
2022-01-03,Trending_Up,High_Vol,Trending_Up_High_Vol,Trending_Up_High_Vol,0.16159026452735364,0.16600185011506696,0.1372687632548276,0.04607616077799213
2022-01-04,Trending_Up,High_Vol,Trending_Up_High_Vol,Trending_Up_High_Vol,0.1566247080581337,0.16759500988428827,0.1380660401101849,0.03635865859781718
2022-01-05,Trending_Up,Medium_Vol,Trending_Up_Medium_Vol,Trending_Up_Medium_Vol,0.1473350889095794,0.16832832594346003,0.13836652620129525,0.029864115641764225
2022-01-06,Trending_Up,High_Vol,Trending_Up_High_Vol,Trending_Up_High_Vol,0.15257692671795547,0.16871730880581243,0.13930592265633895,0.039570730160408026
2022-01-07,Trending_Up,High_Vol,Trending_Up_High_Vol,Trending_Up_High_Vol,0.15290573625809212,0.16887838664610588,0.13860227080005233,0.0359554980048096
2022-01-10,Trending_Up,High_Vol,Trending_Up_High_Vol,Trending_Up_High_Vol,0.15273549923569957,0.1649094578261242,0.13948044668643553,0.025639914378584077
2022-01-11,Trending_Up,High_Vol,Trending_Up_High_Vol,Trending_Up_High_Vol,0.15190283048583664,0.16320368577010458,0.1394726712529925,0.022801300177056633
2022-01-12,Trending_Up,Medium_Vol,Trending_Up_Medium_Vol,Trending_Up_Medium_Vol,0.15045276457768866,0.1610958787703159,0.13989581770840953,0.014325942760497873
2022-01-13,Trending_Up,Medium_Vol,Trending_Up_Medium_Vol,Trending_Up_Medium_Vol,0.15038440361640507,0.1610504617189805,0.13930590717437455,0.01186607119262176
2022-01-14,Trending_Up,Medium_Vol,Trending_Up_Medium_Vol,Trending_Up_Medium_Vol,0.13495828342150132,0.1608217494557485,0.13929136971246103,0.011977061916968368
2022-01-17,Trending_Up,Low_Vol,Trending_Up_Low_Vol,Trending_Up_Low_Vol,0.09591141604624935,0.1605999822719303,0.13890659781620202,0.009143838693480616
2022-01-18,Trending_Up,Low_Vol,Trending_Up_Low_Vol,Trending_Up_Low_Vol,0.10890027145339833,0.1614448836680278,0.1401331141577506,0.01970011363336064
2022-01-19,Trending_Up,Medium_Vol,Trending_Up_Medium_Vol,Trending_Up_Medium_Vol,0.11544504718282218,0.16289491999587014,0.14112332765294883,0.029152400835073068
2022-01-20,Trending_Up,Medium_Vol,Trending_Up_Medium_Vol,Trending_Up_Medium_Vol,0.12306075814785014,0.16442519393757693,0.14207542883369997,0.038970006078063474
2022-01-21,Trending_Up,Medium_Vol,Trending_Up_Medium_Vol,Trending_Up_Medium_Vol,0.12627184439839284,0.1644025003412901,0.1411993247494722,0.046538833540339844
2022-01-24,Trending_Up,High_Vol,Trending_Up_High_Vol,Trending_Up_High_Vol,0.1607566940727806,0.17192347460346372,0.14636433314836364,0.0718702994106921
2022-01-25,Trending_Up,High_Vol,Trending_Up_High_Vol,Trending_Up_High_Vol,0.1600489584196606,0.172966164963598,0.146742123785233,0.0648968050527206
2022-01-27,Trending_Up,High_Vol,Trending_Up_High_Vol,Trending_Up_High_Vol,0.163832669021934,0.17371687186874168,0.146839955569264,0.07397827752966359
2022-01-28,Trending_Up,High_Vol,Trending_Up_High_Vol,Trending_Up_High_Vol,0.16383088180179003,0.17339449495303555,0.1466025637125538,0.07442213472159827
2022-01-31,Trending_Up,High_Vol,Trending_Up_High_Vol,Trending_Up_High_Vol,0.16856311381827513,0.17582234356812812,0.14819494687584037,0.06154668217013293
2022-02-01,Trending_Up,High_Vol,Trending_Up_High_Vol,Trending_Up_High_Vol,0.16625128211097548,0.1730000594438197,0.14976044839048736,0.04871995983192833
2022-02-02,Trending_Up,High_Vol,Trending_Up_High_Vol,Trending_Up_High_Vol,0.16744185717568547,0.17454940871930516,0.15084310910879525,0.03772521867815332
2022-02-03,Trending_Up,High_Vol,Trending_Up_High_Vol,Trending_Up_High_Vol,0.17091009640394703,0.1764799078020977,0.15216934312943428,0.04962109880817103
2022-02-04,Trending_Up,High_Vol,Trending_Up_High_Vol,Trending_Up_High_Vol,0.16769539333514227,0.1759007632807503,0.15222036784190576,0.051996934541899
2022-02-07,Trending_Up,High_Vol,Trending_Up_High_Vol,Trending_Up_High_Vol,0.1768256744767681,0.16766524558997553,0.15469417836659094,0.06837948257181364
2022-02-08,Trending_Up,High_Vol,Trending_Up_High_Vol,Trending_Up_High_Vol,0.17176602859047352,0.16775841155082533,0.15423629753009432,0.06550292011310484
2022-02-09,Trending_Up,High_Vol,Trending_Up_High_Vol,Trending_Up_High_Vol,0.1775619114024751,0.16926538783158368,0.15498969980742838,0.05483829708517217
2022-02-10,Trending_Up,High_Vol,Trending_Up_High_Vol,Trending_Up_High_Vol,0.17715776916565762,0.1685393675146633,0.15547916797614955,0.04715044528421553
2022-02-11,Trending_Up,High_Vol,Trending_Up_High_Vol,Trending_Up_High_Vol,0.1809672304963216,0.16855437405515017,0.15595265742108616,0.05965783145265717
2022-02-14,Trending_Up,High_Vol,Trending_Up_High_Vol,Trending_Up_High_Vol,0.20642463364774494,0.18023902084669743,0.1626167681422875,0.08844755688274623
2022-02-15,Trending_Up,High_Vol,Trending_Up_High_Vol,Trending_Up_High_Vol,0.2387685474018151,0.18902958867981245,0.16972400755311418,0.06086477630083772
2022-02-16,Trending_Up,High_Vol,Trending_Up_High_Vol,Trending_Up_High_Vol,0.23685432513321072,0.18591302985836414,0.16783974410131022,0.06250194233767607
2022-02-17,Trending_Up,High_Vol,Trending_Up_High_Vol,Trending_Up_High_Vol,0.23519602382054208,0.18188538054457368,0.16781572737843733,0.06345445416347348
2022-02-18,Trending_Up,High_Vol,Trending_Up_High_Vol,Trending_Up_High_Vol,0.23308638053334685,0.1817997397880142,0.16782891502815714,0.06498602045400491
2022-02-21,Trending_Up,High_Vol,Trending_Up_High_Vol,Trending_Up_High_Vol,0.23203818037595242,0.18200191394441434,0.16769006391587085,0.06875558256917101
2022-02-22,Trending_Up,High_Vol,Trending_Up_High_Vol,Trending_Up_High_Vol,0.21300774139094417,0.18169553044074024,0.1679729438162986,0.07494981633677757
2022-02-23,Trending_Up,High_Vol,Trending_Up_High_Vol,Trending_Up_High_Vol,0.2111532788442802,0.18165359112907706,0.1678002582337057,0.07651658254274464
2022-02-24,Sideways,High_Vol,Sideways_High_Vol,Sideways_High_Vol,0.2685284882828777,0.21041104003841635,0.18385561783759166,0.12064157923944928
2022-02-25,Sideways,High_Vol,Sideways_High_Vol,Sideways_High_Vol,0.28600362610651475,0.21850994425253653,0.18779735394404917,0.09842752569963796
2022-02-28,Sideways,High_Vol,Sideways_High_Vol,Sideways_High_Vol,0.28268284887749584,0.21674398976555648,0.18787904193341248,0.09109410427842816
2022-03-02,Sideways,High_Vol,Sideways_High_Vol,Sideways_High_Vol,0.27880031440049413,0.21253593280081953,0.18805521318826157,0.10126624560661716
2022-03-03,Sideways,High_Vol,Sideways_High_Vol,Sideways_High_Vol,0.27388624334786377,0.21193924043937198,0.18776649614163507,0.10710583758357338
2022-03-04,Sideways,High_Vol,Sideways_High_Vol,Sideways_High_Vol,0.2753381445770246,0.2129917766438005,0.18889073438000065,0.12078232604846595
2022-03-07,Sideways,High_Vol,Sideways_High_Vol,Sideways_High_Vol,0.28406050518769294,0.21824617286077685,0.1921722803449829,0.14146740308131392
2022-03-08,Sideways,High_Vol,Sideways_High_Vol,Sideways_High_Vol,0.2843339113798707,0.2195033289567701,0.19282521809782163,0.13333299859940276
2022-03-09,Sideways,High_Vol,Sideways_High_Vol,Sideways_High_Vol,0.29635502086254534,0.22455377725613623,0.19521209091143937,0.11537020691842181
2022-03-10,Sideways,High_Vol,Sideways_High_Vol,Sideways_High_Vol,0.29907121282323135,0.22647715387067366,0.1961800923740324,0.10186422134721598
2022-03-11,Sideways,High_Vol,Sideways_High_Vol,Sideways_High_Vol,0.2970271149424815,0.22656078896401305,0.1957727395854416,0.09994027641975635
2022-03-14,Sideways,High_Vol,Sideways_High_Vol,Sideways_High_Vol,0.3002958712763851,0.22907344449444525,0.19726959819016068,0.08690510293068365
2022-03-15,Sideways,High_Vol,Sideways_High_Vol,Sideways_High_Vol,0.2831513039778141,0.22969348869476103,0.19776891436589014,0.09817858936074628
2022-03-16,Sideways,High_Vol,Sideways_High_Vol,Sideways_High_Vol,0.26923196610413136,0.23092773773013142,0.20008513220941718,0.08127385639914378
2022-03-17,Trending_Up,High_Vol,Trending_Up_High_Vol,Trending_Up_High_Vol,0.2777791447508829,0.23361391457717265,0.20227869712277627,0.06440421764752517
2022-03-21,Trending_Up,High_Vol,Trending_Up_High_Vol,Trending_Up_High_Vol,0.2799666192939394,0.23393494310724766,0.20282308321353626,0.07357511693665601
2022-03-22,Trending_Up,High_Vol,Trending_Up_High_Vol,Trending_Up_High_Vol,0.2830919108005863,0.23458680399310733,0.20329245549326988,0.06286451203720832
2022-03-23,Trending_Up,High_Vol,Trending_Up_High_Vol,Trending_Up_High_Vol,0.2830923898121899,0.23453100914295055,0.20332730858025003,0.06664485610845379
2022-03-24,Trending_Up,High_Vol,Trending_Up_High_Vol,Trending_Up_High_Vol,0.281995666627222,0.23311678108159237,0.20104866902469704,0.06788425253032425
2022-03-25,Trending_Up,High_Vol,Trending_Up_High_Vol,Trending_Up_High_Vol,0.28236609187980505,0.2330735958432838,0.20048795997543079,0.07165920562353004
2022-03-28,Trending_Up,High_Vol,Trending_Up_High_Vol,Trending_Up_High_Vol,0.217523125139188,0.23232192122095985,0.19919698322545618,0.06792484342379958
2022-03-29,Trending_Up,High_Vol,Trending_Up_High_Vol,Trending_Up_High_Vol,0.201540772626483,0.23272660624758026,0.1994236913272256,0.06233408208028329
2022-03-30,Trending_Up,High_Vol,Trending_Up_High_Vol,Trending_Up_High_Vol,0.20238695631128517,0.23401157494248914,0.20001732023210647,0.052973864327052665
2022-03-31,Trending_Up,High_Vol,Trending_Up_High_Vol,Trending_Up_High_Vol,0.19689012998692237,0.2338786512483024,0.19987460178297795,0.05478692423561745
2022-04-01,Trending_Up,High_Vol,Trending_Up_High_Vol,Trending_Up_High_Vol,0.19637963815822781,0.23445679396477737,0.2003074086571333,0.04365423746729737
2022-04-04,Trending_Up,High_Vol,Trending_Up_High_Vol,Trending_Up_High_Vol,0.1932100519313572,0.23860238251503033,0.20326658125278252,0.022928463835522318
2022-04-05,Trending_Up,High_Vol,Trending_Up_High_Vol,Trending_Up_High_Vol,0.16599621524054342,0.2377739353988039,0.20343272218677963,0.028124098200364683
2022-04-06,Trending_Up,High_Vol,Trending_Up_High_Vol,Trending_Up_High_Vol,0.1733185891685987,0.23785849978809928,0.20347058913302016,0.03622874659760577
2022-04-07,Trending_Up,High_Vol,Trending_Up_High_Vol,Trending_Up_High_Vol,0.17095474401109761,0.23090529796392031,0.20298072620207386,0.045326497714119604
2022-04-08,Trending_Up,High_Vol,Trending_Up_High_Vol,Trending_Up_High_Vol,0.16649223641779812,0.23101654598470586,0.20341553592675585,0.037489812637086756
2022-04-11,Trending_Up,High_Vol,Trending_Up_High_Vol,Trending_Up_High_Vol,0.16996851691191608,0.2303299874233605,0.20342032064386079,0.04341069210644539
2022-04-12,Trending_Up,High_Vol,Trending_Up_High_Vol,Trending_Up_High_Vol,0.1688834034426754,0.23118989986607813,0.2036403153467404,0.05123923786369282
2022-04-13,Trending_Up,High_Vol,Trending_Up_High_Vol,Trending_Up_High_Vol,0.16152302122465828,0.22930051922768593,0.20335702545811982,0.05419698210935229
2022-04-18,Sideways,High_Vol,Sideways_High_Vol,Sideways_High_Vol,0.16387255118480945,0.230516195440866,0.20282231574869056,0.07054158188208556
2022-04-19,Trending_Down,High_Vol,Trending_Down_High_Vol,Trending_Down_High_Vol,0.15603151255929001,0.23045160065338832,0.2036161717527955,0.08217763801168045
2022-04-20,Trending_Down,High_Vol,Trending_Down_High_Vol,Trending_Down_High_Vol,0.15731895615545863,0.2302868919308609,0.20417458957426693,0.0725494569382416
2022-04-21,Sideways,High_Vol,Sideways_High_Vol,Sideways_High_Vol,0.16099941498902418,0.23277840601034827,0.20526529738253133,0.05869178932903465
2022-04-22,Trending_Down,High_Vol,Trending_Down_High_Vol,Trending_Down_High_Vol,0.16688968363308376,0.2312513404829435,0.2009610684461127,0.07063365133056737
2022-04-25,Trending_Down,High_Vol,Trending_Down_High_Vol,Trending_Down_High_Vol,0.17271912486605828,0.23289588029042488,0.20197956498198405,0.08243207103406358
2022-04-26,Trending_Down,High_Vol,Trending_Down_High_Vol,Trending_Down_High_Vol,0.18043517297158232,0.2338126506458948,0.20317625098983655,0.06907217039718823
2022-04-27,Trending_Down,High_Vol,Trending_Down_High_Vol,Trending_Down_High_Vol,0.18296415580602518,0.233921416845827,0.20302896529005512,0.07786147300547026
2022-04-28,Sideways,High_Vol,Sideways_High_Vol,Sideways_High_Vol,0.1870873551937938,0.2338084892443571,0.20277870308503604,0.06667730768214371
2022-04-29,Trending_Down,High_Vol,Trending_Down_High_Vol,Trending_Down_High_Vol,0.18516043717668842,0.2239539951575627,0.2023357863746806,0.0743895774424566
2022-05-02,Trending_Down,High_Vol,Trending_Down_High_Vol,Trending_Down_High_Vol,0.18516297689223885,0.21329165211663928,0.20061338573208534,0.07619999471472741
2022-05-04,Trending_Down,High_Vol,Trending_Down_High_Vol,Trending_Down_High_Vol,0.19398078060030352,0.21928207186191534,0.20238156058631618,0.09738844110885019
2022-05-05,Trending_Down,High_Vol,Trending_Down_High_Vol,Trending_Down_High_Vol,0.1717592265747862,0.21929117593975636,0.20047993263804892,0.09711508681060226
2022-05-06,Trending_Down,High_Vol,Trending_Down_High_Vol,Trending_Down_High_Vol,0.17728068245766507,0.22207650071657187,0.20199353979009022,0.11180359927063238
2022-05-09,Trending_Down,High_Vol,Trending_Down_High_Vol,Trending_Down_High_Vol,0.17689072045452597,0.22234431532302262,0.2022245261848543,0.11772447873999102
2022-05-10,Trending_Down,High_Vol,Trending_Down_High_Vol,Trending_Down_High_Vol,0.17586792252442865,0.2220618193891967,0.20192853394970878,0.12106915779181311
2022-05-11,Trending_Down,High_Vol,Trending_Down_High_Vol,Trending_Down_High_Vol,0.1697837457895382,0.22220039814692952,0.2020013155297716,0.12501730926772547
2022-05-12,Trending_Down,High_Vol,Trending_Down_High_Vol,Trending_Down_High_Vol,0.1808155960397243,0.2008979769413535,0.2047249498136709,0.14445220792262362
2022-05-13,Trending_Down,High_Vol,Trending_Down_High_Vol,Trending_Down_High_Vol,0.18102254018615294,0.19206057176107694,0.20469485628555995,0.14585121957664968
2022-05-16,Trending_Down,High_Vol,Trending_Down_High_Vol,Trending_Down_High_Vol,0.18371867091411767,0.19124576613396568,0.20350226982357617,0.14259586163156365
2022-05-17,Trending_Down,High_Vol,Trending_Down_High_Vol,Trending_Down_High_Vol,0.2081037179345193,0.19942840635625642,0.20507071812445357,0.12002732485927961
2022-05-18,Trending_Down,High_Vol,Trending_Down_High_Vol,Trending_Down_High_Vol,0.20483912914748503,0.19894108276384057,0.2045022048791822,0.121055627493988
2022-05-19,Trending_Down,High_Vol,Trending_Down_High_Vol,Trending_Down_High_Vol,0.21652291706842336,0.20481963774456705,0.20790185153711377,0.14437641711371263
2022-05-20,Trending_Down,High_Vol,Trending_Down_High_Vol,Trending_Down_High_Vol,0.23731493079264776,0.20823984576369217,0.21279751464819718,0.11965656298723606
2022-05-23,Trending_Down,High_Vol,Trending_Down_High_Vol,Trending_Down_High_Vol,0.23467820997604158,0.207396615969616,0.21276414002542382,0.12244110885018895
2022-05-24,Trending_Down,High_Vol,Trending_Down_High_Vol,Trending_Down_High_Vol,0.2320169582726828,0.20243534448549796,0.21275144946274774,0.1272876509605983
2022-05-25,Trending_Down,High_Vol,Trending_Down_High_Vol,Trending_Down_High_Vol,0.22342508250153986,0.19971742348654103,0.2124359868837416,0.13266462302793267
2022-05-26,Trending_Down,High_Vol,Trending_Down_High_Vol,Trending_Down_High_Vol,0.2264270025351803,0.20079755113300188,0.21298487405494163,0.12485219735207843
2022-05-27,Trending_Down,High_Vol,Trending_Down_High_Vol,Trending_Down_High_Vol,0.2257130962562992,0.1996938312615492,0.21380831229534944,0.11498591474855316
2022-05-30,Trending_Down,High_Vol,Trending_Down_High_Vol,Trending_Down_High_Vol,0.2369150096416393,0.20249656868928384,0.215517540125238,0.09826516212573663
2022-05-31,Trending_Down,High_Vol,Trending_Down_High_Vol,Trending_Down_High_Vol,0.23721487432309882,0.19816589722469646,0.2140916511557221,0.1024243545360852
2022-06-01,Trending_Down,High_Vol,Trending_Down_High_Vol,Trending_Down_High_Vol,0.2234105486956954,0.19356777588552504,0.21345910700629755,0.10576908644063318
2022-06-02,Trending_Down,High_Vol,Trending_Down_High_Vol,Trending_Down_High_Vol,0.22468817429638838,0.19311757014207104,0.21342731076443525,0.10007283105626173
2022-06-03,Trending_Down,High_Vol,Trending_Down_High_Vol,Recovery,0.2167204779600409,0.19117449912288154,0.21292586329183083,0.10243788483391031
2022-06-06,Trending_Down,High_Vol,Trending_Down_High_Vol,Recovery,0.21511119118446517,0.19103050992537063,0.21281189459536126,0.10323617240559183
2022-06-07,Trending_Down,High_Vol,Trending_Down_High_Vol,Recovery,0.21754721845235728,0.1919829174107614,0.21246307820705587,0.11152760233609048
2022-06-08,Trending_Down,High_Vol,Trending_Down_High_Vol,Recovery,0.21730763112140417,0.19195194925433462,0.212424286740329,0.11478026479215665
2022-06-09,Trending_Down,High_Vol,Trending_Down_High_Vol,Recovery,0.20075891414328456,0.19255528970741204,0.21229279696249734,0.10818561877328824
2022-06-10,Trending_Down,High_Vol,Trending_Down_High_Vol,Recovery,0.2114480998774792,0.1951801601907911,0.21370358942900194,0.12313929335905499
2022-06-13,Trending_Down,High_Vol,Trending_Down_High_Vol,Trending_Down_High_Vol,0.23294131773575635,0.20137566278632432,0.2174289614969405,0.1462706588092281
2022-06-14,Trending_Down,High_Vol,Trending_Down_High_Vol,Trending_Down_High_Vol,0.21100534734432974,0.20138148255627986,0.2173323105258975,0.14856002748341746
2022-06-15,Trending_Down,High_Vol,Trending_Down_High_Vol,Trending_Down_High_Vol,0.2110274830299931,0.19889031724335562,0.21683613312554545,0.15072212679368938
2022-06-16,Trending_Down,High_Vol,Trending_Down_High_Vol,Trending_Down_High_Vol,0.2032998760490732,0.19554793972905568,0.21871395540069546,0.1686660500515314
2022-06-17,Trending_Down,High_Vol,Trending_Down_High_Vol,Trending_Down_High_Vol,0.16905289114731528,0.19550545870892708,0.2183249900174786,0.17229756084670067
2022-06-20,Trending_Down,High_Vol,Trending_Down_High_Vol,Trending_Down_High_Vol,0.17072717540300456,0.19572523200340064,0.2182243562155655,0.16923157421844032
2022-06-21,Trending_Down,High_Vol,Trending_Down_High_Vol,Trending_Down_High_Vol,0.18646859951533645,0.20106337772333924,0.216723573711837,0.15360952406120346
2022-06-22,Trending_Down,High_Vol,Trending_Down_High_Vol,Trending_Down_High_Vol,0.19146455728930337,0.20138301924382213,0.21737029782829945,0.16581385269945298
2022-06-23,Trending_Down,High_Vol,Trending_Down_High_Vol,Trending_Down_High_Vol,0.19168822046894732,0.20303312977478372,0.21753666949223563,0.15805554821489917
2022-06-24,Trending_Down,High_Vol,Trending_Down_High_Vol,Trending_Down_High_Vol,0.18991048499731475,0.20425457368197036,0.21811755832950844,0.1503378874765466
2022-06-27,Trending_Down,High_Vol,Trending_Down_High_Vol,Trending_Down_High_Vol,0.1779432783514015,0.20561353189175632,0.21735442347008307,0.14315060384239317
2022-06-28,Trending_Down,High_Vol,Trending_Down_High_Vol,Trending_Down_High_Vol,0.1782060802760428,0.20266071950389886,0.21613594658487936,0.14216828307919982
2022-06-29,Trending_Down,High_Vol,Trending_Down_High_Vol,Trending_Down_High_Vol,0.17815798391803878,0.20113547311527666,0.21523189200632292,0.1449339076662879
2022-06-30,Trending_Down,High_Vol,Trending_Down_High_Vol,Trending_Down_High_Vol,0.17534640799234677,0.19930420701126056,0.21447177209896284,0.14595407098121085
2022-07-01,Trending_Down,High_Vol,Trending_Down_High_Vol,Trending_Down_High_Vol,0.17536715599794872,0.19568193202745507,0.2144618778165407,0.1474802991464285
2022-07-04,Trending_Down,High_Vol,Trending_Down_High_Vol,Trending_Down_High_Vol,0.17748379517309,0.19474725102835388,0.2130808472806256,0.1429720144816469
2022-07-05,Trending_Down,High_Vol,Trending_Down_High_Vol,Trending_Down_High_Vol,0.17552541722506104,0.19306575357815248,0.2129956653329854,0.1442979836685077
2022-07-06,Trending_Down,High_Vol,Trending_Down_High_Vol,Trending_Down_High_Vol,0.1813956055485003,0.19182736476516607,0.21298201384889445,0.13461298591474855
2022-07-07,Trending_Down,High_Vol,Trending_Down_High_Vol,Trending_Down_High_Vol,0.18240517099057502,0.1922989098612605,0.21307293536256722,0.12686821172801988
2022-07-08,Trending_Down,High_Vol,Trending_Down_High_Vol,Recovery,0.17376315548771878,0.19052436520402133,0.21237235666301324,0.12212182553315187
2022-07-11,Trending_Down,Medium_Vol,Trending_Down_Medium_Vol,Recovery,0.14294612477916543,0.18983390058756733,0.20684581869886484,0.12237076187204356
2022-07-12,Trending_Down,Medium_Vol,Trending_Down_Medium_Vol,Recovery,0.14773286599693108,0.19083498944922692,0.2014808892907925,0.13090568431066832
2022-07-13,Trending_Down,Medium_Vol,Trending_Down_Medium_Vol,Recovery,0.14917969572159834,0.18453494398973957,0.20163161052508116,0.13586585978171825
2022-07-14,Trending_Down,Medium_Vol,Trending_Down_Medium_Vol,Recovery,0.1251326737828315,0.1845292222283887,0.20163763316033514,0.1373812531381306
2022-07-15,Trending_Down,Medium_Vol,Trending_Down_Medium_Vol,Recovery,0.12407743204112974,0.18188956767240774,0.2019997044232435,0.131398166010412
2022-07-18,Trending_Down,Medium_Vol,Trending_Down_Medium_Vol,Recovery,0.13099759637863534,0.18423403834958904,0.2033094820867315,0.11898818741576597
2022-07-19,Trending_Down,Medium_Vol,Trending_Down_Medium_Vol,Recovery,0.1170312520367811,0.18421218026773206,0.20317852267936531,0.11562997806611876
2022-07-20,Trending_Down,Low_Vol,Trending_Down_Low_Vol,Recovery,0.10306752901585679,0.1854762478365089,0.20397021065307103,0.10587193784519437
2022-07-21,Trending_Down,Low_Vol,Trending_Down_Low_Vol,Recovery,0.10098940431543059,0.17827258114295716,0.18934785892249734,0.10130408815834677
2022-07-22,Trending_Down,Low_Vol,Trending_Down_Low_Vol,Trending_Down_Low_Vol,0.09953797055604215,0.17863800313752745,0.18538329269000273,0.09512349039401707
2022-07-25,Trending_Down,Low_Vol,Trending_Down_Low_Vol,Trending_Down_Low_Vol,0.10179053414258146,0.1791260259120571,0.18512783771384314,0.0999104674823604
2022-07-26,Trending_Down,Low_Vol,Trending_Down_Low_Vol,Recovery,0.10942823539263229,0.17079980379667864,0.1848052639237477,0.10787442192331069
2022-07-27,Trending_Down,Low_Vol,Trending_Down_Low_Vol,Trending_Down_Low_Vol,0.1107773642755862,0.17201526087783756,0.18513024236016848,0.09932591633413493
2022-07-28,Trending_Down,Medium_Vol,Trending_Down_Medium_Vol,Trending_Down_Medium_Vol,0.12126679860719572,0.16450857204219446,0.1854309547098146,0.08374990090113897
2022-07-29,Sideways,Medium_Vol,Sideways_Medium_Vol,Sideways_Medium_Vol,0.12444996998839969,0.15462623543803136,0.1825228621915931,0.07137506936920272
2022-08-01,Sideways,Medium_Vol,Sideways_Medium_Vol,Sideways_Medium_Vol,0.12641164449358835,0.15574954874854294,0.18266627396205776,0.061535794508601784
2022-08-02,Sideways,Medium_Vol,Sideways_Medium_Vol,Sideways_Medium_Vol,0.12538503305173,0.15496656703811013,0.17986854110926714,0.061243624639940805
2022-08-03,Sideways,Medium_Vol,Sideways_Medium_Vol,Sideways_Medium_Vol,0.12307851177265486,0.1539781860507228,0.17836335375685858,0.05893258634814091
2022-08-04,Sideways,Medium_Vol,Sideways_Medium_Vol,Sideways_Medium_Vol,0.12277607540427865,0.1531187461365767,0.17834991874987452,0.059265452815728974
2022-08-05,Sideways,Medium_Vol,Sideways_Medium_Vol,Sideways_Medium_Vol,0.12301467734355638,0.1514728857761314,0.176937930543384,0.05842657435057213
2022-08-08,Sideways,Medium_Vol,Sideways_Medium_Vol,Sideways_Medium_Vol,0.12284878436068454,0.14671023332459443,0.17609413850376365,0.05152073148172617
2022-08-10,Sideways,Low_Vol,Sideways_Low_Vol,Sideways_Low_Vol,0.11271022881122962,0.14614158434861713,0.1736647619179264,0.05099844084458656
2022-08-11,Sideways,Low_Vol,Sideways_Low_Vol,Sideways_Low_Vol,0.10641961049358688,0.1462994425862785,0.1716036290844878,0.044273882825506726
2022-08-12,Sideways,Low_Vol,Sideways_Low_Vol,Sideways_Low_Vol,0.10394686796123508,0.14586634270530524,0.17086689746747558,0.042155017045004094
2022-08-16,Sideways,Low_Vol,Sideways_Low_Vol,Sideways_Low_Vol,0.10400271689281958,0.14617345802774212,0.17027852179497274,0.03527623477180836
2022-08-17,Sideways,Low_Vol,Sideways_Low_Vol,Sideways_Low_Vol,0.0986322610728899,0.1465274893828848,0.17042579515196984,0.02883581300705584
2022-08-18,Sideways,Low_Vol,Sideways_Low_Vol,Sideways_Low_Vol,0.09971024859919765,0.14441507665728145,0.17040216265259664,0.028172828413625433
2022-08-19,Sideways,Low_Vol,Sideways_Low_Vol,Sideways_Low_Vol,0.11133298088455626,0.14678543139729683,0.17123205284942813,0.03889157263285854
2022-08-22,Sideways,Medium_Vol,Sideways_Medium_Vol,Sideways_Medium_Vol,0.129397575242701,0.15089290904302818,0.17288125090442313,0.053382521603551704
2022-08-23,Sideways,Medium_Vol,Sideways_Medium_Vol,Sideways_Medium_Vol,0.1287413494013261,0.1453414356533813,0.17280085206495438,0.048684759916492695
2022-08-24,Sideways,Medium_Vol,Sideways_Medium_Vol,Sideways_Medium_Vol,0.12547232048609464,0.13037190636823937,0.17210344270953704,0.047199175497476285
2022-08-25,Sideways,Medium_Vol,Sideways_Medium_Vol,Sideways_Medium_Vol,0.12110693571137614,0.130837239755229,0.17224299098268153,0.05166417377976269
2022-08-26,Sideways,Medium_Vol,Sideways_Medium_Vol,Sideways_Medium_Vol,0.1186741445286416,0.13038850836151614,0.17125323243799853,0.04969139293359055
2022-08-29,Sideways,Medium_Vol,Sideways_Medium_Vol,Sideways_Medium_Vol,0.11967691641014913,0.12466899104125,0.16911040284832426,0.06300520599349911
2022-08-30,Sideways,Medium_Vol,Sideways_Medium_Vol,Sideways_Medium_Vol,0.14229319859358192,0.13422900232701107,0.17392934687468925,0.038845485055891756
2022-09-01,Sideways,Medium_Vol,Sideways_Medium_Vol,Sideways_Medium_Vol,0.1464567602047611,0.1384933304203181,0.17450303323452915,0.0505627229724373
2022-09-02,Sideways,Medium_Vol,Sideways_Medium_Vol,Sideways_Medium_Vol,0.14648173583103555,0.13362130149559104,0.17385810275222266,0.05074411352765519
2022-09-05,Sideways,Medium_Vol,Sideways_Medium_Vol,Sideways_Medium_Vol,0.1482391909457077,0.12839659501734332,0.17374464647059965,0.04390581644248302
2022-09-06,Sideways,Medium_Vol,Sideways_Medium_Vol,Sideways_Medium_Vol,0.1482650862760601,0.12772357182346608,0.17346801580891746,0.04445791601701858
2022-09-07,Sideways,Medium_Vol,Sideways_Medium_Vol,Sideways_Medium_Vol,0.14854873948615727,0.1271752194475131,0.17299132396801828,0.04614645490341164
2022-09-08,Sideways,Medium_Vol,Sideways_Medium_Vol,Sideways_Medium_Vol,0.15033325701780703,0.12756961555691185,0.17360476242420528,0.03671044634127005
2022-09-09,Trending_Up,Medium_Vol,Trending_Up_Medium_Vol,Trending_Up_Medium_Vol,0.1503818019820033,0.12754264073353277,0.1713327841032502,0.03483787426336513
2022-09-12,Trending_Up,Medium_Vol,Trending_Up_Medium_Vol,Trending_Up_Medium_Vol,0.14973601384694588,0.12710416128890276,0.170270025329505,0.029263391559419677
2022-09-13,Trending_Up,Medium_Vol,Trending_Up_Medium_Vol,Trending_Up_Medium_Vol,0.1515266304514011,0.1272692024194614,0.1698897190068546,0.022027324859279617
2022-09-14,Trending_Up,Medium_Vol,Trending_Up_Medium_Vol,Trending_Up_Medium_Vol,0.15062740221403623,0.12768333730739062,0.16844977781410245,0.02561560212467958
2022-09-15,Trending_Up,Medium_Vol,Trending_Up_Medium_Vol,Trending_Up_Medium_Vol,0.15107243637459958,0.12938171026624,0.16756676302546358,0.03245379350439999
2022-09-16,Trending_Up,High_Vol,Trending_Up_High_Vol,Trending_Up_High_Vol,0.1657017164375356,0.13812570011777306,0.1692316307220132,0.051209534631748634
2022-09-19,Trending_Up,High_Vol,Trending_Up_High_Vol,Trending_Up_High_Vol,0.1628601289302289,0.13670407813307006,0.16788474200908696,0.04626283660579794
2022-09-20,Trending_Up,High_Vol,Trending_Up_High_Vol,Trending_Up_High_Vol,0.1577855673245723,0.13732061766450623,0.16800374559065187,0.03576332549351233
2022-09-21,Trending_Up,High_Vol,Trending_Up_High_Vol,Trending_Up_High_Vol,0.15863951676338292,0.13811407420268113,0.1672268328323176,0.04106181126291589
2022-09-22,Trending_Up,High_Vol,Trending_Up_High_Vol,Trending_Up_High_Vol,0.15973277794222437,0.13888399227602016,0.1668798804263808,0.04585417932929891
2022-09-23,Trending_Up,High_Vol,Trending_Up_High_Vol,Trending_Up_High_Vol,0.17047861756666205,0.14297229919842397,0.1691454449206902,0.062223197061388444
2022-09-26,Trending_Up,High_Vol,Trending_Up_High_Vol,Trending_Up_High_Vol,0.18095632715712842,0.14870155279641822,0.1675872898512354,0.07905753019211965
2022-09-27,Trending_Up,High_Vol,Trending_Up_High_Vol,Trending_Up_High_Vol,0.17482529688595044,0.14859648185996788,0.16759183389617865,0.07953922993578394
2022-09-28,Sideways,Medium_Vol,Sideways_Medium_Vol,Sideways_Medium_Vol,0.14563050993398247,0.1497276018723462,0.16612421765464747,0.0875925054834703
2022-09-29,Sideways,Medium_Vol,Sideways_Medium_Vol,Sideways_Medium_Vol,0.1411189391846624,0.14678583144587198,0.16580516481714236,0.08978441373113819
2022-09-30,Trending_Up,High_Vol,Trending_Up_High_Vol,Trending_Up_High_Vol,0.15563293434706796,0.15083924427378365,0.1676111326395128,0.07483343463439127
2022-10-03,Sideways,High_Vol,Sideways_High_Vol,Sideways_High_Vol,0.15683189962599506,0.15182461393453983,0.16862956516398414,0.08603652123358262
2022-10-04,Trending_Up,High_Vol,Trending_Up_High_Vol,Trending_Up_High_Vol,0.18045237259068816,0.15967303631459295,0.1683797306910096,0.0650942628366058
2022-10-06,Trending_Up,High_Vol,Trending_Up_High_Vol,Trending_Up_High_Vol,0.18108164932352863,0.15918095748975603,0.16837063565099783,0.061982294336830425
2022-10-07,Trending_Up,High_Vol,Trending_Up_High_Vol,Trending_Up_High_Vol,0.17664476950732644,0.15863092489586947,0.1683385437755979,0.06291049390872334
2022-10-10,Trending_Up,High_Vol,Trending_Up_High_Vol,Trending_Up_High_Vol,0.1764962146479121,0.1575171036261163,0.1635346265305285,0.0668965407890912
2022-10-11,Sideways,High_Vol,Sideways_High_Vol,Sideways_High_Vol,0.1802406463669801,0.16019699777810154,0.1653711701687423,0.08082999920720911
2022-10-12,Trending_Up,High_Vol,Trending_Up_High_Vol,Trending_Up_High_Vol,0.18085119833287006,0.1565527279431389,0.1600287379628196,0.07325038978885336
2022-10-13,Trending_Up,High_Vol,Trending_Up_High_Vol,Trending_Up_High_Vol,0.18131426740383771,0.15425844321410226,0.15397708324327275,0.07916312993842657
2022-10-14,Trending_Up,High_Vol,Trending_Up_High_Vol,Trending_Up_High_Vol,0.1860763048124913,0.15407536505003838,0.15460834600210396,0.0698894849501863
2022-10-17,Trending_Up,High_Vol,Trending_Up_High_Vol,Trending_Up_High_Vol,0.17672558156472418,0.15498426899165546,0.15465372847481407,0.06306471816283925
2022-10-18,Trending_Up,High_Vol,Trending_Up_High_Vol,Trending_Up_High_Vol,0.17968631360127207,0.1565526443267226,0.1549586776103564,0.05358547607092836
2022-10-19,Trending_Up,High_Vol,Trending_Up_High_Vol,Trending_Up_High_Vol,0.17482727926534866,0.1565743868310243,0.15441813604039328,0.05221616764884649
2022-10-20,Trending_Up,High_Vol,Trending_Up_High_Vol,Trending_Up_High_Vol,0.17439097473639276,0.15668969351928008,0.15355010390093296,0.049418144340794376
2022-10-21,Trending_Up,High_Vol,Trending_Up_High_Vol,Trending_Up_High_Vol,0.17356112401703488,0.15585017033226023,0.15077255295300857,0.04874966306387252
2022-10-24,Trending_Up,High_Vol,Trending_Up_High_Vol,Trending_Up_High_Vol,0.16390005290361276,0.15706341288634768,0.1510982037301973,0.04039068734970006
2022-10-25,Trending_Up,Medium_Vol,Trending_Up_Medium_Vol,Trending_Up_Medium_Vol,0.14919341531120217,0.15658708471186852,0.1511351712693348,0.044417325123543246
2022-10-27,Trending_Up,Medium_Vol,Trending_Up_Medium_Vol,Trending_Up_Medium_Vol,0.1491952382985581,0.15684310918474018,0.15099015249965317,0.04005517824581803
2022-10-28,Trending_Up,Medium_Vol,Trending_Up_Medium_Vol,Trending_Up_Medium_Vol,0.1435362048240246,0.15613231828973284,0.15093269269594925,0.03735715229512962
2022-10-31,Trending_Up,Medium_Vol,Trending_Up_Medium_Vol,Trending_Up_Medium_Vol,0.14634473622725483,0.15801900623896453,0.15208979859502172,0.025158320340371555
2022-11-01,Trending_Up,Medium_Vol,Trending_Up_Medium_Vol,Trending_Up_Medium_Vol,0.1390761738476111,0.15885733716455652,0.1515626877278855,0.017949314235881714
2022-11-02,Trending_Up,Medium_Vol,Trending_Up_Medium_Vol,Trending_Up_Medium_Vol,0.1296545497038129,0.15698751591117854,0.1515461644341988,0.021334637033905025
2022-11-03,Trending_Up,Low_Vol,Trending_Up_Low_Vol,Trending_Up_Low_Vol,0.10833837053516035,0.1530203433417752,0.15125683489788147,0.02296641209270368
2022-11-04,Trending_Up,Low_Vol,Trending_Up_Low_Vol,Trending_Up_Low_Vol,0.10837429102055071,0.1528516659390772,0.14861252716504,0.019478237890119182
2022-11-07,Trending_Up,Low_Vol,Trending_Up_Low_Vol,Trending_Up_Low_Vol,0.10801384082064153,0.15311376333360086,0.14199526753255345,0.014842736714146033
2022-11-09,Trending_Up,Low_Vol,Trending_Up_Low_Vol,Trending_Up_Low_Vol,0.10673586394610031,0.15279735400475086,0.14198318777733698,0.017321529557886947
2022-11-10,Trending_Up,Low_Vol,Trending_Up_Low_Vol,Trending_Up_Low_Vol,0.09229568352760609,0.1537736970289146,0.14249404545666258,0.024292381279564495
2022-11-11,Trending_Up,Low_Vol,Trending_Up_Low_Vol,Trending_Up_Low_Vol,0.1049257962242924,0.15485571175380394,0.1401989318463742,0.006892418276472609
2022-11-14,Trending_Up,Low_Vol,Trending_Up_Low_Vol,Trending_Up_Low_Vol,0.09990808061036699,0.1443195674396462,0.13992863467470992,0.008004545334425623
2022-11-15,Trending_Up,Low_Vol,Trending_Up_Low_Vol,Trending_Up_Low_Vol,0.09710031950761044,0.14145234795970896,0.13994140669497698,0.003986046880367855
2022-11-16,Trending_Up,Low_Vol,Trending_Up_Low_Vol,Trending_Up_Low_Vol,0.09655671347553818,0.14143443805785372,0.13729321802815264,0.0036477894347400966
2022-11-17,Trending_Up,Low_Vol,Trending_Up_Low_Vol,Trending_Up_Low_Vol,0.09557665685938742,0.1410750332171525,0.13512018000251935,0.007206257762744113
2022-11-18,Trending_Up,Low_Vol,Trending_Up_Low_Vol,Trending_Up_Low_Vol,0.09679965292528121,0.14117978157378128,0.1347073140338357,0.009168150947385111
2022-11-21,Trending_Up,Low_Vol,Trending_Up_Low_Vol,Trending_Up_Low_Vol,0.1034040236465583,0.14246354441773804,0.1350422278947478,0.01716191432573135
2022-11-22,Trending_Up,Low_Vol,Trending_Up_Low_Vol,Trending_Up_Low_Vol,0.10384882432097996,0.14119106051979022,0.13467631590225082,0.012602203958669168
2022-11-23,Trending_Up,Low_Vol,Trending_Up_Low_Vol,Trending_Up_Low_Vol,0.10060130400054233,0.14116435714223066,0.1346757622022481,0.011354668217013293
2022-11-24,Trending_Up,Low_Vol,Trending_Up_Low_Vol,Trending_Up_Low_Vol,0.10459986104499275,0.14298302492067588,0.13547002921611917,0.0
2022-11-25,Trending_Up,Low_Vol,Trending_Up_Low_Vol,Trending_Up_Low_Vol,0.10428633306491351,0.14214820723632343,0.13539568165209453,0.0
2022-11-28,Trending_Up,Low_Vol,Trending_Up_Low_Vol,Trending_Up_Low_Vol,0.10427802255494951,0.1419011002163348,0.1352944136393742,0.0
2022-11-29,Trending_Up,Low_Vol,Trending_Up_Low_Vol,Trending_Up_Low_Vol,0.09671727150488653,0.14089380685673622,0.13518723708049424,0.0
2022-11-30,Trending_Up,Low_Vol,Trending_Up_Low_Vol,Trending_Up_Low_Vol,0.09682880592161815,0.1337925034671635,0.135408149765201,0.0
2022-12-01,Trending_Up,Low_Vol,Trending_Up_Low_Vol,Trending_Up_Low_Vol,0.09497290459029874,0.13355219131462973,0.13454989760367367,0.0
2022-12-02,Trending_Up,Low_Vol,Trending_Up_Low_Vol,Trending_Up_Low_Vol,0.09857285687667938,0.13272853576269478,0.13460882291451526,0.006187396179401994
2022-12-05,Trending_Up,Low_Vol,Trending_Up_Low_Vol,Trending_Up_Low_Vol,0.0984707913900335,0.13190660844771082,0.13447526512426639,0.00592421096345515
2022-12-06,Trending_Up,Low_Vol,Trending_Up_Low_Vol,Trending_Up_Low_Vol,0.09910730185645025,0.1315256036391781,0.13464391217091598,0.009023255813953489
2022-12-07,Trending_Up,Low_Vol,Trending_Up_Low_Vol,Trending_Up_Low_Vol,0.1002750310377076,0.12537068790309316,0.13378477169399047,0.013395348837209302
2022-12-08,Trending_Up,Low_Vol,Trending_Up_Low_Vol,Trending_Up_Low_Vol,0.09554198960780559,0.1172809081261065,0.13329778983498722,0.010798691860465117
2022-12-09,Trending_Up,Low_Vol,Trending_Up_Low_Vol,Trending_Up_Low_Vol,0.07768939569342843,0.11850131248049796,0.13374527971062702,0.016792047342192692
2022-12-12,Trending_Up,Low_Vol,Trending_Up_Low_Vol,Trending_Up_Low_Vol,0.0774960505617034,0.11613263890690458,0.13348309080956844,0.016762769933554817
2022-12-13,Trending_Up,Low_Vol,Trending_Up_Low_Vol,Trending_Up_Low_Vol,0.07897929831867594,0.11606879585862566,0.13209567326668079,0.010870431893687707
2022-12-14,Trending_Up,Low_Vol,Trending_Up_Low_Vol,Trending_Up_Low_Vol,0.07937198523851519,0.11132456933733269,0.13205817337691494,0.00809032392026578
2022-12-15,Trending_Up,Low_Vol,Trending_Up_Low_Vol,Trending_Up_Low_Vol,0.09240450410810072,0.11201529841921823,0.1331261265909582,0.02113486295681063
2022-12-16,Trending_Up,Low_Vol,Trending_Up_Low_Vol,Trending_Up_Low_Vol,0.09658638841499285,0.10310080728314132,0.13373835666181977,0.028890365448504984
2022-12-19,Trending_Up,Low_Vol,Trending_Up_Low_Vol,Trending_Up_Low_Vol,0.09611404252748333,0.10423757221423618,0.13391532330571276,0.020839908637873755
2022-12-20,Trending_Up,Low_Vol,Trending_Up_Low_Vol,Trending_Up_Low_Vol,0.09538898409933243,0.10435895576501297,0.1336179507764348,0.022708264119601328
2022-12-21,Trending_Up,Low_Vol,Trending_Up_Low_Vol,Trending_Up_Low_Vol,0.10234185123546652,0.10674979888922964,0.13387417549906858,0.03260600083056479
2022-12-22,Trending_Up,Low_Vol,Trending_Up_Low_Vol,Trending_Up_Low_Vol,0.09260152422639731,0.10095277973978543,0.13339452000140492,0.036419954318936874
2022-12-23,Trending_Up,Low_Vol,Trending_Up_Low_Vol,Trending_Up_Low_Vol,0.10934593631620504,0.10832312136895302,0.13400060789295118,0.05345909468438538
2022-12-26,Trending_Up,Medium_Vol,Trending_Up_Medium_Vol,Trending_Up_Medium_Vol,0.11861396868020033,0.1097353337683849,0.13357938804357045,0.042413309800664455
2022-12-27,Trending_Up,Medium_Vol,Trending_Up_Medium_Vol,Trending_Up_Medium_Vol,0.1210291947773301,0.10854003193393146,0.1329538523727525,0.03615676910299003
2022-12-28,Trending_Up,Medium_Vol,Trending_Up_Medium_Vol,Trending_Up_Medium_Vol,0.1165266929694484,0.10764739561743024,0.13296350528358628,0.036677740863787375
2022-12-29,Trending_Up,Medium_Vol,Trending_Up_Medium_Vol,Trending_Up_Medium_Vol,0.11703466699802999,0.10579247692511887,0.13303013151281542,0.03303654485049834
2022-12-30,Trending_Up,Medium_Vol,Trending_Up_Medium_Vol,Trending_Up_Medium_Vol,0.11639149365658559,0.10650316504583152,0.1332797606994809,0.03759198504983389
2023-01-02,Trending_Up,Medium_Vol,Trending_Up_Medium_Vol,Trending_Up_Medium_Vol,0.1186432231661157,0.10684436820991473,0.13348220516336115,0.032693729235880396
2023-01-03,Trending_Up,Medium_Vol,Trending_Up_Medium_Vol,Trending_Up_Medium_Vol,0.11899074242860239,0.10687815195108595,0.1330512512018318,0.030827865448504983
2023-01-04,Trending_Up,Medium_Vol,Trending_Up_Medium_Vol,Trending_Up_Medium_Vol,0.12303991760589461,0.1081352243286231,0.13415692711135827,0.040906353820598006
2023-01-05,Trending_Up,Medium_Vol,Trending_Up_Medium_Vol,Trending_Up_Medium_Vol,0.12219803047446734,0.10787938944684737,0.13380634963089993,0.04360662375415282
2023-01-06,Trending_Up,Medium_Vol,Trending_Up_Medium_Vol,Trending_Up_Medium_Vol,0.12291442682848441,0.10883453445793427,0.13430784803746662,0.05066050664451827
2023-01-09,Trending_Up,Medium_Vol,Trending_Up_Medium_Vol,Trending_Up_Medium_Vol,0.13429202916916286,0.11277009995003465,0.13553085726358158,0.03781000830564784
2023-01-10,Trending_Up,Medium_Vol,Trending_Up_Medium_Vol,Trending_Up_Medium_Vol,0.1354398799934109,0.11169035682512403,0.13614711195399684,0.04775280315614618
2023-01-11,Trending_Up,Medium_Vol,Trending_Up_Medium_Vol,Trending_Up_Medium_Vol,0.1343637343746911,0.1103824555417657,0.13615302557674583,0.04873359634551495
2023-01-12,Trending_Up,Medium_Vol,Trending_Up_Medium_Vol,Trending_Up_Medium_Vol,0.12782726670502012,0.11022291369006094,0.13504453558592633,0.050726951827242524
2023-01-13,Trending_Up,Medium_Vol,Trending_Up_Medium_Vol,Trending_Up_Medium_Vol,0.1277723454441533,0.11091595747890046,0.13309864973964794,0.04549636627906977
2023-01-16,Trending_Up,Medium_Vol,Trending_Up_Medium_Vol,Trending_Up_Medium_Vol,0.12337461280821767,0.11084490070993137,0.13301728440534846,0.04877875830564784
2023-01-17,Trending_Up,Medium_Vol,Trending_Up_Medium_Vol,Trending_Up_Medium_Vol,0.12861102022912518,0.11217210262894278,0.1337074262697995,0.040356104651162794
2023-01-18,Trending_Up,Medium_Vol,Trending_Up_Medium_Vol,Trending_Up_Medium_Vol,0.12607713421150565,0.11292877204389477,0.13379431198879244,0.034400020764119604
2023-01-19,Trending_Up,Medium_Vol,Trending_Up_Medium_Vol,Trending_Up_Medium_Vol,0.12578980512890775,0.11199411832889886,0.13388528291150298,0.03745649916943521
2023-01-20,Trending_Up,Low_Vol,Trending_Up_Low_Vol,Trending_Up_Low_Vol,0.10875591565342578,0.10479894576636564,0.1321230813739615,0.04171958056478405
2023-01-23,Trending_Up,Low_Vol,Trending_Up_Low_Vol,Trending_Up_Low_Vol,0.10218632752460481,0.10547182095536818,0.1259536743718138,0.03688766611295681
2023-01-24,Trending_Up,Low_Vol,Trending_Up_Low_Vol,Trending_Up_Low_Vol,0.09950287410054519,0.10502121611048544,0.12437005872910172,0.03690095514950166
2023-01-25,Trending_Up,Low_Vol,Trending_Up_Low_Vol,Trending_Up_Low_Vol,0.10893078583329238,0.10851828646689515,0.12602923927430865,0.048932931893687706
2023-01-27,Trending_Up,Medium_Vol,Trending_Up_Medium_Vol,Trending_Up_Medium_Vol,0.12048531097914636,0.11381109063163349,0.12815013972191072,0.06422061877076413
2023-01-30,Trending_Up,Medium_Vol,Trending_Up_Medium_Vol,Trending_Up_Medium_Vol,0.12075644541738437,0.11402099210430872,0.1282097556688855,0.06184987541528239
2023-01-31,Trending_Up,Medium_Vol,Trending_Up_Medium_Vol,Trending_Up_Medium_Vol,0.11870019404815733,0.11280541426587275,0.1281822554109267,0.06114815199335548
2023-02-01,Trending_Up,Medium_Vol,Trending_Up_Medium_Vol,Trending_Up_Medium_Vol,0.11806916795868765,0.11226811564454749,0.12727208944236973,0.06358534053156147
2023-02-02,Trending_Up,Low_Vol,Trending_Up_Low_Vol,Trending_Up_Low_Vol,0.11354251751876174,0.11218344903884965,0.1272316516588903,0.06389898255813954
2023-02-03,Trending_Up,Medium_Vol,Trending_Up_Medium_Vol,Trending_Up_Medium_Vol,0.1251662916997242,0.11339649364059105,0.12881165851223364,0.05094746677740864
2023-02-06,Trending_Up,Medium_Vol,Trending_Up_Medium_Vol,Trending_Up_Medium_Vol,0.12367958153416898,0.11369248142796076,0.12849161663893657,0.05570234634551495
2023-02-07,Trending_Up,Low_Vol,Trending_Up_Low_Vol,Trending_Up_Low_Vol,0.11258338796637195,0.11346308280044252,0.1284198002102226,0.05799335548172758
2023-02-08,Trending_Up,Low_Vol,Trending_Up_Low_Vol,Trending_Up_Low_Vol,0.11177453477468206,0.1150893271814619,0.12865817218087497,0.050009343853820595
2023-02-09,Trending_Up,Low_Vol,Trending_Up_Low_Vol,Trending_Up_Low_Vol,0.11180982488564653,0.1136025552825235,0.12484511471336729,0.048853197674418605
2023-02-10,Trending_Up,Low_Vol,Trending_Up_Low_Vol,Trending_Up_Low_Vol,0.11180222864226082,0.11329302823645396,0.12464083287078756,0.05081727574750831
2023-02-13,Trending_Up,Low_Vol,Trending_Up_Low_Vol,Trending_Up_Low_Vol,0.11107017230718594,0.1130088100596651,0.12366107069746857,0.055367421096345515
2023-02-14,Trending_Up,Low_Vol,Trending_Up_Low_Vol,Trending_Up_Low_Vol,0.11533499677176717,0.11516366870970043,0.12414990584041803,0.04691829318936877
2023-02-15,Trending_Up,Low_Vol,Trending_Up_Low_Vol,Trending_Up_Low_Vol,0.1121147515471169,0.11571945528522264,0.12408995797644574,0.0423468646179402
2023-02-16,Trending_Up,Low_Vol,Trending_Up_Low_Vol,Trending_Up_Low_Vol,0.10975926000618388,0.1154619003332084,0.1209166396767091,0.04128374169435216
2023-02-17,Trending_Up,Low_Vol,Trending_Up_Low_Vol,Trending_Up_Low_Vol,0.11062201857146638,0.11566797459560717,0.1176177367646742,0.04615552325581395
2023-02-20,Trending_Up,Low_Vol,Trending_Up_Low_Vol,Trending_Up_Low_Vol,0.11122962472908415,0.1155524811021346,0.11800551211884434,0.051449854651162794
2023-02-21,Trending_Up,Low_Vol,Trending_Up_Low_Vol,Trending_Up_Low_Vol,0.10929713546053137,0.11554259160912707,0.11709591852609572,0.05240137043189369
2023-02-22,Trending_Up,Medium_Vol,Trending_Up_Medium_Vol,Trending_Up_Medium_Vol,0.12070028499036116,0.1190118865474593,0.11968817739418479,0.06688102159468438
2023-02-23,Trending_Up,Low_Vol,Trending_Up_Low_Vol,Trending_Up_Low_Vol,0.11368772677084382,0.11870004679615458,0.11699831788090663,0.06916943521594685
2023-02-24,Trending_Up,Low_Vol,Trending_Up_Low_Vol,Trending_Up_Low_Vol,0.09920869102673313,0.1155784540593897,0.11540028132799189,0.07158534053156146
2023-02-27,Trending_Up,Low_Vol,Trending_Up_Low_Vol,Trending_Up_Low_Vol,0.0994612910185565,0.11473387806917755,0.10980321015743194,0.07547113787375415
2023-02-28,Sideways,Low_Vol,Sideways_Low_Vol,Sideways_Low_Vol,0.10048487411803228,0.11311083153695915,0.1099861768012874,0.08018874584717609
2023-03-01,Trending_Up,Low_Vol,Trending_Up_Low_Vol,Trending_Up_Low_Vol,0.10572801218805315,0.11517873322073532,0.1107943365560088,0.07237738787375415
2023-03-02,Sideways,Low_Vol,Sideways_Low_Vol,Sideways_Low_Vol,0.10855558657861446,0.1142256628115941,0.11121964846972954,0.07923453073089701
2023-03-03,Trending_Up,Low_Vol,Trending_Up_Low_Vol,Trending_Up_Low_Vol,0.11209171792819274,0.11997797958029138,0.11134145688465723,0.06475218023255815
2023-03-06,Trending_Up,Low_Vol,Trending_Up_Low_Vol,Trending_Up_Low_Vol,0.11379013807706599,0.11443696825490991,0.11108366082619871,0.058527616279069765
2023-03-08,Trending_Up,Low_Vol,Trending_Up_Low_Vol,Trending_Up_Low_Vol,0.1137921742135964,0.11139626686687452,0.11060172879057334,0.056244497508305645
2023-03-09,Trending_Up,Low_Vol,Trending_Up_Low_Vol,Trending_Up_Low_Vol,0.11395048696143827,0.11208729984797716,0.11058337430994848,0.0650046719269103
2023-03-10,Sideways,Medium_Vol,Sideways_Medium_Vol,Sideways_Medium_Vol,0.11827567618167972,0.1140822060572168,0.11119129727864997,0.07439732142857143
2023-03-13,Sideways,Medium_Vol,Sideways_Medium_Vol,Sideways_Medium_Vol,0.12765964323165507,0.1178629222148387,0.11251213897805738,0.08814348006644518
2023-03-14,Sideways,Medium_Vol,Sideways_Medium_Vol,Sideways_Medium_Vol,0.1282882804213932,0.11820236684285318,0.11292429586734895,0.09404381229235881
2023-03-15,Sideways,Medium_Vol,Sideways_Medium_Vol,Sideways_Medium_Vol,0.12164692575922695,0.11750251235228219,0.11297718136685393,0.09782589285714285
2023-03-16,Sideways,Medium_Vol,Sideways_Medium_Vol,Sideways_Medium_Vol,0.1191737514746103,0.11736622031260623,0.11297932158818422,0.0971109842192691
2023-03-17,Sideways,Medium_Vol,Sideways_Medium_Vol,Sideways_Medium_Vol,0.12329688940669549,0.11690515449189762,0.11260520331118452,0.09102720099667774
2023-03-20,Sideways,Medium_Vol,Sideways_Medium_Vol,Sideways_Medium_Vol,0.12378450781730395,0.1174900319367959,0.11286932412810942,0.09696210548172758
2023-03-21,Sideways,Medium_Vol,Sideways_Medium_Vol,Sideways_Medium_Vol,0.1279150669216038,0.1179891572935256,0.11320726509978671,0.09063122923588039
2023-03-22,Sideways,Medium_Vol,Sideways_Medium_Vol,Sideways_Medium_Vol,0.12894901125592184,0.11361214034144122,0.11319255158704386,0.08827107558139535
2023-03-23,Sideways,Medium_Vol,Sideways_Medium_Vol,Sideways_Medium_Vol,0.11939172098081553,0.11188260118611164,0.11142582949350717,0.09225778654485049
2023-03-24,Sideways,Medium_Vol,Sideways_Medium_Vol,Sideways_Medium_Vol,0.1214828289442772,0.11291617420257946,0.11128024372591382,0.09926640365448505
2023-03-27,Sideways,Medium_Vol,Sideways_Medium_Vol,Sideways_Medium_Vol,0.12223898083564899,0.11315603429574735,0.11129447597978782,0.09710568936877076
2023-03-28,Sideways,Medium_Vol,Sideways_Medium_Vol,Sideways_Medium_Vol,0.12181564097920895,0.11219405754274851,0.11130389220042095,0.09891299833887043
2023-03-29,Sideways,Medium_Vol,Sideways_Medium_Vol,Sideways_Medium_Vol,0.12481156619596066,0.11375407822688627,0.11187287495642989,0.09205585548172758
2023-03-31,Sideways,Medium_Vol,Sideways_Medium_Vol,Sideways_Medium_Vol,0.13509080732321213,0.1182089972234927,0.11475175134762614,0.07722259136212625
2023-04-03,Sideways,Medium_Vol,Sideways_Medium_Vol,Sideways_Medium_Vol,0.1326127944426444,0.11733515708600191,0.11478000054938117,0.07518666943521594
2023-04-05,Trending_Up,Medium_Vol,Trending_Up_Medium_Vol,Trending_Up_Medium_Vol,0.12420979801899056,0.1193137742436107,0.11526225967506519,0.06673484219269103
2023-04-06,Trending_Up,Medium_Vol,Trending_Up_Medium_Vol,Trending_Up_Medium_Vol,0.1220496156602209,0.11916835238928213,0.11164986921993307,0.06449698920265781
2023-04-10,Sideways,Medium_Vol,Sideways_Medium_Vol,Sideways_Medium_Vol,0.12180400266226832,0.11858485098332643,0.11168036966016756,0.0631733803986711
2023-04-11,Sideways,Medium_Vol,Sideways_Medium_Vol,Sideways_Medium_Vol,0.11871576565278312,0.11937007855354126,0.11185989086838159,0.05795078903654485
2023-04-12,Sideways,Low_Vol,Sideways_Low_Vol,Sideways_Low_Vol,0.11306845791414366,0.11671577905580086,0.11218766936387528,0.05316144102990033
2023-04-13,Sideways,Low_Vol,Sideways_Low_Vol,Sideways_Low_Vol,0.09603086496238064,0.11081094993023582,0.11208014482647989,0.052332225913621265
2023-04-17,Sideways,Low_Vol,Sideways_Low_Vol,Sideways_Low_Vol,0.09641458984886887,0.11180839672385086,0.11252813698225989,0.058772113787375416
2023-04-18,Sideways,Low_Vol,Sideways_Low_Vol,Sideways_Low_Vol,0.09527142734975949,0.111964100851262,0.11190349437034178,0.06125446428571429
2023-04-19,Sideways,Low_Vol,Sideways_Low_Vol,Sideways_Low_Vol,0.09644470578600506,0.11193526165450607,0.11167500683931546,0.06345514950166113
2023-04-20,Sideways,Low_Vol,Sideways_Low_Vol,Sideways_Low_Vol,0.09480575008215147,0.11193406872208532,0.11165095571775781,0.06315220099667775
2023-04-21,Sideways,Low_Vol,Sideways_Low_Vol,Sideways_Low_Vol,0.09017126892474445,0.10738138705663874,0.10992465366077425,0.0631733803986711
2023-04-24,Sideways,Low_Vol,Sideways_Low_Vol,Sideways_Low_Vol,0.08999403546997607,0.10794418406252428,0.11047798709750528,0.05682921511627907
2023-04-25,Sideways,Low_Vol,Sideways_Low_Vol,Sideways_Low_Vol,0.08995830998852364,0.10784752569759008,0.1104067265682461,0.05545514950166113
2023-04-26,Sideways,Low_Vol,Sideways_Low_Vol,Sideways_Low_Vol,0.08697730769894538,0.10627658429876001,0.11037159400181308,0.05309769518272425
2023-04-27,Sideways,Low_Vol,Sideways_Low_Vol,Sideways_Low_Vol,0.07954770182851253,0.1070225599040586,0.11007227097537338,0.04770494186046512
2023-04-28,Sideways,Low_Vol,Sideways_Low_Vol,Sideways_Low_Vol,0.0819371950588788,0.1085173406496703,0.11083513570946009,0.03973421926910299
2023-05-02,Sideways,Low_Vol,Sideways_Low_Vol,Sideways_Low_Vol,0.07980665492423485,0.10831375907177469,0.11071674902128861,0.03534084302325581
2023-05-03,Sideways,Low_Vol,Sideways_Low_Vol,Sideways_Low_Vol,0.08148283300854528,0.10683012450600084,0.11080944910681001,0.03841330980066445
2023-05-04,Sideways,Low_Vol,Sideways_Low_Vol,Sideways_Low_Vol,0.06877606596600701,0.10824137834332924,0.11173023856059859,0.029591985049833888
2023-05-05,Sideways,Low_Vol,Sideways_Low_Vol,Sideways_Low_Vol,0.08237686007985211,0.11076383205001397,0.11266882502500615,0.03952159468438538
2023-05-08,Sideways,Low_Vol,Sideways_Low_Vol,Sideways_Low_Vol,0.08451440112639863,0.11270033276019635,0.11394184873898357,0.02913486295681063
2023-05-09,Sideways,Low_Vol,Sideways_Low_Vol,Sideways_Low_Vol,0.08476491881718148,0.11188277109827678,0.11354917431050265,0.02905253322259136
2023-05-10,Sideways,Low_Vol,Sideways_Low_Vol,Sideways_Low_Vol,0.08479411777200066,0.11193636493757737,0.11363546704198813,0.026439887873754155
2023-05-11,Sideways,Low_Vol,Sideways_Low_Vol,Sideways_Low_Vol,0.08425977542815433,0.10597117548177536,0.11322647868543158,0.027401993355481727
2023-05-12,Sideways,Low_Vol,Sideways_Low_Vol,Sideways_Low_Vol,0.08326976604713836,0.10570070991777926,0.11314198665196913,0.026455772425249168
2023-05-15,Sideways,Low_Vol,Sideways_Low_Vol,Sideways_Low_Vol,0.08399695687340121,0.10570265821170062,0.11144990428876134,0.021988060631229236
2023-05-16,Sideways,Low_Vol,Sideways_Low_Vol,Sideways_Low_Vol,0.08311538954566923,0.10627958585894799,0.11115745169611643,0.02796013289036545
2023-05-17,Sideways,Low_Vol,Sideways_Low_Vol,Sideways_Low_Vol,0.0858953374478137,0.10647416603421837,0.11073384856501853,0.03352823920265781
2023-05-18,Sideways,Low_Vol,Sideways_Low_Vol,Sideways_Low_Vol,0.08621076538074621,0.1054155410194086,0.11078288354713631,0.03628176910299003
2023-05-19,Sideways,Low_Vol,Sideways_Low_Vol,Sideways_Low_Vol,0.08658225171734778,0.10397072520616923,0.10980334667501569,0.03237738787375415
2023-05-22,Sideways,Low_Vol,Sideways_Low_Vol,Sideways_Low_Vol,0.08774920854894386,0.09909480851912557,0.11003617169044176,0.02647705564784053
2023-05-23,Sideways,Low_Vol,Sideways_Low_Vol,Sideways_Low_Vol,0.08587148174385469,0.09822236635108865,0.10629353461300861,0.024691029900332225
2023-05-24,Sideways,Low_Vol,Sideways_Low_Vol,Sideways_Low_Vol,0.08776543798375816,0.09857630082185502,0.10488188478019568,0.02801858388704319
2023-05-25,Sideways,Low_Vol,Sideways_Low_Vol,Sideways_Low_Vol,0.08770070994211925,0.09597144988418603,0.10442569495780275,0.02611825166112957
2023-05-26,Sideways,Low_Vol,Sideways_Low_Vol,Sideways_Low_Vol,0.0913965097679433,0.09470162271731034,0.10552521852893337,0.016645867940199337
2023-05-29,Sideways,Low_Vol,Sideways_Low_Vol,Sideways_Low_Vol,0.08904758518582159,0.08766265977783735,0.10569125952205739,0.011367421096345516
2023-05-30,Sideways,Low_Vol,Sideways_Low_Vol,Sideways_Low_Vol,0.08831364637187576,0.08567474865936459,0.10542279709583444,0.009496366279069768
2023-05-31,Sideways,Low_Vol,Sideways_Low_Vol,Sideways_Low_Vol,0.09008783092693987,0.0861301644598241,0.10551872362811217,0.014782703488372092
2023-06-01,Trending_Up,Low_Vol,Trending_Up_Low_Vol,Trending_Up_Low_Vol,0.08587445224004106,0.08664363432779972,0.10556988475037501,0.0172624584717608
2023-06-02,Trending_Up,Low_Vol,Trending_Up_Low_Vol,Trending_Up_Low_Vol,0.07578514382720818,0.08589854589195751,0.10426370785920165,0.014798691860465117
2023-06-05,Trending_Up,Low_Vol,Trending_Up_Low_Vol,Trending_Up_Low_Vol,0.0674547987434467,0.08390376111356632,0.10424660618524079,0.011622612126245848
2023-06-06,Trending_Up,Low_Vol,Trending_Up_Low_Vol,Trending_Up_Low_Vol,0.06742733028950594,0.08312008526367536,0.1035081770584439,0.011348837209302326
2023-06-07,Trending_Up,Low_Vol,Trending_Up_Low_Vol,Trending_Up_Low_Vol,0.0704314743536229,0.08390436729361832,0.10188407887048866,0.0045767234219269105
2023-06-08,Trending_Up,Low_Vol,Trending_Up_Low_Vol,Trending_Up_Low_Vol,0.07330035182898641,0.08411301981474857,0.10079233776347093,0.009459094684385383
2023-06-09,Trending_Up,Low_Vol,Trending_Up_Low_Vol,Trending_Up_Low_Vol,0.07520655151723321,0.08228691006406265,0.10099102514018596,0.013241175249169436
2023-06-12,Trending_Up,Low_Vol,Trending_Up_Low_Vol,Trending_Up_Low_Vol,0.07398917622826219,0.08227846621778503,0.10094619696994148,0.011215946843853821
2023-06-13,Trending_Up,Low_Vol,Trending_Up_Low_Vol,Trending_Up_Low_Vol,0.07212624818122863,0.08236368638437468,0.10103522241691805,0.005121573920265781
2023-06-14,Trending_Up,Low_Vol,Trending_Up_Low_Vol,Trending_Up_Low_Vol,0.06739353194641817,0.08135513347058691,0.10087817326881013,0.0030086171096345513
2023-06-15,Trending_Up,Low_Vol,Trending_Up_Low_Vol,Trending_Up_Low_Vol,0.06810973280561892,0.07522811198221027,0.10018606606901756,0.0066126453488372094
2023-06-16,Trending_Up,Low_Vol,Trending_Up_Low_Vol,Trending_Up_Low_Vol,0.07072044150987558,0.07637022022047245,0.10037718143341925,0.0
2023-06-19,Trending_Up,Low_Vol,Trending_Up_Low_Vol,Trending_Up_Low_Vol,0.07121924249756287,0.07529140671982877,0.10043371585382678,0.0037475183921172844
2023-06-20,Trending_Up,Low_Vol,Trending_Up_Low_Vol,Trending_Up_Low_Vol,0.07156866672881695,0.07537971946069091,0.10024019367180745,0.0004940391612663338
2023-06-21,Trending_Up,Low_Vol,Trending_Up_Low_Vol,Trending_Up_Low_Vol,0.06943065395839622,0.07540018465688808,0.10000695006656611,0.0
2023-06-22,Trending_Up,Low_Vol,Trending_Up_Low_Vol,Trending_Up_Low_Vol,0.07267803777077311,0.07591266200519288,0.10031439490551361,0.0045394438174042985
2023-06-23,Trending_Up,Low_Vol,Trending_Up_Low_Vol,Trending_Up_Low_Vol,0.06921439658766723,0.07687197235746131,0.09865206766094112,0.010147485573617096
2023-06-26,Trending_Up,Low_Vol,Trending_Up_Low_Vol,Trending_Up_Low_Vol,0.06686817409172649,0.07687779588289122,0.0950383937905372,0.008784627021824691
2023-06-27,Trending_Up,Low_Vol,Trending_Up_Low_Vol,Trending_Up_Low_Vol,0.07056733935962396,0.07586069910618315,0.09548978160882075,0.002092036557919365
2023-06-28,Trending_Up,Low_Vol,Trending_Up_Low_Vol,Trending_Up_Low_Vol,0.072088716377986,0.0769241282084297,0.09624142690803243,0.0
2023-06-30,Trending_Up,Low_Vol,Trending_Up_Low_Vol,Trending_Up_Low_Vol,0.07926051790183428,0.07960611718269382,0.09757398319015867,0.0
2023-07-03,Trending_Up,Low_Vol,Trending_Up_Low_Vol,Trending_Up_Low_Vol,0.08127939652569599,0.08039616654449813,0.09802955118192005,0.0
2023-07-04,Trending_Up,Low_Vol,Trending_Up_Low_Vol,Trending_Up_Low_Vol,0.081322512285754,0.08035620886826962,0.09591670500613447,0.0
2023-07-05,Trending_Up,Low_Vol,Trending_Up_Low_Vol,Trending_Up_Low_Vol,0.08126239109587553,0.07964115252900907,0.0954586400635301,0.0
2023-07-06,Trending_Up,Low_Vol,Trending_Up_Low_Vol,Trending_Up_Low_Vol,0.08013747468957509,0.0799788399666329,0.09553836444098894,0.0
2023-07-07,Trending_Up,Low_Vol,Trending_Up_Low_Vol,Trending_Up_Low_Vol,0.08510666822534935,0.0832708070291008,0.09594200157054487,0.008488354457718407
2023-07-10,Trending_Up,Low_Vol,Trending_Up_Low_Vol,Trending_Up_Low_Vol,0.08248978516807463,0.0827568842569493,0.09594233790959261,0.007252305958216572
2023-07-11,Trending_Up,Low_Vol,Trending_Up_Low_Vol,Trending_Up_Low_Vol,0.0828603404362775,0.08153266185564781,0.09599116486709416,0.002969661866255926
2023-07-12,Trending_Up,Low_Vol,Trending_Up_Low_Vol,Trending_Up_Low_Vol,0.08333264058109155,0.0817828098221329,0.09574709114558354,0.005795674040617402
2023-07-13,Trending_Up,Low_Vol,Trending_Up_Low_Vol,Trending_Up_Low_Vol,0.0833260776372011,0.08112573262565852,0.09487824307690439,0.004285248619149806
2023-07-14,Trending_Up,Low_Vol,Trending_Up_Low_Vol,Trending_Up_Low_Vol,0.08342091610980305,0.08049309108123463,0.09531154103364689,0.0
2023-07-17,Trending_Up,Low_Vol,Trending_Up_Low_Vol,Trending_Up_Low_Vol,0.08352857490038619,0.07709242502309385,0.09589706973463724,0.0
2023-07-18,Trending_Up,Low_Vol,Trending_Up_Low_Vol,Trending_Up_Low_Vol,0.08043963154841427,0.07424958097757042,0.09542703813209012,0.0
2023-07-19,Trending_Up,Low_Vol,Trending_Up_Low_Vol,Trending_Up_Low_Vol,0.08062335938145807,0.07440794768882712,0.09498771386710736,0.0
2023-07-20,Trending_Up,Low_Vol,Trending_Up_Low_Vol,Trending_Up_Low_Vol,0.08230068159396249,0.07547240337519406,0.09544890586708923,0.0
2023-07-21,Trending_Up,Low_Vol,Trending_Up_Low_Vol,Trending_Up_Low_Vol,0.09402886529918864,0.08111084525197201,0.0940449821679437,0.011719737128305142
2023-07-24,Trending_Up,Low_Vol,Trending_Up_Low_Vol,Trending_Up_Low_Vol,0.09200762125430395,0.08194546836646119,0.09418614856414063,0.01535604744203552
2023-07-25,Trending_Up,Low_Vol,Trending_Up_Low_Vol,Trending_Up_Low_Vol,0.09224529570469955,0.081656634453263,0.09399979654154686,0.014943116970083558
2023-07-26,Trending_Up,Low_Vol,Trending_Up_Low_Vol,Trending_Up_Low_Vol,0.09139205779498792,0.08021987942193436,0.09378442887276249,0.010052960483707381
2023-07-27,Trending_Up,Low_Vol,Trending_Up_Low_Vol,Trending_Up_Low_Vol,0.09350473232040729,0.08034284576609373,0.09394842151059352,0.015979157960080453
2023-07-28,Trending_Up,Low_Vol,Trending_Up_Low_Vol,Trending_Up_Low_Vol,0.08658423971415274,0.0798781559375653,0.09328693165073837,0.016672361079543372
2023-07-31,Trending_Up,Low_Vol,Trending_Up_Low_Vol,Trending_Up_Low_Vol,0.0854338919382702,0.08016679588225795,0.09250333538863177,0.01127923885495866
2023-08-01,Trending_Up,Low_Vol,Trending_Up_Low_Vol,Trending_Up_Low_Vol,0.0852948495424076,0.0797273937584601,0.08964506704984068,0.012292795467931657
2023-08-02,Trending_Up,Low_Vol,Trending_Up_Low_Vol,Trending_Up_Low_Vol,0.09440399738224287,0.08414476544806165,0.09109159650006607,0.022653596400544512
2023-08-03,Trending_Up,Low_Vol,Trending_Up_Low_Vol,Trending_Up_Low_Vol,0.09648508252491611,0.0857552542426467,0.0920334449373184,0.02990617660500571
2023-08-04,Trending_Up,Low_Vol,Trending_Up_Low_Vol,Trending_Up_Low_Vol,0.0946395814441248,0.08672663484645142,0.09107257428133356,0.023131633807704808
2023-08-07,Trending_Up,Low_Vol,Trending_Up_Low_Vol,Trending_Up_Low_Vol,0.09548584665083176,0.08480970542508322,0.08943799997779522,0.019112404777441326
2023-08-08,Trending_Up,Low_Vol,Trending_Up_Low_Vol,Trending_Up_Low_Vol,0.09470655358105642,0.08443884746443955,0.08576355167145887,0.020436343551505108
2023-08-09,Trending_Up,Low_Vol,Trending_Up_Low_Vol,Trending_Up_Low_Vol,0.09441726471728216,0.08455210148030885,0.08489072672990643,0.017348065488192035
2023-08-10,Trending_Up,Low_Vol,Trending_Up_Low_Vol,Trending_Up_Low_Vol,0.09612572576222261,0.08426606240870271,0.08495698383193348,0.021825291502616254
2023-08-11,Trending_Up,Low_Vol,Trending_Up_Low_Vol,Trending_Up_Low_Vol,0.09434602981109347,0.08533218093670729,0.08573900151921528,0.027571222930154238
2023-08-14,Trending_Up,Low_Vol,Trending_Up_Low_Vol,Trending_Up_Low_Vol,0.08975872564873458,0.08527564414051703,0.08531830910714779,0.027258396815039117
2023-08-16,Trending_Up,Low_Vol,Trending_Up_Low_Vol,Trending_Up_Low_Vol,0.08963195248633754,0.08513077355053883,0.08439141761640194,0.025734347085462628
2023-08-17,Trending_Up,Low_Vol,Trending_Up_Low_Vol,Trending_Up_Low_Vol,0.08892793800047698,0.08620090296631626,0.08452749621066179,0.030727051882699984
2023-08-18,Trending_Up,Low_Vol,Trending_Up_Low_Vol,Trending_Up_Low_Vol,0.08311900755541822,0.08545905862039536,0.0847487463238278,0.03348490736192271
2023-08-21,Trending_Up,Low_Vol,Trending_Up_Low_Vol,Trending_Up_Low_Vol,0.07669774572350883,0.08489516957931731,0.08441669799741733,0.029308092176169982
2023-08-22,Trending_Up,Low_Vol,Trending_Up_Low_Vol,Trending_Up_Low_Vol,0.07604949756560632,0.0842469960471092,0.08319475804283595,0.02916546301930968
2023-08-23,Trending_Up,Low_Vol,Trending_Up_Low_Vol,Trending_Up_Low_Vol,0.07678301893883475,0.08428002266153474,0.0831964654345621,0.02678544283224944
2023-08-24,Trending_Up,Low_Vol,Trending_Up_Low_Vol,Trending_Up_Low_Vol,0.07428263201174795,0.08383452541969069,0.08330732772410315,0.02965347175888927
2023-08-25,Trending_Up,Low_Vol,Trending_Up_Low_Vol,Trending_Up_Low_Vol,0.07451044418359169,0.0852031602766277,0.08356104716428148,0.035704701923147425
2023-08-28,Trending_Up,Low_Vol,Trending_Up_Low_Vol,Trending_Up_Low_Vol,0.07531370384463612,0.08472994166256712,0.0799835329250179,0.03369010174180603
2023-08-29,Trending_Up,Low_Vol,Trending_Up_Low_Vol,Trending_Up_Low_Vol,0.07232065003382093,0.08337876213564892,0.07997387870313176,0.03185821156332407
2023-08-30,Trending_Up,Low_Vol,Trending_Up_Low_Vol,Trending_Up_Low_Vol,0.07246548443585014,0.08279886170074335,0.078929841382992,0.03161801976181224
2023-08-31,Trending_Up,Low_Vol,Trending_Up_Low_Vol,Trending_Up_Low_Vol,0.06502239661601303,0.0834714663991196,0.07943449176523487,0.03630532806416846
2023-09-01,Trending_Up,Low_Vol,Trending_Up_Low_Vol,Trending_Up_Low_Vol,0.06927174176915944,0.08579121474298287,0.08057377071847986,0.0272208576812253
2023-09-04,Trending_Up,Low_Vol,Trending_Up_Low_Vol,Trending_Up_Low_Vol,0.06681377703429753,0.08546741043188336,0.08047222055258704,0.022540978999103067
2023-09-05,Trending_Up,Low_Vol,Trending_Up_Low_Vol,Trending_Up_Low_Vol,0.0656751350471306,0.08424537474211183,0.08023479756394869,0.02023359312564612
2023-09-06,Trending_Up,Low_Vol,Trending_Up_Low_Vol,Trending_Up_Low_Vol,0.06581549500795107,0.0842637738605199,0.08024711235468866,0.018424187324188056
2023-09-07,Trending_Up,Low_Vol,Trending_Up_Low_Vol,Trending_Up_Low_Vol,0.06819617933786448,0.08398921092977994,0.07965218085208815,0.012618134627651385
2023-09-08,Trending_Up,Low_Vol,Trending_Up_Low_Vol,Trending_Up_Low_Vol,0.06746413637735742,0.08278889805791306,0.07963005001355694,0.007968365459108983
2023-09-11,Trending_Up,Low_Vol,Trending_Up_Low_Vol,Trending_Up_Low_Vol,0.06870599356046903,0.08131032576220144,0.08036523430461473,0.0
2023-09-12,Trending_Up,Low_Vol,Trending_Up_Low_Vol,Trending_Up_Low_Vol,0.06883140403829593,0.0801164825233656,0.08038342336342662,0.0001575482868894723
2023-09-13,Trending_Up,Low_Vol,Trending_Up_Low_Vol,Trending_Up_Low_Vol,0.06936417946002128,0.08019241540845884,0.08045870073526017,0.0
2023-09-14,Trending_Up,Low_Vol,Trending_Up_Low_Vol,Trending_Up_Low_Vol,0.06474487775035968,0.08021879088894862,0.07998356890676502,0.0
2023-09-15,Trending_Up,Low_Vol,Trending_Up_Low_Vol,Trending_Up_Low_Vol,0.0628298255541061,0.08004904722075719,0.08014206763698467,0.0
2023-09-18,Trending_Up,Low_Vol,Trending_Up_Low_Vol,Trending_Up_Low_Vol,0.06488236605058317,0.07769987649214616,0.08039626420215122,0.0029243168460982138
2023-09-20,Trending_Up,Low_Vol,Trending_Up_Low_Vol,Trending_Up_Low_Vol,0.08038004762296255,0.08248080019292302,0.08258094486922836,0.014408883779177274
2023-09-21,Trending_Up,Low_Vol,Trending_Up_Low_Vol,Trending_Up_Low_Vol,0.08669274475097526,0.08421597859631817,0.08298071971887898,0.02228566802305522
2023-09-22,Trending_Up,Low_Vol,Trending_Up_Low_Vol,Trending_Up_Low_Vol,0.0869967325445287,0.08434578070210876,0.08305424426104634,0.025658213105346307
2023-09-25,Trending_Up,Low_Vol,Trending_Up_Low_Vol,Trending_Up_Low_Vol,0.08307964707844537,0.0843025364690725,0.0828163011312035,0.025643317302935065
2023-09-26,Trending_Up,Low_Vol,Trending_Up_Low_Vol,Trending_Up_Low_Vol,0.08316408166334448,0.08255271540311977,0.08175951103310374,0.02613120319489813
2023-09-27,Trending_Up,Low_Vol,Trending_Up_Low_Vol,Trending_Up_Low_Vol,0.08331785128448059,0.08101713604589253,0.07988713547493148,0.02356835137224678
2023-09-28,Trending_Up,Low_Vol,Trending_Up_Low_Vol,Trending_Up_Low_Vol,0.09166314576779218,0.0838164655458451,0.08006233417835937,0.03312139701733804
2023-09-29,Trending_Up,Low_Vol,Trending_Up_Low_Vol,Trending_Up_Low_Vol,0.09132386239602634,0.08434093136958845,0.08047980917326714,0.027438551671458956
2023-10-03,Trending_Up,Low_Vol,Trending_Up_Low_Vol,Trending_Up_Low_Vol,0.08845817611500675,0.08338514269348427,0.08103754848639404,0.032863912432800825
2023-10-04,Trending_Up,Low_Vol,Trending_Up_Low_Vol,Trending_Up_Low_Vol,0.08843310606568439,0.07993242117514596,0.08144969693518603,0.03745230320541224
2023-10-05,Trending_Up,Low_Vol,Trending_Up_Low_Vol,Trending_Up_Low_Vol,0.0904484293856113,0.08064336421725833,0.08183786138460758,0.03202200941859652
2023-10-06,Trending_Up,Low_Vol,Trending_Up_Low_Vol,Trending_Up_Low_Vol,0.09238820958921812,0.08162212568767319,0.08196365859661625,0.026685830019742743
2023-10-09,Trending_Up,Low_Vol,Trending_Up_Low_Vol,Trending_Up_Low_Vol,0.09319368207651951,0.08236322358554907,0.0822075408003726,0.03367612056817233
2023-10-10,Trending_Up,Low_Vol,Trending_Up_Low_Vol,Trending_Up_Low_Vol,0.09765998669301444,0.08391381875015079,0.0826414756566079,0.024885662625744997
2023-10-11,Trending_Up,Low_Vol,Trending_Up_Low_Vol,Trending_Up_Low_Vol,0.09468060527914558,0.08501070324012687,0.08286485476958366,0.018868532259520086
2023-10-12,Trending_Up,Low_Vol,Trending_Up_Low_Vol,Trending_Up_Low_Vol,0.09468573440822681,0.08416523842887073,0.08275707275669478,0.019727749225877722
2023-10-13,Trending_Up,Low_Vol,Trending_Up_Low_Vol,Trending_Up_Low_Vol,0.09344006108264583,0.08427990348361743,0.08246314501683494,0.021854753739015676
2023-10-16,Trending_Up,Low_Vol,Trending_Up_Low_Vol,Trending_Up_Low_Vol,0.09299692973711293,0.08080671405504518,0.08249144202634771,0.02281059996906703
2023-10-17,Trending_Up,Low_Vol,Trending_Up_Low_Vol,Trending_Up_Low_Vol,0.09270329568856533,0.0793150156411255,0.08238487886938017,0.018861084358314465
2023-10-18,Trending_Up,Low_Vol,Trending_Up_Low_Vol,Trending_Up_Low_Vol,0.09503589888785087,0.07964464862117111,0.08331161357881416,0.02581423212670563
2023-10-19,Trending_Up,Low_Vol,Trending_Up_Low_Vol,Trending_Up_Low_Vol,0.0869953638506392,0.07932093337247546,0.08218915512829601,0.02811215146361415
2023-10-20,Trending_Up,Low_Vol,Trending_Up_Low_Vol,Trending_Up_Low_Vol,0.08374109671412591,0.07982908994483195,0.08217815001476193,0.03217551356422407
2023-10-23,Trending_Up,Low_Vol,Trending_Up_Low_Vol,Trending_Up_Low_Vol,0.09499290889277962,0.08489627381833396,0.08503737011271077,0.04509626799212225
2023-10-25,Trending_Up,Low_Vol,Trending_Up_Low_Vol,Trending_Up_Low_Vol,0.09833088500021211,0.0862454570793675,0.08566420312246899,0.05300023223910123
2023-10-26,Trending_Up,Low_Vol,Trending_Up_Low_Vol,Trending_Up_Low_Vol,0.10768096460095979,0.09059073847294158,0.08846639312597696,0.06611908149387101
2023-10-27,Trending_Up,Medium_Vol,Trending_Up_Medium_Vol,Trending_Up_Medium_Vol,0.1149880925425266,0.09368406914578901,0.08977215961827831,0.056709577217469914
2023-10-30,Trending_Up,Medium_Vol,Trending_Up_Medium_Vol,Trending_Up_Medium_Vol,0.11310604312010088,0.09434262924289306,0.08995308350879744,0.052071662738140595
2023-10-31,Trending_Up,Low_Vol,Trending_Up_Low_Vol,Trending_Up_Low_Vol,0.1103798566102974,0.09393687695035952,0.09012536193590909,0.05510750465034377
2023-11-01,Trending_Up,Low_Vol,Trending_Up_Low_Vol,Trending_Up_Low_Vol,0.11000054615236828,0.09429874133976747,0.08984948940305726,0.059586885232581994
2023-11-02,Trending_Up,Medium_Vol,Trending_Up_Medium_Vol,Trending_Up_Medium_Vol,0.11364428603478761,0.09540412010790854,0.09024649813455439,0.05245053843973047
2023-11-03,Trending_Up,Medium_Vol,Trending_Up_Medium_Vol,Trending_Up_Medium_Vol,0.11324694236564363,0.09615245608006492,0.09032438980477181,0.047629424935940794
2023-11-06,Trending_Up,Medium_Vol,Trending_Up_Medium_Vol,Trending_Up_Medium_Vol,0.11691994302899748,0.09837052068978246,0.09142435626004032,0.038658186118795186
2023-11-07,Trending_Up,Medium_Vol,Trending_Up_Medium_Vol,Trending_Up_Medium_Vol,0.11429843675618105,0.09814325294116644,0.09096878487355252,0.03890831952811646
2023-11-08,Trending_Up,Low_Vol,Trending_Up_Low_Vol,Trending_Up_Low_Vol,0.10923717354751473,0.09716218966778978,0.09095838987777853,0.03708580843050185
2023-11-09,Trending_Up,Low_Vol,Trending_Up_Low_Vol,Trending_Up_Low_Vol,0.10639736253562054,0.09724707507226932,0.09084931783830132,0.03947281240390878
2023-11-10,Trending_Up,Low_Vol,Trending_Up_Low_Vol,Trending_Up_Low_Vol,0.10679426695445213,0.09721747286514298,0.09017621605167177,0.03798468305262968
2023-11-13,Trending_Up,Low_Vol,Trending_Up_Low_Vol,Trending_Up_Low_Vol,0.10688063538647666,0.09723503335008174,0.08994343440538514,0.03708329355477007
2023-11-15,Trending_Up,Medium_Vol,Trending_Up_Medium_Vol,Trending_Up_Medium_Vol,0.11596590955910052,0.10008263919088622,0.09168564752586088,0.0255988233476807
2023-11-16,Trending_Up,Medium_Vol,Trending_Up_Medium_Vol,Trending_Up_Medium_Vol,0.1162275642008679,0.09842135289030332,0.09187906162775443,0.02115407066974913
2023-11-17,Trending_Up,Medium_Vol,Trending_Up_Medium_Vol,Trending_Up_Medium_Vol,0.11346534230500734,0.09798901455178514,0.09159313605561074,0.02280808509333526
2023-11-20,Trending_Up,Medium_Vol,Trending_Up_Medium_Vol,Trending_Up_Medium_Vol,0.11334477210466383,0.09798011360334466,0.0911468354607369,0.02468011989766777
2023-11-21,Trending_Up,Medium_Vol,Trending_Up_Medium_Vol,Trending_Up_Medium_Vol,0.11310038577105096,0.09840689447274223,0.09135763868984967,0.020252681171889532
2023-11-22,Trending_Up,Low_Vol,Trending_Up_Low_Vol,Trending_Up_Low_Vol,0.10030201053625848,0.09757807929028381,0.09083243922907211,0.018843770406161135
2023-11-23,Trending_Up,Low_Vol,Trending_Up_Low_Vol,Trending_Up_Low_Vol,0.09397325222173712,0.09701289113888409,0.09000428836854008,0.01933155957213452
2023-11-24,Trending_Up,Low_Vol,Trending_Up_Low_Vol,Trending_Up_Low_Vol,0.07440152775530436,0.09484726569731336,0.08826893061644543,0.019693121321571066
2023-11-28,Trending_Up,Low_Vol,Trending_Up_Low_Vol,Trending_Up_Low_Vol,0.06940849626856109,0.09550521017412414,0.08792209319749585,0.01498836918337052
2023-11-29,Trending_Up,Low_Vol,Trending_Up_Low_Vol,Trending_Up_Low_Vol,0.07480383168982425,0.09799613879506534,0.08923902585032821,0.004741894918238972
2023-11-30,Trending_Up,Low_Vol,Trending_Up_Low_Vol,Trending_Up_Low_Vol,0.0718362159120126,0.09801114920586017,0.08926834024509835,0.0029317647473038355
2023-12-01,Trending_Up,Low_Vol,Trending_Up_Low_Vol,Trending_Up_Low_Vol,0.06745896358313506,0.0986587423964584,0.08951876607995116,0.0
2023-12-04,Trending_Up,Low_Vol,Trending_Up_Low_Vol,Trending_Up_Low_Vol,0.09057477425733292,0.1086576493633128,0.09400015297363369,0.0
2023-12-05,Trending_Up,Low_Vol,Trending_Up_Low_Vol,Trending_Up_Low_Vol,0.09173179483053165,0.10635096457921088,0.09473630216461355,0.0
2023-12-06,Trending_Up,Low_Vol,Trending_Up_Low_Vol,Trending_Up_Low_Vol,0.08953642538081562,0.10454750527358085,0.09470425851926755,0.0
2023-12-07,Trending_Up,Low_Vol,Trending_Up_Low_Vol,Trending_Up_Low_Vol,0.09058024902907295,0.10422750472321386,0.09461478566289937,0.0017455990623969808
2023-12-08,Trending_Up,Low_Vol,Trending_Up_Low_Vol,Trending_Up_Low_Vol,0.09034240308480626,0.10428780727740464,0.09469049660202579,0.0
2023-12-11,Trending_Up,Low_Vol,Trending_Up_Low_Vol,Trending_Up_Low_Vol,0.08781110171406273,0.10420649361518111,0.09403226485590147,0.0
2023-12-12,Trending_Up,Low_Vol,Trending_Up_Low_Vol,Trending_Up_Low_Vol,0.09232955464829468,0.10492704051852032,0.09373377108258925,0.0043196070141755995
2023-12-13,Trending_Up,Low_Vol,Trending_Up_Low_Vol,Trending_Up_Low_Vol,0.09232274240555235,0.10187419376796497,0.09371192619593885,0.00336951299542394
2023-12-14,Trending_Up,Low_Vol,Trending_Up_Low_Vol,Trending_Up_Low_Vol,0.0927113165161269,0.10428772010995727,0.09535221513442504,0.0
2023-12-15,Trending_Up,Low_Vol,Trending_Up_Low_Vol,Trending_Up_Low_Vol,0.09831923391571552,0.1060580312863792,0.09674645358265895,0.0
2023-12-18,Trending_Up,Low_Vol,Trending_Up_Low_Vol,Trending_Up_Low_Vol,0.09838344906521176,0.10530651882116274,0.09475567817174922,0.0017710126840955215
2023-12-19,Trending_Up,Low_Vol,Trending_Up_Low_Vol,Trending_Up_Low_Vol,0.09628502304588446,0.10497127211276834,0.09448632268577896,0.0001654862797946987
2023-12-20,Trending_Up,Medium_Vol,Trending_Up_Medium_Vol,Trending_Up_Medium_Vol,0.11637041455613266,0.11058634161651315,0.09744183433878643,0.014284615465138878
2023-12-21,Trending_Up,Medium_Vol,Trending_Up_Medium_Vol,Trending_Up_Medium_Vol,0.116265874654842,0.10903671359239858,0.0974413329294743,0.009395670139784932
2023-12-22,Trending_Up,Medium_Vol,Trending_Up_Medium_Vol,Trending_Up_Medium_Vol,0.11530476009103774,0.10791512530587277,0.09701422893686538,0.00499845027287486
2023-12-26,Trending_Up,Medium_Vol,Trending_Up_Medium_Vol,Trending_Up_Medium_Vol,0.11425560859229218,0.10759354305156088,0.09713681730698298,0.0007131020439558139
2023-12-27,Trending_Up,Medium_Vol,Trending_Up_Medium_Vol,Trending_Up_Medium_Vol,0.11616553703686533,0.10904601736145021,0.09793012384913088,0.0
2023-12-28,Trending_Up,Medium_Vol,Trending_Up_Medium_Vol,Trending_Up_Medium_Vol,0.11406622628400798,0.109000021033876,0.09817149028301665,0.0
2023-12-29,Trending_Up,Medium_Vol,Trending_Up_Medium_Vol,Trending_Up_Medium_Vol,0.11596599118617544,0.10919948038253363,0.09656716739420751,0.002171793074045436
2024-01-01,Trending_Up,Medium_Vol,Trending_Up_Medium_Vol,Trending_Up_Medium_Vol,0.11604323057354467,0.10914207820970878,0.09560463019975884,0.0016896706160172631
2024-01-02,Trending_Up,Low_Vol,Trending_Up_Low_Vol,Trending_Up_Low_Vol,0.09922703624816714,0.10791601347123292,0.09542965598985459,0.005183892590003815
2024-01-03,Trending_Up,Low_Vol,Trending_Up_Low_Vol,Trending_Up_Low_Vol,0.10183052013286319,0.10930244712530471,0.0961223824987691,0.012000239626340746
2024-01-04,Trending_Up,Low_Vol,Trending_Up_Low_Vol,Trending_Up_Low_Vol,0.10304877021447603,0.10890637341719837,0.09646016516041576,0.005514544655247467
2024-01-05,Trending_Up,Low_Vol,Trending_Up_Low_Vol,Trending_Up_Low_Vol,0.10225105842315056,0.10300935598250632,0.09642581482345972,0.003117653484168788
2024-01-08,Trending_Up,Low_Vol,Trending_Up_Low_Vol,Trending_Up_Low_Vol,0.10928908058508831,0.10346947536749138,0.09736332836118416,0.012199958137134783
2024-01-09,Trending_Up,Low_Vol,Trending_Up_Low_Vol,Trending_Up_Low_Vol,0.10929089534999702,0.09659576586664147,0.09674356236555737,0.010737537950552675
2024-01-10,Trending_Up,Low_Vol,Trending_Up_Low_Vol,Trending_Up_Low_Vol,0.10744131546372333,0.09512210656683068,0.0968094263933473,0.0073466279318578735
2024-01-11,Trending_Up,Low_Vol,Trending_Up_Low_Vol,Trending_Up_Low_Vol,0.10741564077493751,0.09500529562297738,0.09680707623755631,0.00603800983149569
2024-01-12,Trending_Up,Low_Vol,Trending_Up_Low_Vol,Trending_Up_Low_Vol,0.10637923146965307,0.09617342616331581,0.09766783491197602,0.0
2024-01-15,Trending_Up,Low_Vol,Trending_Up_Low_Vol,Trending_Up_Low_Vol,0.10193727116159204,0.09568459716559798,0.09826682026593972,0.0
2024-01-16,Trending_Up,Low_Vol,Trending_Up_Low_Vol,Trending_Up_Low_Vol,0.10252105379751886,0.096040000875694,0.09838824080538833,0.0029482333845447023
2024-01-17,Trending_Up,Medium_Vol,Trending_Up_Medium_Vol,Trending_Up_Medium_Vol,0.12956207131537814,0.10966436218693265,0.10449390256689965,0.023781025348125057
2024-01-18,Trending_Up,Medium_Vol,Trending_Up_Medium_Vol,Trending_Up_Medium_Vol,0.11981835621068493,0.10967217364255699,0.10492707027513107,0.028745363886209293
2024-01-19,Trending_Up,Medium_Vol,Trending_Up_Medium_Vol,Trending_Up_Medium_Vol,0.12130163245808458,0.11021037257436218,0.1052285808514658,0.021497903374381976
2024-01-23,Trending_Up,Medium_Vol,Trending_Up_Medium_Vol,Trending_Up_Medium_Vol,0.13719187245655676,0.11894870565098428,0.10879833192847199,0.03885735538975352
2024-01-24,Trending_Up,Medium_Vol,Trending_Up_Medium_Vol,Trending_Up_Medium_Vol,0.1412399314983024,0.11998218526314167,0.10974808890054301,0.029121008204602235
2024-01-25,Trending_Up,Medium_Vol,Trending_Up_Medium_Vol,Trending_Up_Medium_Vol,0.13716483993622494,0.12093894628310839,0.11012517282835163,0.033707492751832394
2024-01-29,Trending_Up,High_Vol,Trending_Up_High_Vol,Trending_Up_High_Vol,0.151025617675271,0.1261969090881439,0.11338068433577338,0.0162846673302755
2024-01-30,Trending_Up,High_Vol,Trending_Up_High_Vol,Trending_Up_High_Vol,0.1549174259370491,0.12711840166753768,0.11434952142672383,0.026036924157146955
2024-01-31,Trending_Up,High_Vol,Trending_Up_High_Vol,Trending_Up_High_Vol,0.15885283363652314,0.12813192854683667,0.11435567894390004,0.01682320870250331
2024-02-01,Trending_Up,High_Vol,Trending_Up_High_Vol,Trending_Up_High_Vol,0.158399322563038,0.1280783926015864,0.11426784587718677,0.01810163680161755
2024-02-02,Trending_Up,High_Vol,Trending_Up_High_Vol,Trending_Up_High_Vol,0.1580519565234533,0.12830562122491304,0.11466434489445369,0.011026088807266535
2024-02-05,Trending_Up,High_Vol,Trending_Up_High_Vol,Trending_Up_High_Vol,0.15732398481892443,0.1288502125079568,0.1149196617193269,0.014741520470317293
2024-02-06,Trending_Up,High_Vol,Trending_Up_High_Vol,Trending_Up_High_Vol,0.1591062154592904,0.12938970832829944,0.11508140191559997,0.007604897129140507
2024-02-07,Trending_Up,High_Vol,Trending_Up_High_Vol,Trending_Up_High_Vol,0.1549996102636777,0.12933978343075125,0.11494549888895778,0.007555135305315747
2024-02-08,Trending_Up,High_Vol,Trending_Up_High_Vol,Trending_Up_High_Vol,0.15955351750226843,0.13191425032240678,0.1154964399140243,0.01717392791553465
2024-02-09,Trending_Up,High_Vol,Trending_Up_High_Vol,Trending_Up_High_Vol,0.15944886587930693,0.13177072042873816,0.11553362980529151,0.014252740921914241
2024-02-12,Trending_Up,High_Vol,Trending_Up_High_Vol,Trending_Up_High_Vol,0.16193591730718268,0.13197662607234537,0.11622132782828762,0.021785249181227966
2024-02-13,Trending_Up,High_Vol,Trending_Up_High_Vol,Trending_Up_High_Vol,0.15788329652676505,0.13234341151992846,0.11649712371543976,0.016028964033072964
2024-02-14,Trending_Up,High_Vol,Trending_Up_High_Vol,Trending_Up_High_Vol,0.15491079572702984,0.13199279421838236,0.11649810671642928,0.011648332572322138
2024-02-15,Trending_Up,High_Vol,Trending_Up_High_Vol,Trending_Up_High_Vol,0.15519128889028588,0.12458735969538984,0.1164057441890025,0.008448903622395613
2024-02-16,Trending_Up,Medium_Vol,Trending_Up_Medium_Vol,Trending_Up_Medium_Vol,0.13582230034257486,0.12405155528712579,0.11496445723468418,0.00256816972122949
2024-02-19,Trending_Up,Medium_Vol,Trending_Up_Medium_Vol,Trending_Up_Medium_Vol,0.13407601068419425,0.12402241564490318,0.11411951242792097,0.0
2024-02-20,Trending_Up,Medium_Vol,Trending_Up_Medium_Vol,Trending_Up_Medium_Vol,0.13246110104811434,0.1239444549875422,0.11393133042493254,0.0
2024-02-21,Trending_Up,Medium_Vol,Trending_Up_Medium_Vol,Trending_Up_Medium_Vol,0.11585856207486384,0.1250220840681879,0.11455801809688901,0.006392700010330108
2024-02-22,Trending_Up,Medium_Vol,Trending_Up_Medium_Vol,Trending_Up_Medium_Vol,0.1136511680770253,0.12582512678224003,0.11494586841822287,0.0
2024-02-23,Trending_Up,Medium_Vol,Trending_Up_Medium_Vol,Trending_Up_Medium_Vol,0.11133479905687112,0.12524159649422525,0.11494738725843322,0.00021379592019012364
2024-02-26,Trending_Up,Low_Vol,Trending_Up_Low_Vol,Trending_Up_Low_Vol,0.09567218429781314,0.12581023706035488,0.11390975713605847,0.004293851943160526
2024-02-27,Trending_Up,Low_Vol,Trending_Up_Low_Vol,Trending_Up_Low_Vol,0.08701743121023045,0.12334145594134037,0.11372511779782941,0.0008596670656000079
2024-02-28,Trending_Up,Low_Vol,Trending_Up_Low_Vol,Trending_Up_Low_Vol,0.09274750529215972,0.12316835660137446,0.11491071714642896,0.011986021685165464
2024-02-29,Trending_Up,Low_Vol,Trending_Up_Low_Vol,Trending_Up_Low_Vol,0.09253930576962187,0.12307681949529975,0.11451564070332527,0.010561448129786783
2024-03-01,Trending_Up,Low_Vol,Trending_Up_Low_Vol,Trending_Up_Low_Vol,0.10554172175041242,0.12797914826321363,0.1167467623599841,0.0
2024-03-04,Trending_Up,Low_Vol,Trending_Up_Low_Vol,Trending_Up_Low_Vol,0.10411573789843123,0.1233731329447811,0.11658720039615973,0.0
2024-03-05,Trending_Up,Low_Vol,Trending_Up_Low_Vol,Trending_Up_Low_Vol,0.10253842339717881,0.12329318757931396,0.11592685225203696,0.002200290507037905
2024-03-06,Trending_Up,Low_Vol,Trending_Up_Low_Vol,Trending_Up_Low_Vol,0.10357496936981062,0.12342451657420632,0.115436975075159,0.0
2024-03-07,Trending_Up,Low_Vol,Trending_Up_Low_Vol,Trending_Up_Low_Vol,0.09523218628460613,0.12320008094955799,0.11517989338436535,0.0
2024-03-11,Trending_Up,Low_Vol,Trending_Up_Low_Vol,Trending_Up_Low_Vol,0.1001942798330924,0.122783302190166,0.11591003069533003,0.007153178801771133
2024-03-12,Trending_Up,Low_Vol,Trending_Up_Low_Vol,Trending_Up_Low_Vol,0.09467417318686991,0.12223443818487703,0.11579540675625381,0.00701763647878932
2024-03-13,Trending_Up,Low_Vol,Trending_Up_Low_Vol,Trending_Up_Low_Vol,0.11032376940867474,0.12707738531790025,0.11863612513446183,0.022044165784324637
2024-03-14,Trending_Up,Medium_Vol,Trending_Up_Medium_Vol,Trending_Up_Medium_Vol,0.11169505147805518,0.12791168703536848,0.11888636811260637,0.015422215638545006
2024-03-15,Trending_Up,Medium_Vol,Trending_Up_Medium_Vol,Trending_Up_Medium_Vol,0.11342334134337348,0.12831948527967094,0.11864287672435596,0.02090382156413236
2024-03-18,Trending_Up,Medium_Vol,Trending_Up_Medium_Vol,Trending_Up_Medium_Vol,0.11156589091091185,0.12726999158543523,0.11850960499763878,0.019465648921244614
2024-03-19,Trending_Up,Medium_Vol,Trending_Up_Medium_Vol,Trending_Up_Medium_Vol,0.11702846974345718,0.1289924838009805,0.11973411292893979,0.030057573794155235
2024-03-20,Trending_Up,Medium_Vol,Trending_Up_Medium_Vol,Trending_Up_Medium_Vol,0.11623899759874054,0.12890557793160015,0.11746211398852903,0.029095058323140886
2024-03-21,Trending_Up,Medium_Vol,Trending_Up_Medium_Vol,Trending_Up_Medium_Vol,0.11816594714829028,0.12828017973778674,0.11692206708577389,0.021410650865378255
2024-03-22,Trending_Up,Medium_Vol,Trending_Up_Medium_Vol,Trending_Up_Medium_Vol,0.11587104908698645,0.12848466627526117,0.11437966798160885,0.017640646650628505
2024-03-26,Trending_Up,Medium_Vol,Trending_Up_Medium_Vol,Trending_Up_Medium_Vol,0.1167022273070595,0.12873708179806592,0.1139306834760099,0.021732965473263255
2024-03-27,Trending_Up,Medium_Vol,Trending_Up_Medium_Vol,Trending_Up_Medium_Vol,0.11763630744927087,0.1292154117773595,0.11397097674776785,0.01644473094631812
2024-03-28,Trending_Up,Medium_Vol,Trending_Up_Medium_Vol,Trending_Up_Medium_Vol,0.12154667191977647,0.12833345060034854,0.11437301630599514,0.007408807628714411
2024-04-01,Trending_Up,Medium_Vol,Trending_Up_Medium_Vol,Trending_Up_Medium_Vol,0.11521382633211391,0.12739329847548395,0.11413320274145732,0.0014026589913185186
2024-04-02,Trending_Up,Medium_Vol,Trending_Up_Medium_Vol,Trending_Up_Medium_Vol,0.11534071866585975,0.12718094370440478,0.11378867735500492,0.0017894017886029485
2024-04-03,Trending_Up,Low_Vol,Trending_Up_Low_Vol,Trending_Up_Low_Vol,0.10066161076968605,0.11750423646380978,0.11371829287480778,0.002618545697733847
2024-04-04,Trending_Up,Low_Vol,Trending_Up_Low_Vol,Trending_Up_Low_Vol,0.10089037443983451,0.11687491039415392,0.11306721147121533,0.0
2024-04-05,Trending_Up,Low_Vol,Trending_Up_Low_Vol,Trending_Up_Low_Vol,0.1004817983830494,0.11594649273929127,0.11305905939869018,4.2246797462867275e-05
2024-04-08,Trending_Up,Low_Vol,Trending_Up_Low_Vol,Trending_Up_Low_Vol,0.10159562351497915,0.10857698007763258,0.11336656500413007,0.0
2024-04-09,Trending_Up,Low_Vol,Trending_Up_Low_Vol,Trending_Up_Low_Vol,0.10171590582586917,0.10679948006841088,0.11325897252339792,0.001039021827041211
2024-04-10,Trending_Up,Low_Vol,Trending_Up_Low_Vol,Trending_Up_Low_Vol,0.09888424096065829,0.1062847681787097,0.11338224108523755,0.0
2024-04-12,Trending_Up,Low_Vol,Trending_Up_Low_Vol,Trending_Up_Low_Vol,0.10666302360646952,0.10229751991680971,0.11494441006576578,0.010301592814249954
2024-04-15,Trending_Up,Low_Vol,Trending_Up_Low_Vol,Trending_Up_Low_Vol,0.09937237096794982,0.10288481810470984,0.11539962202804997,0.021152544398059872
2024-04-16,Trending_Up,Low_Vol,Trending_Up_Low_Vol,Trending_Up_Low_Vol,0.09894564936632916,0.10184325498645373,0.11578705055260395,0.026628535445572022
2024-04-18,Trending_Up,Low_Vol,Trending_Up_Low_Vol,Trending_Up_Low_Vol,0.10001928722162406,0.10308129047951305,0.11640173176591208,0.033310969853422495
2024-04-19,Trending_Up,Low_Vol,Trending_Up_Low_Vol,Trending_Up_Low_Vol,0.10290010192486562,0.10296870327396739,0.11665523449390212,0.02666810644444189
2024-04-22,Trending_Up,Low_Vol,Trending_Up_Low_Vol,Trending_Up_Low_Vol,0.09821444830540116,0.10418324872540627,0.1171204732625044,0.018344205200607797
2024-04-23,Trending_Up,Low_Vol,Trending_Up_Low_Vol,Trending_Up_Low_Vol,0.09821437396108222,0.10306840711047077,0.11712037947009081,0.01695544339862176
2024-04-24,Trending_Up,Low_Vol,Trending_Up_Low_Vol,Trending_Up_Low_Vol,0.0950011536333192,0.10309530222122687,0.11708804298016544,0.015443590897331197
2024-04-25,Trending_Up,Low_Vol,Trending_Up_Low_Vol,Trending_Up_Low_Vol,0.09735672899003568,0.10161323466518454,0.11747440879177817,0.008062440804446647
2024-04-26,Trending_Up,Low_Vol,Trending_Up_Low_Vol,Trending_Up_Low_Vol,0.09952105711645717,0.10284436327350148,0.11802330846164953,0.014672342687253658
2024-04-29,Trending_Up,Low_Vol,Trending_Up_Low_Vol,Trending_Up_Low_Vol,0.10346567020748591,0.10318620929565472,0.11793905890177449,0.004851953820215132
2024-04-30,Trending_Up,Low_Vol,Trending_Up_Low_Vol,Trending_Up_Low_Vol,0.09943308190519319,0.10272496288355774,0.11802608393619221,0.006546210600461152
2024-05-02,Trending_Up,Low_Vol,Trending_Up_Low_Vol,Trending_Up_Low_Vol,0.09751232774672007,0.1024184612169756,0.11770193219395514,0.004641051555088753
2024-05-03,Trending_Up,Low_Vol,Trending_Up_Low_Vol,Trending_Up_Low_Vol,0.1016005608662004,0.10394591716281493,0.11426860046596347,0.01221559310231996
2024-05-06,Trending_Up,Low_Vol,Trending_Up_Low_Vol,Trending_Up_Low_Vol,0.1017019737065128,0.10329475363222536,0.11372720874398475,0.013672509726654528
2024-05-07,Trending_Up,Low_Vol,Trending_Up_Low_Vol,Trending_Up_Low_Vol,0.10314127689231174,0.10406266449951489,0.11414943690699607,0.01983408335111596
2024-05-08,Trending_Up,Low_Vol,Trending_Up_Low_Vol,Trending_Up_Low_Vol,0.10314361842237958,0.10380557102872677,0.11408952114369253,0.01983408335111596
2024-05-09,Trending_Up,Medium_Vol,Trending_Up_Medium_Vol,Trending_Up_Medium_Vol,0.11228807157078263,0.10862053178229261,0.11684951903931358,0.03499638539097091
2024-05-10,Trending_Up,Medium_Vol,Trending_Up_Medium_Vol,Trending_Up_Medium_Vol,0.11430012597039647,0.10778941117236192,0.11701175458555257,0.030702631583013347
2024-05-13,Trending_Up,Medium_Vol,Trending_Up_Medium_Vol,Trending_Up_Medium_Vol,0.11275548435281549,0.10791683513833744,0.11678356384511733,0.02855566884172682
2024-05-14,Trending_Up,Low_Vol,Trending_Up_Low_Vol,Trending_Up_Low_Vol,0.10992231672354479,0.1081438938095244,0.11700697742896202,0.023554358106037572
2024-05-15,Trending_Up,Low_Vol,Trending_Up_Low_Vol,Trending_Up_Low_Vol,0.10297437786242829,0.10788861148742322,0.1155309167156212,0.024314619140723914
2024-05-16,Trending_Up,Low_Vol,Trending_Up_Low_Vol,Trending_Up_Low_Vol,0.10588673734901097,0.10670499653527016,0.11464845600550895,0.01537989961498534
2024-05-17,Trending_Up,Low_Vol,Trending_Up_Low_Vol,Trending_Up_Low_Vol,0.1023483353869222,0.10681229350864704,0.11465078627341145,0.01264409294257673
2024-05-21,Trending_Up,Low_Vol,Trending_Up_Low_Vol,Trending_Up_Low_Vol,0.10029162563642678,0.100724337430533,0.11469571927177076,0.009877470676688115
2024-05-22,Trending_Up,Low_Vol,Trending_Up_Low_Vol,Trending_Up_Low_Vol,0.09653725976089057,0.10073287936126184,0.11233273620188765,0.006855997444108325
2024-05-23,Trending_Up,Medium_Vol,Trending_Up_Medium_Vol,Trending_Up_Medium_Vol,0.11162261942506357,0.1069015885579991,0.11486798797004305,0.0
2024-05-24,Trending_Up,Medium_Vol,Trending_Up_Medium_Vol,Trending_Up_Medium_Vol,0.11180234548970205,0.10637713008514105,0.11473623699778572,0.00045937573371922485
2024-05-27,Trending_Up,Low_Vol,Trending_Up_Low_Vol,Trending_Up_Low_Vol,0.10956488598177139,0.10642696441792288,0.11462979631959497,0.0015326414011146963
2024-05-28,Trending_Up,Low_Vol,Trending_Up_Low_Vol,Trending_Up_Low_Vol,0.10652419381382032,0.105156979759835,0.11373654671183721,0.003461390200908428
2024-05-29,Trending_Up,Low_Vol,Trending_Up_Low_Vol,Trending_Up_Low_Vol,0.10569261982208226,0.10688528308157802,0.11424474551150314,0.011448762385478149
2024-05-30,Trending_Up,Medium_Vol,Trending_Up_Medium_Vol,Trending_Up_Medium_Vol,0.11101944980670955,0.10338739570037221,0.11526272581032738,0.02085542020421556
2024-05-31,Trending_Up,Medium_Vol,Trending_Up_Medium_Vol,Trending_Up_Medium_Vol,0.11100725557188706,0.1024303419380494,0.11528724594562391,0.019024635278032442
2024-06-03,Trending_Up,High_Vol,Trending_Up_High_Vol,Trending_Up_High_Vol,0.1574272743936228,0.12444543802912977,0.1259060800512077,0.0
2024-06-04,Trending_Up,High_Vol,Trending_Up_High_Vol,Trending_Up_High_Vol,0.26811032612230606,0.18406730691311476,0.15751295674956525,0.059293599416410735
2024-06-05,Trending_Up,High_Vol,Trending_Up_High_Vol,Trending_Up_High_Vol,0.2940938765985517,0.19731361436147893,0.1659209288992146,0.0276630646815072
2024-06-06,Trending_Up,High_Vol,Trending_Up_High_Vol,Trending_Up_High_Vol,0.29543299014432484,0.19814768282579373,0.16642972043994925,0.019020886118405186
2024-06-07,Trending_Up,High_Vol,Trending_Up_High_Vol,Trending_Up_High_Vol,0.2959455811721233,0.20240873164809262,0.1686874806107792,0.0
2024-06-10,Trending_Up,High_Vol,Trending_Up_High_Vol,Trending_Up_High_Vol,0.2963114169867039,0.20239512198900575,0.1687197242524039,0.001328938257412833
2024-06-11,Trending_Up,High_Vol,Trending_Up_High_Vol,Trending_Up_High_Vol,0.29644830154365104,0.20204618379956446,0.16867028140009016,0.0010863296640705395
2024-06-12,Trending_Up,High_Vol,Trending_Up_High_Vol,Trending_Up_High_Vol,0.2963108826704208,0.20183984259240662,0.16869005485784672,0.0
2024-06-13,Trending_Up,High_Vol,Trending_Up_High_Vol,Trending_Up_High_Vol,0.2960470436972291,0.20106096784919028,0.1678769001267053,0.0
2024-06-14,Trending_Up,High_Vol,Trending_Up_High_Vol,Trending_Up_High_Vol,0.29509566898313194,0.20077713056082194,0.16735360241276745,0.0
2024-06-18,Trending_Up,High_Vol,Trending_Up_High_Vol,Trending_Up_High_Vol,0.29513939840456677,0.20086298461440139,0.1673328497456611,0.0
2024-06-19,Trending_Up,High_Vol,Trending_Up_High_Vol,Trending_Up_High_Vol,0.2955335672514305,0.20091966457796806,0.16375948550645097,0.0017786131162042989
2024-06-20,Trending_Up,High_Vol,Trending_Up_High_Vol,Trending_Up_High_Vol,0.29552093059841383,0.20085313929438786,0.1634874102681365,0.0
2024-06-21,Trending_Up,High_Vol,Trending_Up_High_Vol,Trending_Up_High_Vol,0.2911932845596969,0.2010212690930787,0.16326442708278147,0.0027962995130903384
2024-06-24,Trending_Up,High_Vol,Trending_Up_High_Vol,Trending_Up_High_Vol,0.2911186873294719,0.20058259986569602,0.16051090081958397,0.0012369156288454194
2024-06-25,Trending_Up,High_Vol,Trending_Up_High_Vol,Trending_Up_High_Vol,0.2918152341919333,0.20113781632687106,0.16021818009948902,0.0
2024-06-26,Trending_Up,High_Vol,Trending_Up_High_Vol,Trending_Up_High_Vol,0.2918462895481981,0.20129015146293494,0.16015492594346223,0.0
2024-06-27,Trending_Up,High_Vol,Trending_Up_High_Vol,Trending_Up_High_Vol,0.28976030935365504,0.20007529705841934,0.1581783859272743,0.0
2024-06-28,Trending_Up,High_Vol,Trending_Up_High_Vol,Trending_Up_High_Vol,0.28651527098091417,0.19818205516714868,0.1572501593019028,0.0014099020825968517
2024-07-01,Trending_Up,High_Vol,Trending_Up_High_Vol,Trending_Up_High_Vol,0.2865390983359152,0.19767779614761632,0.1568400999242541,0.0
2024-07-02,Trending_Up,High_Vol,Trending_Up_High_Vol,Trending_Up_High_Vol,0.26556688889402036,0.19677339980115063,0.15682105026238136,0.0007497161563467635
2024-07-03,Trending_Up,Medium_Vol,Trending_Up_Medium_Vol,Trending_Up_Medium_Vol,0.13485849001903283,0.19675687575559675,0.1567768871598497,0.0
2024-07-04,Trending_Up,Low_Vol,Trending_Up_Low_Vol,Trending_Up_Low_Vol,0.08409846186810527,0.19618664966567823,0.15658504091039666,0.0
2024-07-05,Trending_Up,Low_Vol,Trending_Up_Low_Vol,Trending_Up_Low_Vol,0.08220473739230427,0.1961949283921889,0.15628009168034865,0.0
2024-07-08,Trending_Up,Low_Vol,Trending_Up_Low_Vol,Trending_Up_Low_Vol,0.05135093739463127,0.19624036766203481,0.1562835019738729,0.00013562113637343622
2024-07-09,Trending_Up,Low_Vol,Trending_Up_Low_Vol,Trending_Up_Low_Vol,0.05030973562616713,0.19591176623338724,0.15542137875433404,0.0
2024-07-10,Trending_Up,Low_Vol,Trending_Up_Low_Vol,Trending_Up_Low_Vol,0.05555137207799618,0.19549063149465742,0.1556557096422895,0.004450911197766742
2024-07-11,Trending_Up,Low_Vol,Trending_Up_Low_Vol,Trending_Up_Low_Vol,0.056287411840956376,0.19461903257939858,0.1550362608181896,0.004798798509776097
2024-07-12,Trending_Up,Low_Vol,Trending_Up_Low_Vol,Trending_Up_Low_Vol,0.05956656194349786,0.19496079714770237,0.1551973606615606,0.0
2024-07-15,Trending_Up,Low_Vol,Trending_Up_Low_Vol,Trending_Up_Low_Vol,0.0596763932622485,0.19500045004691488,0.1551527947664807,0.0
2024-07-16,Trending_Up,Low_Vol,Trending_Up_Low_Vol,Trending_Up_Low_Vol,0.05952966656111664,0.1938350830082597,0.15511968015533495,0.0
2024-07-18,Trending_Up,Low_Vol,Trending_Up_Low_Vol,Trending_Up_Low_Vol,0.06055194135963121,0.19409951274733633,0.15527486693335107,0.0
2024-07-19,Trending_Up,Low_Vol,Trending_Up_Low_Vol,Trending_Up_Low_Vol,0.07737657804913284,0.19539697090151711,0.15640591102677953,0.010884676251089243
2024-07-22,Trending_Up,Low_Vol,Trending_Up_Low_Vol,Trending_Up_Low_Vol,0.07608486688131795,0.19545304505105895,0.15639303536996085,0.011757645966482216
2024-07-23,Trending_Up,Low_Vol,Trending_Up_Low_Vol,Trending_Up_Low_Vol,0.07699454088787949,0.19149562318543545,0.15598275947301335,0.012975314684516147
2024-07-24,Trending_Up,Low_Vol,Trending_Up_Low_Vol,Trending_Up_Low_Vol,0.07545245080159264,0.1917427316597045,0.1557693757493838,0.01561840079980879
2024-07-25,Trending_Up,Low_Vol,Trending_Up_Low_Vol,Trending_Up_Low_Vol,0.07351253170129177,0.1918187153578899,0.15577119930518188,0.015916793425124438
2024-07-26,Trending_Up,Low_Vol,Trending_Up_Low_Vol,Trending_Up_Low_Vol,0.09168009374442208,0.19485060196392517,0.15775538102890102,0.0
2024-07-29,Trending_Up,Low_Vol,Trending_Up_Low_Vol,Trending_Up_Low_Vol,0.0911822098392342,0.1947920283395215,0.1577246752935364,0.0
2024-07-30,Trending_Up,Low_Vol,Trending_Up_Low_Vol,Trending_Up_Low_Vol,0.09012149390455525,0.19418433002672142,0.15648650077929263,0.0
2024-07-31,Trending_Up,Low_Vol,Trending_Up_Low_Vol,Trending_Up_Low_Vol,0.09007049201420293,0.1942136950990738,0.1565360057955883,0.0
2024-08-01,Trending_Up,Low_Vol,Trending_Up_Low_Vol,Trending_Up_Low_Vol,0.08814559087280102,0.1942090820748247,0.15472016410969788,0.0
2024-08-02,Trending_Up,Low_Vol,Trending_Up_Low_Vol,Trending_Up_Low_Vol,0.09986324019998796,0.1966795688853388,0.15603874786176494,0.01172293549195464
2024-08-05,Trending_Up,Medium_Vol,Trending_Up_Medium_Vol,Trending_Up_Medium_Vol,0.14002497020386848,0.20404491981044645,0.16209816385187262,0.03819537746862091
2024-08-06,Trending_Up,Medium_Vol,Trending_Up_Medium_Vol,Trending_Up_Medium_Vol,0.14021294788785058,0.2041825307123354,0.1620266276030333,0.040716231461891496
2024-08-07,Trending_Up,Medium_Vol,Trending_Up_Medium_Vol,Trending_Up_Medium_Vol,0.14700996325151297,0.20581315530350885,0.16314343920155555,0.028523578898919152
2024-08-08,Trending_Up,Medium_Vol,Trending_Up_Medium_Vol,Trending_Up_Medium_Vol,0.14851425649673564,0.20661731270130443,0.16317832300644142,0.03574043223809994
2024-08-09,Trending_Up,High_Vol,Trending_Up_High_Vol,Trending_Up_High_Vol,0.15336028747327635,0.20655832514870937,0.16387854784655584,0.025724799210594194
2024-08-12,Trending_Up,High_Vol,Trending_Up_High_Vol,Trending_Up_High_Vol,0.15078810832918427,0.20509232365297975,0.1618722408118132,0.026544441833603646
2024-08-13,Trending_Up,High_Vol,Trending_Up_High_Vol,Trending_Up_High_Vol,0.1528542436448981,0.20636902875066732,0.16232354384513292,0.03486081576462638
2024-08-14,Trending_Up,High_Vol,Trending_Up_High_Vol,Trending_Up_High_Vol,0.15273836722058667,0.19370465870680675,0.1619952479437414,0.03467089857149004
2024-08-16,Trending_Up,High_Vol,Trending_Up_High_Vol,Trending_Up_High_Vol,0.16221278062883962,0.14002533073167267,0.16384966010403101,0.01878181083700927
2024-08-19,Trending_Up,High_Vol,Trending_Up_High_Vol,Trending_Up_High_Vol,0.15754067106191558,0.12028829381484966,0.16273030305561345,0.01752235997726304
2024-08-20,Trending_Up,High_Vol,Trending_Up_High_Vol,Trending_Up_High_Vol,0.15847230981139107,0.11942463104795324,0.16284697605575946,0.01247659126126335
2024-08-21,Trending_Up,High_Vol,Trending_Up_High_Vol,Trending_Up_High_Vol,0.15857312645890786,0.1113361399051747,0.16252118394249293,0.009623850725710922
2024-08-22,Trending_Up,High_Vol,Trending_Up_High_Vol,Trending_Up_High_Vol,0.1581171597319752,0.11118130697744744,0.16246856739646326,0.007972539473218748
2024-08-23,Trending_Up,High_Vol,Trending_Up_High_Vol,Trending_Up_High_Vol,0.15806579941858806,0.11117121038413541,0.16224450325710624,0.007506726949757297
2024-08-26,Trending_Up,Medium_Vol,Trending_Up_Medium_Vol,Trending_Up_Medium_Vol,0.14771312230248748,0.11202185626075715,0.16241978269045113,1.2026006473271302e-05
2024-08-27,Trending_Up,Medium_Vol,Trending_Up_Medium_Vol,Trending_Up_Medium_Vol,0.14770821925478883,0.11197026557130321,0.1619306181383979,0.0
2024-08-28,Trending_Up,Medium_Vol,Trending_Up_Medium_Vol,Trending_Up_Medium_Vol,0.14774145418120443,0.11191847685000149,0.16174341880134274,0.0
2024-08-29,Trending_Up,Medium_Vol,Trending_Up_Medium_Vol,Trending_Up_Medium_Vol,0.1478032131092034,0.11192355876779536,0.16178656151920115,0.0
2024-08-30,Trending_Up,Medium_Vol,Trending_Up_Medium_Vol,Trending_Up_Medium_Vol,0.14800621034513292,0.11178091224978576,0.16178952171711064,0.0
2024-09-02,Trending_Up,Medium_Vol,Trending_Up_Medium_Vol,Trending_Up_Medium_Vol,0.1408106459759009,0.1117700364953658,0.1617480039441995,0.0
2024-09-03,Trending_Up,Low_Vol,Trending_Up_Low_Vol,Trending_Up_Low_Vol,0.09490948760536387,0.11139917955597049,0.16174633376472053,0.0
2024-09-04,Trending_Up,Low_Vol,Trending_Up_Low_Vol,Trending_Up_Low_Vol,0.09535324268774678,0.11189613162158989,0.16164844895775607,0.0032100820170585776
2024-09-05,Trending_Up,Low_Vol,Trending_Up_Low_Vol,Trending_Up_Low_Vol,0.08852541584709912,0.11119005891137833,0.16169451728990508,0.00533033234303847
2024-09-06,Trending_Up,Low_Vol,Trending_Up_Low_Vol,Trending_Up_Low_Vol,0.0953258037553778,0.11422962451966297,0.16283480500558745,0.016918582402934403
2024-09-09,Trending_Up,Low_Vol,Trending_Up_Low_Vol,Trending_Up_Low_Vol,0.08976682020682798,0.11340747983969013,0.16187755533008316,0.013585888526118141
2024-09-10,Trending_Up,Low_Vol,Trending_Up_Low_Vol,Trending_Up_Low_Vol,0.09005152993833643,0.11355603938932123,0.16079374755642406,0.009444280867535694
2024-09-11,Trending_Up,Low_Vol,Trending_Up_Low_Vol,Trending_Up_Low_Vol,0.08551702357652144,0.11377935417890048,0.16072237133169878,0.014295986574658068
2024-09-12,Trending_Up,Low_Vol,Trending_Up_Low_Vol,Trending_Up_Low_Vol,0.10494655589609314,0.12084439281027587,0.16260641855058053,0.0
2024-09-13,Trending_Up,Low_Vol,Trending_Up_Low_Vol,Trending_Up_Low_Vol,0.09180188199777713,0.12024159042140581,0.16243407927568532,0.0012761636040355664
2024-09-16,Trending_Up,Low_Vol,Trending_Up_Low_Vol,Trending_Up_Low_Vol,0.09181597446040782,0.12024093550475115,0.1620300171284995,0.0002028599327169684
2024-09-17,Trending_Up,Low_Vol,Trending_Up_Low_Vol,Trending_Up_Low_Vol,0.09088313001080858,0.12024559214389986,0.16202997506693004,0.0
2024-09-18,Trending_Up,Low_Vol,Trending_Up_Low_Vol,Trending_Up_Low_Vol,0.09134330641881858,0.12035728770059066,0.16209694404541894,0.0016129951842196943
2024-09-19,Trending_Up,Low_Vol,Trending_Up_Low_Vol,Trending_Up_Low_Vol,0.0913348494707728,0.12006034458270068,0.16179265031040965,0.00010818870138058926
2024-09-20,Trending_Up,Low_Vol,Trending_Up_Low_Vol,Trending_Up_Low_Vol,0.10310687714395254,0.12342482127542989,0.16270060277905246,0.0
2024-09-23,Trending_Up,Low_Vol,Trending_Up_Low_Vol,Trending_Up_Low_Vol,0.10199367585363826,0.12378837804035106,0.16227566923863368,0.0
2024-09-24,Trending_Up,Low_Vol,Trending_Up_Low_Vol,Trending_Up_Low_Vol,0.10204441549306335,0.12296160081321948,0.1622138432020141,0.0
2024-09-25,Trending_Up,Low_Vol,Trending_Up_Low_Vol,Trending_Up_Low_Vol,0.10205299735906502,0.12288709692680914,0.1622202421994396,0.0
2024-09-26,Trending_Up,Low_Vol,Trending_Up_Low_Vol,Trending_Up_Low_Vol,0.10423812077793926,0.12388657085215737,0.16191226703770284,0.0
2024-09-27,Trending_Up,Low_Vol,Trending_Up_Low_Vol,Trending_Up_Low_Vol,0.10484971201267482,0.12316852198496335,0.16190941526658328,0.0014152231703234049
2024-09-30,Trending_Up,Medium_Vol,Trending_Up_Medium_Vol,Trending_Up_Medium_Vol,0.11911740992234877,0.12495298352471623,0.1633413663188529,0.015456224709665432
2024-10-01,Trending_Up,Medium_Vol,Trending_Up_Medium_Vol,Trending_Up_Medium_Vol,0.11920230414680387,0.12492815376430075,0.1633563778864722,0.015988311669154258
2024-10-03,Trending_Up,Medium_Vol,Trending_Up_Medium_Vol,Trending_Up_Medium_Vol,0.14252340324559257,0.13448232094198173,0.16511515016248662,0.036845792676212644
2024-10-04,Trending_Up,Medium_Vol,Trending_Up_Medium_Vol,Trending_Up_Medium_Vol,0.14628412989350634,0.13614799041019385,0.1659248760166028,0.0458288390536034
2024-10-07,Trending_Up,Medium_Vol,Trending_Up_Medium_Vol,Trending_Up_Medium_Vol,0.143615313528947,0.13772263725753028,0.1666845078181536,0.05417676343020415
2024-10-08,Trending_Up,Medium_Vol,Trending_Up_Medium_Vol,Trending_Up_Medium_Vol,0.14657409764035678,0.13341582298053675,0.16700118544454345,0.045884118880534334
2024-10-09,Trending_Up,Medium_Vol,Trending_Up_Medium_Vol,Trending_Up_Medium_Vol,0.14587384933232675,0.1334540047598886,0.16701727423483828,0.04707427418406752
2024-10-10,Trending_Up,Medium_Vol,Trending_Up_Medium_Vol,Trending_Up_Medium_Vol,0.14476811181451113,0.13344948529200826,0.16653549236035498,0.0464448887690911
2024-10-11,Trending_Up,Medium_Vol,Trending_Up_Medium_Vol,Trending_Up_Medium_Vol,0.12684856838215566,0.13322983826193135,0.16656245594409097,0.047749403283323714
2024-10-14,Trending_Up,Medium_Vol,Trending_Up_Medium_Vol,Trending_Up_Medium_Vol,0.12948902451490876,0.13393326672504904,0.16676611843718991,0.0415051668757913
2024-10-15,Trending_Up,Medium_Vol,Trending_Up_Medium_Vol,Trending_Up_Medium_Vol,0.12962799428476862,0.13134689206651032,0.16685530894376238,0.0441981586602554
2024-10-16,Trending_Up,Medium_Vol,Trending_Up_Medium_Vol,Trending_Up_Medium_Vol,0.12977360074399313,0.11615865250391992,0.16519278919964026,0.047480454260115275
2024-10-17,Trending_Up,Medium_Vol,Trending_Up_Medium_Vol,Trending_Up_Medium_Vol,0.13285422635326138,0.11793077746940385,0.16590553829051188,0.055927614121179636
2024-10-18,Trending_Up,Medium_Vol,Trending_Up_Medium_Vol,Trending_Up_Medium_Vol,0.13393171124782424,0.11496650531098906,0.16596511168945582,0.05195290516350834
2024-10-21,Trending_Up,Medium_Vol,Trending_Up_Medium_Vol,Trending_Up_Medium_Vol,0.12019284577700609,0.11381381493513777,0.16601570945968905,0.0547355962897849
2024-10-22,Trending_Up,Medium_Vol,Trending_Up_Medium_Vol,Trending_Up_Medium_Vol,0.12206801722215391,0.11523149824129271,0.1667699594702913,0.06652226860661609
2024-10-23,Trending_Up,Medium_Vol,Trending_Up_Medium_Vol,Trending_Up_Medium_Vol,0.12169832375983068,0.11526867645931305,0.16599072942406431,0.06791834499052271
2024-10-24,Trending_Up,Medium_Vol,Trending_Up_Medium_Vol,Trending_Up_Medium_Vol,0.12016882687934177,0.11362416431424444,0.16602523507971892,0.06929534908912702
2024-10-25,Trending_Up,Medium_Vol,Trending_Up_Medium_Vol,Trending_Up_Medium_Vol,0.1140164520806858,0.11548597947550693,0.15877399921637234,0.07763373732307662
2024-10-28,Trending_Up,Medium_Vol,Trending_Up_Medium_Vol,Trending_Up_Medium_Vol,0.11977711599491601,0.11027194661589097,0.1269348058241033,0.07159355946805608
2024-10-29,Trending_Up,Medium_Vol,Trending_Up_Medium_Vol,Trending_Up_Medium_Vol,0.1170081651093525,0.11089254107030723,0.1159412635602594,0.0667225276022904
2024-10-30,Trending_Up,Medium_Vol,Trending_Up_Medium_Vol,Trending_Up_Medium_Vol,0.11705289700552228,0.11081706814297455,0.11559313818854534,0.07152874349847399
2024-10-31,Trending_Up,Low_Vol,Trending_Up_Low_Vol,Trending_Up_Low_Vol,0.09582949173076084,0.11120346194544686,0.11152845442580359,0.07669733281540159
2024-11-01,Trending_Up,Low_Vol,Trending_Up_Low_Vol,Trending_Up_Low_Vol,0.09421805133562157,0.11157164833884774,0.11164507686793164,0.07292102032554305
2024-11-04,Trending_Up,Low_Vol,Trending_Up_Low_Vol,Trending_Up_Low_Vol,0.09922535948088895,0.11492521231288243,0.1135881399846787,0.08470769264237424
2024-11-05,Trending_Up,Low_Vol,Trending_Up_Low_Vol,Trending_Up_Low_Vol,0.09966865823212383,0.11553732409469582,0.11438563135744219,0.07639403877842608
2024-11-06,Trending_Up,Low_Vol,Trending_Up_Low_Vol,Trending_Up_Low_Vol,0.10953648880232265,0.11852828998955826,0.11557504307439347,0.06606639628722207
2024-11-07,Trending_Up,Medium_Vol,Trending_Up_Medium_Vol,Trending_Up_Medium_Vol,0.11560740039173767,0.12109101558484493,0.11709442925373463,0.07692620023902938
2024-11-08,Trending_Up,Medium_Vol,Trending_Up_Medium_Vol,Trending_Up_Medium_Vol,0.11561804024819308,0.12066200004208173,0.11701485011575603,0.07887730992567918
2024-11-11,Trending_Up,Medium_Vol,Trending_Up_Medium_Vol,Trending_Up_Medium_Vol,0.11167116667853154,0.12029881576204188,0.1169721657776434,0.07914044786195956
2024-11-12,Trending_Up,Medium_Vol,Trending_Up_Medium_Vol,Trending_Up_Medium_Vol,0.1158658794844482,0.12214212677845723,0.1182185913349586,0.08897608499325542
2024-11-13,Trending_Up,Medium_Vol,Trending_Up_Medium_Vol,Trending_Up_Medium_Vol,0.12251048385788384,0.1252731414930128,0.12012995722621247,0.10135012409650636
2024-11-14,Sideways,Medium_Vol,Sideways_Medium_Vol,Sideways_Medium_Vol,0.12055782241026106,0.12520384489837685,0.12011955703883026,0.10235529313282997
2024-11-18,Sideways,Medium_Vol,Sideways_Medium_Vol,Sideways_Medium_Vol,0.117943015971714,0.1252738574640459,0.11958688662196987,0.10536484015264384
2024-11-19,Sideways,Medium_Vol,Sideways_Medium_Vol,Sideways_Medium_Vol,0.11962035452439816,0.1233490898801306,0.11924835560192015,0.10289691623496997
2024-11-21,Sideways,Medium_Vol,Sideways_Medium_Vol,Sideways_Medium_Vol,0.11520936920696748,0.12366165139487602,0.119158810595653,0.10932807593868797
2024-11-22,Trending_Up,Medium_Vol,Trending_Up_Medium_Vol,Trending_Up_Medium_Vol,0.14810146922400855,0.13546844125276858,0.1251474873810242,0.0880682144124194
2024-11-25,Trending_Up,High_Vol,Trending_Up_High_Vol,Trending_Up_High_Vol,0.15642422123189956,0.13874820075452723,0.12659233165948716,0.07606601037144915
2024-11-26,Trending_Up,High_Vol,Trending_Up_High_Vol,Trending_Up_High_Vol,0.15312256850700473,0.13143193372946319,0.12660002657025235,0.07711118650623895
2024-11-27,Trending_Up,High_Vol,Trending_Up_High_Vol,Trending_Up_High_Vol,0.15173497168445346,0.13177471183946657,0.1262565749852163,0.07404434812940366
2024-11-28,Trending_Up,High_Vol,Trending_Up_High_Vol,Trending_Up_High_Vol,0.15897173509704457,0.13539204624356582,0.1284437867071643,0.08780500197502454
2024-11-29,Trending_Up,High_Vol,Trending_Up_High_Vol,Trending_Up_High_Vol,0.16214357699788212,0.13722282660769541,0.1292629825415841,0.07952956718279548
2024-12-02,Trending_Up,High_Vol,Trending_Up_High_Vol,Trending_Up_High_Vol,0.16244047913688656,0.1381118369105024,0.12961950778990283,0.07400046697298544
2024-12-03,Trending_Up,High_Vol,Trending_Up_High_Vol,Trending_Up_High_Vol,0.16394558572441323,0.13927600402375725,0.12995326370886157,0.06709250013670955
2024-12-04,Trending_Up,High_Vol,Trending_Up_High_Vol,Trending_Up_High_Vol,0.15651015099742266,0.13471927011539162,0.12975440027570692,0.06669965576015052
2024-12-05,Trending_Up,High_Vol,Trending_Up_High_Vol,Trending_Up_High_Vol,0.15705525529633496,0.1360870737005382,0.13067265420628557,0.05750867677229584
2024-12-06,Trending_Up,High_Vol,Trending_Up_High_Vol,Trending_Up_High_Vol,0.1525612308325524,0.13606974360275323,0.13014124137509256,0.05867588573257467
2024-12-09,Trending_Up,Medium_Vol,Trending_Up_Medium_Vol,Trending_Up_Medium_Vol,0.1462628561032703,0.13587802127989415,0.13008892899378424,0.0609188162845728
2024-12-10,Trending_Up,Medium_Vol,Trending_Up_Medium_Vol,Trending_Up_Medium_Vol,0.14591605439605462,0.1342457284594252,0.13008012649652795,0.06126018039103847
2024-12-11,Trending_Up,Medium_Vol,Trending_Up_Medium_Vol,Trending_Up_Medium_Vol,0.1458408562330017,0.13436371093592217,0.12952534998469217,0.06004909027434142
2024-12-12,Trending_Up,Medium_Vol,Trending_Up_Medium_Vol,Trending_Up_Medium_Vol,0.14042405635797794,0.13123857837546757,0.12849679052727084,0.0636004093985242
2024-12-13,Trending_Up,Medium_Vol,Trending_Up_Medium_Vol,Trending_Up_Medium_Vol,0.1309704902958208,0.1331122537665968,0.12926210307312055,0.05522380209285551
2024-12-16,Trending_Up,Medium_Vol,Trending_Up_Medium_Vol,Trending_Up_Medium_Vol,0.13245409686824586,0.12489743929798845,0.1294145790504816,0.05904019618229469
2024-12-17,Trending_Up,Medium_Vol,Trending_Up_Medium_Vol,Trending_Up_Medium_Vol,0.1427411289548194,0.12674628781121222,0.13112862873028236,0.07171372976568356
2024-12-18,Trending_Up,Medium_Vol,Trending_Up_Medium_Vol,Trending_Up_Medium_Vol,0.1451503359485208,0.12589649938924152,0.13143310304283543,0.0769452725243317
2024-12-19,Trending_Up,Medium_Vol,Trending_Up_Medium_Vol,Trending_Up_Medium_Vol,0.1479283273552452,0.12595585686174562,0.12933570053914828,0.0863727180494893
2024-12-20,Sideways,Medium_Vol,Sideways_Medium_Vol,Sideways_Medium_Vol,0.13320039340258188,0.13002260607855615,0.13147153199568498,0.10026494086325037
2024-12-23,Sideways,Medium_Vol,Sideways_Medium_Vol,Sideways_Medium_Vol,0.12638275396097715,0.13125220906736573,0.1319965520430428,0.09393487917185753
2024-12-24,Sideways,Medium_Vol,Sideways_Medium_Vol,Sideways_Medium_Vol,0.1263819774973031,0.13124953371163894,0.1318287317986243,0.09491896439278835
2024-12-26,Sideways,Medium_Vol,Sideways_Medium_Vol,Sideways_Medium_Vol,0.12559776208899526,0.13019245255943207,0.1317688073061816,0.09405884902632258
2024-12-27,Sideways,Medium_Vol,Sideways_Medium_Vol,Sideways_Medium_Vol,0.11502017141431707,0.1304008823163143,0.13061901049223765,0.09164806746344119
2024-12-30,Sideways,Medium_Vol,Sideways_Medium_Vol,Sideways_Medium_Vol,0.11202453731578751,0.13100754888251467,0.12404235815761258,0.09807542761032162
2024-12-31,Sideways,Low_Vol,Sideways_Low_Vol,Sideways_Low_Vol,0.10903470647477935,0.12979546799879868,0.12397877991569824,0.0980792271671592
