Date,Daily_Return,Cumulative_Return,Portfolio_Value,Daily_PnL,Equity_Curve,Portfolio_Growth
2013-01-02,0.0,0.0,100000.0,0.0,100000.0,1.0
2013-01-03,0.0,0.0,100000.0,0.0,100000.0,1.0
2013-01-04,0.0,0.0,100000.0,0.0,100000.0,1.0
2013-01-07,0.0,0.0,100000.0,0.0,100000.0,1.0
2013-01-08,0.0,0.0,100000.0,0.0,100000.0,1.0
2013-01-09,0.0,0.0,100000.0,0.0,100000.0,1.0
2013-01-10,0.0,0.0,100000.0,0.0,100000.0,1.0
2013-01-11,0.0,0.0,100000.0,0.0,100000.0,1.0
2013-01-14,0.0,0.0,100000.0,0.0,100000.0,1.0
2013-01-15,0.0,0.0,100000.0,0.0,100000.0,1.0
2013-01-16,0.0,0.0,100000.0,0.0,100000.0,1.0
2013-01-17,0.0,0.0,100000.0,0.0,100000.0,1.0
2013-01-18,0.0,0.0,100000.0,0.0,100000.0,1.0
2013-01-21,0.0,0.0,100000.0,0.0,100000.0,1.0
2013-01-22,0.0,0.0,100000.0,0.0,100000.0,1.0
2013-01-23,0.0,0.0,100000.0,0.0,100000.0,1.0
2013-01-24,0.0,0.0,100000.0,0.0,100000.0,1.0
2013-01-25,0.0,0.0,100000.0,0.0,100000.0,1.0
2013-01-28,0.0,0.0,100000.0,0.0,100000.0,1.0
2013-01-29,0.0,0.0,100000.0,0.0,100000.0,1.0
2013-01-30,0.0,0.0,100000.0,0.0,100000.0,1.0
2013-01-31,0.0,0.0,100000.0,0.0,100000.0,1.0
2013-02-01,0.0,0.0,100000.0,0.0,100000.0,1.0
2013-02-04,0.0,0.0,100000.0,0.0,100000.0,1.0
2013-02-05,0.0,0.0,100000.0,0.0,100000.0,1.0
2013-02-06,0.0,0.0,100000.0,0.0,100000.0,1.0
2013-02-07,0.0,0.0,100000.0,0.0,100000.0,1.0
2013-02-08,0.0,0.0,100000.0,0.0,100000.0,1.0
2013-02-11,-0.004449918964139838,-0.004449918964139821,99555.00810358602,-444.9918964139797,99555.00810358602,0.9955500810358602
2013-02-12,0.004179472508727484,-0.00028904476938906853,99971.0955230611,416.0874194750795,99971.0955230611,0.999710955230611
2013-02-13,0.0017644905550865343,0.0014749357689318732,100147.49357689319,176.39805383209023,100147.49357689319,1.0014749357689319
2013-02-14,-0.006067807551872397,-0.004601821409337847,99539.81785906621,-607.6757178269763,99539.81785906621,0.9953981785906622
2013-02-15,-0.0016195308850228294,-0.0062138995024609844,99378.6100497539,-161.20780931231275,99378.6100497539,0.993786100497539
2013-02-18,0.0018344758548591964,-0.004390822896203628,99560.91771037964,182.3076606257382,99560.91771037964,0.9956091771037964
2013-02-19,0.007036044662061735,0.0026143277398571474,100261.43277398571,700.5150636060716,100261.43277398571,1.0026143277398571
2013-02-20,0.0005639357652501466,0.0031797378180218328,100317.97378180218,56.54100781647139,100317.97378180218,1.0031797378180218
2013-02-21,-0.006319993680249201,-0.003160351785142068,99683.96482148579,-634.0089603163942,99683.96482148579,0.9968396482148579
2013-02-22,0.0,-0.003160351785142068,99683.96482148579,0.0,99683.96482148579,0.9968396482148579
2013-02-25,0.0,-0.003160351785142068,99683.96482148579,0.0,99683.96482148579,0.9968396482148579
2013-02-26,0.0,-0.003160351785142068,99683.96482148579,0.0,99683.96482148579,0.9968396482148579
2013-02-27,0.00137436605690242,-0.0017903292084611167,99820.9670791539,137.00225766810763,99820.9670791539,0.998209670791539
2013-02-28,-0.017914764685562756,-0.019673020567544608,98032.69794324554,-1788.2691359083547,98032.69794324554,0.9803269794324554
2013-03-01,0.0046812150849368656,-0.015083899123254807,98491.61008767452,458.9121444289776,98491.61008767452,0.9849161008767452
2013-03-04,-0.0037065221232879166,-0.018734512440736983,98126.5487559263,-365.06133174822025,98126.5487559263,0.981265487559263
2013-03-05,0.015047819601649557,-0.003968606402620534,99603.13935973795,1476.5906038116518,99603.13935973795,0.9960313935973795
2013-03-06,0.005938556883995332,0.0019463826865027123,100194.63826865028,591.4989089123264,100194.63826865028,1.0019463826865027
2013-03-07,-0.0036732741000225486,-0.0017340410106307935,99826.59589893692,-368.04236971335195,99826.59589893692,0.9982659589893692
2013-03-08,0.0,-0.0017340410106307935,99826.59589893692,0.0,99826.59589893692,0.9982659589893692
2013-03-11,0.0,-0.0017340410106307935,99826.59589893692,0.0,99826.59589893692,0.9982659589893692
2013-03-12,0.0,-0.0017340410106307935,99826.59589893692,0.0,99826.59589893692,0.9982659589893692
2013-03-13,0.0,-0.0017340410106307935,99826.59589893692,0.0,99826.59589893692,0.9982659589893692
2013-03-14,0.0,-0.0017340410106307935,99826.59589893692,0.0,99826.59589893692,0.9982659589893692
2013-03-15,0.0,-0.0017340410106307935,99826.59589893692,0.0,99826.59589893692,0.9982659589893692
2013-03-18,0.0,-0.0017340410106307935,99826.59589893692,0.0,99826.59589893692,0.9982659589893692
2013-03-19,0.0,-0.0017340410106307935,99826.59589893692,0.0,99826.59589893692,0.9982659589893692
2013-03-20,0.0,-0.0017340410106307935,99826.59589893692,0.0,99826.59589893692,0.9982659589893692
2013-03-21,0.0,-0.0017340410106307935,99826.59589893692,0.0,99826.59589893692,0.9982659589893692
2013-03-22,0.0,-0.0017340410106307935,99826.59589893692,0.0,99826.59589893692,0.9982659589893692
2013-03-25,0.0,-0.0017340410106307935,99826.59589893692,0.0,99826.59589893692,0.9982659589893692
2013-03-26,0.0,-0.0017340410106307935,99826.59589893692,0.0,99826.59589893692,0.9982659589893692
2013-03-28,0.0,-0.0017340410106307935,99826.59589893692,0.0,99826.59589893692,0.9982659589893692
2013-04-01,0.0,-0.0017340410106307935,99826.59589893692,0.0,99826.59589893692,0.9982659589893692
2013-04-02,0.0,-0.0017340410106307935,99826.59589893692,0.0,99826.59589893692,0.9982659589893692
2013-04-03,0.0,-0.0017340410106307935,99826.59589893692,0.0,99826.59589893692,0.9982659589893692
2013-04-04,0.0,-0.0017340410106307935,99826.59589893692,0.0,99826.59589893692,0.9982659589893692
2013-04-05,0.0,-0.0017340410106307935,99826.59589893692,0.0,99826.59589893692,0.9982659589893692
2013-04-08,0.0,-0.0017340410106307935,99826.59589893692,0.0,99826.59589893692,0.9982659589893692
2013-04-09,0.0,-0.0017340410106307935,99826.59589893692,0.0,99826.59589893692,0.9982659589893692
2013-04-10,0.0,-0.0017340410106307935,99826.59589893692,0.0,99826.59589893692,0.9982659589893692
2013-04-11,0.0,-0.0017340410106307935,99826.59589893692,0.0,99826.59589893692,0.9982659589893692
2013-04-12,0.0,-0.0017340410106307935,99826.59589893692,0.0,99826.59589893692,0.9982659589893692
2013-04-15,0.0,-0.0017340410106307935,99826.59589893692,0.0,99826.59589893692,0.9982659589893692
2013-04-16,0.0,-0.0017340410106307935,99826.59589893692,0.0,99826.59589893692,0.9982659589893692
2013-04-17,0.0,-0.0017340410106307935,99826.59589893692,0.0,99826.59589893692,0.9982659589893692
2013-04-18,0.0,-0.0017340410106307935,99826.59589893692,0.0,99826.59589893692,0.9982659589893692
2013-04-22,0.0,-0.0017340410106307935,99826.59589893692,0.0,99826.59589893692,0.9982659589893692
2013-04-23,0.0,-0.0017340410106307935,99826.59589893692,0.0,99826.59589893692,0.9982659589893692
2013-04-25,0.0,-0.0017340410106307935,99826.59589893692,0.0,99826.59589893692,0.9982659589893692
2013-04-26,0.0,-0.0017340410106307935,99826.59589893692,0.0,99826.59589893692,0.9982659589893692
2013-04-29,0.0,-0.0017340410106307935,99826.59589893692,0.0,99826.59589893692,0.9982659589893692
2013-04-30,0.0,-0.0017340410106307935,99826.59589893692,0.0,99826.59589893692,0.9982659589893692
2013-05-02,0.0,-0.0017340410106307935,99826.59589893692,0.0,99826.59589893692,0.9982659589893692
2013-05-03,0.0,-0.0017340410106307935,99826.59589893692,0.0,99826.59589893692,0.9982659589893692
2013-05-06,0.0,-0.0017340410106307935,99826.59589893692,0.0,99826.59589893692,0.9982659589893692
2013-05-07,0.0,-0.0017340410106307935,99826.59589893692,0.0,99826.59589893692,0.9982659589893692
2013-05-08,0.0,-0.0017340410106307935,99826.59589893692,0.0,99826.59589893692,0.9982659589893692
2013-05-09,0.0,-0.0017340410106307935,99826.59589893692,0.0,99826.59589893692,0.9982659589893692
2013-05-10,0.0,-0.0017340410106307935,99826.59589893692,0.0,99826.59589893692,0.9982659589893692
2013-05-13,0.0,-0.0017340410106307935,99826.59589893692,0.0,99826.59589893692,0.9982659589893692
2013-05-14,0.0,-0.0017340410106307935,99826.59589893692,0.0,99826.59589893692,0.9982659589893692
2013-05-15,0.0,-0.0017340410106307935,99826.59589893692,0.0,99826.59589893692,0.9982659589893692
2013-05-16,0.0,-0.0017340410106307935,99826.59589893692,0.0,99826.59589893692,0.9982659589893692
2013-05-17,0.0,-0.0017340410106307935,99826.59589893692,0.0,99826.59589893692,0.9982659589893692
2013-05-20,0.0,-0.0017340410106307935,99826.59589893692,0.0,99826.59589893692,0.9982659589893692
2013-05-21,0.0,-0.0017340410106307935,99826.59589893692,0.0,99826.59589893692,0.9982659589893692
2013-05-22,0.0,-0.0017340410106307935,99826.59589893692,0.0,99826.59589893692,0.9982659589893692
2013-05-23,0.0,-0.0017340410106307935,99826.59589893692,0.0,99826.59589893692,0.9982659589893692
2013-05-24,0.0,-0.0017340410106307935,99826.59589893692,0.0,99826.59589893692,0.9982659589893692
2013-05-27,0.0,-0.0017340410106307935,99826.59589893692,0.0,99826.59589893692,0.9982659589893692
2013-05-28,0.0,-0.0017340410106307935,99826.59589893692,0.0,99826.59589893692,0.9982659589893692
2013-05-29,0.0,-0.0017340410106307935,99826.59589893692,0.0,99826.59589893692,0.9982659589893692
2013-05-30,0.0,-0.0017340410106307935,99826.59589893692,0.0,99826.59589893692,0.9982659589893692
2013-05-31,0.0,-0.0017340410106307935,99826.59589893692,0.0,99826.59589893692,0.9982659589893692
2013-06-03,0.0,-0.0017340410106307935,99826.59589893692,0.0,99826.59589893692,0.9982659589893692
2013-06-04,0.0,-0.0017340410106307935,99826.59589893692,0.0,99826.59589893692,0.9982659589893692
2013-06-05,0.0,-0.0017340410106307935,99826.59589893692,0.0,99826.59589893692,0.9982659589893692
2013-06-06,0.0,-0.0017340410106307935,99826.59589893692,0.0,99826.59589893692,0.9982659589893692
2013-06-07,0.0,-0.0017340410106307935,99826.59589893692,0.0,99826.59589893692,0.9982659589893692
2013-06-10,0.0,-0.0017340410106307935,99826.59589893692,0.0,99826.59589893692,0.9982659589893692
2013-06-11,0.0,-0.0017340410106307935,99826.59589893692,0.0,99826.59589893692,0.9982659589893692
2013-06-12,0.0,-0.0017340410106307935,99826.59589893692,0.0,99826.59589893692,0.9982659589893692
2013-06-13,0.0,-0.0017340410106307935,99826.59589893692,0.0,99826.59589893692,0.9982659589893692
2013-06-14,0.009640967483023821,0.007890208639395269,100789.02086393953,962.4249650026031,100789.02086393953,1.0078902086393953
2013-06-17,0.007170632711935662,0.015117419139504484,101511.74191395045,722.7210500109213,101511.74191395045,1.0151174191395045
2013-06-18,-0.006230666105106276,0.00879256144336904,100879.2561443369,-632.4857696135441,100879.2561443369,1.008792561443369
2013-06-19,0.0014878736408507362,0.01029351730462702,101029.3517304627,150.09558612579713,101029.3517304627,1.010293517304627
2013-06-20,-0.028571445344368587,-0.01857202870681207,98142.79712931879,-2886.5546011439146,98142.79712931879,0.9814279712931879
2013-06-21,0.002077476653207903,-0.01653313500964526,98346.68649903548,203.88936971669318,98346.68649903548,0.9834668649903548
2013-06-24,-0.013656436737869558,-0.029963788035176964,97003.6211964823,-1343.0653025531792,97003.6211964823,0.970036211964823
2013-06-25,0.003371959689861813,-0.02669286503072532,97330.71349692746,327.0923004451615,97330.71349692746,0.9733071349692747
2013-06-26,-0.0036369296301690273,-0.03023271458915,96976.728541085,-353.9849558424612,96976.728541085,0.96976728541085
2013-06-27,0.016757009514000856,-0.013982314961153652,98601.76850388464,1625.0399627996376,98601.76850388464,0.9860176850388463
2013-06-28,0.028130983643929647,0.013755332409299381,101375.53324092994,2773.764737045305,101375.53324092994,1.0137553324092994
2013-07-01,-0.002086480672598164,0.01164015150148412,101164.0151501484,-211.51809078153747,101164.0151501484,1.0116401515014841
2013-07-02,0.0,0.01164015150148412,101164.0151501484,0.0,101164.0151501484,1.0116401515014841
2013-07-03,0.0,0.01164015150148412,101164.0151501484,0.0,101164.0151501484,1.0116401515014841
2013-07-04,0.0,0.01164015150148412,101164.0151501484,0.0,101164.0151501484,1.0116401515014841
2013-07-05,0.0,0.01164015150148412,101164.0151501484,0.0,101164.0151501484,1.0116401515014841
2013-07-08,0.0,0.01164015150148412,101164.0151501484,0.0,101164.0151501484,1.0116401515014841
2013-07-09,0.0,0.01164015150148412,101164.0151501484,0.0,101164.0151501484,1.0116401515014841
2013-07-10,0.0,0.01164015150148412,101164.0151501484,0.0,101164.0151501484,1.0116401515014841
2013-07-11,0.0,0.01164015150148412,101164.0151501484,0.0,101164.0151501484,1.0116401515014841
2013-07-12,0.0,0.01164015150148412,101164.0151501484,0.0,101164.0151501484,1.0116401515014841
2013-07-15,0.0,0.01164015150148412,101164.0151501484,0.0,101164.0151501484,1.0116401515014841
2013-07-16,0.0,0.01164015150148412,101164.0151501484,0.0,101164.0151501484,1.0116401515014841
2013-07-17,0.0,0.01164015150148412,101164.0151501484,0.0,101164.0151501484,1.0116401515014841
2013-07-18,0.0,0.01164015150148412,101164.0151501484,0.0,101164.0151501484,1.0116401515014841
2013-07-19,0.0,0.01164015150148412,101164.0151501484,0.0,101164.0151501484,1.0116401515014841
2013-07-22,0.0,0.01164015150148412,101164.0151501484,0.0,101164.0151501484,1.0116401515014841
2013-07-23,0.0,0.01164015150148412,101164.0151501484,0.0,101164.0151501484,1.0116401515014841
2013-07-24,0.0,0.01164015150148412,101164.0151501484,0.0,101164.0151501484,1.0116401515014841
2013-07-25,0.0,0.01164015150148412,101164.0151501484,0.0,101164.0151501484,1.0116401515014841
2013-07-26,0.0,0.01164015150148412,101164.0151501484,0.0,101164.0151501484,1.0116401515014841
2013-07-29,0.0,0.01164015150148412,101164.0151501484,0.0,101164.0151501484,1.0116401515014841
2013-07-30,0.0,0.01164015150148412,101164.0151501484,0.0,101164.0151501484,1.0116401515014841
2013-07-31,0.0,0.01164015150148412,101164.0151501484,0.0,101164.0151501484,1.0116401515014841
2013-08-01,0.0,0.01164015150148412,101164.0151501484,0.0,101164.0151501484,1.0116401515014841
2013-08-02,0.0,0.01164015150148412,101164.0151501484,0.0,101164.0151501484,1.0116401515014841
2013-08-05,0.0,0.01164015150148412,101164.0151501484,0.0,101164.0151501484,1.0116401515014841
2013-08-06,0.0,0.01164015150148412,101164.0151501484,0.0,101164.0151501484,1.0116401515014841
2013-08-07,-0.0061420752336610596,0.005426581581569723,100542.65815815698,-621.3569919914298,100542.65815815698,1.0054265815815697
2013-08-08,0.008434310641922932,0.013906661698275258,101390.66616982753,848.0080116705503,101390.66616982753,1.0139066616982753
2013-08-12,0.008399737824025387,0.022423211834573742,102242.32118345737,851.6550136298465,102242.32118345737,1.0224232118345737
2013-08-13,0.015483554959699223,0.038253957827086627,103825.39578270866,1583.074599251282,103825.39578270866,1.0382539578270866
2013-08-14,0.007544786460370766,0.046087362230526896,104608.73622305269,783.3404403440363,104608.73622305269,1.046087362230527
2013-08-16,-0.007117221431893764,0.03864212683642654,103864.21268364265,-744.5235394100455,103864.21268364265,1.0386421268364265
2013-08-19,0.0,0.03864212683642654,103864.21268364265,0.0,103864.21268364265,1.0386421268364265
2013-08-20,0.0,0.03864212683642654,103864.21268364265,0.0,103864.21268364265,1.0386421268364265
2013-08-21,0.0,0.03864212683642654,103864.21268364265,0.0,103864.21268364265,1.0386421268364265
2013-08-22,0.0,0.03864212683642654,103864.21268364265,0.0,103864.21268364265,1.0386421268364265
2013-08-23,0.0,0.03864212683642654,103864.21268364265,0.0,103864.21268364265,1.0386421268364265
2013-08-26,0.0,0.03864212683642654,103864.21268364265,0.0,103864.21268364265,1.0386421268364265
2013-08-27,0.0,0.03864212683642654,103864.21268364265,0.0,103864.21268364265,1.0386421268364265
2013-08-28,0.0,0.03864212683642654,103864.21268364265,0.0,103864.21268364265,1.0386421268364265
2013-08-29,0.0,0.03864212683642654,103864.21268364265,0.0,103864.21268364265,1.0386421268364265
2013-08-30,0.0,0.03864212683642654,103864.21268364265,0.0,103864.21268364265,1.0386421268364265
2013-09-02,0.0,0.03864212683642654,103864.21268364265,0.0,103864.21268364265,1.0386421268364265
2013-09-03,0.0,0.03864212683642654,103864.21268364265,0.0,103864.21268364265,1.0386421268364265
2013-09-04,0.0,0.03864212683642654,103864.21268364265,0.0,103864.21268364265,1.0386421268364265
2013-09-05,0.0,0.03864212683642654,103864.21268364265,0.0,103864.21268364265,1.0386421268364265
2013-09-06,0.0,0.03864212683642654,103864.21268364265,0.0,103864.21268364265,1.0386421268364265
2013-09-10,0.0,0.03864212683642654,103864.21268364265,0.0,103864.21268364265,1.0386421268364265
2013-09-11,0.0,0.03864212683642654,103864.21268364265,0.0,103864.21268364265,1.0386421268364265
2013-09-12,0.0,0.03864212683642654,103864.21268364265,0.0,103864.21268364265,1.0386421268364265
2013-09-13,0.0,0.03864212683642654,103864.21268364265,0.0,103864.21268364265,1.0386421268364265
2013-09-16,0.0,0.03864212683642654,103864.21268364265,0.0,103864.21268364265,1.0386421268364265
2013-09-17,0.0,0.03864212683642654,103864.21268364265,0.0,103864.21268364265,1.0386421268364265
2013-09-18,0.0,0.03864212683642654,103864.21268364265,0.0,103864.21268364265,1.0386421268364265
2013-09-19,0.0,0.03864212683642654,103864.21268364265,0.0,103864.21268364265,1.0386421268364265
2013-09-20,0.0,0.03864212683642654,103864.21268364265,0.0,103864.21268364265,1.0386421268364265
2013-09-23,0.0,0.03864212683642654,103864.21268364265,0.0,103864.21268364265,1.0386421268364265
2013-09-24,0.0,0.03864212683642654,103864.21268364265,0.0,103864.21268364265,1.0386421268364265
2013-09-25,0.0,0.03864212683642654,103864.21268364265,0.0,103864.21268364265,1.0386421268364265
2013-09-26,0.0,0.03864212683642654,103864.21268364265,0.0,103864.21268364265,1.0386421268364265
2013-09-27,0.0,0.03864212683642654,103864.21268364265,0.0,103864.21268364265,1.0386421268364265
2013-09-30,0.0,0.03864212683642654,103864.21268364265,0.0,103864.21268364265,1.0386421268364265
2013-10-01,0.0,0.03864212683642654,103864.21268364265,0.0,103864.21268364265,1.0386421268364265
2013-10-03,0.0,0.03864212683642654,103864.21268364265,0.0,103864.21268364265,1.0386421268364265
2013-10-04,0.0,0.03864212683642654,103864.21268364265,0.0,103864.21268364265,1.0386421268364265
2013-10-07,0.0,0.03864212683642654,103864.21268364265,0.0,103864.21268364265,1.0386421268364265
2013-10-08,0.0,0.03864212683642654,103864.21268364265,0.0,103864.21268364265,1.0386421268364265
2013-10-09,0.0,0.03864212683642654,103864.21268364265,0.0,103864.21268364265,1.0386421268364265
2013-10-10,0.0,0.03864212683642654,103864.21268364265,0.0,103864.21268364265,1.0386421268364265
2013-10-11,0.0,0.03864212683642654,103864.21268364265,0.0,103864.21268364265,1.0386421268364265
2013-10-14,0.0,0.03864212683642654,103864.21268364265,0.0,103864.21268364265,1.0386421268364265
2013-10-15,0.0,0.03864212683642654,103864.21268364265,0.0,103864.21268364265,1.0386421268364265
2013-10-17,0.0,0.03864212683642654,103864.21268364265,0.0,103864.21268364265,1.0386421268364265
2013-10-18,0.0,0.03864212683642654,103864.21268364265,0.0,103864.21268364265,1.0386421268364265
2013-10-21,0.0,0.03864212683642654,103864.21268364265,0.0,103864.21268364265,1.0386421268364265
2013-10-22,0.0,0.03864212683642654,103864.21268364265,0.0,103864.21268364265,1.0386421268364265
2013-10-23,0.0,0.03864212683642654,103864.21268364265,0.0,103864.21268364265,1.0386421268364265
2013-10-24,0.0,0.03864212683642654,103864.21268364265,0.0,103864.21268364265,1.0386421268364265
2013-10-25,0.0,0.03864212683642654,103864.21268364265,0.0,103864.21268364265,1.0386421268364265
2013-10-28,0.0,0.03864212683642654,103864.21268364265,0.0,103864.21268364265,1.0386421268364265
2013-10-29,0.0,0.03864212683642654,103864.21268364265,0.0,103864.21268364265,1.0386421268364265
2013-10-30,0.0,0.03864212683642654,103864.21268364265,0.0,103864.21268364265,1.0386421268364265
2013-10-31,0.0,0.03864212683642654,103864.21268364265,0.0,103864.21268364265,1.0386421268364265
2013-11-01,0.0,0.03864212683642654,103864.21268364265,0.0,103864.21268364265,1.0386421268364265
2013-11-05,0.0,0.03864212683642654,103864.21268364265,0.0,103864.21268364265,1.0386421268364265
2013-11-06,0.0,0.03864212683642654,103864.21268364265,0.0,103864.21268364265,1.0386421268364265
2013-11-07,0.0,0.03864212683642654,103864.21268364265,0.0,103864.21268364265,1.0386421268364265
2013-11-08,0.0,0.03864212683642654,103864.21268364265,0.0,103864.21268364265,1.0386421268364265
2013-11-11,0.0,0.03864212683642654,103864.21268364265,0.0,103864.21268364265,1.0386421268364265
2013-11-12,0.0,0.03864212683642654,103864.21268364265,0.0,103864.21268364265,1.0386421268364265
2013-11-13,0.0,0.03864212683642654,103864.21268364265,0.0,103864.21268364265,1.0386421268364265
2013-11-14,0.0,0.03864212683642654,103864.21268364265,0.0,103864.21268364265,1.0386421268364265
2013-11-18,0.0,0.03864212683642654,103864.21268364265,0.0,103864.21268364265,1.0386421268364265
2013-11-19,0.0,0.03864212683642654,103864.21268364265,0.0,103864.21268364265,1.0386421268364265
2013-11-20,0.0,0.03864212683642654,103864.21268364265,0.0,103864.21268364265,1.0386421268364265
2013-11-21,0.0,0.03864212683642654,103864.21268364265,0.0,103864.21268364265,1.0386421268364265
2013-11-22,0.0,0.03864212683642654,103864.21268364265,0.0,103864.21268364265,1.0386421268364265
2013-11-25,0.0,0.03864212683642654,103864.21268364265,0.0,103864.21268364265,1.0386421268364265
2013-11-26,0.0,0.03864212683642654,103864.21268364265,0.0,103864.21268364265,1.0386421268364265
2013-11-27,0.0,0.03864212683642654,103864.21268364265,0.0,103864.21268364265,1.0386421268364265
2013-11-28,0.0,0.03864212683642654,103864.21268364265,0.0,103864.21268364265,1.0386421268364265
2013-11-29,0.0,0.03864212683642654,103864.21268364265,0.0,103864.21268364265,1.0386421268364265
2013-12-02,0.0,0.03864212683642654,103864.21268364265,0.0,103864.21268364265,1.0386421268364265
2013-12-03,0.0,0.03864212683642654,103864.21268364265,0.0,103864.21268364265,1.0386421268364265
2013-12-04,0.0,0.03864212683642654,103864.21268364265,0.0,103864.21268364265,1.0386421268364265
2013-12-05,0.0,0.03864212683642654,103864.21268364265,0.0,103864.21268364265,1.0386421268364265
2013-12-06,0.0,0.03864212683642654,103864.21268364265,0.0,103864.21268364265,1.0386421268364265
2013-12-09,0.0,0.03864212683642654,103864.21268364265,0.0,103864.21268364265,1.0386421268364265
2013-12-10,0.0,0.03864212683642654,103864.21268364265,0.0,103864.21268364265,1.0386421268364265
2013-12-11,0.0,0.03864212683642654,103864.21268364265,0.0,103864.21268364265,1.0386421268364265
2013-12-12,0.0,0.03864212683642654,103864.21268364265,0.0,103864.21268364265,1.0386421268364265
2013-12-13,0.0,0.03864212683642654,103864.21268364265,0.0,103864.21268364265,1.0386421268364265
2013-12-16,0.0,0.03864212683642654,103864.21268364265,0.0,103864.21268364265,1.0386421268364265
2013-12-17,0.0,0.03864212683642654,103864.21268364265,0.0,103864.21268364265,1.0386421268364265
2013-12-18,0.0,0.03864212683642654,103864.21268364265,0.0,103864.21268364265,1.0386421268364265
2013-12-19,0.0,0.03864212683642654,103864.21268364265,0.0,103864.21268364265,1.0386421268364265
2013-12-20,0.0,0.03864212683642654,103864.21268364265,0.0,103864.21268364265,1.0386421268364265
2013-12-23,0.0,0.03864212683642654,103864.21268364265,0.0,103864.21268364265,1.0386421268364265
2013-12-24,0.0,0.03864212683642654,103864.21268364265,0.0,103864.21268364265,1.0386421268364265
2013-12-26,0.0,0.03864212683642654,103864.21268364265,0.0,103864.21268364265,1.0386421268364265
2013-12-27,0.0,0.03864212683642654,103864.21268364265,0.0,103864.21268364265,1.0386421268364265
2013-12-30,0.0,0.03864212683642654,103864.21268364265,0.0,103864.21268364265,1.0386421268364265
2013-12-31,0.0,0.03864212683642654,103864.21268364265,0.0,103864.21268364265,1.0386421268364265
2014-01-02,0.0,0.03864212683642654,103864.21268364265,0.0,103864.21268364265,1.0386421268364265
2014-01-03,0.0,0.03864212683642654,103864.21268364265,0.0,103864.21268364265,1.0386421268364265
2014-01-06,0.0,0.03864212683642654,103864.21268364265,0.0,103864.21268364265,1.0386421268364265
2014-01-07,0.0,0.03864212683642654,103864.21268364265,0.0,103864.21268364265,1.0386421268364265
2014-01-08,0.0,0.03864212683642654,103864.21268364265,0.0,103864.21268364265,1.0386421268364265
2014-01-09,0.0,0.03864212683642654,103864.21268364265,0.0,103864.21268364265,1.0386421268364265
2014-01-10,0.0,0.03864212683642654,103864.21268364265,0.0,103864.21268364265,1.0386421268364265
2014-01-13,0.0,0.03864212683642654,103864.21268364265,0.0,103864.21268364265,1.0386421268364265
2014-01-14,0.0,0.03864212683642654,103864.21268364265,0.0,103864.21268364265,1.0386421268364265
2014-01-15,0.0,0.03864212683642654,103864.21268364265,0.0,103864.21268364265,1.0386421268364265
2014-01-16,0.0,0.03864212683642654,103864.21268364265,0.0,103864.21268364265,1.0386421268364265
2014-01-17,0.0,0.03864212683642654,103864.21268364265,0.0,103864.21268364265,1.0386421268364265
2014-01-20,0.0,0.03864212683642654,103864.21268364265,0.0,103864.21268364265,1.0386421268364265
2014-01-21,0.0,0.03864212683642654,103864.21268364265,0.0,103864.21268364265,1.0386421268364265
2014-01-22,0.0,0.03864212683642654,103864.21268364265,0.0,103864.21268364265,1.0386421268364265
2014-01-23,0.0,0.03864212683642654,103864.21268364265,0.0,103864.21268364265,1.0386421268364265
2014-01-24,0.0,0.03864212683642654,103864.21268364265,0.0,103864.21268364265,1.0386421268364265
2014-01-27,0.0,0.03864212683642654,103864.21268364265,0.0,103864.21268364265,1.0386421268364265
2014-01-28,0.0,0.03864212683642654,103864.21268364265,0.0,103864.21268364265,1.0386421268364265
2014-01-29,0.0,0.03864212683642654,103864.21268364265,0.0,103864.21268364265,1.0386421268364265
2014-01-30,0.0,0.03864212683642654,103864.21268364265,0.0,103864.21268364265,1.0386421268364265
2014-01-31,0.0,0.03864212683642654,103864.21268364265,0.0,103864.21268364265,1.0386421268364265
2014-02-03,0.0,0.03864212683642654,103864.21268364265,0.0,103864.21268364265,1.0386421268364265
2014-02-04,0.008261564969457794,0.04722293624730134,104722.29362473014,858.0809410874936,104722.29362473014,1.0472229362473013
2014-02-05,0.0035827959722512324,0.050974922365337294,105097.49223653373,375.19861180358566,105097.49223653373,1.0509749223653373
2014-02-06,0.0023080337687871816,0.05340060797630497,105340.0607976305,242.56856109677756,105340.0607976305,1.053400607976305
2014-02-07,0.0044564371378821264,0.058095021566758165,105809.50215667582,469.4413590453187,105809.50215667582,1.0580950215667582
2014-02-10,-0.0016080616977710532,0.05639353948997439,105639.35394899744,-170.14820767838683,105639.35394899744,1.0563935394899744
2014-02-11,0.0015280542007536056,0.058007766075641065,105800.77660756411,161.42265856667655,105800.77660756411,1.058007766075641
2014-02-12,0.003513253831018789,0.0617248159130539,106172.48159130539,371.70498374127783,106172.48159130539,1.061724815913054
2014-02-13,-0.013625887959196252,0.04725787252792424,104725.78725279242,-1446.6943385129707,104725.78725279242,1.0472578725279242
2014-02-14,0.00787355638651214,0.05550351643849161,105550.35164384916,824.5643910567451,105550.35164384916,1.0555035164384916
2014-02-18,0.013020079646268461,0.06924625628943715,106924.62562894372,1374.2739850945509,106924.62562894372,1.0692462562894371
2014-02-19,0.00010783844761135387,0.06936156214582967,106936.15621458297,11.530585639251512,106936.15621458297,1.0693615621458297
2014-02-20,0.0,0.06936156214582967,106936.15621458297,0.0,106936.15621458297,1.0693615621458297
2014-02-21,0.0,0.06936156214582967,106936.15621458297,0.0,106936.15621458297,1.0693615621458297
2014-02-24,0.0,0.06936156214582967,106936.15621458297,0.0,106936.15621458297,1.0693615621458297
2014-02-25,0.0,0.06936156214582967,106936.15621458297,0.0,106936.15621458297,1.0693615621458297
2014-02-26,0.0,0.06936156214582967,106936.15621458297,0.0,106936.15621458297,1.0693615621458297
2014-02-28,0.0,0.06936156214582967,106936.15621458297,0.0,106936.15621458297,1.0693615621458297
2014-03-03,0.0,0.06936156214582967,106936.15621458297,0.0,106936.15621458297,1.0693615621458297
2014-03-04,0.0,0.06936156214582967,106936.15621458297,0.0,106936.15621458297,1.0693615621458297
2014-03-05,0.0,0.06936156214582967,106936.15621458297,0.0,106936.15621458297,1.0693615621458297
2014-03-06,0.0,0.06936156214582967,106936.15621458297,0.0,106936.15621458297,1.0693615621458297
2014-03-07,0.0,0.06936156214582967,106936.15621458297,0.0,106936.15621458297,1.0693615621458297
2014-03-10,0.0,0.06936156214582967,106936.15621458297,0.0,106936.15621458297,1.0693615621458297
2014-03-11,0.0,0.06936156214582967,106936.15621458297,0.0,106936.15621458297,1.0693615621458297
2014-03-12,0.0,0.06936156214582967,106936.15621458297,0.0,106936.15621458297,1.0693615621458297
2014-03-13,0.0,0.06936156214582967,106936.15621458297,0.0,106936.15621458297,1.0693615621458297
2014-03-14,0.0,0.06936156214582967,106936.15621458297,0.0,106936.15621458297,1.0693615621458297
2014-03-18,0.0,0.06936156214582967,106936.15621458297,0.0,106936.15621458297,1.0693615621458297
2014-03-19,0.0,0.06936156214582967,106936.15621458297,0.0,106936.15621458297,1.0693615621458297
2014-03-20,0.0,0.06936156214582967,106936.15621458297,0.0,106936.15621458297,1.0693615621458297
2014-03-21,0.0,0.06936156214582967,106936.15621458297,0.0,106936.15621458297,1.0693615621458297
2014-03-24,0.0,0.06936156214582967,106936.15621458297,0.0,106936.15621458297,1.0693615621458297
2014-03-25,0.0,0.06936156214582967,106936.15621458297,0.0,106936.15621458297,1.0693615621458297
2014-03-26,0.0,0.06936156214582967,106936.15621458297,0.0,106936.15621458297,1.0693615621458297
2014-03-27,0.0,0.06936156214582967,106936.15621458297,0.0,106936.15621458297,1.0693615621458297
2014-03-28,0.0,0.06936156214582967,106936.15621458297,0.0,106936.15621458297,1.0693615621458297
2014-03-31,0.0,0.06936156214582967,106936.15621458297,0.0,106936.15621458297,1.0693615621458297
2014-04-01,0.0,0.06936156214582967,106936.15621458297,0.0,106936.15621458297,1.0693615621458297
2014-04-02,0.0,0.06936156214582967,106936.15621458297,0.0,106936.15621458297,1.0693615621458297
2014-04-03,0.0,0.06936156214582967,106936.15621458297,0.0,106936.15621458297,1.0693615621458297
2014-04-04,0.0,0.06936156214582967,106936.15621458297,0.0,106936.15621458297,1.0693615621458297
2014-04-07,0.0,0.06936156214582967,106936.15621458297,0.0,106936.15621458297,1.0693615621458297
2014-04-09,0.0,0.06936156214582967,106936.15621458297,0.0,106936.15621458297,1.0693615621458297
2014-04-10,0.0,0.06936156214582967,106936.15621458297,0.0,106936.15621458297,1.0693615621458297
2014-04-11,0.0,0.06936156214582967,106936.15621458297,0.0,106936.15621458297,1.0693615621458297
2014-04-15,0.0,0.06936156214582967,106936.15621458297,0.0,106936.15621458297,1.0693615621458297
2014-04-16,0.0,0.06936156214582967,106936.15621458297,0.0,106936.15621458297,1.0693615621458297
2014-04-17,0.0,0.06936156214582967,106936.15621458297,0.0,106936.15621458297,1.0693615621458297
2014-04-21,0.0,0.06936156214582967,106936.15621458297,0.0,106936.15621458297,1.0693615621458297
2014-04-22,0.0,0.06936156214582967,106936.15621458297,0.0,106936.15621458297,1.0693615621458297
2014-04-23,0.0,0.06936156214582967,106936.15621458297,0.0,106936.15621458297,1.0693615621458297
2014-04-25,0.0,0.06936156214582967,106936.15621458297,0.0,106936.15621458297,1.0693615621458297
2014-04-28,0.0,0.06936156214582967,106936.15621458297,0.0,106936.15621458297,1.0693615621458297
2014-04-29,0.0,0.06936156214582967,106936.15621458297,0.0,106936.15621458297,1.0693615621458297
2014-04-30,0.0,0.06936156214582967,106936.15621458297,0.0,106936.15621458297,1.0693615621458297
2014-05-02,0.0,0.06936156214582967,106936.15621458297,0.0,106936.15621458297,1.0693615621458297
2014-05-05,0.0,0.06936156214582967,106936.15621458297,0.0,106936.15621458297,1.0693615621458297
2014-05-06,0.0,0.06936156214582967,106936.15621458297,0.0,106936.15621458297,1.0693615621458297
2014-05-07,0.0,0.06936156214582967,106936.15621458297,0.0,106936.15621458297,1.0693615621458297
2014-05-08,0.0,0.06936156214582967,106936.15621458297,0.0,106936.15621458297,1.0693615621458297
2014-05-09,0.0,0.06936156214582967,106936.15621458297,0.0,106936.15621458297,1.0693615621458297
2014-05-12,0.0,0.06936156214582967,106936.15621458297,0.0,106936.15621458297,1.0693615621458297
2014-05-13,0.0,0.06936156214582967,106936.15621458297,0.0,106936.15621458297,1.0693615621458297
2014-05-14,0.0,0.06936156214582967,106936.15621458297,0.0,106936.15621458297,1.0693615621458297
2014-05-15,0.0,0.06936156214582967,106936.15621458297,0.0,106936.15621458297,1.0693615621458297
2014-05-16,0.0,0.06936156214582967,106936.15621458297,0.0,106936.15621458297,1.0693615621458297
2014-05-19,0.0,0.06936156214582967,106936.15621458297,0.0,106936.15621458297,1.0693615621458297
2014-05-20,0.0,0.06936156214582967,106936.15621458297,0.0,106936.15621458297,1.0693615621458297
2014-05-21,0.0,0.06936156214582967,106936.15621458297,0.0,106936.15621458297,1.0693615621458297
2014-05-22,0.0,0.06936156214582967,106936.15621458297,0.0,106936.15621458297,1.0693615621458297
2014-05-23,0.0,0.06936156214582967,106936.15621458297,0.0,106936.15621458297,1.0693615621458297
2014-05-26,0.0,0.06936156214582967,106936.15621458297,0.0,106936.15621458297,1.0693615621458297
2014-05-27,0.0,0.06936156214582967,106936.15621458297,0.0,106936.15621458297,1.0693615621458297
2014-05-28,0.0,0.06936156214582967,106936.15621458297,0.0,106936.15621458297,1.0693615621458297
2014-05-29,0.0,0.06936156214582967,106936.15621458297,0.0,106936.15621458297,1.0693615621458297
2014-05-30,0.0,0.06936156214582967,106936.15621458297,0.0,106936.15621458297,1.0693615621458297
2014-06-02,0.0,0.06936156214582967,106936.15621458297,0.0,106936.15621458297,1.0693615621458297
2014-06-03,0.0,0.06936156214582967,106936.15621458297,0.0,106936.15621458297,1.0693615621458297
2014-06-04,0.0,0.06936156214582967,106936.15621458297,0.0,106936.15621458297,1.0693615621458297
2014-06-05,0.0,0.06936156214582967,106936.15621458297,0.0,106936.15621458297,1.0693615621458297
2014-06-06,0.0,0.06936156214582967,106936.15621458297,0.0,106936.15621458297,1.0693615621458297
2014-06-09,0.0,0.06936156214582967,106936.15621458297,0.0,106936.15621458297,1.0693615621458297
2014-06-10,0.0,0.06936156214582967,106936.15621458297,0.0,106936.15621458297,1.0693615621458297
2014-06-11,0.0,0.06936156214582967,106936.15621458297,0.0,106936.15621458297,1.0693615621458297
2014-06-12,0.0,0.06936156214582967,106936.15621458297,0.0,106936.15621458297,1.0693615621458297
2014-06-13,0.0,0.06936156214582967,106936.15621458297,0.0,106936.15621458297,1.0693615621458297
2014-06-16,0.0,0.06936156214582967,106936.15621458297,0.0,106936.15621458297,1.0693615621458297
2014-06-17,0.0,0.06936156214582967,106936.15621458297,0.0,106936.15621458297,1.0693615621458297
2014-06-18,0.0,0.06936156214582967,106936.15621458297,0.0,106936.15621458297,1.0693615621458297
2014-06-19,0.0,0.06936156214582967,106936.15621458297,0.0,106936.15621458297,1.0693615621458297
2014-06-20,0.0,0.06936156214582967,106936.15621458297,0.0,106936.15621458297,1.0693615621458297
2014-06-23,0.0,0.06936156214582967,106936.15621458297,0.0,106936.15621458297,1.0693615621458297
2014-06-24,0.0,0.06936156214582967,106936.15621458297,0.0,106936.15621458297,1.0693615621458297
2014-06-25,0.0,0.06936156214582967,106936.15621458297,0.0,106936.15621458297,1.0693615621458297
2014-06-26,0.0,0.06936156214582967,106936.15621458297,0.0,106936.15621458297,1.0693615621458297
2014-06-27,0.0,0.06936156214582967,106936.15621458297,0.0,106936.15621458297,1.0693615621458297
2014-06-30,0.0,0.06936156214582967,106936.15621458297,0.0,106936.15621458297,1.0693615621458297
2014-07-01,0.0,0.06936156214582967,106936.15621458297,0.0,106936.15621458297,1.0693615621458297
2014-07-02,0.0,0.06936156214582967,106936.15621458297,0.0,106936.15621458297,1.0693615621458297
2014-07-03,0.0,0.06936156214582967,106936.15621458297,0.0,106936.15621458297,1.0693615621458297
2014-07-04,0.0,0.06936156214582967,106936.15621458297,0.0,106936.15621458297,1.0693615621458297
2014-07-07,0.0,0.06936156214582967,106936.15621458297,0.0,106936.15621458297,1.0693615621458297
2014-07-08,0.0,0.06936156214582967,106936.15621458297,0.0,106936.15621458297,1.0693615621458297
2014-07-09,0.0,0.06936156214582967,106936.15621458297,0.0,106936.15621458297,1.0693615621458297
2014-07-10,0.0,0.06936156214582967,106936.15621458297,0.0,106936.15621458297,1.0693615621458297
2014-07-11,0.0,0.06936156214582967,106936.15621458297,0.0,106936.15621458297,1.0693615621458297
2014-07-14,0.0,0.06936156214582967,106936.15621458297,0.0,106936.15621458297,1.0693615621458297
2014-07-15,0.0,0.06936156214582967,106936.15621458297,0.0,106936.15621458297,1.0693615621458297
2014-07-16,0.0,0.06936156214582967,106936.15621458297,0.0,106936.15621458297,1.0693615621458297
2014-07-17,0.0,0.06936156214582967,106936.15621458297,0.0,106936.15621458297,1.0693615621458297
2014-07-18,0.0,0.06936156214582967,106936.15621458297,0.0,106936.15621458297,1.0693615621458297
2014-07-21,0.0,0.06936156214582967,106936.15621458297,0.0,106936.15621458297,1.0693615621458297
2014-07-22,0.0,0.06936156214582967,106936.15621458297,0.0,106936.15621458297,1.0693615621458297
2014-07-23,0.0,0.06936156214582967,106936.15621458297,0.0,106936.15621458297,1.0693615621458297
2014-07-24,0.0,0.06936156214582967,106936.15621458297,0.0,106936.15621458297,1.0693615621458297
2014-07-25,0.0,0.06936156214582967,106936.15621458297,0.0,106936.15621458297,1.0693615621458297
2014-07-28,0.0,0.06936156214582967,106936.15621458297,0.0,106936.15621458297,1.0693615621458297
2014-07-30,0.0,0.06936156214582967,106936.15621458297,0.0,106936.15621458297,1.0693615621458297
2014-07-31,0.0,0.06936156214582967,106936.15621458297,0.0,106936.15621458297,1.0693615621458297
2014-08-01,0.0,0.06936156214582967,106936.15621458297,0.0,106936.15621458297,1.0693615621458297
2014-08-04,0.0,0.06936156214582967,106936.15621458297,0.0,106936.15621458297,1.0693615621458297
2014-08-05,0.0,0.06936156214582967,106936.15621458297,0.0,106936.15621458297,1.0693615621458297
2014-08-06,0.0,0.06936156214582967,106936.15621458297,0.0,106936.15621458297,1.0693615621458297
2014-08-07,0.0,0.06936156214582967,106936.15621458297,0.0,106936.15621458297,1.0693615621458297
2014-08-08,0.0,0.06936156214582967,106936.15621458297,0.0,106936.15621458297,1.0693615621458297
2014-08-11,0.0,0.06936156214582967,106936.15621458297,0.0,106936.15621458297,1.0693615621458297
2014-08-12,0.0,0.06936156214582967,106936.15621458297,0.0,106936.15621458297,1.0693615621458297
2014-08-13,0.0,0.06936156214582967,106936.15621458297,0.0,106936.15621458297,1.0693615621458297
2014-08-14,0.0,0.06936156214582967,106936.15621458297,0.0,106936.15621458297,1.0693615621458297
2014-08-18,0.0,0.06936156214582967,106936.15621458297,0.0,106936.15621458297,1.0693615621458297
2014-08-19,0.0,0.06936156214582967,106936.15621458297,0.0,106936.15621458297,1.0693615621458297
2014-08-20,0.0,0.06936156214582967,106936.15621458297,0.0,106936.15621458297,1.0693615621458297
2014-08-21,0.0,0.06936156214582967,106936.15621458297,0.0,106936.15621458297,1.0693615621458297
2014-08-22,0.0,0.06936156214582967,106936.15621458297,0.0,106936.15621458297,1.0693615621458297
2014-08-25,0.0,0.06936156214582967,106936.15621458297,0.0,106936.15621458297,1.0693615621458297
2014-08-26,0.0,0.06936156214582967,106936.15621458297,0.0,106936.15621458297,1.0693615621458297
2014-08-27,0.0,0.06936156214582967,106936.15621458297,0.0,106936.15621458297,1.0693615621458297
2014-08-28,0.0,0.06936156214582967,106936.15621458297,0.0,106936.15621458297,1.0693615621458297
2014-09-01,0.0,0.06936156214582967,106936.15621458297,0.0,106936.15621458297,1.0693615621458297
2014-09-02,0.0,0.06936156214582967,106936.15621458297,0.0,106936.15621458297,1.0693615621458297
2014-09-03,0.0,0.06936156214582967,106936.15621458297,0.0,106936.15621458297,1.0693615621458297
2014-09-04,0.0,0.06936156214582967,106936.15621458297,0.0,106936.15621458297,1.0693615621458297
2014-09-05,0.0,0.06936156214582967,106936.15621458297,0.0,106936.15621458297,1.0693615621458297
2014-09-08,0.0,0.06936156214582967,106936.15621458297,0.0,106936.15621458297,1.0693615621458297
2014-09-09,0.0,0.06936156214582967,106936.15621458297,0.0,106936.15621458297,1.0693615621458297
2014-09-10,0.0,0.06936156214582967,106936.15621458297,0.0,106936.15621458297,1.0693615621458297
2014-09-11,0.0,0.06936156214582967,106936.15621458297,0.0,106936.15621458297,1.0693615621458297
2014-09-12,0.0,0.06936156214582967,106936.15621458297,0.0,106936.15621458297,1.0693615621458297
2014-09-15,0.0,0.06936156214582967,106936.15621458297,0.0,106936.15621458297,1.0693615621458297
2014-09-16,0.0,0.06936156214582967,106936.15621458297,0.0,106936.15621458297,1.0693615621458297
2014-09-17,0.0,0.06936156214582967,106936.15621458297,0.0,106936.15621458297,1.0693615621458297
2014-09-18,0.0,0.06936156214582967,106936.15621458297,0.0,106936.15621458297,1.0693615621458297
2014-09-19,0.0,0.06936156214582967,106936.15621458297,0.0,106936.15621458297,1.0693615621458297
2014-09-22,0.0,0.06936156214582967,106936.15621458297,0.0,106936.15621458297,1.0693615621458297
2014-09-23,0.0,0.06936156214582967,106936.15621458297,0.0,106936.15621458297,1.0693615621458297
2014-09-24,0.0,0.06936156214582967,106936.15621458297,0.0,106936.15621458297,1.0693615621458297
2014-09-25,0.0,0.06936156214582967,106936.15621458297,0.0,106936.15621458297,1.0693615621458297
2014-09-26,0.0,0.06936156214582967,106936.15621458297,0.0,106936.15621458297,1.0693615621458297
2014-09-29,0.0,0.06936156214582967,106936.15621458297,0.0,106936.15621458297,1.0693615621458297
2014-09-30,0.0,0.06936156214582967,106936.15621458297,0.0,106936.15621458297,1.0693615621458297
2014-10-01,0.0,0.06936156214582967,106936.15621458297,0.0,106936.15621458297,1.0693615621458297
2014-10-07,0.0,0.06936156214582967,106936.15621458297,0.0,106936.15621458297,1.0693615621458297
2014-10-08,0.0,0.06936156214582967,106936.15621458297,0.0,106936.15621458297,1.0693615621458297
2014-10-09,0.0,0.06936156214582967,106936.15621458297,0.0,106936.15621458297,1.0693615621458297
2014-10-10,0.0,0.06936156214582967,106936.15621458297,0.0,106936.15621458297,1.0693615621458297
2014-10-13,0.0,0.06936156214582967,106936.15621458297,0.0,106936.15621458297,1.0693615621458297
2014-10-14,0.0,0.06936156214582967,106936.15621458297,0.0,106936.15621458297,1.0693615621458297
2014-10-16,0.0,0.06936156214582967,106936.15621458297,0.0,106936.15621458297,1.0693615621458297
2014-10-17,0.00524151547599806,0.0749666373232547,107496.66373232547,560.5075177425024,107496.66373232547,1.0749666373232547
2014-10-20,0.012815366213125028,0.0887427284474438,108874.27284474438,1377.6091124189115,108874.27284474438,1.0887427284474438
2014-10-21,0.006136266499415536,0.09542354397849806,109542.3543978498,668.081553105425,109542.3543978498,1.095423543978498
2014-10-22,0.00813602594525559,0.10433593835335109,110433.59383533511,891.2394374853029,110433.59383533511,1.104335938353351
2014-10-27,0.0,0.10433593835335109,110433.59383533511,0.0,110433.59383533511,1.104335938353351
2014-10-28,0.0,0.10433593835335109,110433.59383533511,0.0,110433.59383533511,1.104335938353351
2014-10-29,0.0,0.10433593835335109,110433.59383533511,0.0,110433.59383533511,1.104335938353351
2014-10-30,0.0,0.10433593835335109,110433.59383533511,0.0,110433.59383533511,1.104335938353351
2014-10-31,0.0,0.10433593835335109,110433.59383533511,0.0,110433.59383533511,1.104335938353351
2014-11-03,0.0,0.10433593835335109,110433.59383533511,0.0,110433.59383533511,1.104335938353351
2014-11-05,0.0,0.10433593835335109,110433.59383533511,0.0,110433.59383533511,1.104335938353351
2014-11-07,0.0,0.10433593835335109,110433.59383533511,0.0,110433.59383533511,1.104335938353351
2014-11-10,0.0,0.10433593835335109,110433.59383533511,0.0,110433.59383533511,1.104335938353351
2014-11-11,0.0,0.10433593835335109,110433.59383533511,0.0,110433.59383533511,1.104335938353351
2014-11-12,0.0,0.10433593835335109,110433.59383533511,0.0,110433.59383533511,1.104335938353351
2014-11-13,0.0,0.10433593835335109,110433.59383533511,0.0,110433.59383533511,1.104335938353351
2014-11-14,0.0,0.10433593835335109,110433.59383533511,0.0,110433.59383533511,1.104335938353351
2014-11-17,0.0,0.10433593835335109,110433.59383533511,0.0,110433.59383533511,1.104335938353351
2014-11-18,0.0,0.10433593835335109,110433.59383533511,0.0,110433.59383533511,1.104335938353351
2014-11-19,0.0,0.10433593835335109,110433.59383533511,0.0,110433.59383533511,1.104335938353351
2014-11-20,0.0,0.10433593835335109,110433.59383533511,0.0,110433.59383533511,1.104335938353351
2014-11-21,0.0,0.10433593835335109,110433.59383533511,0.0,110433.59383533511,1.104335938353351
2014-11-24,0.0,0.10433593835335109,110433.59383533511,0.0,110433.59383533511,1.104335938353351
2014-11-25,0.0,0.10433593835335109,110433.59383533511,0.0,110433.59383533511,1.104335938353351
2014-11-26,0.0,0.10433593835335109,110433.59383533511,0.0,110433.59383533511,1.104335938353351
2014-11-27,0.0,0.10433593835335109,110433.59383533511,0.0,110433.59383533511,1.104335938353351
2014-11-28,0.0,0.10433593835335109,110433.59383533511,0.0,110433.59383533511,1.104335938353351
2014-12-01,0.0,0.10433593835335109,110433.59383533511,0.0,110433.59383533511,1.104335938353351
2014-12-02,0.0,0.10433593835335109,110433.59383533511,0.0,110433.59383533511,1.104335938353351
2014-12-03,0.0,0.10433593835335109,110433.59383533511,0.0,110433.59383533511,1.104335938353351
2014-12-04,0.0,0.10433593835335109,110433.59383533511,0.0,110433.59383533511,1.104335938353351
2014-12-05,0.0,0.10433593835335109,110433.59383533511,0.0,110433.59383533511,1.104335938353351
2014-12-08,0.0,0.10433593835335109,110433.59383533511,0.0,110433.59383533511,1.104335938353351
2014-12-09,0.0,0.10433593835335109,110433.59383533511,0.0,110433.59383533511,1.104335938353351
2014-12-10,0.0,0.10433593835335109,110433.59383533511,0.0,110433.59383533511,1.104335938353351
2014-12-11,0.0,0.10433593835335109,110433.59383533511,0.0,110433.59383533511,1.104335938353351
2014-12-12,-0.010083328188990603,0.09320055665603744,109320.05566560374,-1113.5381697313715,109320.05566560374,1.0932005566560374
2014-12-15,-0.0005471723609561172,0.09260238752645344,109260.23875264534,-59.81691295839846,109260.23875264534,1.0926023875264534
2014-12-16,-0.018492325531937644,0.07239762849934195,107239.7628499342,-2020.4759027111431,107239.7628499342,1.072397628499342
2014-12-17,-0.004685444557388449,0.06737296886753352,106737.29688675335,-502.4659631808463,106737.29688675335,1.0673729688675335
2014-12-18,0.016127425732881,0.08458694715222936,108458.69471522294,1721.3978284695913,108458.69471522294,1.0845869471522294
2014-12-19,0.00807672131218176,0.09334685366320783,109334.68536632079,875.9906510978471,109334.68536632079,1.0933468536632078
2014-12-22,0.012011841942012002,0.10647996325720643,110647.99632572064,1313.3109593998524,110647.99632572064,1.1064799632572064
2014-12-23,-0.0006279661971407977,0.10578513124246736,110578.51312424673,-69.48320147390768,110578.51312424673,1.1057851312424674
2014-12-24,0.0,0.10578513124246736,110578.51312424673,0.0,110578.51312424673,1.1057851312424674
2014-12-26,0.0,0.10578513124246736,110578.51312424673,0.0,110578.51312424673,1.1057851312424674
2014-12-29,0.0,0.10578513124246736,110578.51312424673,0.0,110578.51312424673,1.1057851312424674
2014-12-30,0.0,0.10578513124246736,110578.51312424673,0.0,110578.51312424673,1.1057851312424674
2014-12-31,0.0,0.10578513124246736,110578.51312424673,0.0,110578.51312424673,1.1057851312424674
2015-01-02,0.0,0.10578513124246736,110578.51312424673,0.0,110578.51312424673,1.1057851312424674
2015-01-05,0.0,0.10578513124246736,110578.51312424673,0.0,110578.51312424673,1.1057851312424674
2015-01-06,0.0,0.10578513124246736,110578.51312424673,0.0,110578.51312424673,1.1057851312424674
2015-01-07,0.0,0.10578513124246736,110578.51312424673,0.0,110578.51312424673,1.1057851312424674
2015-01-08,0.0,0.10578513124246736,110578.51312424673,0.0,110578.51312424673,1.1057851312424674
2015-01-09,0.0,0.10578513124246736,110578.51312424673,0.0,110578.51312424673,1.1057851312424674
2015-01-12,0.0,0.10578513124246736,110578.51312424673,0.0,110578.51312424673,1.1057851312424674
2015-01-13,0.0,0.10578513124246736,110578.51312424673,0.0,110578.51312424673,1.1057851312424674
2015-01-14,0.0,0.10578513124246736,110578.51312424673,0.0,110578.51312424673,1.1057851312424674
2015-01-15,0.0,0.10578513124246736,110578.51312424673,0.0,110578.51312424673,1.1057851312424674
2015-01-16,0.0,0.10578513124246736,110578.51312424673,0.0,110578.51312424673,1.1057851312424674
2015-01-19,0.0,0.10578513124246736,110578.51312424673,0.0,110578.51312424673,1.1057851312424674
2015-01-20,0.0,0.10578513124246736,110578.51312424673,0.0,110578.51312424673,1.1057851312424674
2015-01-21,0.0,0.10578513124246736,110578.51312424673,0.0,110578.51312424673,1.1057851312424674
2015-01-22,0.0,0.10578513124246736,110578.51312424673,0.0,110578.51312424673,1.1057851312424674
2015-01-23,0.0,0.10578513124246736,110578.51312424673,0.0,110578.51312424673,1.1057851312424674
2015-01-27,0.0,0.10578513124246736,110578.51312424673,0.0,110578.51312424673,1.1057851312424674
2015-01-28,0.0,0.10578513124246736,110578.51312424673,0.0,110578.51312424673,1.1057851312424674
2015-01-29,0.0,0.10578513124246736,110578.51312424673,0.0,110578.51312424673,1.1057851312424674
2015-01-30,0.0,0.10578513124246736,110578.51312424673,0.0,110578.51312424673,1.1057851312424674
2015-02-02,0.0,0.10578513124246736,110578.51312424673,0.0,110578.51312424673,1.1057851312424674
2015-02-03,0.0,0.10578513124246736,110578.51312424673,0.0,110578.51312424673,1.1057851312424674
2015-02-04,0.0,0.10578513124246736,110578.51312424673,0.0,110578.51312424673,1.1057851312424674
2015-02-05,0.0,0.10578513124246736,110578.51312424673,0.0,110578.51312424673,1.1057851312424674
2015-02-06,0.0,0.10578513124246736,110578.51312424673,0.0,110578.51312424673,1.1057851312424674
2015-02-09,0.0,0.10578513124246736,110578.51312424673,0.0,110578.51312424673,1.1057851312424674
2015-02-10,0.0,0.10578513124246736,110578.51312424673,0.0,110578.51312424673,1.1057851312424674
2015-02-11,0.0,0.10578513124246736,110578.51312424673,0.0,110578.51312424673,1.1057851312424674
2015-02-12,0.0,0.10578513124246736,110578.51312424673,0.0,110578.51312424673,1.1057851312424674
2015-02-13,0.0,0.10578513124246736,110578.51312424673,0.0,110578.51312424673,1.1057851312424674
2015-02-16,0.0,0.10578513124246736,110578.51312424673,0.0,110578.51312424673,1.1057851312424674
2015-02-18,0.0,0.10578513124246736,110578.51312424673,0.0,110578.51312424673,1.1057851312424674
2015-02-19,0.0,0.10578513124246736,110578.51312424673,0.0,110578.51312424673,1.1057851312424674
2015-02-20,0.0,0.10578513124246736,110578.51312424673,0.0,110578.51312424673,1.1057851312424674
2015-02-23,0.0,0.10578513124246736,110578.51312424673,0.0,110578.51312424673,1.1057851312424674
2015-02-24,0.0,0.10578513124246736,110578.51312424673,0.0,110578.51312424673,1.1057851312424674
2015-02-25,0.0,0.10578513124246736,110578.51312424673,0.0,110578.51312424673,1.1057851312424674
2015-02-26,0.0,0.10578513124246736,110578.51312424673,0.0,110578.51312424673,1.1057851312424674
2015-02-27,0.0,0.10578513124246736,110578.51312424673,0.0,110578.51312424673,1.1057851312424674
2015-03-02,0.0,0.10578513124246736,110578.51312424673,0.0,110578.51312424673,1.1057851312424674
2015-03-03,0.0,0.10578513124246736,110578.51312424673,0.0,110578.51312424673,1.1057851312424674
2015-03-04,0.0,0.10578513124246736,110578.51312424673,0.0,110578.51312424673,1.1057851312424674
2015-03-05,0.0,0.10578513124246736,110578.51312424673,0.0,110578.51312424673,1.1057851312424674
2015-03-09,0.0,0.10578513124246736,110578.51312424673,0.0,110578.51312424673,1.1057851312424674
2015-03-10,0.0,0.10578513124246736,110578.51312424673,0.0,110578.51312424673,1.1057851312424674
2015-03-11,0.0,0.10578513124246736,110578.51312424673,0.0,110578.51312424673,1.1057851312424674
2015-03-12,0.0,0.10578513124246736,110578.51312424673,0.0,110578.51312424673,1.1057851312424674
2015-03-13,0.0,0.10578513124246736,110578.51312424673,0.0,110578.51312424673,1.1057851312424674
2015-03-16,0.0,0.10578513124246736,110578.51312424673,0.0,110578.51312424673,1.1057851312424674
2015-03-17,0.0,0.10578513124246736,110578.51312424673,0.0,110578.51312424673,1.1057851312424674
2015-03-18,0.0,0.10578513124246736,110578.51312424673,0.0,110578.51312424673,1.1057851312424674
2015-03-19,0.0,0.10578513124246736,110578.51312424673,0.0,110578.51312424673,1.1057851312424674
2015-03-20,0.0,0.10578513124246736,110578.51312424673,0.0,110578.51312424673,1.1057851312424674
2015-03-23,0.0,0.10578513124246736,110578.51312424673,0.0,110578.51312424673,1.1057851312424674
2015-03-24,0.0,0.10578513124246736,110578.51312424673,0.0,110578.51312424673,1.1057851312424674
2015-03-25,0.0,0.10578513124246736,110578.51312424673,0.0,110578.51312424673,1.1057851312424674
2015-03-26,0.0,0.10578513124246736,110578.51312424673,0.0,110578.51312424673,1.1057851312424674
2015-03-27,-0.0072030501875893285,0.09782010544543773,109782.01054454378,-796.5025797029521,109782.01054454378,1.0978201054454377
2015-03-30,0.018090417315550236,0.1176801292903471,111768.01292903471,1986.0023844909301,111768.01292903471,1.117680129290347
2015-03-31,-0.00015305685354896986,0.1175090606864837,111750.90606864837,-17.106860386338667,111750.90606864837,1.1175090606864837
2015-04-01,0.011217759981156518,0.13004500910603234,113004.50091060324,1253.5948419548658,113004.50091060324,1.1300450091060323
2015-04-06,0.002741526241083127,0.1331430571521015,113314.30571521015,309.80480460691615,113314.30571521015,1.1331430571521015
2015-04-07,0.0,0.1331430571521015,113314.30571521015,0.0,113314.30571521015,1.1331430571521015
2015-04-08,0.0,0.1331430571521015,113314.30571521015,0.0,113314.30571521015,1.1331430571521015
2015-04-09,0.0,0.1331430571521015,113314.30571521015,0.0,113314.30571521015,1.1331430571521015
2015-04-10,0.0,0.1331430571521015,113314.30571521015,0.0,113314.30571521015,1.1331430571521015
2015-04-13,0.0,0.1331430571521015,113314.30571521015,0.0,113314.30571521015,1.1331430571521015
2015-04-16,0.0,0.1331430571521015,113314.30571521015,0.0,113314.30571521015,1.1331430571521015
2015-04-17,0.0,0.1331430571521015,113314.30571521015,0.0,113314.30571521015,1.1331430571521015
2015-04-20,0.0,0.1331430571521015,113314.30571521015,0.0,113314.30571521015,1.1331430571521015
2015-04-21,0.0,0.1331430571521015,113314.30571521015,0.0,113314.30571521015,1.1331430571521015
2015-04-22,0.0,0.1331430571521015,113314.30571521015,0.0,113314.30571521015,1.1331430571521015
2015-04-23,0.0,0.1331430571521015,113314.30571521015,0.0,113314.30571521015,1.1331430571521015
2015-04-24,0.0,0.1331430571521015,113314.30571521015,0.0,113314.30571521015,1.1331430571521015
2015-04-27,0.0,0.1331430571521015,113314.30571521015,0.0,113314.30571521015,1.1331430571521015
2015-04-28,0.0,0.1331430571521015,113314.30571521015,0.0,113314.30571521015,1.1331430571521015
2015-04-29,0.0,0.1331430571521015,113314.30571521015,0.0,113314.30571521015,1.1331430571521015
2015-04-30,0.0,0.1331430571521015,113314.30571521015,0.0,113314.30571521015,1.1331430571521015
2015-05-04,0.0,0.1331430571521015,113314.30571521015,0.0,113314.30571521015,1.1331430571521015
2015-05-05,0.0,0.1331430571521015,113314.30571521015,0.0,113314.30571521015,1.1331430571521015
2015-05-06,0.0,0.1331430571521015,113314.30571521015,0.0,113314.30571521015,1.1331430571521015
2015-05-07,0.0,0.1331430571521015,113314.30571521015,0.0,113314.30571521015,1.1331430571521015
2015-05-08,0.0,0.1331430571521015,113314.30571521015,0.0,113314.30571521015,1.1331430571521015
2015-05-11,0.0,0.1331430571521015,113314.30571521015,0.0,113314.30571521015,1.1331430571521015
2015-05-12,0.0,0.1331430571521015,113314.30571521015,0.0,113314.30571521015,1.1331430571521015
2015-05-13,0.0,0.1331430571521015,113314.30571521015,0.0,113314.30571521015,1.1331430571521015
2015-05-14,0.0,0.1331430571521015,113314.30571521015,0.0,113314.30571521015,1.1331430571521015
2015-05-15,0.0,0.1331430571521015,113314.30571521015,0.0,113314.30571521015,1.1331430571521015
2015-05-18,0.0,0.1331430571521015,113314.30571521015,0.0,113314.30571521015,1.1331430571521015
2015-05-19,0.0,0.1331430571521015,113314.30571521015,0.0,113314.30571521015,1.1331430571521015
2015-05-20,0.0,0.1331430571521015,113314.30571521015,0.0,113314.30571521015,1.1331430571521015
2015-05-21,0.0,0.1331430571521015,113314.30571521015,0.0,113314.30571521015,1.1331430571521015
2015-05-22,0.0,0.1331430571521015,113314.30571521015,0.0,113314.30571521015,1.1331430571521015
2015-05-25,0.0,0.1331430571521015,113314.30571521015,0.0,113314.30571521015,1.1331430571521015
2015-05-26,0.0,0.1331430571521015,113314.30571521015,0.0,113314.30571521015,1.1331430571521015
2015-05-27,0.0,0.1331430571521015,113314.30571521015,0.0,113314.30571521015,1.1331430571521015
2015-05-28,0.0,0.1331430571521015,113314.30571521015,0.0,113314.30571521015,1.1331430571521015
2015-05-29,0.0,0.1331430571521015,113314.30571521015,0.0,113314.30571521015,1.1331430571521015
2015-06-01,0.0,0.1331430571521015,113314.30571521015,0.0,113314.30571521015,1.1331430571521015
2015-06-02,0.0,0.1331430571521015,113314.30571521015,0.0,113314.30571521015,1.1331430571521015
2015-06-03,0.0,0.1331430571521015,113314.30571521015,0.0,113314.30571521015,1.1331430571521015
2015-06-04,0.0,0.1331430571521015,113314.30571521015,0.0,113314.30571521015,1.1331430571521015
2015-06-05,0.0,0.1331430571521015,113314.30571521015,0.0,113314.30571521015,1.1331430571521015
2015-06-08,0.0,0.1331430571521015,113314.30571521015,0.0,113314.30571521015,1.1331430571521015
2015-06-09,0.0,0.1331430571521015,113314.30571521015,0.0,113314.30571521015,1.1331430571521015
2015-06-10,0.0,0.1331430571521015,113314.30571521015,0.0,113314.30571521015,1.1331430571521015
2015-06-11,0.0,0.1331430571521015,113314.30571521015,0.0,113314.30571521015,1.1331430571521015
2015-06-12,0.0,0.1331430571521015,113314.30571521015,0.0,113314.30571521015,1.1331430571521015
2015-06-15,0.0,0.1331430571521015,113314.30571521015,0.0,113314.30571521015,1.1331430571521015
2015-06-16,0.0,0.1331430571521015,113314.30571521015,0.0,113314.30571521015,1.1331430571521015
2015-06-17,0.0,0.1331430571521015,113314.30571521015,0.0,113314.30571521015,1.1331430571521015
2015-06-18,0.0,0.1331430571521015,113314.30571521015,0.0,113314.30571521015,1.1331430571521015
2015-06-19,0.0,0.1331430571521015,113314.30571521015,0.0,113314.30571521015,1.1331430571521015
2015-06-22,0.0,0.1331430571521015,113314.30571521015,0.0,113314.30571521015,1.1331430571521015
2015-06-23,0.0,0.1331430571521015,113314.30571521015,0.0,113314.30571521015,1.1331430571521015
2015-06-24,0.0,0.1331430571521015,113314.30571521015,0.0,113314.30571521015,1.1331430571521015
2015-06-25,0.0,0.1331430571521015,113314.30571521015,0.0,113314.30571521015,1.1331430571521015
2015-06-26,0.0,0.1331430571521015,113314.30571521015,0.0,113314.30571521015,1.1331430571521015
2015-06-29,0.0,0.1331430571521015,113314.30571521015,0.0,113314.30571521015,1.1331430571521015
2015-06-30,0.0,0.1331430571521015,113314.30571521015,0.0,113314.30571521015,1.1331430571521015
2015-07-01,0.0,0.1331430571521015,113314.30571521015,0.0,113314.30571521015,1.1331430571521015
2015-07-02,0.0,0.1331430571521015,113314.30571521015,0.0,113314.30571521015,1.1331430571521015
2015-07-03,0.0,0.1331430571521015,113314.30571521015,0.0,113314.30571521015,1.1331430571521015
2015-07-06,0.0,0.1331430571521015,113314.30571521015,0.0,113314.30571521015,1.1331430571521015
2015-07-07,0.0,0.1331430571521015,113314.30571521015,0.0,113314.30571521015,1.1331430571521015
2015-07-08,0.0,0.1331430571521015,113314.30571521015,0.0,113314.30571521015,1.1331430571521015
2015-07-09,0.0,0.1331430571521015,113314.30571521015,0.0,113314.30571521015,1.1331430571521015
2015-07-10,0.0,0.1331430571521015,113314.30571521015,0.0,113314.30571521015,1.1331430571521015
2015-07-13,0.0,0.1331430571521015,113314.30571521015,0.0,113314.30571521015,1.1331430571521015
2015-07-14,0.0,0.1331430571521015,113314.30571521015,0.0,113314.30571521015,1.1331430571521015
2015-07-15,0.0,0.1331430571521015,113314.30571521015,0.0,113314.30571521015,1.1331430571521015
2015-07-16,0.0,0.1331430571521015,113314.30571521015,0.0,113314.30571521015,1.1331430571521015
2015-07-17,0.0,0.1331430571521015,113314.30571521015,0.0,113314.30571521015,1.1331430571521015
2015-07-20,0.0,0.1331430571521015,113314.30571521015,0.0,113314.30571521015,1.1331430571521015
2015-07-21,0.0,0.1331430571521015,113314.30571521015,0.0,113314.30571521015,1.1331430571521015
2015-07-22,0.0,0.1331430571521015,113314.30571521015,0.0,113314.30571521015,1.1331430571521015
2015-07-23,0.0,0.1331430571521015,113314.30571521015,0.0,113314.30571521015,1.1331430571521015
2015-07-24,0.0,0.1331430571521015,113314.30571521015,0.0,113314.30571521015,1.1331430571521015
2015-07-27,0.0,0.1331430571521015,113314.30571521015,0.0,113314.30571521015,1.1331430571521015
2015-07-28,0.0,0.1331430571521015,113314.30571521015,0.0,113314.30571521015,1.1331430571521015
2015-07-29,0.0,0.1331430571521015,113314.30571521015,0.0,113314.30571521015,1.1331430571521015
2015-07-30,0.0,0.1331430571521015,113314.30571521015,0.0,113314.30571521015,1.1331430571521015
2015-07-31,0.0,0.1331430571521015,113314.30571521015,0.0,113314.30571521015,1.1331430571521015
2015-08-03,0.0,0.1331430571521015,113314.30571521015,0.0,113314.30571521015,1.1331430571521015
2015-08-04,0.0,0.1331430571521015,113314.30571521015,0.0,113314.30571521015,1.1331430571521015
2015-08-05,0.0,0.1331430571521015,113314.30571521015,0.0,113314.30571521015,1.1331430571521015
2015-08-06,0.0,0.1331430571521015,113314.30571521015,0.0,113314.30571521015,1.1331430571521015
2015-08-07,0.0,0.1331430571521015,113314.30571521015,0.0,113314.30571521015,1.1331430571521015
2015-08-10,0.0,0.1331430571521015,113314.30571521015,0.0,113314.30571521015,1.1331430571521015
2015-08-11,0.0,0.1331430571521015,113314.30571521015,0.0,113314.30571521015,1.1331430571521015
2015-08-12,0.0,0.1331430571521015,113314.30571521015,0.0,113314.30571521015,1.1331430571521015
2015-08-13,0.0,0.1331430571521015,113314.30571521015,0.0,113314.30571521015,1.1331430571521015
2015-08-14,0.0,0.1331430571521015,113314.30571521015,0.0,113314.30571521015,1.1331430571521015
2015-08-17,0.0,0.1331430571521015,113314.30571521015,0.0,113314.30571521015,1.1331430571521015
2015-08-18,0.0,0.1331430571521015,113314.30571521015,0.0,113314.30571521015,1.1331430571521015
2015-08-19,0.0,0.1331430571521015,113314.30571521015,0.0,113314.30571521015,1.1331430571521015
2015-08-20,0.0,0.1331430571521015,113314.30571521015,0.0,113314.30571521015,1.1331430571521015
2015-08-21,0.0,0.1331430571521015,113314.30571521015,0.0,113314.30571521015,1.1331430571521015
2015-08-24,0.0,0.1331430571521015,113314.30571521015,0.0,113314.30571521015,1.1331430571521015
2015-08-25,-0.0025618065219073184,0.13024016387803528,113024.01638780352,-290.28932740663004,113024.01638780352,1.1302401638780353
2015-08-26,-0.011274391291918288,0.1174973940166324,111749.73940166325,-1274.2769861402776,111749.73940166325,1.1174973940166324
2015-08-27,0.020162104723177993,0.1400284935026741,114002.84935026741,2253.109948604164,114002.84935026741,1.140028493502674
2015-08-28,0.006667547122292215,0.14762968720385894,114762.96872038589,760.119370118482,114762.96872038589,1.147629687203859
2015-08-31,-0.0038303650831212166,0.14323384652164006,114323.38465216401,-439.5840682218841,114323.38465216401,1.14323384652164
2015-09-01,-0.023264675971940842,0.11663688152215856,111663.68815221585,-2659.696499948157,111663.68815221585,1.1166368815221586
2015-09-02,-0.00884297755449668,0.1067624866423349,110676.24866423348,-987.4394879823667,110676.24866423348,1.106762486642335
2015-09-03,0.013735907736166904,0.1219648740447048,112196.48740447048,1520.2387402369932,112196.48740447048,1.1219648740447048
2015-09-04,-0.02146877097181388,0.09787766712541912,109787.76671254191,-2408.7206919285672,109787.76671254191,1.0978776671254191
2015-09-07,-0.01257339958011275,0.08407361252656931,108407.36125265693,-1380.4054598849762,108407.36125265693,1.0840736125265693
2015-09-08,0.017125760525132972,0.10263919760631501,110263.9197606315,1856.5585079745651,110263.9197606315,1.102639197606315
2015-09-09,0.016954456170942673,0.12133384555449478,112133.38455544948,1869.4647948179772,112133.38455544948,1.1213338455544948
2015-09-10,-0.0039009540862875005,0.11695957370758636,111695.95737075864,-437.42718469083775,111695.95737075864,1.1169595737075864
2015-09-11,0.00015404360706804986,0.11713163418926942,111713.16341892694,17.206048168300185,111713.16341892694,1.1171316341892694
2015-09-14,0.010649249276883866,0.1290282474368436,112902.82474368437,1189.6613247574278,112902.82474368437,1.1290282474368436
2015-09-15,-0.0013224271769506813,0.12753518979888812,112753.51897988882,-149.30576379554986,112753.51897988882,1.1275351897988881
2015-09-16,0.0,0.12753518979888812,112753.51897988882,0.0,112753.51897988882,1.1275351897988881
2015-09-18,0.0,0.12753518979888812,112753.51897988882,0.0,112753.51897988882,1.1275351897988881
2015-09-21,0.0,0.12753518979888812,112753.51897988882,0.0,112753.51897988882,1.1275351897988881
2015-09-22,0.0,0.12753518979888812,112753.51897988882,0.0,112753.51897988882,1.1275351897988881
2015-09-23,0.0,0.12753518979888812,112753.51897988882,0.0,112753.51897988882,1.1275351897988881
2015-09-24,0.0,0.12753518979888812,112753.51897988882,0.0,112753.51897988882,1.1275351897988881
2015-09-28,0.0,0.12753518979888812,112753.51897988882,0.0,112753.51897988882,1.1275351897988881
2015-09-29,0.0,0.12753518979888812,112753.51897988882,0.0,112753.51897988882,1.1275351897988881
2015-09-30,0.0,0.12753518979888812,112753.51897988882,0.0,112753.51897988882,1.1275351897988881
2015-10-01,0.0,0.12753518979888812,112753.51897988882,0.0,112753.51897988882,1.1275351897988881
2015-10-05,0.0,0.12753518979888812,112753.51897988882,0.0,112753.51897988882,1.1275351897988881
2015-10-06,0.0,0.12753518979888812,112753.51897988882,0.0,112753.51897988882,1.1275351897988881
2015-10-07,0.0,0.12753518979888812,112753.51897988882,0.0,112753.51897988882,1.1275351897988881
2015-10-08,0.0,0.12753518979888812,112753.51897988882,0.0,112753.51897988882,1.1275351897988881
2015-10-09,0.0,0.12753518979888812,112753.51897988882,0.0,112753.51897988882,1.1275351897988881
2015-10-12,0.0,0.12753518979888812,112753.51897988882,0.0,112753.51897988882,1.1275351897988881
2015-10-13,0.0,0.12753518979888812,112753.51897988882,0.0,112753.51897988882,1.1275351897988881
2015-10-14,0.0,0.12753518979888812,112753.51897988882,0.0,112753.51897988882,1.1275351897988881
2015-10-15,0.0,0.12753518979888812,112753.51897988882,0.0,112753.51897988882,1.1275351897988881
2015-10-16,0.0,0.12753518979888812,112753.51897988882,0.0,112753.51897988882,1.1275351897988881
2015-10-19,0.0,0.12753518979888812,112753.51897988882,0.0,112753.51897988882,1.1275351897988881
2015-10-20,0.0,0.12753518979888812,112753.51897988882,0.0,112753.51897988882,1.1275351897988881
2015-10-21,0.0,0.12753518979888812,112753.51897988882,0.0,112753.51897988882,1.1275351897988881
2015-10-23,0.0,0.12753518979888812,112753.51897988882,0.0,112753.51897988882,1.1275351897988881
2015-10-26,0.0,0.12753518979888812,112753.51897988882,0.0,112753.51897988882,1.1275351897988881
2015-10-27,0.0,0.12753518979888812,112753.51897988882,0.0,112753.51897988882,1.1275351897988881
2015-10-28,0.0,0.12753518979888812,112753.51897988882,0.0,112753.51897988882,1.1275351897988881
2015-10-29,0.0,0.12753518979888812,112753.51897988882,0.0,112753.51897988882,1.1275351897988881
2015-10-30,0.0,0.12753518979888812,112753.51897988882,0.0,112753.51897988882,1.1275351897988881
2015-11-02,0.0,0.12753518979888812,112753.51897988882,0.0,112753.51897988882,1.1275351897988881
2015-11-03,0.0,0.12753518979888812,112753.51897988882,0.0,112753.51897988882,1.1275351897988881
2015-11-04,0.0,0.12753518979888812,112753.51897988882,0.0,112753.51897988882,1.1275351897988881
2015-11-05,0.0,0.12753518979888812,112753.51897988882,0.0,112753.51897988882,1.1275351897988881
2015-11-06,-0.0009827858877568315,0.12642706412640448,112642.70641264044,-110.81256724837294,112642.70641264044,1.1264270641264045
2015-11-09,-0.0049155312642300015,0.1208900766758163,112089.00766758162,-553.6987450588204,112089.00766758162,1.1208900766758163
2015-11-10,-0.016657834849753212,0.1022184748938233,110221.84748938233,-1867.160178199294,110221.84748938233,1.1022184748938233
2015-11-13,-0.002710927478722014,0.09923044054267849,109923.04405426786,-298.80343511447427,109923.04405426786,1.0992304405426785
2015-11-16,0.005713562131630648,0.10551096196169873,110551.09619616988,628.0521419020224,110551.09619616988,1.1055109619616987
2015-11-17,0.003964556483499383,0.10989382261352354,110989.38226135235,438.286065182474,110989.38226135235,1.1098938226135235
2015-11-18,-0.013492737224681212,0.09491831691770236,109491.83169177023,-1497.5505695821194,109491.83169177023,1.0949183169177024
2015-11-19,0.014349853606560669,0.11063023447661324,111063.02344766133,1571.1917558910936,111063.02344766133,1.1106302344766132
2015-11-20,0.0017595619760288163,0.11258445720662635,111258.44572066264,195.42227300131344,111258.44572066264,1.1125844572066264
2015-11-23,-0.0009291361817810503,0.11155071473214839,111155.07147321483,-103.37424744780583,111155.07147321483,1.1115507147321484
2015-11-24,-0.002248610038379463,0.10905127063683384,110905.12706368338,-249.94440953145386,110905.12706368338,1.1090512706368338
2015-11-26,0.006665267171503269,0.11644339366252354,111644.33936625236,739.2123025689798,111644.33936625236,1.1164433936625235
2015-11-27,0.002699413180534499,0.11945713567469673,111945.71356746968,301.374201217317,111945.71356746968,1.1194571356746967
2015-11-30,0.0,0.11945713567469673,111945.71356746968,0.0,111945.71356746968,1.1194571356746967
2015-12-01,0.0,0.11945713567469673,111945.71356746968,0.0,111945.71356746968,1.1194571356746967
2015-12-02,0.0,0.11945713567469673,111945.71356746968,0.0,111945.71356746968,1.1194571356746967
2015-12-03,0.0,0.11945713567469673,111945.71356746968,0.0,111945.71356746968,1.1194571356746967
2015-12-04,0.0,0.11945713567469673,111945.71356746968,0.0,111945.71356746968,1.1194571356746967
2015-12-07,0.0,0.11945713567469673,111945.71356746968,0.0,111945.71356746968,1.1194571356746967
2015-12-08,0.0,0.11945713567469673,111945.71356746968,0.0,111945.71356746968,1.1194571356746967
2015-12-09,0.0,0.11945713567469673,111945.71356746968,0.0,111945.71356746968,1.1194571356746967
2015-12-10,0.004533341753187374,0.12453201744875453,112453.20174487545,507.48817740577215,112453.20174487545,1.1245320174487545
2015-12-11,-0.009481552357302941,0.11386970824785059,111386.97082478506,-1066.2309200903837,111386.97082478506,1.1138697082478506
2015-12-14,0.005203320218742193,0.11966552902182115,111966.55290218211,579.5820773970481,111966.55290218211,1.1196655290218211
2015-12-15,0.0066470283141283676,0.12710797749558278,112710.79774955827,744.2448473761615,112710.79774955827,1.1271079774955828
2015-12-16,0.0064927476832652535,0.13442600520525705,113442.60052052571,731.8027709674352,113442.60052052571,1.134426005205257
2015-12-17,0.003447892857451091,0.13833738452591104,113833.7384525911,391.1379320653941,113833.7384525911,1.138337384525911
2015-12-18,0.0,0.13833738452591104,113833.7384525911,0.0,113833.7384525911,1.138337384525911
2015-12-21,0.0,0.13833738452591104,113833.7384525911,0.0,113833.7384525911,1.138337384525911
2015-12-22,0.0,0.13833738452591104,113833.7384525911,0.0,113833.7384525911,1.138337384525911
2015-12-23,0.0,0.13833738452591104,113833.7384525911,0.0,113833.7384525911,1.138337384525911
2015-12-24,0.0,0.13833738452591104,113833.7384525911,0.0,113833.7384525911,1.138337384525911
2015-12-28,0.0,0.13833738452591104,113833.7384525911,0.0,113833.7384525911,1.138337384525911
2015-12-29,0.0,0.13833738452591104,113833.7384525911,0.0,113833.7384525911,1.138337384525911
2015-12-30,0.0,0.13833738452591104,113833.7384525911,0.0,113833.7384525911,1.138337384525911
2015-12-31,0.0,0.13833738452591104,113833.7384525911,0.0,113833.7384525911,1.138337384525911
2016-01-04,0.0,0.13833738452591104,113833.7384525911,0.0,113833.7384525911,1.138337384525911
2016-01-05,0.0,0.13833738452591104,113833.7384525911,0.0,113833.7384525911,1.138337384525911
2016-01-06,0.0,0.13833738452591104,113833.7384525911,0.0,113833.7384525911,1.138337384525911
2016-01-07,0.0,0.13833738452591104,113833.7384525911,0.0,113833.7384525911,1.138337384525911
2016-01-08,0.0,0.13833738452591104,113833.7384525911,0.0,113833.7384525911,1.138337384525911
2016-01-11,0.0,0.13833738452591104,113833.7384525911,0.0,113833.7384525911,1.138337384525911
2016-01-12,0.0,0.13833738452591104,113833.7384525911,0.0,113833.7384525911,1.138337384525911
2016-01-13,0.0,0.13833738452591104,113833.7384525911,0.0,113833.7384525911,1.138337384525911
2016-01-14,0.0,0.13833738452591104,113833.7384525911,0.0,113833.7384525911,1.138337384525911
2016-01-15,0.0,0.13833738452591104,113833.7384525911,0.0,113833.7384525911,1.138337384525911
2016-01-18,0.0,0.13833738452591104,113833.7384525911,0.0,113833.7384525911,1.138337384525911
2016-01-19,0.006520501013168076,0.14575991459503945,114575.99145950394,742.2530069128406,114575.99145950394,1.1457599145950395
2016-01-20,-0.01691978471256974,0.1263739035077991,112637.39035077991,-1938.601108724033,112637.39035077991,1.126373903507799
2016-01-21,-0.004446390334017705,0.12136560547075215,112136.56054707522,-500.8298037046916,112136.56054707522,1.1213656054707521
2016-01-22,0.020015720445019845,0.1438105459465151,114381.0545946515,2244.494047576285,114381.0545946515,1.143810545946515
2016-01-25,0.0018457122204608091,0.1459216910490604,114592.16910490603,211.11451025452698,114592.16910490603,1.1459216910490604
2016-01-27,0.00021517824106069675,0.14616826846293351,114616.82684629335,24.65774138731649,114616.82684629335,1.1461682684629335
2016-01-28,-0.0017612984647574872,0.14414952405133596,114414.95240513359,-201.87444115975813,114414.95240513359,1.144149524051336
2016-01-29,0.018707939656508688,0.16555420430531154,116555.42043053116,2140.4680253975675,116555.42043053116,1.1655542043053115
2016-02-01,0.0027309545098013898,0.16873727981597697,116873.7279815977,318.3075510665367,116873.7279815977,1.168737279815977
2016-02-02,0.0,0.16873727981597697,116873.7279815977,0.0,116873.7279815977,1.168737279815977
2016-02-03,0.0,0.16873727981597697,116873.7279815977,0.0,116873.7279815977,1.168737279815977
2016-02-04,0.0,0.16873727981597697,116873.7279815977,0.0,116873.7279815977,1.168737279815977
2016-02-05,0.0,0.16873727981597697,116873.7279815977,0.0,116873.7279815977,1.168737279815977
2016-02-08,0.0,0.16873727981597697,116873.7279815977,0.0,116873.7279815977,1.168737279815977
2016-02-09,0.0,0.16873727981597697,116873.7279815977,0.0,116873.7279815977,1.168737279815977
2016-02-10,0.0,0.16873727981597697,116873.7279815977,0.0,116873.7279815977,1.168737279815977
2016-02-11,-0.032246726209015635,0.13104932874348152,113104.93287434815,-3768.795107249549,113104.93287434815,1.1310493287434815
2016-02-12,0.0006593845767280848,0.1317951252263736,113179.51252263736,74.57964828921831,113179.51252263736,1.1317951252263736
2016-02-15,0.026070949499425962,0.16130209877984703,116130.2098779847,2950.6973553473363,116130.2098779847,1.161302098779847
2016-02-16,-0.016012982386441953,0.14270618872674712,114270.6188726747,-1859.5910053099942,114270.6188726747,1.1427061887267471
2016-02-17,0.008541154940942788,0.15246621933663662,115246.62193366366,976.0030609889509,115246.62193366366,1.1524662193366366
2016-02-18,0.011718419964794871,0.16597130249006264,116597.13024900627,1350.5083153426094,116597.13024900627,1.1659713024900626
2016-02-19,0.0026419160844022667,0.16905170082806253,116905.17008280626,308.0398337999941,116905.17008280626,1.1690517008280625
2016-02-22,0.003300600448982422,0.17291027339669918,117291.02733966992,385.85725686365913,117291.02733966992,1.1729102733966992
2016-02-23,9.479720994862574e-05,0.17302146201813717,117302.14620181372,11.118862143805018,117302.14620181372,1.1730214620181372
2016-02-24,0.0,0.17302146201813717,117302.14620181372,0.0,117302.14620181372,1.1730214620181372
2016-02-25,0.0,0.17302146201813717,117302.14620181372,0.0,117302.14620181372,1.1730214620181372
2016-02-26,0.0,0.17302146201813717,117302.14620181372,0.0,117302.14620181372,1.1730214620181372
2016-02-29,0.0,0.17302146201813717,117302.14620181372,0.0,117302.14620181372,1.1730214620181372
2016-03-01,0.0,0.17302146201813717,117302.14620181372,0.0,117302.14620181372,1.1730214620181372
2016-03-02,0.0,0.17302146201813717,117302.14620181372,0.0,117302.14620181372,1.1730214620181372
2016-03-03,0.0,0.17302146201813717,117302.14620181372,0.0,117302.14620181372,1.1730214620181372
2016-03-04,0.0,0.17302146201813717,117302.14620181372,0.0,117302.14620181372,1.1730214620181372
2016-03-08,0.0,0.17302146201813717,117302.14620181372,0.0,117302.14620181372,1.1730214620181372
2016-03-09,0.0,0.17302146201813717,117302.14620181372,0.0,117302.14620181372,1.1730214620181372
2016-03-10,0.0,0.17302146201813717,117302.14620181372,0.0,117302.14620181372,1.1730214620181372
2016-03-11,0.0,0.17302146201813717,117302.14620181372,0.0,117302.14620181372,1.1730214620181372
2016-03-14,0.0,0.17302146201813717,117302.14620181372,0.0,117302.14620181372,1.1730214620181372
2016-03-15,0.0,0.17302146201813717,117302.14620181372,0.0,117302.14620181372,1.1730214620181372
2016-03-16,0.0,0.17302146201813717,117302.14620181372,0.0,117302.14620181372,1.1730214620181372
2016-03-17,0.0,0.17302146201813717,117302.14620181372,0.0,117302.14620181372,1.1730214620181372
2016-03-18,0.0,0.17302146201813717,117302.14620181372,0.0,117302.14620181372,1.1730214620181372
2016-03-21,0.0,0.17302146201813717,117302.14620181372,0.0,117302.14620181372,1.1730214620181372
2016-03-22,0.0,0.17302146201813717,117302.14620181372,0.0,117302.14620181372,1.1730214620181372
2016-03-23,0.0,0.17302146201813717,117302.14620181372,0.0,117302.14620181372,1.1730214620181372
2016-03-28,0.0,0.17302146201813717,117302.14620181372,0.0,117302.14620181372,1.1730214620181372
2016-03-29,0.0,0.17302146201813717,117302.14620181372,0.0,117302.14620181372,1.1730214620181372
2016-03-30,0.0,0.17302146201813717,117302.14620181372,0.0,117302.14620181372,1.1730214620181372
2016-03-31,0.0,0.17302146201813717,117302.14620181372,0.0,117302.14620181372,1.1730214620181372
2016-04-01,0.0,0.17302146201813717,117302.14620181372,0.0,117302.14620181372,1.1730214620181372
2016-04-04,0.0,0.17302146201813717,117302.14620181372,0.0,117302.14620181372,1.1730214620181372
2016-04-05,0.0,0.17302146201813717,117302.14620181372,0.0,117302.14620181372,1.1730214620181372
2016-04-06,0.0,0.17302146201813717,117302.14620181372,0.0,117302.14620181372,1.1730214620181372
2016-04-07,0.0,0.17302146201813717,117302.14620181372,0.0,117302.14620181372,1.1730214620181372
2016-04-08,0.0,0.17302146201813717,117302.14620181372,0.0,117302.14620181372,1.1730214620181372
2016-04-11,0.0,0.17302146201813717,117302.14620181372,0.0,117302.14620181372,1.1730214620181372
2016-04-12,0.0,0.17302146201813717,117302.14620181372,0.0,117302.14620181372,1.1730214620181372
2016-04-13,0.0,0.17302146201813717,117302.14620181372,0.0,117302.14620181372,1.1730214620181372
2016-04-18,0.0,0.17302146201813717,117302.14620181372,0.0,117302.14620181372,1.1730214620181372
2016-04-20,0.0,0.17302146201813717,117302.14620181372,0.0,117302.14620181372,1.1730214620181372
2016-04-21,0.0,0.17302146201813717,117302.14620181372,0.0,117302.14620181372,1.1730214620181372
2016-04-22,0.0,0.17302146201813717,117302.14620181372,0.0,117302.14620181372,1.1730214620181372
2016-04-25,0.0,0.17302146201813717,117302.14620181372,0.0,117302.14620181372,1.1730214620181372
2016-04-26,0.0,0.17302146201813717,117302.14620181372,0.0,117302.14620181372,1.1730214620181372
2016-04-27,0.0,0.17302146201813717,117302.14620181372,0.0,117302.14620181372,1.1730214620181372
2016-04-28,0.0,0.17302146201813717,117302.14620181372,0.0,117302.14620181372,1.1730214620181372
2016-04-29,0.0,0.17302146201813717,117302.14620181372,0.0,117302.14620181372,1.1730214620181372
2016-05-02,0.0,0.17302146201813717,117302.14620181372,0.0,117302.14620181372,1.1730214620181372
2016-05-03,0.0,0.17302146201813717,117302.14620181372,0.0,117302.14620181372,1.1730214620181372
2016-05-04,0.0,0.17302146201813717,117302.14620181372,0.0,117302.14620181372,1.1730214620181372
2016-05-05,0.0,0.17302146201813717,117302.14620181372,0.0,117302.14620181372,1.1730214620181372
2016-05-06,0.0,0.17302146201813717,117302.14620181372,0.0,117302.14620181372,1.1730214620181372
2016-05-09,0.0,0.17302146201813717,117302.14620181372,0.0,117302.14620181372,1.1730214620181372
2016-05-10,0.0,0.17302146201813717,117302.14620181372,0.0,117302.14620181372,1.1730214620181372
2016-05-11,0.0,0.17302146201813717,117302.14620181372,0.0,117302.14620181372,1.1730214620181372
2016-05-12,0.0,0.17302146201813717,117302.14620181372,0.0,117302.14620181372,1.1730214620181372
2016-05-13,0.0,0.17302146201813717,117302.14620181372,0.0,117302.14620181372,1.1730214620181372
2016-05-16,0.0,0.17302146201813717,117302.14620181372,0.0,117302.14620181372,1.1730214620181372
2016-05-17,0.0,0.17302146201813717,117302.14620181372,0.0,117302.14620181372,1.1730214620181372
2016-05-18,0.0,0.17302146201813717,117302.14620181372,0.0,117302.14620181372,1.1730214620181372
2016-05-19,0.0,0.17302146201813717,117302.14620181372,0.0,117302.14620181372,1.1730214620181372
2016-05-20,0.0,0.17302146201813717,117302.14620181372,0.0,117302.14620181372,1.1730214620181372
2016-05-23,0.0,0.17302146201813717,117302.14620181372,0.0,117302.14620181372,1.1730214620181372
2016-05-24,0.0,0.17302146201813717,117302.14620181372,0.0,117302.14620181372,1.1730214620181372
2016-05-25,0.0,0.17302146201813717,117302.14620181372,0.0,117302.14620181372,1.1730214620181372
2016-05-26,0.0,0.17302146201813717,117302.14620181372,0.0,117302.14620181372,1.1730214620181372
2016-05-27,0.0,0.17302146201813717,117302.14620181372,0.0,117302.14620181372,1.1730214620181372
2016-05-30,0.0,0.17302146201813717,117302.14620181372,0.0,117302.14620181372,1.1730214620181372
2016-05-31,0.0,0.17302146201813717,117302.14620181372,0.0,117302.14620181372,1.1730214620181372
2016-06-01,0.0,0.17302146201813717,117302.14620181372,0.0,117302.14620181372,1.1730214620181372
2016-06-02,0.0,0.17302146201813717,117302.14620181372,0.0,117302.14620181372,1.1730214620181372
2016-06-03,0.0,0.17302146201813717,117302.14620181372,0.0,117302.14620181372,1.1730214620181372
2016-06-06,0.0,0.17302146201813717,117302.14620181372,0.0,117302.14620181372,1.1730214620181372
2016-06-07,0.0,0.17302146201813717,117302.14620181372,0.0,117302.14620181372,1.1730214620181372
2016-06-08,0.0,0.17302146201813717,117302.14620181372,0.0,117302.14620181372,1.1730214620181372
2016-06-09,0.0,0.17302146201813717,117302.14620181372,0.0,117302.14620181372,1.1730214620181372
2016-06-10,0.0,0.17302146201813717,117302.14620181372,0.0,117302.14620181372,1.1730214620181372
2016-06-13,0.0,0.17302146201813717,117302.14620181372,0.0,117302.14620181372,1.1730214620181372
2016-06-14,0.0,0.17302146201813717,117302.14620181372,0.0,117302.14620181372,1.1730214620181372
2016-06-15,0.0,0.17302146201813717,117302.14620181372,0.0,117302.14620181372,1.1730214620181372
2016-06-16,0.0,0.17302146201813717,117302.14620181372,0.0,117302.14620181372,1.1730214620181372
2016-06-17,0.0,0.17302146201813717,117302.14620181372,0.0,117302.14620181372,1.1730214620181372
2016-06-20,0.0,0.17302146201813717,117302.14620181372,0.0,117302.14620181372,1.1730214620181372
2016-06-21,0.0,0.17302146201813717,117302.14620181372,0.0,117302.14620181372,1.1730214620181372
2016-06-22,0.0,0.17302146201813717,117302.14620181372,0.0,117302.14620181372,1.1730214620181372
2016-06-23,0.0,0.17302146201813717,117302.14620181372,0.0,117302.14620181372,1.1730214620181372
2016-06-24,0.0,0.17302146201813717,117302.14620181372,0.0,117302.14620181372,1.1730214620181372
2016-06-27,0.0,0.17302146201813717,117302.14620181372,0.0,117302.14620181372,1.1730214620181372
2016-06-28,0.0,0.17302146201813717,117302.14620181372,0.0,117302.14620181372,1.1730214620181372
2016-06-29,0.0,0.17302146201813717,117302.14620181372,0.0,117302.14620181372,1.1730214620181372
2016-06-30,0.0,0.17302146201813717,117302.14620181372,0.0,117302.14620181372,1.1730214620181372
2016-07-01,0.0,0.17302146201813717,117302.14620181372,0.0,117302.14620181372,1.1730214620181372
2016-07-04,0.0,0.17302146201813717,117302.14620181372,0.0,117302.14620181372,1.1730214620181372
2016-07-05,0.0,0.17302146201813717,117302.14620181372,0.0,117302.14620181372,1.1730214620181372
2016-07-07,0.0,0.17302146201813717,117302.14620181372,0.0,117302.14620181372,1.1730214620181372
2016-07-08,0.0,0.17302146201813717,117302.14620181372,0.0,117302.14620181372,1.1730214620181372
2016-07-11,0.0,0.17302146201813717,117302.14620181372,0.0,117302.14620181372,1.1730214620181372
2016-07-12,0.0,0.17302146201813717,117302.14620181372,0.0,117302.14620181372,1.1730214620181372
2016-07-13,0.0,0.17302146201813717,117302.14620181372,0.0,117302.14620181372,1.1730214620181372
2016-07-14,0.0,0.17302146201813717,117302.14620181372,0.0,117302.14620181372,1.1730214620181372
2016-07-15,0.0,0.17302146201813717,117302.14620181372,0.0,117302.14620181372,1.1730214620181372
2016-07-18,0.0,0.17302146201813717,117302.14620181372,0.0,117302.14620181372,1.1730214620181372
2016-07-19,0.0,0.17302146201813717,117302.14620181372,0.0,117302.14620181372,1.1730214620181372
2016-07-20,0.0,0.17302146201813717,117302.14620181372,0.0,117302.14620181372,1.1730214620181372
2016-07-21,0.0,0.17302146201813717,117302.14620181372,0.0,117302.14620181372,1.1730214620181372
2016-07-22,0.0,0.17302146201813717,117302.14620181372,0.0,117302.14620181372,1.1730214620181372
2016-07-25,0.0,0.17302146201813717,117302.14620181372,0.0,117302.14620181372,1.1730214620181372
2016-07-26,0.0,0.17302146201813717,117302.14620181372,0.0,117302.14620181372,1.1730214620181372
2016-07-27,0.0,0.17302146201813717,117302.14620181372,0.0,117302.14620181372,1.1730214620181372
2016-07-28,0.0,0.17302146201813717,117302.14620181372,0.0,117302.14620181372,1.1730214620181372
2016-07-29,0.0,0.17302146201813717,117302.14620181372,0.0,117302.14620181372,1.1730214620181372
2016-08-01,0.0,0.17302146201813717,117302.14620181372,0.0,117302.14620181372,1.1730214620181372
2016-08-02,0.0,0.17302146201813717,117302.14620181372,0.0,117302.14620181372,1.1730214620181372
2016-08-03,0.0,0.17302146201813717,117302.14620181372,0.0,117302.14620181372,1.1730214620181372
2016-08-04,0.0,0.17302146201813717,117302.14620181372,0.0,117302.14620181372,1.1730214620181372
2016-08-05,0.0,0.17302146201813717,117302.14620181372,0.0,117302.14620181372,1.1730214620181372
2016-08-08,0.0,0.17302146201813717,117302.14620181372,0.0,117302.14620181372,1.1730214620181372
2016-08-09,0.0,0.17302146201813717,117302.14620181372,0.0,117302.14620181372,1.1730214620181372
2016-08-10,0.0,0.17302146201813717,117302.14620181372,0.0,117302.14620181372,1.1730214620181372
2016-08-11,0.0,0.17302146201813717,117302.14620181372,0.0,117302.14620181372,1.1730214620181372
2016-08-16,0.0,0.17302146201813717,117302.14620181372,0.0,117302.14620181372,1.1730214620181372
2016-08-17,0.0,0.17302146201813717,117302.14620181372,0.0,117302.14620181372,1.1730214620181372
2016-08-18,0.0,0.17302146201813717,117302.14620181372,0.0,117302.14620181372,1.1730214620181372
2016-08-19,0.0,0.17302146201813717,117302.14620181372,0.0,117302.14620181372,1.1730214620181372
2016-08-22,0.0,0.17302146201813717,117302.14620181372,0.0,117302.14620181372,1.1730214620181372
2016-08-23,0.0,0.17302146201813717,117302.14620181372,0.0,117302.14620181372,1.1730214620181372
2016-08-24,0.0,0.17302146201813717,117302.14620181372,0.0,117302.14620181372,1.1730214620181372
2016-08-25,0.0,0.17302146201813717,117302.14620181372,0.0,117302.14620181372,1.1730214620181372
2016-08-26,0.0,0.17302146201813717,117302.14620181372,0.0,117302.14620181372,1.1730214620181372
2016-08-29,0.0,0.17302146201813717,117302.14620181372,0.0,117302.14620181372,1.1730214620181372
2016-08-30,0.0,0.17302146201813717,117302.14620181372,0.0,117302.14620181372,1.1730214620181372
2016-08-31,0.0,0.17302146201813717,117302.14620181372,0.0,117302.14620181372,1.1730214620181372
2016-09-01,0.0,0.17302146201813717,117302.14620181372,0.0,117302.14620181372,1.1730214620181372
2016-09-02,0.0,0.17302146201813717,117302.14620181372,0.0,117302.14620181372,1.1730214620181372
2016-09-06,0.0,0.17302146201813717,117302.14620181372,0.0,117302.14620181372,1.1730214620181372
2016-09-07,0.0,0.17302146201813717,117302.14620181372,0.0,117302.14620181372,1.1730214620181372
2016-09-08,0.0,0.17302146201813717,117302.14620181372,0.0,117302.14620181372,1.1730214620181372
2016-09-09,0.0,0.17302146201813717,117302.14620181372,0.0,117302.14620181372,1.1730214620181372
2016-09-12,0.0,0.17302146201813717,117302.14620181372,0.0,117302.14620181372,1.1730214620181372
2016-09-14,0.0,0.17302146201813717,117302.14620181372,0.0,117302.14620181372,1.1730214620181372
2016-09-15,0.0,0.17302146201813717,117302.14620181372,0.0,117302.14620181372,1.1730214620181372
2016-09-16,0.0,0.17302146201813717,117302.14620181372,0.0,117302.14620181372,1.1730214620181372
2016-09-19,0.0,0.17302146201813717,117302.14620181372,0.0,117302.14620181372,1.1730214620181372
2016-09-20,0.0,0.17302146201813717,117302.14620181372,0.0,117302.14620181372,1.1730214620181372
2016-09-21,0.0,0.17302146201813717,117302.14620181372,0.0,117302.14620181372,1.1730214620181372
2016-09-22,0.0,0.17302146201813717,117302.14620181372,0.0,117302.14620181372,1.1730214620181372
2016-09-23,0.0,0.17302146201813717,117302.14620181372,0.0,117302.14620181372,1.1730214620181372
2016-09-26,0.0,0.17302146201813717,117302.14620181372,0.0,117302.14620181372,1.1730214620181372
2016-09-27,0.0,0.17302146201813717,117302.14620181372,0.0,117302.14620181372,1.1730214620181372
2016-09-28,0.0,0.17302146201813717,117302.14620181372,0.0,117302.14620181372,1.1730214620181372
2016-09-29,0.0,0.17302146201813717,117302.14620181372,0.0,117302.14620181372,1.1730214620181372
2016-09-30,0.002755152435471654,0.176253314956077,117625.3314956077,323.1852937939693,117625.3314956077,1.176253314956077
2016-10-03,0.014742422671912711,0.19359413849439777,119359.41384943978,1734.0823538320838,119359.41384943978,1.1935941384943978
2016-10-04,0.0029507240762939417,0.19711610545617653,119711.61054561766,352.1966961778817,119711.61054561766,1.1971161054561765
2016-10-05,0.0,0.19711610545617653,119711.61054561766,0.0,119711.61054561766,1.1971161054561765
2016-10-06,0.0,0.19711610545617653,119711.61054561766,0.0,119711.61054561766,1.1971161054561765
2016-10-07,0.0,0.19711610545617653,119711.61054561766,0.0,119711.61054561766,1.1971161054561765
2016-10-10,0.0,0.19711610545617653,119711.61054561766,0.0,119711.61054561766,1.1971161054561765
2016-10-13,0.0,0.19711610545617653,119711.61054561766,0.0,119711.61054561766,1.1971161054561765
2016-10-14,-0.0019333732109611357,0.19480163324747757,119480.16332474776,-231.44722086990078,119480.16332474776,1.1948016332474776
2016-10-17,-0.0073397484834576915,0.18603208977181662,118603.20897718167,-876.9543475660903,118603.20897718167,1.1860320897718166
2016-10-18,0.018485046802882328,0.207955948460969,120795.5948460969,2192.3858689152257,120795.5948460969,1.207955948460969
2016-10-19,0.0015585658388259506,0.20983862733704695,120983.8627337047,188.2678876077989,120983.8627337047,1.209838627337047
2016-10-20,0.0,0.20983862733704695,120983.8627337047,0.0,120983.8627337047,1.209838627337047
2016-10-21,0.0,0.20983862733704695,120983.8627337047,0.0,120983.8627337047,1.209838627337047
2016-10-24,0.0,0.20983862733704695,120983.8627337047,0.0,120983.8627337047,1.209838627337047
2016-10-25,0.0,0.20983862733704695,120983.8627337047,0.0,120983.8627337047,1.209838627337047
2016-10-26,0.0,0.20983862733704695,120983.8627337047,0.0,120983.8627337047,1.209838627337047
2016-10-27,0.0,0.20983862733704695,120983.8627337047,0.0,120983.8627337047,1.209838627337047
2016-10-28,0.0,0.20983862733704695,120983.8627337047,0.0,120983.8627337047,1.209838627337047
2016-11-01,0.0,0.20983862733704695,120983.8627337047,0.0,120983.8627337047,1.209838627337047
2016-11-02,0.0,0.20983862733704695,120983.8627337047,0.0,120983.8627337047,1.209838627337047
2016-11-03,-0.002452903256790159,0.20687101022786147,120687.10102278614,-296.7617109185521,120687.10102278614,1.2068710102278615
2016-11-04,-0.006034236399028657,0.19958846524901208,119958.84652490121,-728.2544978849328,119958.84652490121,1.199588465249012
2016-11-07,0.007505534867348451,0.2085920183014076,120859.20183014077,900.3553052395582,120859.20183014077,1.2085920183014076
2016-11-08,0.005472487636161402,0.2152060231787254,121520.60231787254,661.4004877317784,121520.60231787254,1.2152060231787254
2016-11-09,-0.013056610804363444,0.19933955108696244,119933.95510869625,-1586.647209176299,119933.95510869625,1.1993395510869624
2016-11-10,0.01111835863377609,0.2126742383396194,121267.42383396193,1333.4687252656877,121267.42383396193,1.2126742383396194
2016-11-11,-0.026912611243878837,0.18003800799771819,118003.80079977182,-3263.62303419011,118003.80079977182,1.1800380079977182
2016-11-15,-0.02264257726906915,0.1533189062211915,115331.89062211914,-2671.9101776526804,115331.89062211914,1.1533189062211915
2016-11-16,0.0003884715658204277,0.15376693782258166,115376.69378225817,44.80316013902484,115376.69378225817,1.1537669378225817
2016-11-17,-0.0039018075302916944,0.149265161296384,114926.5161296384,-450.17765261976456,114926.5161296384,1.149265161296384
2016-11-18,-0.0007240264500199363,0.14843306292151914,114843.30629215192,-83.20983748648723,114843.30629215192,1.1484330629215191
2016-11-21,-0.017958657713704914,0.12780874663740982,112780.87466374098,-2062.4316284109373,112780.87466374098,1.1278087466374098
2016-11-22,0.009231779915716663,0.13822042877338658,113822.04287733865,1041.1682135976735,113822.04287733865,1.1382204287733866
2016-11-23,0.0038738863522510313,0.1426297653582651,114262.97653582651,440.933658487862,114262.97653582651,1.142629765358265
2016-11-24,-0.008439844937436323,0.13298614731774205,113298.6147317742,-964.3618040523143,113298.6147317742,1.132986147317742
2016-11-25,0.018680535394827693,0.15415093514456046,115415.09351445605,2116.47878268185,115415.09351445605,1.1541509351445605
2016-11-28,0.001552826240037511,0.15594313100161683,115594.31310016169,179.21958570563584,115594.31310016169,1.1559431310016168
2016-11-29,0.0018764842908428083,0.15811224012804903,115811.2240128049,216.91091264321585,115811.2240128049,1.158112240128049
2016-11-30,0.0029845305428931467,0.1615686614808094,116156.86614808094,345.64213527603715,116156.86614808094,1.1615686614808094
2016-12-01,0.0,0.1615686614808094,116156.86614808094,0.0,116156.86614808094,1.1615686614808094
2016-12-02,0.0,0.1615686614808094,116156.86614808094,0.0,116156.86614808094,1.1615686614808094
2016-12-05,0.0,0.1615686614808094,116156.86614808094,0.0,116156.86614808094,1.1615686614808094
2016-12-06,0.0,0.1615686614808094,116156.86614808094,0.0,116156.86614808094,1.1615686614808094
2016-12-07,0.0,0.1615686614808094,116156.86614808094,0.0,116156.86614808094,1.1615686614808094
2016-12-08,0.0,0.1615686614808094,116156.86614808094,0.0,116156.86614808094,1.1615686614808094
2016-12-09,0.0,0.1615686614808094,116156.86614808094,0.0,116156.86614808094,1.1615686614808094
2016-12-12,0.0,0.1615686614808094,116156.86614808094,0.0,116156.86614808094,1.1615686614808094
2016-12-13,0.0,0.1615686614808094,116156.86614808094,0.0,116156.86614808094,1.1615686614808094
2016-12-14,0.0,0.1615686614808094,116156.86614808094,0.0,116156.86614808094,1.1615686614808094
2016-12-15,0.0,0.1615686614808094,116156.86614808094,0.0,116156.86614808094,1.1615686614808094
2016-12-16,0.0,0.1615686614808094,116156.86614808094,0.0,116156.86614808094,1.1615686614808094
2016-12-19,0.0,0.1615686614808094,116156.86614808094,0.0,116156.86614808094,1.1615686614808094
2016-12-20,0.0,0.1615686614808094,116156.86614808094,0.0,116156.86614808094,1.1615686614808094
2016-12-21,0.0,0.1615686614808094,116156.86614808094,0.0,116156.86614808094,1.1615686614808094
2016-12-22,0.0,0.1615686614808094,116156.86614808094,0.0,116156.86614808094,1.1615686614808094
2016-12-23,0.0009619629978049545,0.16268604755256377,116268.60475525638,111.73860717544449,116268.60475525638,1.1626860475525638
2016-12-26,-0.00970478665122249,0.1514024275187129,115140.2427518713,-1128.3620033850893,115140.2427518713,1.151402427518713
2016-12-27,0.01575571051196535,0.16954359084947201,116954.3590849472,1814.116333075901,116954.3590849472,1.169543590849472
2016-12-28,0.0002489776325570349,0.16983478104389382,116983.47810438939,29.119019442194258,116983.47810438939,1.1698347810438938
2016-12-29,0.008556475748073288,0.17984444397714872,117984.44439771488,1000.9662933254876,117984.44439771488,1.1798444439771487
2016-12-30,0.0012805770884649127,0.18135532574005864,118135.53257400586,151.08817629098485,118135.53257400586,1.1813553257400586
2017-01-02,0.0,0.18135532574005864,118135.53257400586,0.0,118135.53257400586,1.1813553257400586
2017-01-03,0.0,0.18135532574005864,118135.53257400586,0.0,118135.53257400586,1.1813553257400586
2017-01-04,0.0,0.18135532574005864,118135.53257400586,0.0,118135.53257400586,1.1813553257400586
2017-01-05,0.0,0.18135532574005864,118135.53257400586,0.0,118135.53257400586,1.1813553257400586
2017-01-06,0.0,0.18135532574005864,118135.53257400586,0.0,118135.53257400586,1.1813553257400586
2017-01-09,0.0,0.18135532574005864,118135.53257400586,0.0,118135.53257400586,1.1813553257400586
2017-01-10,0.0,0.18135532574005864,118135.53257400586,0.0,118135.53257400586,1.1813553257400586
2017-01-11,0.0,0.18135532574005864,118135.53257400586,0.0,118135.53257400586,1.1813553257400586
2017-01-12,0.0,0.18135532574005864,118135.53257400586,0.0,118135.53257400586,1.1813553257400586
2017-01-13,0.0,0.18135532574005864,118135.53257400586,0.0,118135.53257400586,1.1813553257400586
2017-01-16,0.0,0.18135532574005864,118135.53257400586,0.0,118135.53257400586,1.1813553257400586
2017-01-17,0.0,0.18135532574005864,118135.53257400586,0.0,118135.53257400586,1.1813553257400586
2017-01-18,0.0,0.18135532574005864,118135.53257400586,0.0,118135.53257400586,1.1813553257400586
2017-01-19,0.0,0.18135532574005864,118135.53257400586,0.0,118135.53257400586,1.1813553257400586
2017-01-20,0.0,0.18135532574005864,118135.53257400586,0.0,118135.53257400586,1.1813553257400586
2017-01-23,0.0,0.18135532574005864,118135.53257400586,0.0,118135.53257400586,1.1813553257400586
2017-01-24,0.0,0.18135532574005864,118135.53257400586,0.0,118135.53257400586,1.1813553257400586
2017-01-25,0.0,0.18135532574005864,118135.53257400586,0.0,118135.53257400586,1.1813553257400586
2017-01-27,0.0,0.18135532574005864,118135.53257400586,0.0,118135.53257400586,1.1813553257400586
2017-01-30,0.0,0.18135532574005864,118135.53257400586,0.0,118135.53257400586,1.1813553257400586
2017-01-31,0.0,0.18135532574005864,118135.53257400586,0.0,118135.53257400586,1.1813553257400586
2017-02-01,0.0,0.18135532574005864,118135.53257400586,0.0,118135.53257400586,1.1813553257400586
2017-02-02,0.0,0.18135532574005864,118135.53257400586,0.0,118135.53257400586,1.1813553257400586
2017-02-03,0.0,0.18135532574005864,118135.53257400586,0.0,118135.53257400586,1.1813553257400586
2017-02-06,0.0,0.18135532574005864,118135.53257400586,0.0,118135.53257400586,1.1813553257400586
2017-02-07,0.0,0.18135532574005864,118135.53257400586,0.0,118135.53257400586,1.1813553257400586
2017-02-08,0.0,0.18135532574005864,118135.53257400586,0.0,118135.53257400586,1.1813553257400586
2017-02-09,0.0,0.18135532574005864,118135.53257400586,0.0,118135.53257400586,1.1813553257400586
2017-02-10,0.0,0.18135532574005864,118135.53257400586,0.0,118135.53257400586,1.1813553257400586
2017-02-13,0.0,0.18135532574005864,118135.53257400586,0.0,118135.53257400586,1.1813553257400586
2017-02-14,0.0,0.18135532574005864,118135.53257400586,0.0,118135.53257400586,1.1813553257400586
2017-02-15,0.0,0.18135532574005864,118135.53257400586,0.0,118135.53257400586,1.1813553257400586
2017-02-16,0.0,0.18135532574005864,118135.53257400586,0.0,118135.53257400586,1.1813553257400586
2017-02-17,0.0,0.18135532574005864,118135.53257400586,0.0,118135.53257400586,1.1813553257400586
2017-02-20,0.0,0.18135532574005864,118135.53257400586,0.0,118135.53257400586,1.1813553257400586
2017-02-21,0.0,0.18135532574005864,118135.53257400586,0.0,118135.53257400586,1.1813553257400586
2017-02-22,0.0,0.18135532574005864,118135.53257400586,0.0,118135.53257400586,1.1813553257400586
2017-02-23,0.0,0.18135532574005864,118135.53257400586,0.0,118135.53257400586,1.1813553257400586
2017-02-27,0.0,0.18135532574005864,118135.53257400586,0.0,118135.53257400586,1.1813553257400586
2017-02-28,0.0,0.18135532574005864,118135.53257400586,0.0,118135.53257400586,1.1813553257400586
2017-03-01,0.0,0.18135532574005864,118135.53257400586,0.0,118135.53257400586,1.1813553257400586
2017-03-02,0.0,0.18135532574005864,118135.53257400586,0.0,118135.53257400586,1.1813553257400586
2017-03-03,0.0,0.18135532574005864,118135.53257400586,0.0,118135.53257400586,1.1813553257400586
2017-03-06,0.0,0.18135532574005864,118135.53257400586,0.0,118135.53257400586,1.1813553257400586
2017-03-07,0.0,0.18135532574005864,118135.53257400586,0.0,118135.53257400586,1.1813553257400586
2017-03-08,0.0,0.18135532574005864,118135.53257400586,0.0,118135.53257400586,1.1813553257400586
2017-03-09,0.0,0.18135532574005864,118135.53257400586,0.0,118135.53257400586,1.1813553257400586
2017-03-10,0.0,0.18135532574005864,118135.53257400586,0.0,118135.53257400586,1.1813553257400586
2017-03-14,0.0,0.18135532574005864,118135.53257400586,0.0,118135.53257400586,1.1813553257400586
2017-03-15,0.0,0.18135532574005864,118135.53257400586,0.0,118135.53257400586,1.1813553257400586
2017-03-16,0.0,0.18135532574005864,118135.53257400586,0.0,118135.53257400586,1.1813553257400586
2017-03-17,0.0,0.18135532574005864,118135.53257400586,0.0,118135.53257400586,1.1813553257400586
2017-03-20,0.0,0.18135532574005864,118135.53257400586,0.0,118135.53257400586,1.1813553257400586
2017-03-21,0.0,0.18135532574005864,118135.53257400586,0.0,118135.53257400586,1.1813553257400586
2017-03-22,0.0,0.18135532574005864,118135.53257400586,0.0,118135.53257400586,1.1813553257400586
2017-03-23,0.0,0.18135532574005864,118135.53257400586,0.0,118135.53257400586,1.1813553257400586
2017-03-24,0.0,0.18135532574005864,118135.53257400586,0.0,118135.53257400586,1.1813553257400586
2017-03-27,0.0,0.18135532574005864,118135.53257400586,0.0,118135.53257400586,1.1813553257400586
2017-03-28,0.0,0.18135532574005864,118135.53257400586,0.0,118135.53257400586,1.1813553257400586
2017-03-29,0.0,0.18135532574005864,118135.53257400586,0.0,118135.53257400586,1.1813553257400586
2017-03-30,0.0,0.18135532574005864,118135.53257400586,0.0,118135.53257400586,1.1813553257400586
2017-03-31,0.0,0.18135532574005864,118135.53257400586,0.0,118135.53257400586,1.1813553257400586
2017-04-03,0.0,0.18135532574005864,118135.53257400586,0.0,118135.53257400586,1.1813553257400586
2017-04-05,0.0,0.18135532574005864,118135.53257400586,0.0,118135.53257400586,1.1813553257400586
2017-04-06,0.0,0.18135532574005864,118135.53257400586,0.0,118135.53257400586,1.1813553257400586
2017-04-07,0.0,0.18135532574005864,118135.53257400586,0.0,118135.53257400586,1.1813553257400586
2017-04-10,0.0,0.18135532574005864,118135.53257400586,0.0,118135.53257400586,1.1813553257400586
2017-04-11,0.0,0.18135532574005864,118135.53257400586,0.0,118135.53257400586,1.1813553257400586
2017-04-12,0.0,0.18135532574005864,118135.53257400586,0.0,118135.53257400586,1.1813553257400586
2017-04-13,0.0,0.18135532574005864,118135.53257400586,0.0,118135.53257400586,1.1813553257400586
2017-04-17,0.0,0.18135532574005864,118135.53257400586,0.0,118135.53257400586,1.1813553257400586
2017-04-18,0.0,0.18135532574005864,118135.53257400586,0.0,118135.53257400586,1.1813553257400586
2017-04-19,0.0,0.18135532574005864,118135.53257400586,0.0,118135.53257400586,1.1813553257400586
2017-04-20,0.0,0.18135532574005864,118135.53257400586,0.0,118135.53257400586,1.1813553257400586
2017-04-21,0.0,0.18135532574005864,118135.53257400586,0.0,118135.53257400586,1.1813553257400586
2017-04-24,0.0,0.18135532574005864,118135.53257400586,0.0,118135.53257400586,1.1813553257400586
2017-04-25,0.0,0.18135532574005864,118135.53257400586,0.0,118135.53257400586,1.1813553257400586
2017-04-26,0.0,0.18135532574005864,118135.53257400586,0.0,118135.53257400586,1.1813553257400586
2017-04-27,0.0,0.18135532574005864,118135.53257400586,0.0,118135.53257400586,1.1813553257400586
2017-04-28,0.0,0.18135532574005864,118135.53257400586,0.0,118135.53257400586,1.1813553257400586
2017-05-02,0.0,0.18135532574005864,118135.53257400586,0.0,118135.53257400586,1.1813553257400586
2017-05-03,0.0,0.18135532574005864,118135.53257400586,0.0,118135.53257400586,1.1813553257400586
2017-05-04,0.0,0.18135532574005864,118135.53257400586,0.0,118135.53257400586,1.1813553257400586
2017-05-05,0.0,0.18135532574005864,118135.53257400586,0.0,118135.53257400586,1.1813553257400586
2017-05-08,0.0,0.18135532574005864,118135.53257400586,0.0,118135.53257400586,1.1813553257400586
2017-05-09,0.0,0.18135532574005864,118135.53257400586,0.0,118135.53257400586,1.1813553257400586
2017-05-10,0.0,0.18135532574005864,118135.53257400586,0.0,118135.53257400586,1.1813553257400586
2017-05-11,0.0,0.18135532574005864,118135.53257400586,0.0,118135.53257400586,1.1813553257400586
2017-05-12,0.0,0.18135532574005864,118135.53257400586,0.0,118135.53257400586,1.1813553257400586
2017-05-15,0.0,0.18135532574005864,118135.53257400586,0.0,118135.53257400586,1.1813553257400586
2017-05-16,0.0,0.18135532574005864,118135.53257400586,0.0,118135.53257400586,1.1813553257400586
2017-05-17,0.0,0.18135532574005864,118135.53257400586,0.0,118135.53257400586,1.1813553257400586
2017-05-18,0.0,0.18135532574005864,118135.53257400586,0.0,118135.53257400586,1.1813553257400586
2017-05-19,0.0,0.18135532574005864,118135.53257400586,0.0,118135.53257400586,1.1813553257400586
2017-05-22,0.0,0.18135532574005864,118135.53257400586,0.0,118135.53257400586,1.1813553257400586
2017-05-23,0.0,0.18135532574005864,118135.53257400586,0.0,118135.53257400586,1.1813553257400586
2017-05-24,0.0,0.18135532574005864,118135.53257400586,0.0,118135.53257400586,1.1813553257400586
2017-05-25,0.0,0.18135532574005864,118135.53257400586,0.0,118135.53257400586,1.1813553257400586
2017-05-26,0.0,0.18135532574005864,118135.53257400586,0.0,118135.53257400586,1.1813553257400586
2017-05-29,0.0,0.18135532574005864,118135.53257400586,0.0,118135.53257400586,1.1813553257400586
2017-05-30,0.0,0.18135532574005864,118135.53257400586,0.0,118135.53257400586,1.1813553257400586
2017-05-31,0.0,0.18135532574005864,118135.53257400586,0.0,118135.53257400586,1.1813553257400586
2017-06-01,0.0,0.18135532574005864,118135.53257400586,0.0,118135.53257400586,1.1813553257400586
2017-06-02,0.0,0.18135532574005864,118135.53257400586,0.0,118135.53257400586,1.1813553257400586
2017-06-05,0.0,0.18135532574005864,118135.53257400586,0.0,118135.53257400586,1.1813553257400586
2017-06-06,0.0,0.18135532574005864,118135.53257400586,0.0,118135.53257400586,1.1813553257400586
2017-06-07,0.0,0.18135532574005864,118135.53257400586,0.0,118135.53257400586,1.1813553257400586
2017-06-08,0.0,0.18135532574005864,118135.53257400586,0.0,118135.53257400586,1.1813553257400586
2017-06-09,0.0,0.18135532574005864,118135.53257400586,0.0,118135.53257400586,1.1813553257400586
2017-06-12,0.0,0.18135532574005864,118135.53257400586,0.0,118135.53257400586,1.1813553257400586
2017-06-13,0.0,0.18135532574005864,118135.53257400586,0.0,118135.53257400586,1.1813553257400586
2017-06-14,0.0,0.18135532574005864,118135.53257400586,0.0,118135.53257400586,1.1813553257400586
2017-06-15,0.0,0.18135532574005864,118135.53257400586,0.0,118135.53257400586,1.1813553257400586
2017-06-16,0.0,0.18135532574005864,118135.53257400586,0.0,118135.53257400586,1.1813553257400586
2017-06-19,0.0,0.18135532574005864,118135.53257400586,0.0,118135.53257400586,1.1813553257400586
2017-06-20,0.0,0.18135532574005864,118135.53257400586,0.0,118135.53257400586,1.1813553257400586
2017-06-21,0.0,0.18135532574005864,118135.53257400586,0.0,118135.53257400586,1.1813553257400586
2017-06-22,0.0,0.18135532574005864,118135.53257400586,0.0,118135.53257400586,1.1813553257400586
2017-06-23,0.0,0.18135532574005864,118135.53257400586,0.0,118135.53257400586,1.1813553257400586
2017-06-27,0.0,0.18135532574005864,118135.53257400586,0.0,118135.53257400586,1.1813553257400586
2017-06-28,-0.003740922955249862,0.17693596648369092,117693.59664836909,-441.9359256367752,117693.59664836909,1.176935966483691
2017-06-29,0.0013538374160410906,0.17852934643140106,117852.9346431401,159.33799477102002,117852.9346431401,1.178529346431401
2017-06-30,0.0017677404426009416,0.18061268041987977,118061.26804198798,208.33339884786983,118061.26804198798,1.1806126804198798
2017-07-03,0.009883477981521328,0.19228123985151457,119228.12398515145,1166.8559431634785,119228.12398515145,1.1922812398515146
2017-07-04,0.0025137691757670306,0.19527835968109875,119527.83596810988,299.71198295842623,119527.83596810988,1.1952783596810987
2017-07-05,0.0,0.19527835968109875,119527.83596810988,0.0,119527.83596810988,1.1952783596810987
2017-07-06,0.0,0.19527835968109875,119527.83596810988,0.0,119527.83596810988,1.1952783596810987
2017-07-07,0.0,0.19527835968109875,119527.83596810988,0.0,119527.83596810988,1.1952783596810987
2017-07-10,0.0,0.19527835968109875,119527.83596810988,0.0,119527.83596810988,1.1952783596810987
2017-07-11,0.0,0.19527835968109875,119527.83596810988,0.0,119527.83596810988,1.1952783596810987
2017-07-12,0.0,0.19527835968109875,119527.83596810988,0.0,119527.83596810988,1.1952783596810987
2017-07-13,0.0,0.19527835968109875,119527.83596810988,0.0,119527.83596810988,1.1952783596810987
2017-07-14,0.0,0.19527835968109875,119527.83596810988,0.0,119527.83596810988,1.1952783596810987
2017-07-17,0.0,0.19527835968109875,119527.83596810988,0.0,119527.83596810988,1.1952783596810987
2017-07-18,0.0,0.19527835968109875,119527.83596810988,0.0,119527.83596810988,1.1952783596810987
2017-07-19,0.0,0.19527835968109875,119527.83596810988,0.0,119527.83596810988,1.1952783596810987
2017-07-20,0.0,0.19527835968109875,119527.83596810988,0.0,119527.83596810988,1.1952783596810987
2017-07-21,0.0,0.19527835968109875,119527.83596810988,0.0,119527.83596810988,1.1952783596810987
2017-07-24,0.0,0.19527835968109875,119527.83596810988,0.0,119527.83596810988,1.1952783596810987
2017-07-25,0.0,0.19527835968109875,119527.83596810988,0.0,119527.83596810988,1.1952783596810987
2017-07-26,0.0,0.19527835968109875,119527.83596810988,0.0,119527.83596810988,1.1952783596810987
2017-07-27,0.0,0.19527835968109875,119527.83596810988,0.0,119527.83596810988,1.1952783596810987
2017-07-28,0.0,0.19527835968109875,119527.83596810988,0.0,119527.83596810988,1.1952783596810987
2017-07-31,0.0,0.19527835968109875,119527.83596810988,0.0,119527.83596810988,1.1952783596810987
2017-08-01,0.0,0.19527835968109875,119527.83596810988,0.0,119527.83596810988,1.1952783596810987
2017-08-02,0.0,0.19527835968109875,119527.83596810988,0.0,119527.83596810988,1.1952783596810987
2017-08-03,0.0,0.19527835968109875,119527.83596810988,0.0,119527.83596810988,1.1952783596810987
2017-08-04,0.0,0.19527835968109875,119527.83596810988,0.0,119527.83596810988,1.1952783596810987
2017-08-07,0.0,0.19527835968109875,119527.83596810988,0.0,119527.83596810988,1.1952783596810987
2017-08-08,0.0,0.19527835968109875,119527.83596810988,0.0,119527.83596810988,1.1952783596810987
2017-08-09,0.0,0.19527835968109875,119527.83596810988,0.0,119527.83596810988,1.1952783596810987
2017-08-10,0.0,0.19527835968109875,119527.83596810988,0.0,119527.83596810988,1.1952783596810987
2017-08-11,0.0,0.19527835968109875,119527.83596810988,0.0,119527.83596810988,1.1952783596810987
2017-08-14,0.003236180265484458,0.1991464959204594,119914.64959204594,386.81362393606105,119914.64959204594,1.1991464959204594
2017-08-16,0.0105317367968165,0.2117755911963184,121177.55911963184,1262.9095275859,121177.55911963184,1.2117755911963184
2017-08-17,0.0006921671640436179,0.21261434247073407,121261.43424707341,83.87512744156993,121261.43424707341,1.212614342470734
2017-08-18,-0.006739598791147571,0.20444180831408998,120444.180831409,-817.2534156644106,120444.180831409,1.20444180831409
2017-08-21,-0.00844235041293501,0.19427348851631332,119427.34885163134,-1016.831979777664,119427.34885163134,1.1942734885163133
2017-08-22,0.001148225741441068,0.19564478407814834,119564.47840781484,137.12955618349952,119564.47840781484,1.1956447840781483
2017-08-23,0.008903768559017904,0.20629052851437701,120629.05285143771,1064.5744436228706,120629.05285143771,1.206290528514377
2017-08-24,0.00046179189926414614,0.20684758370860412,120684.7583708604,55.70551942269958,120684.7583708604,1.2068475837086041
2017-08-28,0.005655850493267083,0.21367333321022075,121367.33332102207,682.5749501616665,121367.33332102207,1.2136733332102208
2017-08-29,-0.0033631642505295447,0.20959155044414723,120959.15504441473,-408.17827660734474,120959.15504441473,1.2095915504441472
2017-08-30,0.0,0.20959155044414723,120959.15504441473,0.0,120959.15504441473,1.2095915504441472
2017-08-31,0.0,0.20959155044414723,120959.15504441473,0.0,120959.15504441473,1.2095915504441472
2017-09-01,0.0,0.20959155044414723,120959.15504441473,0.0,120959.15504441473,1.2095915504441472
2017-09-04,0.0,0.20959155044414723,120959.15504441473,0.0,120959.15504441473,1.2095915504441472
2017-09-05,0.0,0.20959155044414723,120959.15504441473,0.0,120959.15504441473,1.2095915504441472
2017-09-06,0.0,0.20959155044414723,120959.15504441473,0.0,120959.15504441473,1.2095915504441472
2017-09-07,0.0,0.20959155044414723,120959.15504441473,0.0,120959.15504441473,1.2095915504441472
2017-09-08,0.0,0.20959155044414723,120959.15504441473,0.0,120959.15504441473,1.2095915504441472
2017-09-11,0.0,0.20959155044414723,120959.15504441473,0.0,120959.15504441473,1.2095915504441472
2017-09-12,0.0,0.20959155044414723,120959.15504441473,0.0,120959.15504441473,1.2095915504441472
2017-09-13,0.0,0.20959155044414723,120959.15504441473,0.0,120959.15504441473,1.2095915504441472
2017-09-14,0.0,0.20959155044414723,120959.15504441473,0.0,120959.15504441473,1.2095915504441472
2017-09-15,0.0,0.20959155044414723,120959.15504441473,0.0,120959.15504441473,1.2095915504441472
2017-09-18,0.0,0.20959155044414723,120959.15504441473,0.0,120959.15504441473,1.2095915504441472
2017-09-19,0.0,0.20959155044414723,120959.15504441473,0.0,120959.15504441473,1.2095915504441472
2017-09-20,0.0,0.20959155044414723,120959.15504441473,0.0,120959.15504441473,1.2095915504441472
2017-09-21,0.0,0.20959155044414723,120959.15504441473,0.0,120959.15504441473,1.2095915504441472
2017-09-22,0.0,0.20959155044414723,120959.15504441473,0.0,120959.15504441473,1.2095915504441472
2017-09-25,0.0,0.20959155044414723,120959.15504441473,0.0,120959.15504441473,1.2095915504441472
2017-09-26,0.0,0.20959155044414723,120959.15504441473,0.0,120959.15504441473,1.2095915504441472
2017-09-27,0.0,0.20959155044414723,120959.15504441473,0.0,120959.15504441473,1.2095915504441472
2017-09-28,0.0026431045747503977,0.2127886274047055,121278.86274047055,319.7076960558188,121278.86274047055,1.2127886274047055
2017-09-29,0.002011415113153971,0.21522804877892865,121522.80487789286,243.9421374223166,121522.80487789286,1.2152280487789286
2017-10-03,0.007243159742390053,0.22403013965966756,122403.01396596676,880.2090880738979,122403.01396596676,1.2240301396596676
2017-10-04,0.0056189858131751105,0.2309079476493141,123090.79476493142,687.7807989646535,123090.79476493142,1.230907947649314
2017-10-05,0.0005203460345845474,0.23154844571881217,123154.84457188121,64.04980694979895,123154.84457188121,1.2315484457188122
2017-10-06,0.0,0.23154844571881217,123154.84457188121,0.0,123154.84457188121,1.2315484457188122
2017-10-09,0.0,0.23154844571881217,123154.84457188121,0.0,123154.84457188121,1.2315484457188122
2017-10-10,0.0,0.23154844571881217,123154.84457188121,0.0,123154.84457188121,1.2315484457188122
2017-10-11,0.0,0.23154844571881217,123154.84457188121,0.0,123154.84457188121,1.2315484457188122
2017-10-12,0.0,0.23154844571881217,123154.84457188121,0.0,123154.84457188121,1.2315484457188122
2017-10-13,0.0,0.23154844571881217,123154.84457188121,0.0,123154.84457188121,1.2315484457188122
2017-10-16,0.0,0.23154844571881217,123154.84457188121,0.0,123154.84457188121,1.2315484457188122
2017-10-17,0.0,0.23154844571881217,123154.84457188121,0.0,123154.84457188121,1.2315484457188122
2017-10-18,0.0,0.23154844571881217,123154.84457188121,0.0,123154.84457188121,1.2315484457188122
2017-10-19,0.0,0.23154844571881217,123154.84457188121,0.0,123154.84457188121,1.2315484457188122
2017-10-23,0.0,0.23154844571881217,123154.84457188121,0.0,123154.84457188121,1.2315484457188122
2017-10-24,0.0,0.23154844571881217,123154.84457188121,0.0,123154.84457188121,1.2315484457188122
2017-10-25,0.0,0.23154844571881217,123154.84457188121,0.0,123154.84457188121,1.2315484457188122
2017-10-26,0.0,0.23154844571881217,123154.84457188121,0.0,123154.84457188121,1.2315484457188122
2017-10-27,0.0,0.23154844571881217,123154.84457188121,0.0,123154.84457188121,1.2315484457188122
2017-10-30,0.0,0.23154844571881217,123154.84457188121,0.0,123154.84457188121,1.2315484457188122
2017-10-31,0.0,0.23154844571881217,123154.84457188121,0.0,123154.84457188121,1.2315484457188122
2017-11-01,0.0,0.23154844571881217,123154.84457188121,0.0,123154.84457188121,1.2315484457188122
2017-11-02,0.0,0.23154844571881217,123154.84457188121,0.0,123154.84457188121,1.2315484457188122
2017-11-03,0.0,0.23154844571881217,123154.84457188121,0.0,123154.84457188121,1.2315484457188122
2017-11-06,0.0,0.23154844571881217,123154.84457188121,0.0,123154.84457188121,1.2315484457188122
2017-11-07,0.0,0.23154844571881217,123154.84457188121,0.0,123154.84457188121,1.2315484457188122
2017-11-08,0.0,0.23154844571881217,123154.84457188121,0.0,123154.84457188121,1.2315484457188122
2017-11-09,0.0,0.23154844571881217,123154.84457188121,0.0,123154.84457188121,1.2315484457188122
2017-11-10,0.0,0.23154844571881217,123154.84457188121,0.0,123154.84457188121,1.2315484457188122
2017-11-13,0.0,0.23154844571881217,123154.84457188121,0.0,123154.84457188121,1.2315484457188122
2017-11-14,0.0,0.23154844571881217,123154.84457188121,0.0,123154.84457188121,1.2315484457188122
2017-11-15,0.0,0.23154844571881217,123154.84457188121,0.0,123154.84457188121,1.2315484457188122
2017-11-16,0.0,0.23154844571881217,123154.84457188121,0.0,123154.84457188121,1.2315484457188122
2017-11-17,0.0,0.23154844571881217,123154.84457188121,0.0,123154.84457188121,1.2315484457188122
2017-11-20,0.0,0.23154844571881217,123154.84457188121,0.0,123154.84457188121,1.2315484457188122
2017-11-21,0.0,0.23154844571881217,123154.84457188121,0.0,123154.84457188121,1.2315484457188122
2017-11-22,0.0,0.23154844571881217,123154.84457188121,0.0,123154.84457188121,1.2315484457188122
2017-11-23,0.0,0.23154844571881217,123154.84457188121,0.0,123154.84457188121,1.2315484457188122
2017-11-24,0.0,0.23154844571881217,123154.84457188121,0.0,123154.84457188121,1.2315484457188122
2017-11-27,0.0,0.23154844571881217,123154.84457188121,0.0,123154.84457188121,1.2315484457188122
2017-11-28,0.0,0.23154844571881217,123154.84457188121,0.0,123154.84457188121,1.2315484457188122
2017-11-29,0.0,0.23154844571881217,123154.84457188121,0.0,123154.84457188121,1.2315484457188122
2017-11-30,0.0,0.23154844571881217,123154.84457188121,0.0,123154.84457188121,1.2315484457188122
2017-12-01,0.0,0.23154844571881217,123154.84457188121,0.0,123154.84457188121,1.2315484457188122
2017-12-04,0.0,0.23154844571881217,123154.84457188121,0.0,123154.84457188121,1.2315484457188122
2017-12-05,0.0,0.23154844571881217,123154.84457188121,0.0,123154.84457188121,1.2315484457188122
2017-12-06,0.0,0.23154844571881217,123154.84457188121,0.0,123154.84457188121,1.2315484457188122
2017-12-07,0.0,0.23154844571881217,123154.84457188121,0.0,123154.84457188121,1.2315484457188122
2017-12-08,0.0,0.23154844571881217,123154.84457188121,0.0,123154.84457188121,1.2315484457188122
2017-12-11,0.0,0.23154844571881217,123154.84457188121,0.0,123154.84457188121,1.2315484457188122
2017-12-12,0.0,0.23154844571881217,123154.84457188121,0.0,123154.84457188121,1.2315484457188122
2017-12-13,0.0,0.23154844571881217,123154.84457188121,0.0,123154.84457188121,1.2315484457188122
2017-12-14,0.0,0.23154844571881217,123154.84457188121,0.0,123154.84457188121,1.2315484457188122
2017-12-15,0.0,0.23154844571881217,123154.84457188121,0.0,123154.84457188121,1.2315484457188122
2017-12-18,0.0,0.23154844571881217,123154.84457188121,0.0,123154.84457188121,1.2315484457188122
2017-12-19,0.0,0.23154844571881217,123154.84457188121,0.0,123154.84457188121,1.2315484457188122
2017-12-20,0.0,0.23154844571881217,123154.84457188121,0.0,123154.84457188121,1.2315484457188122
2017-12-21,0.0,0.23154844571881217,123154.84457188121,0.0,123154.84457188121,1.2315484457188122
2017-12-22,0.0,0.23154844571881217,123154.84457188121,0.0,123154.84457188121,1.2315484457188122
2017-12-26,0.0,0.23154844571881217,123154.84457188121,0.0,123154.84457188121,1.2315484457188122
2017-12-27,0.0,0.23154844571881217,123154.84457188121,0.0,123154.84457188121,1.2315484457188122
2017-12-28,0.0,0.23154844571881217,123154.84457188121,0.0,123154.84457188121,1.2315484457188122
2017-12-29,0.0,0.23154844571881217,123154.84457188121,0.0,123154.84457188121,1.2315484457188122
2018-01-02,0.0,0.23154844571881217,123154.84457188121,0.0,123154.84457188121,1.2315484457188122
2018-01-03,0.0,0.23154844571881217,123154.84457188121,0.0,123154.84457188121,1.2315484457188122
2018-01-04,0.0,0.23154844571881217,123154.84457188121,0.0,123154.84457188121,1.2315484457188122
2018-01-05,0.0,0.23154844571881217,123154.84457188121,0.0,123154.84457188121,1.2315484457188122
2018-01-08,0.0,0.23154844571881217,123154.84457188121,0.0,123154.84457188121,1.2315484457188122
2018-01-09,0.0,0.23154844571881217,123154.84457188121,0.0,123154.84457188121,1.2315484457188122
2018-01-10,0.0,0.23154844571881217,123154.84457188121,0.0,123154.84457188121,1.2315484457188122
2018-01-11,0.0,0.23154844571881217,123154.84457188121,0.0,123154.84457188121,1.2315484457188122
2018-01-12,0.0,0.23154844571881217,123154.84457188121,0.0,123154.84457188121,1.2315484457188122
2018-01-15,0.0,0.23154844571881217,123154.84457188121,0.0,123154.84457188121,1.2315484457188122
2018-01-16,0.0,0.23154844571881217,123154.84457188121,0.0,123154.84457188121,1.2315484457188122
2018-01-17,0.0,0.23154844571881217,123154.84457188121,0.0,123154.84457188121,1.2315484457188122
2018-01-18,0.0,0.23154844571881217,123154.84457188121,0.0,123154.84457188121,1.2315484457188122
2018-01-19,0.0,0.23154844571881217,123154.84457188121,0.0,123154.84457188121,1.2315484457188122
2018-01-22,0.0,0.23154844571881217,123154.84457188121,0.0,123154.84457188121,1.2315484457188122
2018-01-23,0.0,0.23154844571881217,123154.84457188121,0.0,123154.84457188121,1.2315484457188122
2018-01-24,0.0,0.23154844571881217,123154.84457188121,0.0,123154.84457188121,1.2315484457188122
2018-01-25,0.0,0.23154844571881217,123154.84457188121,0.0,123154.84457188121,1.2315484457188122
2018-01-29,0.0,0.23154844571881217,123154.84457188121,0.0,123154.84457188121,1.2315484457188122
2018-01-30,0.0,0.23154844571881217,123154.84457188121,0.0,123154.84457188121,1.2315484457188122
2018-01-31,0.0,0.23154844571881217,123154.84457188121,0.0,123154.84457188121,1.2315484457188122
2018-02-01,0.0,0.23154844571881217,123154.84457188121,0.0,123154.84457188121,1.2315484457188122
2018-02-02,0.0,0.23154844571881217,123154.84457188121,0.0,123154.84457188121,1.2315484457188122
2018-02-05,0.0,0.23154844571881217,123154.84457188121,0.0,123154.84457188121,1.2315484457188122
2018-02-06,0.0,0.23154844571881217,123154.84457188121,0.0,123154.84457188121,1.2315484457188122
2018-02-07,0.0,0.23154844571881217,123154.84457188121,0.0,123154.84457188121,1.2315484457188122
2018-02-08,0.0,0.23154844571881217,123154.84457188121,0.0,123154.84457188121,1.2315484457188122
2018-02-09,0.0,0.23154844571881217,123154.84457188121,0.0,123154.84457188121,1.2315484457188122
2018-02-12,0.0,0.23154844571881217,123154.84457188121,0.0,123154.84457188121,1.2315484457188122
2018-02-14,0.0,0.23154844571881217,123154.84457188121,0.0,123154.84457188121,1.2315484457188122
2018-02-15,0.0,0.23154844571881217,123154.84457188121,0.0,123154.84457188121,1.2315484457188122
2018-02-16,0.0,0.23154844571881217,123154.84457188121,0.0,123154.84457188121,1.2315484457188122
2018-02-19,0.0,0.23154844571881217,123154.84457188121,0.0,123154.84457188121,1.2315484457188122
2018-02-20,0.0,0.23154844571881217,123154.84457188121,0.0,123154.84457188121,1.2315484457188122
2018-02-21,0.0,0.23154844571881217,123154.84457188121,0.0,123154.84457188121,1.2315484457188122
2018-02-22,0.0,0.23154844571881217,123154.84457188121,0.0,123154.84457188121,1.2315484457188122
2018-02-23,0.0,0.23154844571881217,123154.84457188121,0.0,123154.84457188121,1.2315484457188122
2018-02-26,0.0,0.23154844571881217,123154.84457188121,0.0,123154.84457188121,1.2315484457188122
2018-02-27,0.0,0.23154844571881217,123154.84457188121,0.0,123154.84457188121,1.2315484457188122
2018-02-28,0.0,0.23154844571881217,123154.84457188121,0.0,123154.84457188121,1.2315484457188122
2018-03-01,0.0,0.23154844571881217,123154.84457188121,0.0,123154.84457188121,1.2315484457188122
2018-03-05,0.0,0.23154844571881217,123154.84457188121,0.0,123154.84457188121,1.2315484457188122
2018-03-06,0.0,0.23154844571881217,123154.84457188121,0.0,123154.84457188121,1.2315484457188122
2018-03-07,-0.008395727868984813,0.22120870011108584,122120.87001110858,-1033.9745607726363,122120.87001110858,1.2212087001110858
2018-03-08,0.008710700361544123,0.23184628317666434,123184.62831766643,1063.758306557851,123184.62831766643,1.2318462831766643
2018-03-09,-0.001542645765246689,0.22994598072448702,122994.5980724487,-190.0302452177275,122994.5980724487,1.229945980724487
2018-03-12,0.019023530088059026,0.2533438950954865,125334.38950954865,2339.7914370999497,125334.38950954865,1.2533438950954865
2018-03-13,-0.0037610464457058295,0.24863001049359057,124863.00104935905,-471.38846018959885,124863.00104935905,1.2486300104935906
2018-03-14,0.0,0.24863001049359057,124863.00104935905,0.0,124863.00104935905,1.2486300104935906
2018-03-15,0.0,0.24863001049359057,124863.00104935905,0.0,124863.00104935905,1.2486300104935906
2018-03-16,0.0,0.24863001049359057,124863.00104935905,0.0,124863.00104935905,1.2486300104935906
2018-03-19,0.0,0.24863001049359057,124863.00104935905,0.0,124863.00104935905,1.2486300104935906
2018-03-20,0.0065426447763856374,0.25679935310938484,125679.93531093848,816.9342615794303,125679.93531093848,1.2567993531093848
2018-03-21,0.003052086486265418,0.2606352134309571,126063.52134309571,383.5860321572254,126063.52134309571,1.260635213430957
2018-03-22,-0.003988084980675021,0.25560769307016296,125560.7693070163,-502.7520360794151,125560.7693070163,1.255607693070163
2018-03-23,-0.011537625281148817,0.24112096200739175,124112.09620073918,-1448.6731062771141,124112.09620073918,1.2411209620073917
2018-03-26,0.013262645068574408,0.2575815088136635,125758.15088136635,1646.054680627174,125758.15088136635,1.2575815088136635
2018-03-27,0.005281003483202758,0.2642228011421197,126422.28011421197,664.1292328456184,126422.28011421197,1.2642228011421197
2018-03-28,-0.006917631084606998,0.25547737419507,125547.737419507,-874.5426947049709,125547.737419507,1.25547737419507
2018-04-02,0.009699675438319521,0.2676550972449159,126765.50972449158,1217.7723049845808,126765.50972449158,1.2676550972449159
2018-04-03,-0.0031432710971328647,0.26367051361661287,126367.05136166129,-398.4583628302935,126367.05136166129,1.2636705136166129
2018-04-04,0.0,0.26367051361661287,126367.05136166129,0.0,126367.05136166129,1.2636705136166129
2018-04-05,0.0,0.26367051361661287,126367.05136166129,0.0,126367.05136166129,1.2636705136166129
2018-04-06,0.0,0.26367051361661287,126367.05136166129,0.0,126367.05136166129,1.2636705136166129
2018-04-09,0.0,0.26367051361661287,126367.05136166129,0.0,126367.05136166129,1.2636705136166129
2018-04-10,0.0,0.26367051361661287,126367.05136166129,0.0,126367.05136166129,1.2636705136166129
2018-04-11,0.0,0.26367051361661287,126367.05136166129,0.0,126367.05136166129,1.2636705136166129
2018-04-12,0.0,0.26367051361661287,126367.05136166129,0.0,126367.05136166129,1.2636705136166129
2018-04-13,0.0,0.26367051361661287,126367.05136166129,0.0,126367.05136166129,1.2636705136166129
2018-04-16,0.0,0.26367051361661287,126367.05136166129,0.0,126367.05136166129,1.2636705136166129
2018-04-17,0.0,0.26367051361661287,126367.05136166129,0.0,126367.05136166129,1.2636705136166129
2018-04-18,0.0,0.26367051361661287,126367.05136166129,0.0,126367.05136166129,1.2636705136166129
2018-04-19,0.0,0.26367051361661287,126367.05136166129,0.0,126367.05136166129,1.2636705136166129
2018-04-20,0.0,0.26367051361661287,126367.05136166129,0.0,126367.05136166129,1.2636705136166129
2018-04-23,0.0,0.26367051361661287,126367.05136166129,0.0,126367.05136166129,1.2636705136166129
2018-04-24,0.0,0.26367051361661287,126367.05136166129,0.0,126367.05136166129,1.2636705136166129
2018-04-25,0.0,0.26367051361661287,126367.05136166129,0.0,126367.05136166129,1.2636705136166129
2018-04-26,0.0,0.26367051361661287,126367.05136166129,0.0,126367.05136166129,1.2636705136166129
2018-04-27,0.0,0.26367051361661287,126367.05136166129,0.0,126367.05136166129,1.2636705136166129
2018-04-30,0.0,0.26367051361661287,126367.05136166129,0.0,126367.05136166129,1.2636705136166129
2018-05-02,0.0,0.26367051361661287,126367.05136166129,0.0,126367.05136166129,1.2636705136166129
2018-05-03,0.0,0.26367051361661287,126367.05136166129,0.0,126367.05136166129,1.2636705136166129
2018-05-04,0.0,0.26367051361661287,126367.05136166129,0.0,126367.05136166129,1.2636705136166129
2018-05-07,0.0,0.26367051361661287,126367.05136166129,0.0,126367.05136166129,1.2636705136166129
2018-05-08,0.0,0.26367051361661287,126367.05136166129,0.0,126367.05136166129,1.2636705136166129
2018-05-09,0.0,0.26367051361661287,126367.05136166129,0.0,126367.05136166129,1.2636705136166129
2018-05-10,0.0,0.26367051361661287,126367.05136166129,0.0,126367.05136166129,1.2636705136166129
2018-05-11,0.0,0.26367051361661287,126367.05136166129,0.0,126367.05136166129,1.2636705136166129
2018-05-14,0.0,0.26367051361661287,126367.05136166129,0.0,126367.05136166129,1.2636705136166129
2018-05-15,0.0,0.26367051361661287,126367.05136166129,0.0,126367.05136166129,1.2636705136166129
2018-05-16,0.0,0.26367051361661287,126367.05136166129,0.0,126367.05136166129,1.2636705136166129
2018-05-17,0.0,0.26367051361661287,126367.05136166129,0.0,126367.05136166129,1.2636705136166129
2018-05-18,0.0,0.26367051361661287,126367.05136166129,0.0,126367.05136166129,1.2636705136166129
2018-05-21,0.0,0.26367051361661287,126367.05136166129,0.0,126367.05136166129,1.2636705136166129
2018-05-22,0.0010350464812898985,0.26497847133524144,126497.84713352415,130.79577186286042,126497.84713352415,1.2649784713352414
2018-05-23,-0.010093348388598223,0.25221060291997843,125221.06029199784,-1276.7868415263074,125221.06029199784,1.2522106029199784
2018-05-24,0.00800548429603439,0.26223515523698215,126223.51552369821,1002.455231700369,126223.51552369821,1.2622351552369822
2018-05-25,0.008683858400313129,0.2731962265929573,127319.62265929572,1096.1071355975146,127319.62265929572,1.2731962265929573
2018-05-28,0.007873532851906973,0.283220778909961,128322.0778909961,1002.455231700369,128322.0778909961,1.283220778909961
2018-05-29,-0.0006298321141967724,0.282412565253799,128241.2565253799,-80.821365616197,128241.2565253799,1.282412565253799
2018-05-30,0.0,0.282412565253799,128241.2565253799,0.0,128241.2565253799,1.282412565253799
2018-05-31,0.0,0.282412565253799,128241.2565253799,0.0,128241.2565253799,1.282412565253799
2018-06-01,0.0,0.282412565253799,128241.2565253799,0.0,128241.2565253799,1.282412565253799
2018-06-04,0.0,0.282412565253799,128241.2565253799,0.0,128241.2565253799,1.282412565253799
2018-06-05,0.0,0.282412565253799,128241.2565253799,0.0,128241.2565253799,1.282412565253799
2018-06-06,0.0,0.282412565253799,128241.2565253799,0.0,128241.2565253799,1.282412565253799
2018-06-07,0.0,0.282412565253799,128241.2565253799,0.0,128241.2565253799,1.282412565253799
2018-06-08,0.0,0.282412565253799,128241.2565253799,0.0,128241.2565253799,1.282412565253799
2018-06-11,0.0,0.282412565253799,128241.2565253799,0.0,128241.2565253799,1.282412565253799
2018-06-12,0.0,0.282412565253799,128241.2565253799,0.0,128241.2565253799,1.282412565253799
2018-06-13,0.0,0.282412565253799,128241.2565253799,0.0,128241.2565253799,1.282412565253799
2018-06-14,0.0,0.282412565253799,128241.2565253799,0.0,128241.2565253799,1.282412565253799
2018-06-15,0.0,0.282412565253799,128241.2565253799,0.0,128241.2565253799,1.282412565253799
2018-06-18,0.0,0.282412565253799,128241.2565253799,0.0,128241.2565253799,1.282412565253799
2018-06-19,0.0,0.282412565253799,128241.2565253799,0.0,128241.2565253799,1.282412565253799
2018-06-20,0.0,0.282412565253799,128241.2565253799,0.0,128241.2565253799,1.282412565253799
2018-06-21,0.0,0.282412565253799,128241.2565253799,0.0,128241.2565253799,1.282412565253799
2018-06-22,0.0,0.282412565253799,128241.2565253799,0.0,128241.2565253799,1.282412565253799
2018-06-25,0.0,0.282412565253799,128241.2565253799,0.0,128241.2565253799,1.282412565253799
2018-06-26,0.0,0.282412565253799,128241.2565253799,0.0,128241.2565253799,1.282412565253799
2018-06-27,0.0,0.282412565253799,128241.2565253799,0.0,128241.2565253799,1.282412565253799
2018-06-28,0.0,0.282412565253799,128241.2565253799,0.0,128241.2565253799,1.282412565253799
2018-06-29,0.0,0.282412565253799,128241.2565253799,0.0,128241.2565253799,1.282412565253799
2018-07-02,0.0,0.282412565253799,128241.2565253799,0.0,128241.2565253799,1.282412565253799
2018-07-03,0.0,0.282412565253799,128241.2565253799,0.0,128241.2565253799,1.282412565253799
2018-07-04,0.0,0.282412565253799,128241.2565253799,0.0,128241.2565253799,1.282412565253799
2018-07-05,0.0,0.282412565253799,128241.2565253799,0.0,128241.2565253799,1.282412565253799
2018-07-06,0.0,0.282412565253799,128241.2565253799,0.0,128241.2565253799,1.282412565253799
2018-07-09,0.0,0.282412565253799,128241.2565253799,0.0,128241.2565253799,1.282412565253799
2018-07-10,0.0,0.282412565253799,128241.2565253799,0.0,128241.2565253799,1.282412565253799
2018-07-11,0.0,0.282412565253799,128241.2565253799,0.0,128241.2565253799,1.282412565253799
2018-07-12,0.0,0.282412565253799,128241.2565253799,0.0,128241.2565253799,1.282412565253799
2018-07-13,0.0,0.282412565253799,128241.2565253799,0.0,128241.2565253799,1.282412565253799
2018-07-16,0.0,0.282412565253799,128241.2565253799,0.0,128241.2565253799,1.282412565253799
2018-07-17,0.0,0.282412565253799,128241.2565253799,0.0,128241.2565253799,1.282412565253799
2018-07-18,0.0,0.282412565253799,128241.2565253799,0.0,128241.2565253799,1.282412565253799
2018-07-19,0.0,0.282412565253799,128241.2565253799,0.0,128241.2565253799,1.282412565253799
2018-07-20,0.0,0.282412565253799,128241.2565253799,0.0,128241.2565253799,1.282412565253799
2018-07-23,0.0,0.282412565253799,128241.2565253799,0.0,128241.2565253799,1.282412565253799
2018-07-24,0.0,0.282412565253799,128241.2565253799,0.0,128241.2565253799,1.282412565253799
2018-07-25,0.0,0.282412565253799,128241.2565253799,0.0,128241.2565253799,1.282412565253799
2018-07-26,0.0,0.282412565253799,128241.2565253799,0.0,128241.2565253799,1.282412565253799
2018-07-27,0.0,0.282412565253799,128241.2565253799,0.0,128241.2565253799,1.282412565253799
2018-07-30,0.0,0.282412565253799,128241.2565253799,0.0,128241.2565253799,1.282412565253799
2018-07-31,0.0,0.282412565253799,128241.2565253799,0.0,128241.2565253799,1.282412565253799
2018-08-01,0.0,0.282412565253799,128241.2565253799,0.0,128241.2565253799,1.282412565253799
2018-08-02,0.0,0.282412565253799,128241.2565253799,0.0,128241.2565253799,1.282412565253799
2018-08-03,0.0,0.282412565253799,128241.2565253799,0.0,128241.2565253799,1.282412565253799
2018-08-06,0.0,0.282412565253799,128241.2565253799,0.0,128241.2565253799,1.282412565253799
2018-08-07,0.0,0.282412565253799,128241.2565253799,0.0,128241.2565253799,1.282412565253799
2018-08-08,0.0,0.282412565253799,128241.2565253799,0.0,128241.2565253799,1.282412565253799
2018-08-09,0.0,0.282412565253799,128241.2565253799,0.0,128241.2565253799,1.282412565253799
2018-08-10,0.0,0.282412565253799,128241.2565253799,0.0,128241.2565253799,1.282412565253799
2018-08-13,0.0,0.282412565253799,128241.2565253799,0.0,128241.2565253799,1.282412565253799
2018-08-14,0.0,0.282412565253799,128241.2565253799,0.0,128241.2565253799,1.282412565253799
2018-08-16,0.0,0.282412565253799,128241.2565253799,0.0,128241.2565253799,1.282412565253799
2018-08-17,0.0,0.282412565253799,128241.2565253799,0.0,128241.2565253799,1.282412565253799
2018-08-20,0.0,0.282412565253799,128241.2565253799,0.0,128241.2565253799,1.282412565253799
2018-08-21,0.0,0.282412565253799,128241.2565253799,0.0,128241.2565253799,1.282412565253799
2018-08-23,0.0,0.282412565253799,128241.2565253799,0.0,128241.2565253799,1.282412565253799
2018-08-24,0.0,0.282412565253799,128241.2565253799,0.0,128241.2565253799,1.282412565253799
2018-08-27,0.0,0.282412565253799,128241.2565253799,0.0,128241.2565253799,1.282412565253799
2018-08-28,0.0,0.282412565253799,128241.2565253799,0.0,128241.2565253799,1.282412565253799
2018-08-29,0.0,0.282412565253799,128241.2565253799,0.0,128241.2565253799,1.282412565253799
2018-08-30,0.0,0.282412565253799,128241.2565253799,0.0,128241.2565253799,1.282412565253799
2018-08-31,0.0,0.282412565253799,128241.2565253799,0.0,128241.2565253799,1.282412565253799
2018-09-03,0.0,0.282412565253799,128241.2565253799,0.0,128241.2565253799,1.282412565253799
2018-09-04,0.0,0.282412565253799,128241.2565253799,0.0,128241.2565253799,1.282412565253799
2018-09-05,0.0,0.282412565253799,128241.2565253799,0.0,128241.2565253799,1.282412565253799
2018-09-06,0.0,0.282412565253799,128241.2565253799,0.0,128241.2565253799,1.282412565253799
2018-09-07,0.0,0.282412565253799,128241.2565253799,0.0,128241.2565253799,1.282412565253799
2018-09-10,0.0,0.282412565253799,128241.2565253799,0.0,128241.2565253799,1.282412565253799
2018-09-11,0.0,0.282412565253799,128241.2565253799,0.0,128241.2565253799,1.282412565253799
2018-09-12,0.001927911771194966,0.28488494353388005,128488.494353388,247.23782800810295,128488.494353388,1.28488494353388
2018-09-14,0.012779338401883125,0.30130492303478396,130130.4923034784,1641.997950090401,130130.4923034784,1.301304923034784
2018-09-17,-0.0050637973415742525,0.294715378624943,129471.5378624943,-658.9544409841037,129471.5378624943,1.294715378624943
2018-09-18,0.0,0.294715378624943,129471.5378624943,0.0,129471.5378624943,1.294715378624943
2018-09-19,0.0,0.294715378624943,129471.5378624943,0.0,129471.5378624943,1.294715378624943
2018-09-21,0.0,0.294715378624943,129471.5378624943,0.0,129471.5378624943,1.294715378624943
2018-09-24,-0.018345372174705,0.27096334314375436,127096.33431437543,-2375.203548118865,127096.33431437543,1.2709633431437544
2018-09-25,0.00912247215602917,0.28255767085291716,128255.76708529172,1159.4327709162899,128255.76708529172,1.2825576708529172
2018-09-26,-0.0012333817079910128,0.2809757876822436,128097.57876822437,-158.18831706735364,128097.57876822437,1.2809757876822436
2018-09-27,-0.006898080420062,0.2721395136826592,127213.95136826592,-883.6273999584519,127213.95136826592,1.2721395136826592
2018-09-28,-0.0042905393473949985,0.2666813490438278,126668.13490438278,-545.8164638831367,126668.13490438278,1.2666813490438278
2018-10-01,0.007122269255513889,0.2757029946726557,127570.29946726556,902.1645628827828,127570.29946726556,1.2757029946726557
2018-10-03,-0.013630606664946256,0.2583143889309787,125831.43889309787,-1738.8605741676874,125831.43889309787,1.2583143889309787
2018-10-04,-0.02385283079685953,0.22830002872255428,122830.00287225543,-3001.4360208424478,122830.00287225543,1.2283000287225543
2018-10-05,-0.02668111467202868,0.19552761480455172,119552.76148045517,-3277.2413918002567,119552.76148045517,1.1955276148045517
2018-10-08,0.003063031253653312,0.19918955325330368,119918.95532533037,366.1938448752044,119918.95532533037,1.1991895532533037
2018-10-09,-0.00454191861143824,0.19374293190274017,119374.29319027402,-544.662135056351,119374.29319027402,1.1937429319027402
2018-10-10,0.015440154906844958,0.2121745076902699,121217.450769027,1843.1575787529728,121217.450769027,1.21217450769027
2018-10-11,-0.021553257346415538,0.18604819857725685,118604.81985772568,-2612.630911301312,118604.81985772568,1.1860481985772569
2018-10-12,0.023239641834065152,0.21361153391013055,121361.15339101305,2756.3335332873685,121361.15339101305,1.2136115339101305
2018-10-15,0.0038195273334924802,0.218246956336142,121824.6956336142,463.54224260115006,121824.6956336142,1.218246956336142
2018-10-16,0.006872770511296076,0.22661968809312527,122661.96880931253,837.2731756983267,122661.96880931253,1.2266196880931253
2018-10-17,-0.012442447418455797,0.2113575371215839,121135.75371215839,-1526.2150971541414,121135.75371215839,1.211357537121584
2018-10-19,-0.014302046081609518,0.19403264580436597,119403.2645804366,-1732.4891317217844,119403.2645804366,1.194032645804366
2018-10-22,-0.005658225154691548,0.18727654025235285,118727.65402523529,-675.6105552013178,118727.65402523529,1.1872765402523529
2018-10-23,-0.009609350217173813,0.17586758417243353,117586.75841724336,-1140.8956079919299,117586.75841724336,1.1758675841724335
2018-10-24,0.007682244334463905,0.184900886259022,118490.08862590221,903.3302086588519,118490.08862590221,1.184900886259022
2018-10-25,-0.009765481735494755,0.17332975829588793,117332.97582958879,-1157.1127963134204,117332.97582958879,1.173329758295888
2018-10-26,-0.00937297029735439,0.1623321733223786,116233.21733223787,-1099.758497350922,116233.21733223787,1.1623321733223786
2018-10-29,0.022018904224825525,0.18792545412419748,118792.54541241974,2559.3280801818764,118792.54541241974,1.1879254541241975
2018-10-30,-0.0051165728450480955,0.1818473470036841,118184.73470036841,-607.8107120513305,118184.73470036841,1.181847347003684
2018-10-31,0.018453797805683757,0.20365691898247396,120365.6918982474,2180.95719787899,120365.6918982474,1.203656918982474
2018-11-01,0.0046049687106226676,0.20919972143271282,120919.97214327128,554.2802450238814,120919.97214327128,1.2091997214327128
2018-11-02,0.0,0.20919972143271282,120919.97214327128,0.0,120919.97214327128,1.2091997214327128
2018-11-05,0.0,0.20919972143271282,120919.97214327128,0.0,120919.97214327128,1.2091997214327128
2018-11-06,0.0,0.20919972143271282,120919.97214327128,0.0,120919.97214327128,1.2091997214327128
2018-11-07,0.0,0.20919972143271282,120919.97214327128,0.0,120919.97214327128,1.2091997214327128
2018-11-09,0.0,0.20919972143271282,120919.97214327128,0.0,120919.97214327128,1.2091997214327128
2018-11-12,0.0,0.20919972143271282,120919.97214327128,0.0,120919.97214327128,1.2091997214327128
2018-11-13,0.0,0.20919972143271282,120919.97214327128,0.0,120919.97214327128,1.2091997214327128
2018-11-14,0.0,0.20919972143271282,120919.97214327128,0.0,120919.97214327128,1.2091997214327128
2018-11-15,0.0,0.20919972143271282,120919.97214327128,0.0,120919.97214327128,1.2091997214327128
2018-11-16,0.0,0.20919972143271282,120919.97214327128,0.0,120919.97214327128,1.2091997214327128
2018-11-19,0.0,0.20919972143271282,120919.97214327128,0.0,120919.97214327128,1.2091997214327128
2018-11-20,0.0,0.20919972143271282,120919.97214327128,0.0,120919.97214327128,1.2091997214327128
2018-11-21,0.0,0.20919972143271282,120919.97214327128,0.0,120919.97214327128,1.2091997214327128
2018-11-22,0.0,0.20919972143271282,120919.97214327128,0.0,120919.97214327128,1.2091997214327128
2018-11-26,0.0,0.20919972143271282,120919.97214327128,0.0,120919.97214327128,1.2091997214327128
2018-11-27,0.0,0.20919972143271282,120919.97214327128,0.0,120919.97214327128,1.2091997214327128
2018-11-28,0.0,0.20919972143271282,120919.97214327128,0.0,120919.97214327128,1.2091997214327128
2018-11-29,0.0,0.20919972143271282,120919.97214327128,0.0,120919.97214327128,1.2091997214327128
2018-11-30,0.0,0.20919972143271282,120919.97214327128,0.0,120919.97214327128,1.2091997214327128
2018-12-03,0.0,0.20919972143271282,120919.97214327128,0.0,120919.97214327128,1.2091997214327128
2018-12-04,0.0,0.20919972143271282,120919.97214327128,0.0,120919.97214327128,1.2091997214327128
2018-12-05,0.0,0.20919972143271282,120919.97214327128,0.0,120919.97214327128,1.2091997214327128
2018-12-06,0.0,0.20919972143271282,120919.97214327128,0.0,120919.97214327128,1.2091997214327128
2018-12-07,0.0,0.20919972143271282,120919.97214327128,0.0,120919.97214327128,1.2091997214327128
2018-12-10,0.0,0.20919972143271282,120919.97214327128,0.0,120919.97214327128,1.2091997214327128
2018-12-11,0.0,0.20919972143271282,120919.97214327128,0.0,120919.97214327128,1.2091997214327128
2018-12-12,0.0,0.20919972143271282,120919.97214327128,0.0,120919.97214327128,1.2091997214327128
2018-12-13,0.0,0.20919972143271282,120919.97214327128,0.0,120919.97214327128,1.2091997214327128
2018-12-14,0.0,0.20919972143271282,120919.97214327128,0.0,120919.97214327128,1.2091997214327128
2018-12-17,0.0,0.20919972143271282,120919.97214327128,0.0,120919.97214327128,1.2091997214327128
2018-12-18,0.0,0.20919972143271282,120919.97214327128,0.0,120919.97214327128,1.2091997214327128
2018-12-19,0.0,0.20919972143271282,120919.97214327128,0.0,120919.97214327128,1.2091997214327128
2018-12-20,0.0,0.20919972143271282,120919.97214327128,0.0,120919.97214327128,1.2091997214327128
2018-12-21,0.0,0.20919972143271282,120919.97214327128,0.0,120919.97214327128,1.2091997214327128
2018-12-24,0.0,0.20919972143271282,120919.97214327128,0.0,120919.97214327128,1.2091997214327128
2018-12-26,0.0,0.20919972143271282,120919.97214327128,0.0,120919.97214327128,1.2091997214327128
2018-12-27,0.0,0.20919972143271282,120919.97214327128,0.0,120919.97214327128,1.2091997214327128
2018-12-28,0.0,0.20919972143271282,120919.97214327128,0.0,120919.97214327128,1.2091997214327128
2018-12-31,0.0,0.20919972143271282,120919.97214327128,0.0,120919.97214327128,1.2091997214327128
2019-01-02,0.0,0.20919972143271282,120919.97214327128,0.0,120919.97214327128,1.2091997214327128
2019-01-03,0.0,0.20919972143271282,120919.97214327128,0.0,120919.97214327128,1.2091997214327128
2019-01-04,0.0,0.20919972143271282,120919.97214327128,0.0,120919.97214327128,1.2091997214327128
2019-01-07,0.0,0.20919972143271282,120919.97214327128,0.0,120919.97214327128,1.2091997214327128
2019-01-08,0.0,0.20919972143271282,120919.97214327128,0.0,120919.97214327128,1.2091997214327128
2019-01-09,0.0,0.20919972143271282,120919.97214327128,0.0,120919.97214327128,1.2091997214327128
2019-01-10,0.0,0.20919972143271282,120919.97214327128,0.0,120919.97214327128,1.2091997214327128
2019-01-11,0.0,0.20919972143271282,120919.97214327128,0.0,120919.97214327128,1.2091997214327128
2019-01-14,0.0,0.20919972143271282,120919.97214327128,0.0,120919.97214327128,1.2091997214327128
2019-01-15,0.0,0.20919972143271282,120919.97214327128,0.0,120919.97214327128,1.2091997214327128
2019-01-16,0.0,0.20919972143271282,120919.97214327128,0.0,120919.97214327128,1.2091997214327128
2019-01-17,0.0,0.20919972143271282,120919.97214327128,0.0,120919.97214327128,1.2091997214327128
2019-01-18,0.0,0.20919972143271282,120919.97214327128,0.0,120919.97214327128,1.2091997214327128
2019-01-21,0.0,0.20919972143271282,120919.97214327128,0.0,120919.97214327128,1.2091997214327128
2019-01-22,0.0,0.20919972143271282,120919.97214327128,0.0,120919.97214327128,1.2091997214327128
2019-01-23,0.0,0.20919972143271282,120919.97214327128,0.0,120919.97214327128,1.2091997214327128
2019-01-24,0.0,0.20919972143271282,120919.97214327128,0.0,120919.97214327128,1.2091997214327128
2019-01-25,0.0,0.20919972143271282,120919.97214327128,0.0,120919.97214327128,1.2091997214327128
2019-01-28,0.0,0.20919972143271282,120919.97214327128,0.0,120919.97214327128,1.2091997214327128
2019-01-29,0.0,0.20919972143271282,120919.97214327128,0.0,120919.97214327128,1.2091997214327128
2019-01-30,0.0,0.20919972143271282,120919.97214327128,0.0,120919.97214327128,1.2091997214327128
2019-01-31,0.0,0.20919972143271282,120919.97214327128,0.0,120919.97214327128,1.2091997214327128
2019-02-01,0.0,0.20919972143271282,120919.97214327128,0.0,120919.97214327128,1.2091997214327128
2019-02-04,0.0,0.20919972143271282,120919.97214327128,0.0,120919.97214327128,1.2091997214327128
2019-02-05,0.0,0.20919972143271282,120919.97214327128,0.0,120919.97214327128,1.2091997214327128
2019-02-06,0.0,0.20919972143271282,120919.97214327128,0.0,120919.97214327128,1.2091997214327128
2019-02-07,0.0,0.20919972143271282,120919.97214327128,0.0,120919.97214327128,1.2091997214327128
2019-02-08,0.0,0.20919972143271282,120919.97214327128,0.0,120919.97214327128,1.2091997214327128
2019-02-11,0.0,0.20919972143271282,120919.97214327128,0.0,120919.97214327128,1.2091997214327128
2019-02-12,0.0,0.20919972143271282,120919.97214327128,0.0,120919.97214327128,1.2091997214327128
2019-02-14,0.0,0.20919972143271282,120919.97214327128,0.0,120919.97214327128,1.2091997214327128
2019-02-15,0.0,0.20919972143271282,120919.97214327128,0.0,120919.97214327128,1.2091997214327128
2019-02-18,0.0,0.20919972143271282,120919.97214327128,0.0,120919.97214327128,1.2091997214327128
2019-02-19,0.0,0.20919972143271282,120919.97214327128,0.0,120919.97214327128,1.2091997214327128
2019-02-20,0.0,0.20919972143271282,120919.97214327128,0.0,120919.97214327128,1.2091997214327128
2019-02-21,0.0,0.20919972143271282,120919.97214327128,0.0,120919.97214327128,1.2091997214327128
2019-02-22,0.0,0.20919972143271282,120919.97214327128,0.0,120919.97214327128,1.2091997214327128
2019-02-25,0.0,0.20919972143271282,120919.97214327128,0.0,120919.97214327128,1.2091997214327128
2019-02-26,0.0,0.20919972143271282,120919.97214327128,0.0,120919.97214327128,1.2091997214327128
2019-02-27,0.0,0.20919972143271282,120919.97214327128,0.0,120919.97214327128,1.2091997214327128
2019-02-28,0.0,0.20919972143271282,120919.97214327128,0.0,120919.97214327128,1.2091997214327128
2019-03-01,0.0,0.20919972143271282,120919.97214327128,0.0,120919.97214327128,1.2091997214327128
2019-03-05,0.0,0.20919972143271282,120919.97214327128,0.0,120919.97214327128,1.2091997214327128
2019-03-06,0.0,0.20919972143271282,120919.97214327128,0.0,120919.97214327128,1.2091997214327128
2019-03-07,0.0,0.20919972143271282,120919.97214327128,0.0,120919.97214327128,1.2091997214327128
2019-03-08,0.0,0.20919972143271282,120919.97214327128,0.0,120919.97214327128,1.2091997214327128
2019-03-11,0.0,0.20919972143271282,120919.97214327128,0.0,120919.97214327128,1.2091997214327128
2019-03-12,0.0,0.20919972143271282,120919.97214327128,0.0,120919.97214327128,1.2091997214327128
2019-03-13,0.0,0.20919972143271282,120919.97214327128,0.0,120919.97214327128,1.2091997214327128
2019-03-14,0.0,0.20919972143271282,120919.97214327128,0.0,120919.97214327128,1.2091997214327128
2019-03-15,0.0,0.20919972143271282,120919.97214327128,0.0,120919.97214327128,1.2091997214327128
2019-03-18,0.0,0.20919972143271282,120919.97214327128,0.0,120919.97214327128,1.2091997214327128
2019-03-19,0.0,0.20919972143271282,120919.97214327128,0.0,120919.97214327128,1.2091997214327128
2019-03-20,0.0,0.20919972143271282,120919.97214327128,0.0,120919.97214327128,1.2091997214327128
2019-03-22,0.0,0.20919972143271282,120919.97214327128,0.0,120919.97214327128,1.2091997214327128
2019-03-25,0.0,0.20919972143271282,120919.97214327128,0.0,120919.97214327128,1.2091997214327128
2019-03-26,0.0,0.20919972143271282,120919.97214327128,0.0,120919.97214327128,1.2091997214327128
2019-03-27,0.0,0.20919972143271282,120919.97214327128,0.0,120919.97214327128,1.2091997214327128
2019-03-28,0.0,0.20919972143271282,120919.97214327128,0.0,120919.97214327128,1.2091997214327128
2019-04-01,0.0,0.20919972143271282,120919.97214327128,0.0,120919.97214327128,1.2091997214327128
2019-04-02,0.0,0.20919972143271282,120919.97214327128,0.0,120919.97214327128,1.2091997214327128
2019-04-03,0.0,0.20919972143271282,120919.97214327128,0.0,120919.97214327128,1.2091997214327128
2019-04-04,0.0,0.20919972143271282,120919.97214327128,0.0,120919.97214327128,1.2091997214327128
2019-04-05,0.0,0.20919972143271282,120919.97214327128,0.0,120919.97214327128,1.2091997214327128
2019-04-08,0.0,0.20919972143271282,120919.97214327128,0.0,120919.97214327128,1.2091997214327128
2019-04-09,0.0,0.20919972143271282,120919.97214327128,0.0,120919.97214327128,1.2091997214327128
2019-04-10,0.0,0.20919972143271282,120919.97214327128,0.0,120919.97214327128,1.2091997214327128
2019-04-11,0.0,0.20919972143271282,120919.97214327128,0.0,120919.97214327128,1.2091997214327128
2019-04-12,0.0,0.20919972143271282,120919.97214327128,0.0,120919.97214327128,1.2091997214327128
2019-04-15,0.0,0.20919972143271282,120919.97214327128,0.0,120919.97214327128,1.2091997214327128
2019-04-16,0.0,0.20919972143271282,120919.97214327128,0.0,120919.97214327128,1.2091997214327128
2019-04-18,0.0,0.20919972143271282,120919.97214327128,0.0,120919.97214327128,1.2091997214327128
2019-04-22,0.0,0.20919972143271282,120919.97214327128,0.0,120919.97214327128,1.2091997214327128
2019-04-23,0.0,0.20919972143271282,120919.97214327128,0.0,120919.97214327128,1.2091997214327128
2019-04-24,0.0,0.20919972143271282,120919.97214327128,0.0,120919.97214327128,1.2091997214327128
2019-04-25,0.0,0.20919972143271282,120919.97214327128,0.0,120919.97214327128,1.2091997214327128
2019-04-26,0.0,0.20919972143271282,120919.97214327128,0.0,120919.97214327128,1.2091997214327128
2019-04-30,0.0,0.20919972143271282,120919.97214327128,0.0,120919.97214327128,1.2091997214327128
2019-05-02,0.0,0.20919972143271282,120919.97214327128,0.0,120919.97214327128,1.2091997214327128
2019-05-03,0.0,0.20919972143271282,120919.97214327128,0.0,120919.97214327128,1.2091997214327128
2019-05-06,0.0,0.20919972143271282,120919.97214327128,0.0,120919.97214327128,1.2091997214327128
2019-05-07,0.0,0.20919972143271282,120919.97214327128,0.0,120919.97214327128,1.2091997214327128
2019-05-08,-0.011088806918112343,0.1957911391963103,119579.11391963103,-1340.858223640258,119579.11391963103,1.1957911391963103
2019-05-09,-0.005075103956069067,0.18972237485514287,118972.23748551428,-606.8764341167407,118972.23748551428,1.1897223748551429
2019-05-10,-0.002026174101314581,0.18731179019145694,118731.1790191457,-241.0584663685877,118731.1790191457,1.187311790191457
2019-05-13,-0.011588026384304072,0.17355318984032309,117355.3189840323,-1375.8600351133937,117355.3189840323,1.173553189840323
2019-05-14,0.006624352638199989,0.18132722000950974,118132.72200095098,777.4030169186735,118132.72200095098,1.1813272200095097
2019-05-15,-0.0057966063080853916,0.17447953119408965,117447.95311940896,-684.7688815420115,117447.95311940896,1.1744795311940897
2019-05-16,0.008971910851931523,0.18501685684538138,118501.68568453814,1053.7325651291758,118501.68568453814,1.1850168568453814
2019-05-17,0.013329435330308044,0.20081246240402661,120081.24624040266,1579.5605558645184,120081.24624040266,1.2008124624040266
2019-05-20,0.020755840557791585,0.22573633441349372,122573.63344134938,2492.387200946716,122573.63344134938,1.2257363344134937
2019-05-21,0.0,0.22573633441349372,122573.63344134938,0.0,122573.63344134938,1.2257363344134937
2019-05-22,0.0,0.22573633441349372,122573.63344134938,0.0,122573.63344134938,1.2257363344134937
2019-05-23,0.0,0.22573633441349372,122573.63344134938,0.0,122573.63344134938,1.2257363344134937
2019-05-24,0.0,0.22573633441349372,122573.63344134938,0.0,122573.63344134938,1.2257363344134937
2019-05-27,0.0,0.22573633441349372,122573.63344134938,0.0,122573.63344134938,1.2257363344134937
2019-05-28,0.0,0.22573633441349372,122573.63344134938,0.0,122573.63344134938,1.2257363344134937
2019-05-29,0.0,0.22573633441349372,122573.63344134938,0.0,122573.63344134938,1.2257363344134937
2019-05-30,0.0,0.22573633441349372,122573.63344134938,0.0,122573.63344134938,1.2257363344134937
2019-05-31,0.0,0.22573633441349372,122573.63344134938,0.0,122573.63344134938,1.2257363344134937
2019-06-03,0.0,0.22573633441349372,122573.63344134938,0.0,122573.63344134938,1.2257363344134937
2019-06-04,0.0,0.22573633441349372,122573.63344134938,0.0,122573.63344134938,1.2257363344134937
2019-06-06,0.0,0.22573633441349372,122573.63344134938,0.0,122573.63344134938,1.2257363344134937
2019-06-07,0.0,0.22573633441349372,122573.63344134938,0.0,122573.63344134938,1.2257363344134937
2019-06-10,0.0,0.22573633441349372,122573.63344134938,0.0,122573.63344134938,1.2257363344134937
2019-06-11,0.0,0.22573633441349372,122573.63344134938,0.0,122573.63344134938,1.2257363344134937
2019-06-12,0.0,0.22573633441349372,122573.63344134938,0.0,122573.63344134938,1.2257363344134937
2019-06-13,0.0,0.22573633441349372,122573.63344134938,0.0,122573.63344134938,1.2257363344134937
2019-06-14,0.0,0.22573633441349372,122573.63344134938,0.0,122573.63344134938,1.2257363344134937
2019-06-17,0.0,0.22573633441349372,122573.63344134938,0.0,122573.63344134938,1.2257363344134937
2019-06-18,0.0,0.22573633441349372,122573.63344134938,0.0,122573.63344134938,1.2257363344134937
2019-06-19,0.0,0.22573633441349372,122573.63344134938,0.0,122573.63344134938,1.2257363344134937
2019-06-20,0.0,0.22573633441349372,122573.63344134938,0.0,122573.63344134938,1.2257363344134937
2019-06-21,0.0,0.22573633441349372,122573.63344134938,0.0,122573.63344134938,1.2257363344134937
2019-06-24,0.0,0.22573633441349372,122573.63344134938,0.0,122573.63344134938,1.2257363344134937
2019-06-25,0.0,0.22573633441349372,122573.63344134938,0.0,122573.63344134938,1.2257363344134937
2019-06-26,0.0,0.22573633441349372,122573.63344134938,0.0,122573.63344134938,1.2257363344134937
2019-06-27,0.0,0.22573633441349372,122573.63344134938,0.0,122573.63344134938,1.2257363344134937
2019-06-28,0.0,0.22573633441349372,122573.63344134938,0.0,122573.63344134938,1.2257363344134937
2019-07-01,0.0,0.22573633441349372,122573.63344134938,0.0,122573.63344134938,1.2257363344134937
2019-07-02,0.0,0.22573633441349372,122573.63344134938,0.0,122573.63344134938,1.2257363344134937
2019-07-03,0.0,0.22573633441349372,122573.63344134938,0.0,122573.63344134938,1.2257363344134937
2019-07-04,0.0,0.22573633441349372,122573.63344134938,0.0,122573.63344134938,1.2257363344134937
2019-07-05,0.0,0.22573633441349372,122573.63344134938,0.0,122573.63344134938,1.2257363344134937
2019-07-08,0.0,0.22573633441349372,122573.63344134938,0.0,122573.63344134938,1.2257363344134937
2019-07-09,0.001407320933189864,0.22746133881548536,122746.13388154854,172.50044019916095,122746.13388154854,1.2274613388154854
2019-07-10,-0.004932545113165099,0.22140683038711195,122140.6830387112,-605.4508428373374,122140.6830387112,1.221406830387112
2019-07-11,0.007305046321514778,0.23032926386050434,123032.92638605043,892.2433473392302,123032.92638605043,1.2303292638605043
2019-07-12,-0.002624592252352058,0.2271001512067341,122710.01512067342,-322.9112653770135,122710.01512067342,1.227100151206734
2019-07-15,0.0031031905972733176,0.2309080768578715,123090.80768578715,380.7925651137339,123090.80768578715,1.2309080768578715
2019-07-16,0.00640729719958842,0.2387948707316736,123879.48707316736,788.6793873802089,123879.48707316736,1.2387948707316736
2019-07-17,0.0021350634900458884,0.241439776431829,124143.9776431829,264.4905700155359,124143.9776431829,1.241439776431829
2019-07-18,-0.0017182152406417114,0.23930671568762496,123930.6715687625,-213.30607442039764,123930.6715687625,1.239306715687625
2019-07-19,0.0,0.23930671568762496,123930.6715687625,0.0,123930.6715687625,1.239306715687625
2019-07-22,0.0,0.23930671568762496,123930.6715687625,0.0,123930.6715687625,1.239306715687625
2019-07-23,0.0,0.23930671568762496,123930.6715687625,0.0,123930.6715687625,1.239306715687625
2019-07-24,0.0,0.23930671568762496,123930.6715687625,0.0,123930.6715687625,1.239306715687625
2019-07-25,0.0,0.23930671568762496,123930.6715687625,0.0,123930.6715687625,1.239306715687625
2019-07-26,0.0,0.23930671568762496,123930.6715687625,0.0,123930.6715687625,1.239306715687625
2019-07-29,0.0,0.23930671568762496,123930.6715687625,0.0,123930.6715687625,1.239306715687625
2019-07-30,0.0,0.23930671568762496,123930.6715687625,0.0,123930.6715687625,1.239306715687625
2019-07-31,0.0,0.23930671568762496,123930.6715687625,0.0,123930.6715687625,1.239306715687625
2019-08-01,0.0,0.23930671568762496,123930.6715687625,0.0,123930.6715687625,1.239306715687625
2019-08-02,0.0,0.23930671568762496,123930.6715687625,0.0,123930.6715687625,1.239306715687625
2019-08-05,0.0,0.23930671568762496,123930.6715687625,0.0,123930.6715687625,1.239306715687625
2019-08-06,0.0,0.23930671568762496,123930.6715687625,0.0,123930.6715687625,1.239306715687625
2019-08-07,0.0,0.23930671568762496,123930.6715687625,0.0,123930.6715687625,1.239306715687625
2019-08-08,0.0,0.23930671568762496,123930.6715687625,0.0,123930.6715687625,1.239306715687625
2019-08-09,0.0,0.23930671568762496,123930.6715687625,0.0,123930.6715687625,1.239306715687625
2019-08-13,0.0,0.23930671568762496,123930.6715687625,0.0,123930.6715687625,1.239306715687625
2019-08-14,0.0,0.23930671568762496,123930.6715687625,0.0,123930.6715687625,1.239306715687625
2019-08-16,0.0,0.23930671568762496,123930.6715687625,0.0,123930.6715687625,1.239306715687625
2019-08-19,0.0,0.23930671568762496,123930.6715687625,0.0,123930.6715687625,1.239306715687625
2019-08-20,0.0,0.23930671568762496,123930.6715687625,0.0,123930.6715687625,1.239306715687625
2019-08-21,0.0,0.23930671568762496,123930.6715687625,0.0,123930.6715687625,1.239306715687625
2019-08-22,0.0,0.23930671568762496,123930.6715687625,0.0,123930.6715687625,1.239306715687625
2019-08-23,0.01142662199866927,0.25346780506819955,125346.78050681995,1416.1089380574558,125346.78050681995,1.2534678050681995
2019-08-26,0.021100066785376185,0.27991605946845755,127991.60594684575,2644.825440025801,127991.60594684575,1.2799160594684575
2019-08-27,0.0037041289249594503,0.2846570335658549,128465.7033565855,474.0974097397411,128465.7033565855,1.284657033565855
2019-08-28,0.0,0.2846570335658549,128465.7033565855,0.0,128465.7033565855,1.284657033565855
2019-08-29,0.0,0.2846570335658549,128465.7033565855,0.0,128465.7033565855,1.284657033565855
2019-08-30,0.0,0.2846570335658549,128465.7033565855,0.0,128465.7033565855,1.284657033565855
2019-09-03,0.0,0.2846570335658549,128465.7033565855,0.0,128465.7033565855,1.284657033565855
2019-09-04,0.0,0.2846570335658549,128465.7033565855,0.0,128465.7033565855,1.284657033565855
2019-09-05,0.0,0.2846570335658549,128465.7033565855,0.0,128465.7033565855,1.284657033565855
2019-09-06,0.0,0.2846570335658549,128465.7033565855,0.0,128465.7033565855,1.284657033565855
2019-09-09,0.0,0.2846570335658549,128465.7033565855,0.0,128465.7033565855,1.284657033565855
2019-09-11,0.0,0.2846570335658549,128465.7033565855,0.0,128465.7033565855,1.284657033565855
2019-09-12,0.0,0.2846570335658549,128465.7033565855,0.0,128465.7033565855,1.284657033565855
2019-09-13,0.0,0.2846570335658549,128465.7033565855,0.0,128465.7033565855,1.284657033565855
2019-09-16,0.0,0.2846570335658549,128465.7033565855,0.0,128465.7033565855,1.284657033565855
2019-09-17,0.0,0.2846570335658549,128465.7033565855,0.0,128465.7033565855,1.284657033565855
2019-09-18,0.0,0.2846570335658549,128465.7033565855,0.0,128465.7033565855,1.284657033565855
2019-09-19,0.0,0.2846570335658549,128465.7033565855,0.0,128465.7033565855,1.284657033565855
2019-09-20,0.0,0.2846570335658549,128465.7033565855,0.0,128465.7033565855,1.284657033565855
2019-09-23,0.0,0.2846570335658549,128465.7033565855,0.0,128465.7033565855,1.284657033565855
2019-09-24,0.0,0.2846570335658549,128465.7033565855,0.0,128465.7033565855,1.284657033565855
2019-09-25,0.0,0.2846570335658549,128465.7033565855,0.0,128465.7033565855,1.284657033565855
2019-09-26,0.0,0.2846570335658549,128465.7033565855,0.0,128465.7033565855,1.284657033565855
2019-09-27,0.0,0.2846570335658549,128465.7033565855,0.0,128465.7033565855,1.284657033565855
2019-09-30,0.0,0.2846570335658549,128465.7033565855,0.0,128465.7033565855,1.284657033565855
2019-10-01,0.0,0.2846570335658549,128465.7033565855,0.0,128465.7033565855,1.284657033565855
2019-10-03,0.0,0.2846570335658549,128465.7033565855,0.0,128465.7033565855,1.284657033565855
2019-10-04,0.0,0.2846570335658549,128465.7033565855,0.0,128465.7033565855,1.284657033565855
2019-10-07,0.0,0.2846570335658549,128465.7033565855,0.0,128465.7033565855,1.284657033565855
2019-10-09,0.0,0.2846570335658549,128465.7033565855,0.0,128465.7033565855,1.284657033565855
2019-10-10,0.0,0.2846570335658549,128465.7033565855,0.0,128465.7033565855,1.284657033565855
2019-10-11,0.0,0.2846570335658549,128465.7033565855,0.0,128465.7033565855,1.284657033565855
2019-10-14,0.0,0.2846570335658549,128465.7033565855,0.0,128465.7033565855,1.284657033565855
2019-10-15,0.0,0.2846570335658549,128465.7033565855,0.0,128465.7033565855,1.284657033565855
2019-10-16,0.0,0.2846570335658549,128465.7033565855,0.0,128465.7033565855,1.284657033565855
2019-10-17,0.0,0.2846570335658549,128465.7033565855,0.0,128465.7033565855,1.284657033565855
2019-10-18,0.0,0.2846570335658549,128465.7033565855,0.0,128465.7033565855,1.284657033565855
2019-10-22,0.0,0.2846570335658549,128465.7033565855,0.0,128465.7033565855,1.284657033565855
2019-10-23,0.0,0.2846570335658549,128465.7033565855,0.0,128465.7033565855,1.284657033565855
2019-10-24,0.0,0.2846570335658549,128465.7033565855,0.0,128465.7033565855,1.284657033565855
2019-10-25,0.0,0.2846570335658549,128465.7033565855,0.0,128465.7033565855,1.284657033565855
2019-10-29,0.0,0.2846570335658549,128465.7033565855,0.0,128465.7033565855,1.284657033565855
2019-10-30,0.0,0.2846570335658549,128465.7033565855,0.0,128465.7033565855,1.284657033565855
2019-10-31,0.0,0.2846570335658549,128465.7033565855,0.0,128465.7033565855,1.284657033565855
2019-11-01,0.0,0.2846570335658549,128465.7033565855,0.0,128465.7033565855,1.284657033565855
2019-11-04,0.0,0.2846570335658549,128465.7033565855,0.0,128465.7033565855,1.284657033565855
2019-11-05,0.0,0.2846570335658549,128465.7033565855,0.0,128465.7033565855,1.284657033565855
2019-11-06,0.0,0.2846570335658549,128465.7033565855,0.0,128465.7033565855,1.284657033565855
2019-11-07,0.0,0.2846570335658549,128465.7033565855,0.0,128465.7033565855,1.284657033565855
2019-11-08,0.0,0.2846570335658549,128465.7033565855,0.0,128465.7033565855,1.284657033565855
2019-11-11,0.0,0.2846570335658549,128465.7033565855,0.0,128465.7033565855,1.284657033565855
2019-11-13,0.0,0.2846570335658549,128465.7033565855,0.0,128465.7033565855,1.284657033565855
2019-11-14,0.0,0.2846570335658549,128465.7033565855,0.0,128465.7033565855,1.284657033565855
2019-11-15,0.0,0.2846570335658549,128465.7033565855,0.0,128465.7033565855,1.284657033565855
2019-11-18,0.0,0.2846570335658549,128465.7033565855,0.0,128465.7033565855,1.284657033565855
2019-11-19,0.0,0.2846570335658549,128465.7033565855,0.0,128465.7033565855,1.284657033565855
2019-11-20,0.0,0.2846570335658549,128465.7033565855,0.0,128465.7033565855,1.284657033565855
2019-11-21,0.0,0.2846570335658549,128465.7033565855,0.0,128465.7033565855,1.284657033565855
2019-11-22,0.0,0.2846570335658549,128465.7033565855,0.0,128465.7033565855,1.284657033565855
2019-11-25,0.0,0.2846570335658549,128465.7033565855,0.0,128465.7033565855,1.284657033565855
2019-11-26,0.0,0.2846570335658549,128465.7033565855,0.0,128465.7033565855,1.284657033565855
2019-11-27,0.0,0.2846570335658549,128465.7033565855,0.0,128465.7033565855,1.284657033565855
2019-11-28,0.0,0.2846570335658549,128465.7033565855,0.0,128465.7033565855,1.284657033565855
2019-11-29,0.0,0.2846570335658549,128465.7033565855,0.0,128465.7033565855,1.284657033565855
2019-12-02,0.0,0.2846570335658549,128465.7033565855,0.0,128465.7033565855,1.284657033565855
2019-12-03,0.0,0.2846570335658549,128465.7033565855,0.0,128465.7033565855,1.284657033565855
2019-12-04,0.0,0.2846570335658549,128465.7033565855,0.0,128465.7033565855,1.284657033565855
2019-12-05,0.0,0.2846570335658549,128465.7033565855,0.0,128465.7033565855,1.284657033565855
2019-12-06,0.0,0.2846570335658549,128465.7033565855,0.0,128465.7033565855,1.284657033565855
2019-12-09,0.0,0.2846570335658549,128465.7033565855,0.0,128465.7033565855,1.284657033565855
2019-12-10,0.0,0.2846570335658549,128465.7033565855,0.0,128465.7033565855,1.284657033565855
2019-12-11,0.0,0.2846570335658549,128465.7033565855,0.0,128465.7033565855,1.284657033565855
2019-12-12,0.0,0.2846570335658549,128465.7033565855,0.0,128465.7033565855,1.284657033565855
2019-12-13,0.0,0.2846570335658549,128465.7033565855,0.0,128465.7033565855,1.284657033565855
2019-12-16,0.0,0.2846570335658549,128465.7033565855,0.0,128465.7033565855,1.284657033565855
2019-12-17,0.0,0.2846570335658549,128465.7033565855,0.0,128465.7033565855,1.284657033565855
2019-12-18,0.0,0.2846570335658549,128465.7033565855,0.0,128465.7033565855,1.284657033565855
2019-12-19,0.0,0.2846570335658549,128465.7033565855,0.0,128465.7033565855,1.284657033565855
2019-12-20,0.0,0.2846570335658549,128465.7033565855,0.0,128465.7033565855,1.284657033565855
2019-12-23,0.0,0.2846570335658549,128465.7033565855,0.0,128465.7033565855,1.284657033565855
2019-12-24,0.0,0.2846570335658549,128465.7033565855,0.0,128465.7033565855,1.284657033565855
2019-12-26,0.0,0.2846570335658549,128465.7033565855,0.0,128465.7033565855,1.284657033565855
2019-12-27,0.0,0.2846570335658549,128465.7033565855,0.0,128465.7033565855,1.284657033565855
2019-12-30,0.0,0.2846570335658549,128465.7033565855,0.0,128465.7033565855,1.284657033565855
2019-12-31,0.0,0.2846570335658549,128465.7033565855,0.0,128465.7033565855,1.284657033565855
2020-01-01,0.0,0.2846570335658549,128465.7033565855,0.0,128465.7033565855,1.284657033565855
2020-01-02,0.0,0.2846570335658549,128465.7033565855,0.0,128465.7033565855,1.284657033565855
2020-01-03,0.0,0.2846570335658549,128465.7033565855,0.0,128465.7033565855,1.284657033565855
2020-01-06,0.0,0.2846570335658549,128465.7033565855,0.0,128465.7033565855,1.284657033565855
2020-01-07,0.0,0.2846570335658549,128465.7033565855,0.0,128465.7033565855,1.284657033565855
2020-01-08,0.0,0.2846570335658549,128465.7033565855,0.0,128465.7033565855,1.284657033565855
2020-01-09,0.0,0.2846570335658549,128465.7033565855,0.0,128465.7033565855,1.284657033565855
2020-01-10,0.0,0.2846570335658549,128465.7033565855,0.0,128465.7033565855,1.284657033565855
2020-01-13,0.0,0.2846570335658549,128465.7033565855,0.0,128465.7033565855,1.284657033565855
2020-01-14,0.0,0.2846570335658549,128465.7033565855,0.0,128465.7033565855,1.284657033565855
2020-01-15,0.0,0.2846570335658549,128465.7033565855,0.0,128465.7033565855,1.284657033565855
2020-01-16,0.0,0.2846570335658549,128465.7033565855,0.0,128465.7033565855,1.284657033565855
2020-01-17,0.0,0.2846570335658549,128465.7033565855,0.0,128465.7033565855,1.284657033565855
2020-01-20,0.0,0.2846570335658549,128465.7033565855,0.0,128465.7033565855,1.284657033565855
2020-01-21,0.0,0.2846570335658549,128465.7033565855,0.0,128465.7033565855,1.284657033565855
2020-01-22,0.0,0.2846570335658549,128465.7033565855,0.0,128465.7033565855,1.284657033565855
2020-01-23,0.0,0.2846570335658549,128465.7033565855,0.0,128465.7033565855,1.284657033565855
2020-01-24,0.0,0.2846570335658549,128465.7033565855,0.0,128465.7033565855,1.284657033565855
2020-01-27,0.0,0.2846570335658549,128465.7033565855,0.0,128465.7033565855,1.284657033565855
2020-01-28,0.0,0.2846570335658549,128465.7033565855,0.0,128465.7033565855,1.284657033565855
2020-01-29,0.0,0.2846570335658549,128465.7033565855,0.0,128465.7033565855,1.284657033565855
2020-01-30,0.0,0.2846570335658549,128465.7033565855,0.0,128465.7033565855,1.284657033565855
2020-01-31,0.0,0.2846570335658549,128465.7033565855,0.0,128465.7033565855,1.284657033565855
2020-02-03,0.0,0.2846570335658549,128465.7033565855,0.0,128465.7033565855,1.284657033565855
2020-02-04,0.015708984250715877,0.30483769067371225,130483.76906737122,2018.065710785726,130483.76906737122,1.3048376906737122
2020-02-05,0.00914050046783437,0.3167645601957634,131676.45601957635,1192.6869522051275,131676.45601957635,1.3167645601957634
2020-02-06,0.0018518426339475041,0.3192030009472051,131920.3000947205,243.84407514415216,131920.3000947205,1.319203000947205
2020-02-07,0.0,0.3192030009472051,131920.3000947205,0.0,131920.3000947205,1.319203000947205
2020-02-10,0.0,0.3192030009472051,131920.3000947205,0.0,131920.3000947205,1.319203000947205
2020-02-11,0.0,0.3192030009472051,131920.3000947205,0.0,131920.3000947205,1.319203000947205
2020-02-12,0.0,0.3192030009472051,131920.3000947205,0.0,131920.3000947205,1.319203000947205
2020-02-13,0.0,0.3192030009472051,131920.3000947205,0.0,131920.3000947205,1.319203000947205
2020-02-14,0.0,0.3192030009472051,131920.3000947205,0.0,131920.3000947205,1.319203000947205
2020-02-17,0.0,0.3192030009472051,131920.3000947205,0.0,131920.3000947205,1.319203000947205
2020-02-18,0.0,0.3192030009472051,131920.3000947205,0.0,131920.3000947205,1.319203000947205
2020-02-19,0.0,0.3192030009472051,131920.3000947205,0.0,131920.3000947205,1.319203000947205
2020-02-20,0.0,0.3192030009472051,131920.3000947205,0.0,131920.3000947205,1.319203000947205
2020-02-24,0.0,0.3192030009472051,131920.3000947205,0.0,131920.3000947205,1.319203000947205
2020-02-25,0.0,0.3192030009472051,131920.3000947205,0.0,131920.3000947205,1.319203000947205
2020-02-26,0.0,0.3192030009472051,131920.3000947205,0.0,131920.3000947205,1.319203000947205
2020-02-27,-0.0030968438471433166,0.31511763525058867,131511.76352505886,-408.53656966163544,131511.76352505886,1.3151176352505887
2020-02-28,-0.0370960786649384,0.2663319279996852,126633.19279996851,-4878.570725090351,126633.19279996851,1.2663319279996852
2020-03-02,-0.006159751824491709,0.25853163759577713,125853.16375957771,-780.0290403908002,125853.16375957771,1.2585316375957771
2020-03-03,0.015319647408546855,0.27781189853624544,127781.18985362454,1928.0260940468288,127781.18985362454,1.2778118985362454
2020-03-04,-0.004626950146523688,0.27189952658508343,127189.95265850834,-591.2371951162058,127189.95265850834,1.2718995265850834
2020-03-05,0.0015998577904186295,0.2739343849513203,127393.43849513202,203.48583662368765,127393.43849513202,1.2739343849513203
2020-03-06,-0.0248069753028219,0.24233192612641719,124233.19261264172,-3160.2458824903006,124233.19261264172,1.2423319261264172
2020-03-09,-0.04895604333595155,0.1815122705133363,118151.22705133363,-6081.965561308098,118151.22705133363,1.1815122705133363
2020-03-11,0.000664998175623243,0.1822979740177042,118229.79740177043,78.57035043679934,118229.79740177043,1.1822979740177042
2020-03-12,-0.0830193880106471,0.08414431976852632,108414.43197685263,-9815.365424917793,108414.43197685263,1.0841443197685263
2020-03-13,0.0380650761268937,0.12541235583305466,112541.23558330546,4126.803606452828,112541.23558330546,1.1254123558330547
2020-03-16,-0.07612100106679093,0.039744840694107,103974.4840694107,-8566.751513894764,103974.4840694107,1.039744840694107
2020-03-17,-0.025045184090528298,0.013704239751746172,101370.42397517462,-2604.060094236076,101370.42397517462,1.0137042397517462
2020-03-18,-0.05556454027271503,-0.04262177030256176,95737.82296974382,-5632.601005430799,95737.82296974382,0.9573782296974382
2020-03-19,-0.024247781753128528,-0.06583606867146186,93416.39313285382,-2321.4298368900054,93416.39313285382,0.9341639313285381
2020-03-20,0.058329146858465714,-0.011347083531117907,98865.2916468882,5448.898514034387,98865.2916468882,0.988652916468882
2020-03-23,-0.12980466070471242,-0.1396788399080855,86032.11600919145,-12833.175637696753,86032.11600919145,0.8603211600919145
2020-03-24,0.025071424025163432,-0.11810936330560051,88189.06366943994,2156.947660248494,88189.06366943994,0.8818906366943995
2020-03-25,0.06624746894667496,-0.05968634073682488,94031.3659263175,5842.302256877563,94031.3659263175,0.9403136592631751
2020-03-26,0.03890435643038937,-0.023104042980486517,97689.59570195134,3658.2297756338376,97689.59570195134,0.9768959570195135
2020-03-27,0.0021755381634552306,-0.020978768544265503,97902.12314557345,212.52744362210797,97902.12314557345,0.9790212314557345
2020-03-30,-0.04378053643081897,-0.06384084323455863,93615.91567654414,-4286.207469029308,93615.91567654414,0.9361591567654415
2020-03-31,0.038237722713360595,-0.028044248982588282,97195.57510174117,3579.6594251970237,97195.57510174117,0.9719557510174117
2020-04-01,-0.04000467509668227,-0.06692702301039166,93307.29769896083,-3888.277402780339,93307.29769896083,0.9330729769896083
2020-04-03,-0.020596574186770748,-0.08614512980262912,91385.48701973709,-1921.8106792237377,91385.48701973709,0.9138548701973709
2020-04-07,0.08763210467115037,-0.006062104163252591,99393.78958367473,8008.302563937643,99393.78958367473,0.9939378958367473
2020-04-08,-0.012449027819290734,-0.01843566467917146,98156.43353208285,-1237.3560515918798,98156.43353208285,0.9815643353208285
2020-04-09,0.0,-0.01843566467917146,98156.43353208285,0.0,98156.43353208285,0.9815643353208285
2020-04-13,0.0,-0.01843566467917146,98156.43353208285,0.0,98156.43353208285,0.9815643353208285
2020-04-15,0.0,-0.01843566467917146,98156.43353208285,0.0,98156.43353208285,0.9815643353208285
2020-04-16,0.0,-0.01843566467917146,98156.43353208285,0.0,98156.43353208285,0.9815643353208285
2020-04-17,0.0,-0.01843566467917146,98156.43353208285,0.0,98156.43353208285,0.9815643353208285
2020-04-20,0.0,-0.01843566467917146,98156.43353208285,0.0,98156.43353208285,0.9815643353208285
2020-04-21,0.0,-0.01843566467917146,98156.43353208285,0.0,98156.43353208285,0.9815643353208285
2020-04-22,0.0,-0.01843566467917146,98156.43353208285,0.0,98156.43353208285,0.9815643353208285
2020-04-23,0.0,-0.01843566467917146,98156.43353208285,0.0,98156.43353208285,0.9815643353208285
2020-04-24,0.0,-0.01843566467917146,98156.43353208285,0.0,98156.43353208285,0.9815643353208285
2020-04-27,0.0,-0.01843566467917146,98156.43353208285,0.0,98156.43353208285,0.9815643353208285
2020-04-28,0.0,-0.01843566467917146,98156.43353208285,0.0,98156.43353208285,0.9815643353208285
2020-04-29,0.0,-0.01843566467917146,98156.43353208285,0.0,98156.43353208285,0.9815643353208285
2020-04-30,0.0,-0.01843566467917146,98156.43353208285,0.0,98156.43353208285,0.9815643353208285
2020-05-04,0.0,-0.01843566467917146,98156.43353208285,0.0,98156.43353208285,0.9815643353208285
2020-05-05,0.0,-0.01843566467917146,98156.43353208285,0.0,98156.43353208285,0.9815643353208285
2020-05-06,0.0,-0.01843566467917146,98156.43353208285,0.0,98156.43353208285,0.9815643353208285
2020-05-07,0.0,-0.01843566467917146,98156.43353208285,0.0,98156.43353208285,0.9815643353208285
2020-05-08,0.0,-0.01843566467917146,98156.43353208285,0.0,98156.43353208285,0.9815643353208285
2020-05-11,0.0,-0.01843566467917146,98156.43353208285,0.0,98156.43353208285,0.9815643353208285
2020-05-12,0.0,-0.01843566467917146,98156.43353208285,0.0,98156.43353208285,0.9815643353208285
2020-05-13,0.0,-0.01843566467917146,98156.43353208285,0.0,98156.43353208285,0.9815643353208285
2020-05-14,0.0,-0.01843566467917146,98156.43353208285,0.0,98156.43353208285,0.9815643353208285
2020-05-15,0.0,-0.01843566467917146,98156.43353208285,0.0,98156.43353208285,0.9815643353208285
2020-05-18,0.0,-0.01843566467917146,98156.43353208285,0.0,98156.43353208285,0.9815643353208285
2020-05-19,-0.009917066420131416,-0.028169903388180262,97183.00966118198,-973.4238709008787,97183.00966118198,0.9718300966118197
2020-05-20,0.021111396826157987,-0.007653212571004597,99234.67874289954,2051.6690817175695,99234.67874289954,0.9923467874289954
2020-05-21,0.004378754451001261,-0.00330796965861313,99669.20303413869,434.52429123914044,99669.20303413869,0.9966920303413869
2020-05-22,-0.007357584076870281,-0.010641215070596455,98935.87849294035,-733.3245411983371,98935.87849294035,0.9893587849294034
2020-05-26,-0.0011284338094974694,-0.011757640973234063,98824.23590267659,-111.64259026375657,98824.23590267659,0.9882423590267659
2020-05-27,0.03166450477176155,0.019534563919825887,101953.45639198259,3129.220489305997,101953.45639198259,1.0195345639198259
2020-05-28,0.004667715226771815,0.02429346092805451,102429.34609280546,475.88970082286687,102429.34609280546,1.0242934609280545
2020-05-29,0.0,0.02429346092805451,102429.34609280546,0.0,102429.34609280546,1.0242934609280545
2020-06-01,0.0,0.02429346092805451,102429.34609280546,0.0,102429.34609280546,1.0242934609280545
2020-06-02,0.0,0.02429346092805451,102429.34609280546,0.0,102429.34609280546,1.0242934609280545
2020-06-03,0.0,0.02429346092805451,102429.34609280546,0.0,102429.34609280546,1.0242934609280545
2020-06-04,0.0,0.02429346092805451,102429.34609280546,0.0,102429.34609280546,1.0242934609280545
2020-06-05,0.0,0.02429346092805451,102429.34609280546,0.0,102429.34609280546,1.0242934609280545
2020-06-08,0.0,0.02429346092805451,102429.34609280546,0.0,102429.34609280546,1.0242934609280545
2020-06-09,0.0,0.02429346092805451,102429.34609280546,0.0,102429.34609280546,1.0242934609280545
2020-06-10,0.0,0.02429346092805451,102429.34609280546,0.0,102429.34609280546,1.0242934609280545
2020-06-11,0.0,0.02429346092805451,102429.34609280546,0.0,102429.34609280546,1.0242934609280545
2020-06-12,0.0,0.02429346092805451,102429.34609280546,0.0,102429.34609280546,1.0242934609280545
2020-06-15,0.0,0.02429346092805451,102429.34609280546,0.0,102429.34609280546,1.0242934609280545
2020-06-16,0.0,0.02429346092805451,102429.34609280546,0.0,102429.34609280546,1.0242934609280545
2020-06-17,0.0,0.02429346092805451,102429.34609280546,0.0,102429.34609280546,1.0242934609280545
2020-06-18,0.0,0.02429346092805451,102429.34609280546,0.0,102429.34609280546,1.0242934609280545
2020-06-19,0.0,0.02429346092805451,102429.34609280546,0.0,102429.34609280546,1.0242934609280545
2020-06-22,0.0,0.02429346092805451,102429.34609280546,0.0,102429.34609280546,1.0242934609280545
2020-06-23,0.0,0.02429346092805451,102429.34609280546,0.0,102429.34609280546,1.0242934609280545
2020-06-24,0.0,0.02429346092805451,102429.34609280546,0.0,102429.34609280546,1.0242934609280545
2020-06-25,0.0,0.02429346092805451,102429.34609280546,0.0,102429.34609280546,1.0242934609280545
2020-06-26,0.0,0.02429346092805451,102429.34609280546,0.0,102429.34609280546,1.0242934609280545
2020-06-29,0.0,0.02429346092805451,102429.34609280546,0.0,102429.34609280546,1.0242934609280545
2020-06-30,0.0,0.02429346092805451,102429.34609280546,0.0,102429.34609280546,1.0242934609280545
2020-07-01,0.0,0.02429346092805451,102429.34609280546,0.0,102429.34609280546,1.0242934609280545
2020-07-02,0.0,0.02429346092805451,102429.34609280546,0.0,102429.34609280546,1.0242934609280545
2020-07-03,0.0,0.02429346092805451,102429.34609280546,0.0,102429.34609280546,1.0242934609280545
2020-07-06,0.0,0.02429346092805451,102429.34609280546,0.0,102429.34609280546,1.0242934609280545
2020-07-07,0.0,0.02429346092805451,102429.34609280546,0.0,102429.34609280546,1.0242934609280545
2020-07-08,0.0,0.02429346092805451,102429.34609280546,0.0,102429.34609280546,1.0242934609280545
2020-07-09,0.0,0.02429346092805451,102429.34609280546,0.0,102429.34609280546,1.0242934609280545
2020-07-10,0.0,0.02429346092805451,102429.34609280546,0.0,102429.34609280546,1.0242934609280545
2020-07-13,0.0,0.02429346092805451,102429.34609280546,0.0,102429.34609280546,1.0242934609280545
2020-07-14,0.0,0.02429346092805451,102429.34609280546,0.0,102429.34609280546,1.0242934609280545
2020-07-15,0.0,0.02429346092805451,102429.34609280546,0.0,102429.34609280546,1.0242934609280545
2020-07-16,0.0,0.02429346092805451,102429.34609280546,0.0,102429.34609280546,1.0242934609280545
2020-07-17,0.0,0.02429346092805451,102429.34609280546,0.0,102429.34609280546,1.0242934609280545
2020-07-20,0.0,0.02429346092805451,102429.34609280546,0.0,102429.34609280546,1.0242934609280545
2020-07-21,0.0,0.02429346092805451,102429.34609280546,0.0,102429.34609280546,1.0242934609280545
2020-07-22,0.0,0.02429346092805451,102429.34609280546,0.0,102429.34609280546,1.0242934609280545
2020-07-23,0.0,0.02429346092805451,102429.34609280546,0.0,102429.34609280546,1.0242934609280545
2020-07-24,0.0,0.02429346092805451,102429.34609280546,0.0,102429.34609280546,1.0242934609280545
2020-07-27,0.0,0.02429346092805451,102429.34609280546,0.0,102429.34609280546,1.0242934609280545
2020-07-28,0.0,0.02429346092805451,102429.34609280546,0.0,102429.34609280546,1.0242934609280545
2020-07-29,0.0,0.02429346092805451,102429.34609280546,0.0,102429.34609280546,1.0242934609280545
2020-07-30,0.0,0.02429346092805451,102429.34609280546,0.0,102429.34609280546,1.0242934609280545
2020-07-31,0.0,0.02429346092805451,102429.34609280546,0.0,102429.34609280546,1.0242934609280545
2020-08-03,0.0,0.02429346092805451,102429.34609280546,0.0,102429.34609280546,1.0242934609280545
2020-08-04,0.0,0.02429346092805451,102429.34609280546,0.0,102429.34609280546,1.0242934609280545
2020-08-05,0.0,0.02429346092805451,102429.34609280546,0.0,102429.34609280546,1.0242934609280545
2020-08-06,0.0,0.02429346092805451,102429.34609280546,0.0,102429.34609280546,1.0242934609280545
2020-08-07,0.0,0.02429346092805451,102429.34609280546,0.0,102429.34609280546,1.0242934609280545
2020-08-10,0.0,0.02429346092805451,102429.34609280546,0.0,102429.34609280546,1.0242934609280545
2020-08-11,0.0,0.02429346092805451,102429.34609280546,0.0,102429.34609280546,1.0242934609280545
2020-08-12,0.0,0.02429346092805451,102429.34609280546,0.0,102429.34609280546,1.0242934609280545
2020-08-13,0.0,0.02429346092805451,102429.34609280546,0.0,102429.34609280546,1.0242934609280545
2020-08-14,0.0,0.02429346092805451,102429.34609280546,0.0,102429.34609280546,1.0242934609280545
2020-08-17,0.0,0.02429346092805451,102429.34609280546,0.0,102429.34609280546,1.0242934609280545
2020-08-18,0.0,0.02429346092805451,102429.34609280546,0.0,102429.34609280546,1.0242934609280545
2020-08-19,0.0,0.02429346092805451,102429.34609280546,0.0,102429.34609280546,1.0242934609280545
2020-08-20,0.0,0.02429346092805451,102429.34609280546,0.0,102429.34609280546,1.0242934609280545
2020-08-21,0.0,0.02429346092805451,102429.34609280546,0.0,102429.34609280546,1.0242934609280545
2020-08-24,0.0,0.02429346092805451,102429.34609280546,0.0,102429.34609280546,1.0242934609280545
2020-08-25,0.0,0.02429346092805451,102429.34609280546,0.0,102429.34609280546,1.0242934609280545
2020-08-26,0.0,0.02429346092805451,102429.34609280546,0.0,102429.34609280546,1.0242934609280545
2020-08-27,0.0,0.02429346092805451,102429.34609280546,0.0,102429.34609280546,1.0242934609280545
2020-08-28,0.0,0.02429346092805451,102429.34609280546,0.0,102429.34609280546,1.0242934609280545
2020-08-31,0.0,0.02429346092805451,102429.34609280546,0.0,102429.34609280546,1.0242934609280545
2020-09-01,0.0,0.02429346092805451,102429.34609280546,0.0,102429.34609280546,1.0242934609280545
2020-09-02,0.0,0.02429346092805451,102429.34609280546,0.0,102429.34609280546,1.0242934609280545
2020-09-03,0.0,0.02429346092805451,102429.34609280546,0.0,102429.34609280546,1.0242934609280545
2020-09-04,0.0,0.02429346092805451,102429.34609280546,0.0,102429.34609280546,1.0242934609280545
2020-09-07,0.0,0.02429346092805451,102429.34609280546,0.0,102429.34609280546,1.0242934609280545
2020-09-08,0.0,0.02429346092805451,102429.34609280546,0.0,102429.34609280546,1.0242934609280545
2020-09-09,0.0,0.02429346092805451,102429.34609280546,0.0,102429.34609280546,1.0242934609280545
2020-09-10,0.0,0.02429346092805451,102429.34609280546,0.0,102429.34609280546,1.0242934609280545
2020-09-11,0.0,0.02429346092805451,102429.34609280546,0.0,102429.34609280546,1.0242934609280545
2020-09-14,0.0,0.02429346092805451,102429.34609280546,0.0,102429.34609280546,1.0242934609280545
2020-09-15,0.0,0.02429346092805451,102429.34609280546,0.0,102429.34609280546,1.0242934609280545
2020-09-16,0.0,0.02429346092805451,102429.34609280546,0.0,102429.34609280546,1.0242934609280545
2020-09-17,0.0,0.02429346092805451,102429.34609280546,0.0,102429.34609280546,1.0242934609280545
2020-09-18,0.0,0.02429346092805451,102429.34609280546,0.0,102429.34609280546,1.0242934609280545
2020-09-21,0.0,0.02429346092805451,102429.34609280546,0.0,102429.34609280546,1.0242934609280545
2020-09-22,0.0,0.02429346092805451,102429.34609280546,0.0,102429.34609280546,1.0242934609280545
2020-09-23,-0.011971268180304208,0.012031369211952692,101203.13692119527,-1226.2091716101859,101203.13692119527,1.0120313692119527
2020-09-24,-0.029312272096516417,-0.017633569652598102,98236.64303474019,-2966.4938864550786,98236.64303474019,0.9823664303474019
2020-09-25,0.02264578848235449,0.004612892741214791,100461.28927412147,2224.6462393812835,100461.28927412147,1.0046128927412148
2020-09-28,0.016044868187371327,0.020731774184581386,102073.17741845814,1611.88814433667,102073.17741845814,1.0207317741845814
2020-09-29,-0.00045864094589454597,0.02026362479816468,102026.36247981647,-46.814938641677145,102026.36247981647,1.0202636247981647
2020-09-30,0.002241001317642292,0.022550036925679917,102255.00369256799,228.64121275152138,102255.00369256799,1.02255003692568
2020-10-01,0.009693409467391815,0.03246203313449714,103246.20331344972,991.1996208817291,103246.20331344972,1.0324620331344971
2020-10-05,0.0,0.03246203313449714,103246.20331344972,0.0,103246.20331344972,1.0324620331344971
2020-10-06,0.0,0.03246203313449714,103246.20331344972,0.0,103246.20331344972,1.0324620331344971
2020-10-07,0.0,0.03246203313449714,103246.20331344972,0.0,103246.20331344972,1.0324620331344971
2020-10-08,0.0,0.03246203313449714,103246.20331344972,0.0,103246.20331344972,1.0324620331344971
2020-10-09,0.0,0.03246203313449714,103246.20331344972,0.0,103246.20331344972,1.0324620331344971
2020-10-12,0.0,0.03246203313449714,103246.20331344972,0.0,103246.20331344972,1.0324620331344971
2020-10-13,0.0,0.03246203313449714,103246.20331344972,0.0,103246.20331344972,1.0324620331344971
2020-10-14,0.0,0.03246203313449714,103246.20331344972,0.0,103246.20331344972,1.0324620331344971
2020-10-15,0.0,0.03246203313449714,103246.20331344972,0.0,103246.20331344972,1.0324620331344971
2020-10-16,0.0,0.03246203313449714,103246.20331344972,0.0,103246.20331344972,1.0324620331344971
2020-10-19,0.0,0.03246203313449714,103246.20331344972,0.0,103246.20331344972,1.0324620331344971
2020-10-20,0.0,0.03246203313449714,103246.20331344972,0.0,103246.20331344972,1.0324620331344971
2020-10-21,0.0,0.03246203313449714,103246.20331344972,0.0,103246.20331344972,1.0324620331344971
2020-10-22,0.0,0.03246203313449714,103246.20331344972,0.0,103246.20331344972,1.0324620331344971
2020-10-23,0.0,0.03246203313449714,103246.20331344972,0.0,103246.20331344972,1.0324620331344971
2020-10-26,0.0,0.03246203313449714,103246.20331344972,0.0,103246.20331344972,1.0324620331344971
2020-10-27,0.0,0.03246203313449714,103246.20331344972,0.0,103246.20331344972,1.0324620331344971
2020-10-28,0.0,0.03246203313449714,103246.20331344972,0.0,103246.20331344972,1.0324620331344971
2020-10-29,0.0,0.03246203313449714,103246.20331344972,0.0,103246.20331344972,1.0324620331344971
2020-10-30,0.0,0.03246203313449714,103246.20331344972,0.0,103246.20331344972,1.0324620331344971
2020-11-02,0.0,0.03246203313449714,103246.20331344972,0.0,103246.20331344972,1.0324620331344971
2020-11-03,0.0,0.03246203313449714,103246.20331344972,0.0,103246.20331344972,1.0324620331344971
2020-11-04,0.0,0.03246203313449714,103246.20331344972,0.0,103246.20331344972,1.0324620331344971
2020-11-05,0.0,0.03246203313449714,103246.20331344972,0.0,103246.20331344972,1.0324620331344971
2020-11-06,0.0,0.03246203313449714,103246.20331344972,0.0,103246.20331344972,1.0324620331344971
2020-11-09,0.0,0.03246203313449714,103246.20331344972,0.0,103246.20331344972,1.0324620331344971
2020-11-10,0.0,0.03246203313449714,103246.20331344972,0.0,103246.20331344972,1.0324620331344971
2020-11-11,0.0,0.03246203313449714,103246.20331344972,0.0,103246.20331344972,1.0324620331344971
2020-11-12,0.0,0.03246203313449714,103246.20331344972,0.0,103246.20331344972,1.0324620331344971
2020-11-13,0.0,0.03246203313449714,103246.20331344972,0.0,103246.20331344972,1.0324620331344971
2020-11-17,0.0,0.03246203313449714,103246.20331344972,0.0,103246.20331344972,1.0324620331344971
2020-11-18,0.0,0.03246203313449714,103246.20331344972,0.0,103246.20331344972,1.0324620331344971
2020-11-19,0.0,0.03246203313449714,103246.20331344972,0.0,103246.20331344972,1.0324620331344971
2020-11-20,0.0,0.03246203313449714,103246.20331344972,0.0,103246.20331344972,1.0324620331344971
2020-11-23,0.0,0.03246203313449714,103246.20331344972,0.0,103246.20331344972,1.0324620331344971
2020-11-24,0.0,0.03246203313449714,103246.20331344972,0.0,103246.20331344972,1.0324620331344971
2020-11-25,0.0,0.03246203313449714,103246.20331344972,0.0,103246.20331344972,1.0324620331344971
2020-11-26,0.0,0.03246203313449714,103246.20331344972,0.0,103246.20331344972,1.0324620331344971
2020-11-27,0.0,0.03246203313449714,103246.20331344972,0.0,103246.20331344972,1.0324620331344971
2020-12-01,0.0,0.03246203313449714,103246.20331344972,0.0,103246.20331344972,1.0324620331344971
2020-12-02,0.0,0.03246203313449714,103246.20331344972,0.0,103246.20331344972,1.0324620331344971
2020-12-03,0.0,0.03246203313449714,103246.20331344972,0.0,103246.20331344972,1.0324620331344971
2020-12-04,0.0,0.03246203313449714,103246.20331344972,0.0,103246.20331344972,1.0324620331344971
2020-12-07,0.0,0.03246203313449714,103246.20331344972,0.0,103246.20331344972,1.0324620331344971
2020-12-08,0.0,0.03246203313449714,103246.20331344972,0.0,103246.20331344972,1.0324620331344971
2020-12-09,0.0,0.03246203313449714,103246.20331344972,0.0,103246.20331344972,1.0324620331344971
2020-12-10,0.0,0.03246203313449714,103246.20331344972,0.0,103246.20331344972,1.0324620331344971
2020-12-11,0.0,0.03246203313449714,103246.20331344972,0.0,103246.20331344972,1.0324620331344971
2020-12-14,0.0,0.03246203313449714,103246.20331344972,0.0,103246.20331344972,1.0324620331344971
2020-12-15,0.0,0.03246203313449714,103246.20331344972,0.0,103246.20331344972,1.0324620331344971
2020-12-16,0.0,0.03246203313449714,103246.20331344972,0.0,103246.20331344972,1.0324620331344971
2020-12-17,0.0,0.03246203313449714,103246.20331344972,0.0,103246.20331344972,1.0324620331344971
2020-12-18,0.0,0.03246203313449714,103246.20331344972,0.0,103246.20331344972,1.0324620331344971
2020-12-21,0.0,0.03246203313449714,103246.20331344972,0.0,103246.20331344972,1.0324620331344971
2020-12-22,0.0,0.03246203313449714,103246.20331344972,0.0,103246.20331344972,1.0324620331344971
2020-12-23,0.0,0.03246203313449714,103246.20331344972,0.0,103246.20331344972,1.0324620331344971
2020-12-24,0.0,0.03246203313449714,103246.20331344972,0.0,103246.20331344972,1.0324620331344971
2020-12-28,0.0,0.03246203313449714,103246.20331344972,0.0,103246.20331344972,1.0324620331344971
2020-12-29,0.0,0.03246203313449714,103246.20331344972,0.0,103246.20331344972,1.0324620331344971
2020-12-30,0.0,0.03246203313449714,103246.20331344972,0.0,103246.20331344972,1.0324620331344971
2020-12-31,0.0,0.03246203313449714,103246.20331344972,0.0,103246.20331344972,1.0324620331344971
2021-01-01,0.0,0.03246203313449714,103246.20331344972,0.0,103246.20331344972,1.0324620331344971
2021-01-04,0.0,0.03246203313449714,103246.20331344972,0.0,103246.20331344972,1.0324620331344971
2021-01-05,0.0,0.03246203313449714,103246.20331344972,0.0,103246.20331344972,1.0324620331344971
2021-01-06,0.0,0.03246203313449714,103246.20331344972,0.0,103246.20331344972,1.0324620331344971
2021-01-07,0.0,0.03246203313449714,103246.20331344972,0.0,103246.20331344972,1.0324620331344971
2021-01-08,0.0,0.03246203313449714,103246.20331344972,0.0,103246.20331344972,1.0324620331344971
2021-01-11,0.0,0.03246203313449714,103246.20331344972,0.0,103246.20331344972,1.0324620331344971
2021-01-12,0.0,0.03246203313449714,103246.20331344972,0.0,103246.20331344972,1.0324620331344971
2021-01-13,0.0,0.03246203313449714,103246.20331344972,0.0,103246.20331344972,1.0324620331344971
2021-01-14,0.0,0.03246203313449714,103246.20331344972,0.0,103246.20331344972,1.0324620331344971
2021-01-15,0.0,0.03246203313449714,103246.20331344972,0.0,103246.20331344972,1.0324620331344971
2021-01-18,0.0,0.03246203313449714,103246.20331344972,0.0,103246.20331344972,1.0324620331344971
2021-01-19,0.0,0.03246203313449714,103246.20331344972,0.0,103246.20331344972,1.0324620331344971
2021-01-20,0.0,0.03246203313449714,103246.20331344972,0.0,103246.20331344972,1.0324620331344971
2021-01-21,0.0,0.03246203313449714,103246.20331344972,0.0,103246.20331344972,1.0324620331344971
2021-01-22,0.0,0.03246203313449714,103246.20331344972,0.0,103246.20331344972,1.0324620331344971
2021-01-25,0.0,0.03246203313449714,103246.20331344972,0.0,103246.20331344972,1.0324620331344971
2021-01-27,0.0,0.03246203313449714,103246.20331344972,0.0,103246.20331344972,1.0324620331344971
2021-01-28,0.0,0.03246203313449714,103246.20331344972,0.0,103246.20331344972,1.0324620331344971
2021-01-29,0.0,0.03246203313449714,103246.20331344972,0.0,103246.20331344972,1.0324620331344971
2021-02-01,0.037283559430089395,0.07095589270617797,107095.5892706178,3849.3859571680805,107095.5892706178,1.070955892706178
2021-02-02,0.013297381965705707,0.08519680227991522,108519.68022799153,1424.09095737373,108519.68022799153,1.0851968022799152
2021-02-03,0.0,0.08519680227991522,108519.68022799153,0.0,108519.68022799153,1.0851968022799152
2021-02-04,0.0,0.08519680227991522,108519.68022799153,0.0,108519.68022799153,1.0851968022799152
2021-02-05,0.0,0.08519680227991522,108519.68022799153,0.0,108519.68022799153,1.0851968022799152
2021-02-08,0.0,0.08519680227991522,108519.68022799153,0.0,108519.68022799153,1.0851968022799152
2021-02-09,0.0,0.08519680227991522,108519.68022799153,0.0,108519.68022799153,1.0851968022799152
2021-02-10,0.0,0.08519680227991522,108519.68022799153,0.0,108519.68022799153,1.0851968022799152
2021-02-11,0.0,0.08519680227991522,108519.68022799153,0.0,108519.68022799153,1.0851968022799152
2021-02-12,0.0,0.08519680227991522,108519.68022799153,0.0,108519.68022799153,1.0851968022799152
2021-02-15,0.0,0.08519680227991522,108519.68022799153,0.0,108519.68022799153,1.0851968022799152
2021-02-16,0.0,0.08519680227991522,108519.68022799153,0.0,108519.68022799153,1.0851968022799152
2021-02-17,0.0,0.08519680227991522,108519.68022799153,0.0,108519.68022799153,1.0851968022799152
2021-02-18,0.0,0.08519680227991522,108519.68022799153,0.0,108519.68022799153,1.0851968022799152
2021-02-19,0.0,0.08519680227991522,108519.68022799153,0.0,108519.68022799153,1.0851968022799152
2021-02-22,0.0,0.08519680227991522,108519.68022799153,0.0,108519.68022799153,1.0851968022799152
2021-02-23,0.0,0.08519680227991522,108519.68022799153,0.0,108519.68022799153,1.0851968022799152
2021-02-24,0.0,0.08519680227991522,108519.68022799153,0.0,108519.68022799153,1.0851968022799152
2021-02-25,0.0,0.08519680227991522,108519.68022799153,0.0,108519.68022799153,1.0851968022799152
2021-02-26,0.0,0.08519680227991522,108519.68022799153,0.0,108519.68022799153,1.0851968022799152
2021-03-01,0.0,0.08519680227991522,108519.68022799153,0.0,108519.68022799153,1.0851968022799152
2021-03-02,0.0,0.08519680227991522,108519.68022799153,0.0,108519.68022799153,1.0851968022799152
2021-03-03,0.0,0.08519680227991522,108519.68022799153,0.0,108519.68022799153,1.0851968022799152
2021-03-04,0.0,0.08519680227991522,108519.68022799153,0.0,108519.68022799153,1.0851968022799152
2021-03-05,0.0,0.08519680227991522,108519.68022799153,0.0,108519.68022799153,1.0851968022799152
2021-03-08,0.0,0.08519680227991522,108519.68022799153,0.0,108519.68022799153,1.0851968022799152
2021-03-09,0.0,0.08519680227991522,108519.68022799153,0.0,108519.68022799153,1.0851968022799152
2021-03-10,0.0,0.08519680227991522,108519.68022799153,0.0,108519.68022799153,1.0851968022799152
2021-03-12,0.0,0.08519680227991522,108519.68022799153,0.0,108519.68022799153,1.0851968022799152
2021-03-15,0.0,0.08519680227991522,108519.68022799153,0.0,108519.68022799153,1.0851968022799152
2021-03-16,0.0,0.08519680227991522,108519.68022799153,0.0,108519.68022799153,1.0851968022799152
2021-03-17,0.0,0.08519680227991522,108519.68022799153,0.0,108519.68022799153,1.0851968022799152
2021-03-18,0.0,0.08519680227991522,108519.68022799153,0.0,108519.68022799153,1.0851968022799152
2021-03-19,0.0,0.08519680227991522,108519.68022799153,0.0,108519.68022799153,1.0851968022799152
2021-03-22,0.0,0.08519680227991522,108519.68022799153,0.0,108519.68022799153,1.0851968022799152
2021-03-23,0.0,0.08519680227991522,108519.68022799153,0.0,108519.68022799153,1.0851968022799152
2021-03-24,0.0,0.08519680227991522,108519.68022799153,0.0,108519.68022799153,1.0851968022799152
2021-03-25,0.0,0.08519680227991522,108519.68022799153,0.0,108519.68022799153,1.0851968022799152
2021-03-26,-0.0006310644331453246,0.08451197317503323,108451.19731750332,-68.48291048820829,108451.19731750332,1.0845119731750332
2021-03-30,0.023284815867550514,0.10976463477656773,110976.46347765677,2525.266160153449,110976.46347765677,1.1097646347765677
2021-03-31,-0.0029397963553576905,0.10650215274794683,110650.21527479468,-326.24820286208706,110650.21527479468,1.1065021527479468
2021-04-01,0.0,0.10650215274794683,110650.21527479468,0.0,110650.21527479468,1.1065021527479468
2021-04-05,0.0,0.10650215274794683,110650.21527479468,0.0,110650.21527479468,1.1065021527479468
2021-04-06,0.0,0.10650215274794683,110650.21527479468,0.0,110650.21527479468,1.1065021527479468
2021-04-07,0.0,0.10650215274794683,110650.21527479468,0.0,110650.21527479468,1.1065021527479468
2021-04-08,0.0,0.10650215274794683,110650.21527479468,0.0,110650.21527479468,1.1065021527479468
2021-04-09,0.0,0.10650215274794683,110650.21527479468,0.0,110650.21527479468,1.1065021527479468
2021-04-12,0.0,0.10650215274794683,110650.21527479468,0.0,110650.21527479468,1.1065021527479468
2021-04-13,0.009038975576454599,0.11650379868192995,111650.37986819299,1000.1645933983091,111650.37986819299,1.11650379868193
2021-04-15,0.00528448456077477,0.12240394576811098,112240.3945768111,590.0147086181096,112240.3945768111,1.122403945768111
2021-04-16,0.0024962821650072447,0.1252057827198656,112520.57827198655,280.18369517545216,112520.57827198655,1.1252057827198656
2021-04-19,-0.02199246149860395,0.10045973786539242,110045.97378653924,-2474.604485447315,110045.97378653924,1.1004597378653924
2021-04-20,0.0,0.10045973786539242,110045.97378653924,0.0,110045.97378653924,1.1004597378653924
2021-04-22,0.0,0.10045973786539242,110045.97378653924,0.0,110045.97378653924,1.1004597378653924
2021-04-23,0.0,0.10045973786539242,110045.97378653924,0.0,110045.97378653924,1.1004597378653924
2021-04-26,0.0,0.10045973786539242,110045.97378653924,0.0,110045.97378653924,1.1004597378653924
2021-04-27,0.0,0.10045973786539242,110045.97378653924,0.0,110045.97378653924,1.1004597378653924
2021-04-28,0.0,0.10045973786539242,110045.97378653924,0.0,110045.97378653924,1.1004597378653924
2021-04-29,0.0,0.10045973786539242,110045.97378653924,0.0,110045.97378653924,1.1004597378653924
2021-04-30,0.0,0.10045973786539242,110045.97378653924,0.0,110045.97378653924,1.1004597378653924
2021-05-03,0.0,0.10045973786539242,110045.97378653924,0.0,110045.97378653924,1.1004597378653924
2021-05-04,0.0,0.10045973786539242,110045.97378653924,0.0,110045.97378653924,1.1004597378653924
2021-05-05,0.0,0.10045973786539242,110045.97378653924,0.0,110045.97378653924,1.1004597378653924
2021-05-06,0.0,0.10045973786539242,110045.97378653924,0.0,110045.97378653924,1.1004597378653924
2021-05-07,0.0,0.10045973786539242,110045.97378653924,0.0,110045.97378653924,1.1004597378653924
2021-05-10,0.0,0.10045973786539242,110045.97378653924,0.0,110045.97378653924,1.1004597378653924
2021-05-11,0.0,0.10045973786539242,110045.97378653924,0.0,110045.97378653924,1.1004597378653924
2021-05-12,0.0,0.10045973786539242,110045.97378653924,0.0,110045.97378653924,1.1004597378653924
2021-05-14,0.0,0.10045973786539242,110045.97378653924,0.0,110045.97378653924,1.1004597378653924
2021-05-17,0.0,0.10045973786539242,110045.97378653924,0.0,110045.97378653924,1.1004597378653924
2021-05-18,0.0,0.10045973786539242,110045.97378653924,0.0,110045.97378653924,1.1004597378653924
2021-05-19,0.0,0.10045973786539242,110045.97378653924,0.0,110045.97378653924,1.1004597378653924
2021-05-20,0.0,0.10045973786539242,110045.97378653924,0.0,110045.97378653924,1.1004597378653924
2021-05-21,0.0,0.10045973786539242,110045.97378653924,0.0,110045.97378653924,1.1004597378653924
2021-05-24,0.0,0.10045973786539242,110045.97378653924,0.0,110045.97378653924,1.1004597378653924
2021-05-25,0.0,0.10045973786539242,110045.97378653924,0.0,110045.97378653924,1.1004597378653924
2021-05-26,0.0,0.10045973786539242,110045.97378653924,0.0,110045.97378653924,1.1004597378653924
2021-05-27,0.0,0.10045973786539242,110045.97378653924,0.0,110045.97378653924,1.1004597378653924
2021-05-28,0.0,0.10045973786539242,110045.97378653924,0.0,110045.97378653924,1.1004597378653924
2021-05-31,0.0,0.10045973786539242,110045.97378653924,0.0,110045.97378653924,1.1004597378653924
2021-06-01,0.0,0.10045973786539242,110045.97378653924,0.0,110045.97378653924,1.1004597378653924
2021-06-02,0.0,0.10045973786539242,110045.97378653924,0.0,110045.97378653924,1.1004597378653924
2021-06-03,0.0,0.10045973786539242,110045.97378653924,0.0,110045.97378653924,1.1004597378653924
2021-06-04,0.0,0.10045973786539242,110045.97378653924,0.0,110045.97378653924,1.1004597378653924
2021-06-07,0.0,0.10045973786539242,110045.97378653924,0.0,110045.97378653924,1.1004597378653924
2021-06-08,0.0,0.10045973786539242,110045.97378653924,0.0,110045.97378653924,1.1004597378653924
2021-06-09,0.0,0.10045973786539242,110045.97378653924,0.0,110045.97378653924,1.1004597378653924
2021-06-10,0.0,0.10045973786539242,110045.97378653924,0.0,110045.97378653924,1.1004597378653924
2021-06-11,0.0,0.10045973786539242,110045.97378653924,0.0,110045.97378653924,1.1004597378653924
2021-06-14,0.0,0.10045973786539242,110045.97378653924,0.0,110045.97378653924,1.1004597378653924
2021-06-15,0.0,0.10045973786539242,110045.97378653924,0.0,110045.97378653924,1.1004597378653924
2021-06-16,0.0,0.10045973786539242,110045.97378653924,0.0,110045.97378653924,1.1004597378653924
2021-06-17,0.0,0.10045973786539242,110045.97378653924,0.0,110045.97378653924,1.1004597378653924
2021-06-18,0.0,0.10045973786539242,110045.97378653924,0.0,110045.97378653924,1.1004597378653924
2021-06-21,0.0,0.10045973786539242,110045.97378653924,0.0,110045.97378653924,1.1004597378653924
2021-06-22,0.0,0.10045973786539242,110045.97378653924,0.0,110045.97378653924,1.1004597378653924
2021-06-23,0.0,0.10045973786539242,110045.97378653924,0.0,110045.97378653924,1.1004597378653924
2021-06-24,0.0,0.10045973786539242,110045.97378653924,0.0,110045.97378653924,1.1004597378653924
2021-06-25,0.0,0.10045973786539242,110045.97378653924,0.0,110045.97378653924,1.1004597378653924
2021-06-28,0.0,0.10045973786539242,110045.97378653924,0.0,110045.97378653924,1.1004597378653924
2021-06-29,0.0,0.10045973786539242,110045.97378653924,0.0,110045.97378653924,1.1004597378653924
2021-06-30,0.0,0.10045973786539242,110045.97378653924,0.0,110045.97378653924,1.1004597378653924
2021-07-01,0.0,0.10045973786539242,110045.97378653924,0.0,110045.97378653924,1.1004597378653924
2021-07-02,0.0,0.10045973786539242,110045.97378653924,0.0,110045.97378653924,1.1004597378653924
2021-07-05,0.0,0.10045973786539242,110045.97378653924,0.0,110045.97378653924,1.1004597378653924
2021-07-06,0.0,0.10045973786539242,110045.97378653924,0.0,110045.97378653924,1.1004597378653924
2021-07-07,0.0,0.10045973786539242,110045.97378653924,0.0,110045.97378653924,1.1004597378653924
2021-07-08,0.0,0.10045973786539242,110045.97378653924,0.0,110045.97378653924,1.1004597378653924
2021-07-09,0.0,0.10045973786539242,110045.97378653924,0.0,110045.97378653924,1.1004597378653924
2021-07-12,0.0,0.10045973786539242,110045.97378653924,0.0,110045.97378653924,1.1004597378653924
2021-07-13,0.0,0.10045973786539242,110045.97378653924,0.0,110045.97378653924,1.1004597378653924
2021-07-14,0.0,0.10045973786539242,110045.97378653924,0.0,110045.97378653924,1.1004597378653924
2021-07-15,0.0,0.10045973786539242,110045.97378653924,0.0,110045.97378653924,1.1004597378653924
2021-07-16,0.0,0.10045973786539242,110045.97378653924,0.0,110045.97378653924,1.1004597378653924
2021-07-19,0.0,0.10045973786539242,110045.97378653924,0.0,110045.97378653924,1.1004597378653924
2021-07-20,0.0,0.10045973786539242,110045.97378653924,0.0,110045.97378653924,1.1004597378653924
2021-07-22,0.0,0.10045973786539242,110045.97378653924,0.0,110045.97378653924,1.1004597378653924
2021-07-23,0.0,0.10045973786539242,110045.97378653924,0.0,110045.97378653924,1.1004597378653924
2021-07-26,0.0,0.10045973786539242,110045.97378653924,0.0,110045.97378653924,1.1004597378653924
2021-07-27,0.0,0.10045973786539242,110045.97378653924,0.0,110045.97378653924,1.1004597378653924
2021-07-28,0.0,0.10045973786539242,110045.97378653924,0.0,110045.97378653924,1.1004597378653924
2021-07-29,0.0,0.10045973786539242,110045.97378653924,0.0,110045.97378653924,1.1004597378653924
2021-07-30,0.0,0.10045973786539242,110045.97378653924,0.0,110045.97378653924,1.1004597378653924
2021-08-02,0.0,0.10045973786539242,110045.97378653924,0.0,110045.97378653924,1.1004597378653924
2021-08-03,0.0,0.10045973786539242,110045.97378653924,0.0,110045.97378653924,1.1004597378653924
2021-08-04,0.0,0.10045973786539242,110045.97378653924,0.0,110045.97378653924,1.1004597378653924
2021-08-05,0.0,0.10045973786539242,110045.97378653924,0.0,110045.97378653924,1.1004597378653924
2021-08-06,0.0,0.10045973786539242,110045.97378653924,0.0,110045.97378653924,1.1004597378653924
2021-08-09,0.0,0.10045973786539242,110045.97378653924,0.0,110045.97378653924,1.1004597378653924
2021-08-10,0.0,0.10045973786539242,110045.97378653924,0.0,110045.97378653924,1.1004597378653924
2021-08-11,0.0,0.10045973786539242,110045.97378653924,0.0,110045.97378653924,1.1004597378653924
2021-08-12,0.0,0.10045973786539242,110045.97378653924,0.0,110045.97378653924,1.1004597378653924
2021-08-13,0.0,0.10045973786539242,110045.97378653924,0.0,110045.97378653924,1.1004597378653924
2021-08-16,0.0,0.10045973786539242,110045.97378653924,0.0,110045.97378653924,1.1004597378653924
2021-08-17,0.0,0.10045973786539242,110045.97378653924,0.0,110045.97378653924,1.1004597378653924
2021-08-18,0.0,0.10045973786539242,110045.97378653924,0.0,110045.97378653924,1.1004597378653924
2021-08-20,0.0,0.10045973786539242,110045.97378653924,0.0,110045.97378653924,1.1004597378653924
2021-08-23,0.0,0.10045973786539242,110045.97378653924,0.0,110045.97378653924,1.1004597378653924
2021-08-24,0.0,0.10045973786539242,110045.97378653924,0.0,110045.97378653924,1.1004597378653924
2021-08-25,0.0,0.10045973786539242,110045.97378653924,0.0,110045.97378653924,1.1004597378653924
2021-08-26,0.0,0.10045973786539242,110045.97378653924,0.0,110045.97378653924,1.1004597378653924
2021-08-27,0.0,0.10045973786539242,110045.97378653924,0.0,110045.97378653924,1.1004597378653924
2021-08-30,0.0,0.10045973786539242,110045.97378653924,0.0,110045.97378653924,1.1004597378653924
2021-08-31,0.0,0.10045973786539242,110045.97378653924,0.0,110045.97378653924,1.1004597378653924
2021-09-01,0.0,0.10045973786539242,110045.97378653924,0.0,110045.97378653924,1.1004597378653924
2021-09-02,0.0,0.10045973786539242,110045.97378653924,0.0,110045.97378653924,1.1004597378653924
2021-09-03,0.0,0.10045973786539242,110045.97378653924,0.0,110045.97378653924,1.1004597378653924
2021-09-06,0.0,0.10045973786539242,110045.97378653924,0.0,110045.97378653924,1.1004597378653924
2021-09-07,0.0,0.10045973786539242,110045.97378653924,0.0,110045.97378653924,1.1004597378653924
2021-09-08,0.0,0.10045973786539242,110045.97378653924,0.0,110045.97378653924,1.1004597378653924
2021-09-09,0.0,0.10045973786539242,110045.97378653924,0.0,110045.97378653924,1.1004597378653924
2021-09-13,0.0,0.10045973786539242,110045.97378653924,0.0,110045.97378653924,1.1004597378653924
2021-09-14,0.0,0.10045973786539242,110045.97378653924,0.0,110045.97378653924,1.1004597378653924
2021-09-15,0.0,0.10045973786539242,110045.97378653924,0.0,110045.97378653924,1.1004597378653924
2021-09-16,0.0,0.10045973786539242,110045.97378653924,0.0,110045.97378653924,1.1004597378653924
2021-09-17,0.0,0.10045973786539242,110045.97378653924,0.0,110045.97378653924,1.1004597378653924
2021-09-20,0.0,0.10045973786539242,110045.97378653924,0.0,110045.97378653924,1.1004597378653924
2021-09-21,0.0,0.10045973786539242,110045.97378653924,0.0,110045.97378653924,1.1004597378653924
2021-09-22,0.0,0.10045973786539242,110045.97378653924,0.0,110045.97378653924,1.1004597378653924
2021-09-23,0.0,0.10045973786539242,110045.97378653924,0.0,110045.97378653924,1.1004597378653924
2021-09-24,0.0,0.10045973786539242,110045.97378653924,0.0,110045.97378653924,1.1004597378653924
2021-09-27,0.0,0.10045973786539242,110045.97378653924,0.0,110045.97378653924,1.1004597378653924
2021-09-28,0.0,0.10045973786539242,110045.97378653924,0.0,110045.97378653924,1.1004597378653924
2021-09-29,0.0,0.10045973786539242,110045.97378653924,0.0,110045.97378653924,1.1004597378653924
2021-09-30,0.0,0.10045973786539242,110045.97378653924,0.0,110045.97378653924,1.1004597378653924
2021-10-01,0.0,0.10045973786539242,110045.97378653924,0.0,110045.97378653924,1.1004597378653924
2021-10-04,0.0,0.10045973786539242,110045.97378653924,0.0,110045.97378653924,1.1004597378653924
2021-10-05,0.0,0.10045973786539242,110045.97378653924,0.0,110045.97378653924,1.1004597378653924
2021-10-06,0.0,0.10045973786539242,110045.97378653924,0.0,110045.97378653924,1.1004597378653924
2021-10-07,0.0,0.10045973786539242,110045.97378653924,0.0,110045.97378653924,1.1004597378653924
2021-10-08,0.0,0.10045973786539242,110045.97378653924,0.0,110045.97378653924,1.1004597378653924
2021-10-11,0.0,0.10045973786539242,110045.97378653924,0.0,110045.97378653924,1.1004597378653924
2021-10-12,0.0,0.10045973786539242,110045.97378653924,0.0,110045.97378653924,1.1004597378653924
2021-10-13,0.0,0.10045973786539242,110045.97378653924,0.0,110045.97378653924,1.1004597378653924
2021-10-14,0.0,0.10045973786539242,110045.97378653924,0.0,110045.97378653924,1.1004597378653924
2021-10-18,0.0,0.10045973786539242,110045.97378653924,0.0,110045.97378653924,1.1004597378653924
2021-10-19,0.0,0.10045973786539242,110045.97378653924,0.0,110045.97378653924,1.1004597378653924
2021-10-20,0.0,0.10045973786539242,110045.97378653924,0.0,110045.97378653924,1.1004597378653924
2021-10-21,0.0,0.10045973786539242,110045.97378653924,0.0,110045.97378653924,1.1004597378653924
2021-10-22,0.0,0.10045973786539242,110045.97378653924,0.0,110045.97378653924,1.1004597378653924
2021-10-25,0.0,0.10045973786539242,110045.97378653924,0.0,110045.97378653924,1.1004597378653924
2021-10-26,0.0,0.10045973786539242,110045.97378653924,0.0,110045.97378653924,1.1004597378653924
2021-10-27,0.0,0.10045973786539242,110045.97378653924,0.0,110045.97378653924,1.1004597378653924
2021-10-28,0.0,0.10045973786539242,110045.97378653924,0.0,110045.97378653924,1.1004597378653924
2021-10-29,0.0,0.10045973786539242,110045.97378653924,0.0,110045.97378653924,1.1004597378653924
2021-11-01,0.0,0.10045973786539242,110045.97378653924,0.0,110045.97378653924,1.1004597378653924
2021-11-02,0.0,0.10045973786539242,110045.97378653924,0.0,110045.97378653924,1.1004597378653924
2021-11-03,0.0,0.10045973786539242,110045.97378653924,0.0,110045.97378653924,1.1004597378653924
2021-11-04,0.0,0.10045973786539242,110045.97378653924,0.0,110045.97378653924,1.1004597378653924
2021-11-08,0.0,0.10045973786539242,110045.97378653924,0.0,110045.97378653924,1.1004597378653924
2021-11-09,0.0,0.10045973786539242,110045.97378653924,0.0,110045.97378653924,1.1004597378653924
2021-11-10,0.0,0.10045973786539242,110045.97378653924,0.0,110045.97378653924,1.1004597378653924
2021-11-11,0.0,0.10045973786539242,110045.97378653924,0.0,110045.97378653924,1.1004597378653924
2021-11-12,0.0,0.10045973786539242,110045.97378653924,0.0,110045.97378653924,1.1004597378653924
2021-11-15,0.0,0.10045973786539242,110045.97378653924,0.0,110045.97378653924,1.1004597378653924
2021-11-16,0.0,0.10045973786539242,110045.97378653924,0.0,110045.97378653924,1.1004597378653924
2021-11-17,0.0,0.10045973786539242,110045.97378653924,0.0,110045.97378653924,1.1004597378653924
2021-11-18,0.0,0.10045973786539242,110045.97378653924,0.0,110045.97378653924,1.1004597378653924
2021-11-22,0.0,0.10045973786539242,110045.97378653924,0.0,110045.97378653924,1.1004597378653924
2021-11-23,0.01212275286790979,0.11380033930861932,111380.03393086193,1334.0601443226915,111380.03393086193,1.1138003393086193
2021-11-24,-0.005044681737814693,0.10818157107733728,110818.15710773373,-561.8768231282011,110818.15710773373,1.1081815710773373
2021-11-25,0.006959452503032018,0.11589390808598554,111589.39080859856,771.2337008648319,111589.39080859856,1.1158939080859855
2021-11-26,-0.02907125418775394,0.08345347263745184,108345.34726374518,-3244.0435448533826,108345.34726374518,1.0834534726374518
2021-11-29,0.001615134174289037,0.08520339536736055,108520.33953673605,174.99227299087215,108520.33953673605,1.0852033953673605
2021-11-30,-0.004148599194972022,0.08070132143495856,108070.13214349585,-450.20739324019814,108070.13214349585,1.0807013214349586
2021-12-01,0.010816641170421411,0.09239087984132066,109239.08798413207,1168.9558406362194,109239.08798413207,1.0923908798413207
2021-12-02,0.013674571102433792,0.10732885659936087,110732.88565993609,1493.7976758040168,110732.88565993609,1.1073288565993609
2021-12-03,-0.011777685867394267,0.09428708517443285,109428.70851744329,-1304.177142492801,109428.70851744329,1.0942870851744328
2021-12-06,-0.016540919575999662,0.07618657050550737,107618.65705055074,-1810.0514668925462,107618.65705055074,1.0761865705055074
2021-12-07,0.015636548581649395,0.09301441409813549,109301.44140981355,1682.784359262805,109301.44140981355,1.0930144140981355
2021-12-08,0.017060948527881727,0.11166227675729656,111166.22767572965,1864.7862659161037,111166.22767572965,1.1116622767572966
2021-12-09,0.0024282869316962176,0.11436171173640597,111436.1711736406,269.9434979109501,111436.1711736406,1.114361711736406
2021-12-10,0.0,0.11436171173640597,111436.1711736406,0.0,111436.1711736406,1.114361711736406
2021-12-13,0.0,0.11436171173640597,111436.1711736406,0.0,111436.1711736406,1.114361711736406
2021-12-14,0.0,0.11436171173640597,111436.1711736406,0.0,111436.1711736406,1.114361711736406
2021-12-15,0.0,0.11436171173640597,111436.1711736406,0.0,111436.1711736406,1.114361711736406
2021-12-16,0.0,0.11436171173640597,111436.1711736406,0.0,111436.1711736406,1.114361711736406
2021-12-17,0.0,0.11436171173640597,111436.1711736406,0.0,111436.1711736406,1.114361711736406
2021-12-20,0.0,0.11436171173640597,111436.1711736406,0.0,111436.1711736406,1.114361711736406
2021-12-21,-0.0008371704895274756,0.11342880099668085,111342.88009966808,-93.29107397251937,111342.88009966808,1.1134288009966808
2021-12-22,0.011007170994593368,0.1256845021995563,112568.45021995563,1225.5701202875498,112568.45021995563,1.1256845021995563
2021-12-23,0.0069093062126275315,0.13346220112406226,113346.22011240623,777.7698924505967,113346.22011240623,1.1334622011240623
2021-12-24,0.003804316412526422,0.13777424997877685,113777.42499787768,431.20488547145214,113777.42499787768,1.1377742499787769
2021-12-27,0.0,0.13777424997877685,113777.42499787768,0.0,113777.42499787768,1.1377742499787769
2021-12-28,0.0,0.13777424997877685,113777.42499787768,0.0,113777.42499787768,1.1377742499787769
2021-12-29,0.0,0.13777424997877685,113777.42499787768,0.0,113777.42499787768,1.1377742499787769
2021-12-30,0.0,0.13777424997877685,113777.42499787768,0.0,113777.42499787768,1.1377742499787769
2021-12-31,0.0,0.13777424997877685,113777.42499787768,0.0,113777.42499787768,1.1377742499787769
2022-01-03,0.0,0.13777424997877685,113777.42499787768,0.0,113777.42499787768,1.1377742499787769
2022-01-04,0.0,0.13777424997877685,113777.42499787768,0.0,113777.42499787768,1.1377742499787769
2022-01-05,0.0,0.13777424997877685,113777.42499787768,0.0,113777.42499787768,1.1377742499787769
2022-01-06,0.0,0.13777424997877685,113777.42499787768,0.0,113777.42499787768,1.1377742499787769
2022-01-07,0.0,0.13777424997877685,113777.42499787768,0.0,113777.42499787768,1.1377742499787769
2022-01-10,0.0,0.13777424997877685,113777.42499787768,0.0,113777.42499787768,1.1377742499787769
2022-01-11,0.0,0.13777424997877685,113777.42499787768,0.0,113777.42499787768,1.1377742499787769
2022-01-12,0.0,0.13777424997877685,113777.42499787768,0.0,113777.42499787768,1.1377742499787769
2022-01-13,0.0,0.13777424997877685,113777.42499787768,0.0,113777.42499787768,1.1377742499787769
2022-01-14,0.0,0.13777424997877685,113777.42499787768,0.0,113777.42499787768,1.1377742499787769
2022-01-17,0.0,0.13777424997877685,113777.42499787768,0.0,113777.42499787768,1.1377742499787769
2022-01-18,0.0,0.13777424997877685,113777.42499787768,0.0,113777.42499787768,1.1377742499787769
2022-01-19,0.0,0.13777424997877685,113777.42499787768,0.0,113777.42499787768,1.1377742499787769
2022-01-20,0.0,0.13777424997877685,113777.42499787768,0.0,113777.42499787768,1.1377742499787769
2022-01-21,0.0,0.13777424997877685,113777.42499787768,0.0,113777.42499787768,1.1377742499787769
2022-01-24,0.0,0.13777424997877685,113777.42499787768,0.0,113777.42499787768,1.1377742499787769
2022-01-25,0.0,0.13777424997877685,113777.42499787768,0.0,113777.42499787768,1.1377742499787769
2022-01-27,0.0,0.13777424997877685,113777.42499787768,0.0,113777.42499787768,1.1377742499787769
2022-01-28,0.0,0.13777424997877685,113777.42499787768,0.0,113777.42499787768,1.1377742499787769
2022-01-31,0.0,0.13777424997877685,113777.42499787768,0.0,113777.42499787768,1.1377742499787769
2022-02-01,0.0,0.13777424997877685,113777.42499787768,0.0,113777.42499787768,1.1377742499787769
2022-02-02,0.0,0.13777424997877685,113777.42499787768,0.0,113777.42499787768,1.1377742499787769
2022-02-03,0.0,0.13777424997877685,113777.42499787768,0.0,113777.42499787768,1.1377742499787769
2022-02-04,0.0,0.13777424997877685,113777.42499787768,0.0,113777.42499787768,1.1377742499787769
2022-02-07,0.0,0.13777424997877685,113777.42499787768,0.0,113777.42499787768,1.1377742499787769
2022-02-08,0.0,0.13777424997877685,113777.42499787768,0.0,113777.42499787768,1.1377742499787769
2022-02-09,0.0,0.13777424997877685,113777.42499787768,0.0,113777.42499787768,1.1377742499787769
2022-02-10,0.0,0.13777424997877685,113777.42499787768,0.0,113777.42499787768,1.1377742499787769
2022-02-11,0.0,0.13777424997877685,113777.42499787768,0.0,113777.42499787768,1.1377742499787769
2022-02-14,0.0,0.13777424997877685,113777.42499787768,0.0,113777.42499787768,1.1377742499787769
2022-02-15,0.0,0.13777424997877685,113777.42499787768,0.0,113777.42499787768,1.1377742499787769
2022-02-16,0.0,0.13777424997877685,113777.42499787768,0.0,113777.42499787768,1.1377742499787769
2022-02-17,0.0,0.13777424997877685,113777.42499787768,0.0,113777.42499787768,1.1377742499787769
2022-02-18,0.0,0.13777424997877685,113777.42499787768,0.0,113777.42499787768,1.1377742499787769
2022-02-21,0.0,0.13777424997877685,113777.42499787768,0.0,113777.42499787768,1.1377742499787769
2022-02-22,0.0,0.13777424997877685,113777.42499787768,0.0,113777.42499787768,1.1377742499787769
2022-02-23,0.0,0.13777424997877685,113777.42499787768,0.0,113777.42499787768,1.1377742499787769
2022-02-24,0.0,0.13777424997877685,113777.42499787768,0.0,113777.42499787768,1.1377742499787769
2022-02-25,0.007943316891778667,0.146811951397664,114681.1951397664,903.7701418887154,114681.1951397664,1.146811951397664
2022-02-28,0.008134034290366594,0.15614015913493495,115614.0159134935,932.8207737271005,115614.0159134935,1.156140159134935
2022-03-02,-0.011191633122935609,0.1432010626352045,114320.10626352044,-1293.9096499730513,114320.10626352044,1.1432010626352045
2022-03-03,-0.006497577228417056,0.13577302544312375,113577.30254431238,-742.8037192080665,113577.30254431238,1.1357730254431238
2022-03-04,-0.015317032007332306,0.11837635365934673,111837.63536593468,-1739.6671783776983,111837.63536593468,1.1183763536593467
2022-03-07,-0.023526684739947814,0.09206466576619099,109206.4665766191,-2631.168789315576,109206.4665766191,1.092064665766191
2022-03-08,0.009474776509483642,0.1024117344082296,110241.17344082295,1034.7068642038503,110241.17344082295,1.1024117344082296
2022-03-09,0.020726290088294307,0.12526063981231417,112526.06398123142,2284.8905404084653,112526.06398123142,1.1252606398123142
2022-03-10,0.015267387190474546,0.14244042969052972,114244.04296905297,1717.9789878215524,114244.04296905297,1.1424404296905297
2022-03-11,-0.004683127817527716,0.13709023513437768,113709.02351343777,-535.0194556151982,113709.02351343777,1.1370902351343777
2022-03-14,0.0,0.13709023513437768,113709.02351343777,0.0,113709.02351343777,1.1370902351343777
2022-03-15,0.0,0.13709023513437768,113709.02351343777,0.0,113709.02351343777,1.1370902351343777
2022-03-16,0.0,0.13709023513437768,113709.02351343777,0.0,113709.02351343777,1.1370902351343777
2022-03-17,0.0,0.13709023513437768,113709.02351343777,0.0,113709.02351343777,1.1370902351343777
2022-03-21,0.0,0.13709023513437768,113709.02351343777,0.0,113709.02351343777,1.1370902351343777
2022-03-22,0.0,0.13709023513437768,113709.02351343777,0.0,113709.02351343777,1.1370902351343777
2022-03-23,0.0,0.13709023513437768,113709.02351343777,0.0,113709.02351343777,1.1370902351343777
2022-03-24,0.0,0.13709023513437768,113709.02351343777,0.0,113709.02351343777,1.1370902351343777
2022-03-25,0.0,0.13709023513437768,113709.02351343777,0.0,113709.02351343777,1.1370902351343777
2022-03-28,0.0,0.13709023513437768,113709.02351343777,0.0,113709.02351343777,1.1370902351343777
2022-03-29,0.0,0.13709023513437768,113709.02351343777,0.0,113709.02351343777,1.1370902351343777
2022-03-30,0.0,0.13709023513437768,113709.02351343777,0.0,113709.02351343777,1.1370902351343777
2022-03-31,0.0,0.13709023513437768,113709.02351343777,0.0,113709.02351343777,1.1370902351343777
2022-04-01,0.0,0.13709023513437768,113709.02351343777,0.0,113709.02351343777,1.1370902351343777
2022-04-04,0.0,0.13709023513437768,113709.02351343777,0.0,113709.02351343777,1.1370902351343777
2022-04-05,0.0,0.13709023513437768,113709.02351343777,0.0,113709.02351343777,1.1370902351343777
2022-04-06,0.0,0.13709023513437768,113709.02351343777,0.0,113709.02351343777,1.1370902351343777
2022-04-07,0.0,0.13709023513437768,113709.02351343777,0.0,113709.02351343777,1.1370902351343777
2022-04-08,0.0,0.13709023513437768,113709.02351343777,0.0,113709.02351343777,1.1370902351343777
2022-04-11,0.0,0.13709023513437768,113709.02351343777,0.0,113709.02351343777,1.1370902351343777
2022-04-12,0.0,0.13709023513437768,113709.02351343777,0.0,113709.02351343777,1.1370902351343777
2022-04-13,0.0,0.13709023513437768,113709.02351343777,0.0,113709.02351343777,1.1370902351343777
2022-04-18,0.0,0.13709023513437768,113709.02351343777,0.0,113709.02351343777,1.1370902351343777
2022-04-19,0.0,0.13709023513437768,113709.02351343777,0.0,113709.02351343777,1.1370902351343777
2022-04-20,0.0,0.13709023513437768,113709.02351343777,0.0,113709.02351343777,1.1370902351343777
2022-04-21,0.0,0.13709023513437768,113709.02351343777,0.0,113709.02351343777,1.1370902351343777
2022-04-22,0.0,0.13709023513437768,113709.02351343777,0.0,113709.02351343777,1.1370902351343777
2022-04-25,0.0,0.13709023513437768,113709.02351343777,0.0,113709.02351343777,1.1370902351343777
2022-04-26,0.0,0.13709023513437768,113709.02351343777,0.0,113709.02351343777,1.1370902351343777
2022-04-27,0.0,0.13709023513437768,113709.02351343777,0.0,113709.02351343777,1.1370902351343777
2022-04-28,0.0,0.13709023513437768,113709.02351343777,0.0,113709.02351343777,1.1370902351343777
2022-04-29,0.0,0.13709023513437768,113709.02351343777,0.0,113709.02351343777,1.1370902351343777
2022-05-02,0.0,0.13709023513437768,113709.02351343777,0.0,113709.02351343777,1.1370902351343777
2022-05-04,0.0,0.13709023513437768,113709.02351343777,0.0,113709.02351343777,1.1370902351343777
2022-05-05,0.0,0.13709023513437768,113709.02351343777,0.0,113709.02351343777,1.1370902351343777
2022-05-06,0.0,0.13709023513437768,113709.02351343777,0.0,113709.02351343777,1.1370902351343777
2022-05-09,0.003869311311526364,0.14148999124340933,114148.99912434093,439.97561090315867,114148.99912434093,1.1414899912434093
2022-05-10,-0.0037909688880922855,0.13716263820053687,113716.26382005369,-432.7353042872419,113716.26382005369,1.1371626382005369
2022-05-11,-0.00449199332451824,0.13205451122084844,113205.45112208485,-510.8126979688386,113205.45112208485,1.1320545112208484
2022-05-12,-0.02221175214178583,0.1069095970066205,110690.95970066205,-2514.4914214228047,110690.95970066205,1.1069095970066205
2022-05-13,-0.0016352232651189271,0.10509955268121196,110509.9552681212,-181.00443254085258,110509.9552681212,1.105099552681212
2022-05-16,0.0038112305721171107,0.10931134188162361,110931.13418816237,421.1789200411731,110931.13418816237,1.1093113418816236
2022-05-17,0.026321935902047247,0.13851056391804573,113851.05639180457,2919.9222036421997,113851.05639180457,1.1385105639180457
2022-05-18,-0.0011685620062508698,0.13718014372933585,113718.01437293358,-133.04201887098316,113718.01437293358,1.1371801437293358
2022-05-19,-0.02653272533417935,0.10700765532028278,110700.76553202828,-3017.248840905304,110700.76553202828,1.1070076553202828
2022-05-20,0.028891038794289343,0.13899025643571639,113899.02564357164,3198.2601115433645,113899.02564357164,1.1389902564357164
2022-05-23,0.0008246265460445623,0.13992949803685928,113992.94980368593,93.92416011428577,113992.94980368593,1.1399294980368593
2022-05-24,0.0,0.13992949803685928,113992.94980368593,0.0,113992.94980368593,1.1399294980368593
2022-05-25,0.0,0.13992949803685928,113992.94980368593,0.0,113992.94980368593,1.1399294980368593
2022-05-26,0.0,0.13992949803685928,113992.94980368593,0.0,113992.94980368593,1.1399294980368593
2022-05-27,0.0,0.13992949803685928,113992.94980368593,0.0,113992.94980368593,1.1399294980368593
2022-05-30,0.0,0.13992949803685928,113992.94980368593,0.0,113992.94980368593,1.1399294980368593
2022-05-31,0.0,0.13992949803685928,113992.94980368593,0.0,113992.94980368593,1.1399294980368593
2022-06-01,0.0,0.13992949803685928,113992.94980368593,0.0,113992.94980368593,1.1399294980368593
2022-06-02,0.0,0.13992949803685928,113992.94980368593,0.0,113992.94980368593,1.1399294980368593
2022-06-03,0.0,0.13992949803685928,113992.94980368593,0.0,113992.94980368593,1.1399294980368593
2022-06-06,0.0,0.13992949803685928,113992.94980368593,0.0,113992.94980368593,1.1399294980368593
2022-06-07,0.0,0.13992949803685928,113992.94980368593,0.0,113992.94980368593,1.1399294980368593
2022-06-08,0.0,0.13992949803685928,113992.94980368593,0.0,113992.94980368593,1.1399294980368593
2022-06-09,0.0,0.13992949803685928,113992.94980368593,0.0,113992.94980368593,1.1399294980368593
2022-06-10,0.0,0.13992949803685928,113992.94980368593,0.0,113992.94980368593,1.1399294980368593
2022-06-13,0.0,0.13992949803685928,113992.94980368593,0.0,113992.94980368593,1.1399294980368593
2022-06-14,0.0029907417819034403,0.14333873281506238,114333.87328150624,340.9234778203099,114333.87328150624,1.1433387328150624
2022-06-15,-0.0025393443813560425,0.14043540202790172,114043.54020279017,-290.33307871606667,114043.54020279017,1.1404354020279017
2022-06-16,-0.021128447854290206,0.1163397721049686,111633.97721049686,-2409.562992293315,111633.97721049686,1.1163397721049686
2022-06-17,-0.00436829362663989,0.11146327219331775,111146.32721933178,-487.64999116507533,111146.32721933178,1.1114632721933178
2022-06-20,0.0037042135956452085,0.11558036955723638,111558.03695572364,411.7097363918583,111558.03695572364,1.1155803695572364
2022-06-21,0.018804337854487124,0.13655811973022414,113655.81197302241,2097.7750172987726,113655.81197302241,1.1365581197302241
2022-06-22,-0.014419265085317462,0.120169786916964,112016.97869169641,-1638.8332813260058,112016.97869169641,1.120169786916964
2022-06-23,0.009300447519609276,0.130587867233237,113058.7867233237,1041.8080316272972,113058.7867233237,1.130587867233237
2022-06-24,0.00916647258852945,0.1409513699271545,114095.13699271544,1036.3502693917399,114095.13699271544,1.1409513699271545
2022-06-27,0.00845899037772505,0.15060266658682053,115060.26665868206,965.1296659666114,115060.26665868206,1.1506026665868205
2022-06-28,-0.005411936249272839,0.14437567830700937,114437.56783070094,-622.6988279811194,114437.56783070094,1.1443756783070094
2022-06-29,0.0,0.14437567830700937,114437.56783070094,0.0,114437.56783070094,1.1443756783070094
2022-06-30,0.0,0.14437567830700937,114437.56783070094,0.0,114437.56783070094,1.1443756783070094
2022-07-01,0.0,0.14437567830700937,114437.56783070094,0.0,114437.56783070094,1.1443756783070094
2022-07-04,0.0,0.14437567830700937,114437.56783070094,0.0,114437.56783070094,1.1443756783070094
2022-07-05,0.0,0.14437567830700937,114437.56783070094,0.0,114437.56783070094,1.1443756783070094
2022-07-06,0.0,0.14437567830700937,114437.56783070094,0.0,114437.56783070094,1.1443756783070094
2022-07-07,0.0,0.14437567830700937,114437.56783070094,0.0,114437.56783070094,1.1443756783070094
2022-07-08,0.0,0.14437567830700937,114437.56783070094,0.0,114437.56783070094,1.1443756783070094
2022-07-11,0.0,0.14437567830700937,114437.56783070094,0.0,114437.56783070094,1.1443756783070094
2022-07-12,0.0,0.14437567830700937,114437.56783070094,0.0,114437.56783070094,1.1443756783070094
2022-07-13,0.0,0.14437567830700937,114437.56783070094,0.0,114437.56783070094,1.1443756783070094
2022-07-14,0.0,0.14437567830700937,114437.56783070094,0.0,114437.56783070094,1.1443756783070094
2022-07-15,0.0,0.14437567830700937,114437.56783070094,0.0,114437.56783070094,1.1443756783070094
2022-07-18,0.0,0.14437567830700937,114437.56783070094,0.0,114437.56783070094,1.1443756783070094
2022-07-19,0.0,0.14437567830700937,114437.56783070094,0.0,114437.56783070094,1.1443756783070094
2022-07-20,0.0,0.14437567830700937,114437.56783070094,0.0,114437.56783070094,1.1443756783070094
2022-07-21,0.0,0.14437567830700937,114437.56783070094,0.0,114437.56783070094,1.1443756783070094
2022-07-22,0.0,0.14437567830700937,114437.56783070094,0.0,114437.56783070094,1.1443756783070094
2022-07-25,0.0,0.14437567830700937,114437.56783070094,0.0,114437.56783070094,1.1443756783070094
2022-07-26,0.0,0.14437567830700937,114437.56783070094,0.0,114437.56783070094,1.1443756783070094
2022-07-27,0.0,0.14437567830700937,114437.56783070094,0.0,114437.56783070094,1.1443756783070094
2022-07-28,0.0,0.14437567830700937,114437.56783070094,0.0,114437.56783070094,1.1443756783070094
2022-07-29,0.0,0.14437567830700937,114437.56783070094,0.0,114437.56783070094,1.1443756783070094
2022-08-01,0.0,0.14437567830700937,114437.56783070094,0.0,114437.56783070094,1.1443756783070094
2022-08-02,0.0,0.14437567830700937,114437.56783070094,0.0,114437.56783070094,1.1443756783070094
2022-08-03,0.0,0.14437567830700937,114437.56783070094,0.0,114437.56783070094,1.1443756783070094
2022-08-04,0.0,0.14437567830700937,114437.56783070094,0.0,114437.56783070094,1.1443756783070094
2022-08-05,0.0,0.14437567830700937,114437.56783070094,0.0,114437.56783070094,1.1443756783070094
2022-08-08,0.0,0.14437567830700937,114437.56783070094,0.0,114437.56783070094,1.1443756783070094
2022-08-10,0.0,0.14437567830700937,114437.56783070094,0.0,114437.56783070094,1.1443756783070094
2022-08-11,0.0,0.14437567830700937,114437.56783070094,0.0,114437.56783070094,1.1443756783070094
2022-08-12,0.0,0.14437567830700937,114437.56783070094,0.0,114437.56783070094,1.1443756783070094
2022-08-16,0.0,0.14437567830700937,114437.56783070094,0.0,114437.56783070094,1.1443756783070094
2022-08-17,0.0,0.14437567830700937,114437.56783070094,0.0,114437.56783070094,1.1443756783070094
2022-08-18,0.0,0.14437567830700937,114437.56783070094,0.0,114437.56783070094,1.1443756783070094
2022-08-19,0.0,0.14437567830700937,114437.56783070094,0.0,114437.56783070094,1.1443756783070094
2022-08-22,0.0,0.14437567830700937,114437.56783070094,0.0,114437.56783070094,1.1443756783070094
2022-08-23,0.0,0.14437567830700937,114437.56783070094,0.0,114437.56783070094,1.1443756783070094
2022-08-24,0.0,0.14437567830700937,114437.56783070094,0.0,114437.56783070094,1.1443756783070094
2022-08-25,0.0,0.14437567830700937,114437.56783070094,0.0,114437.56783070094,1.1443756783070094
2022-08-26,0.0,0.14437567830700937,114437.56783070094,0.0,114437.56783070094,1.1443756783070094
2022-08-29,0.0,0.14437567830700937,114437.56783070094,0.0,114437.56783070094,1.1443756783070094
2022-08-30,0.0,0.14437567830700937,114437.56783070094,0.0,114437.56783070094,1.1443756783070094
2022-09-01,0.0,0.14437567830700937,114437.56783070094,0.0,114437.56783070094,1.1443756783070094
2022-09-02,0.0,0.14437567830700937,114437.56783070094,0.0,114437.56783070094,1.1443756783070094
2022-09-05,0.0,0.14437567830700937,114437.56783070094,0.0,114437.56783070094,1.1443756783070094
2022-09-06,0.0,0.14437567830700937,114437.56783070094,0.0,114437.56783070094,1.1443756783070094
2022-09-07,0.0,0.14437567830700937,114437.56783070094,0.0,114437.56783070094,1.1443756783070094
2022-09-08,0.0,0.14437567830700937,114437.56783070094,0.0,114437.56783070094,1.1443756783070094
2022-09-09,0.0,0.14437567830700937,114437.56783070094,0.0,114437.56783070094,1.1443756783070094
2022-09-12,0.0,0.14437567830700937,114437.56783070094,0.0,114437.56783070094,1.1443756783070094
2022-09-13,0.0,0.14437567830700937,114437.56783070094,0.0,114437.56783070094,1.1443756783070094
2022-09-14,0.0,0.14437567830700937,114437.56783070094,0.0,114437.56783070094,1.1443756783070094
2022-09-15,0.0,0.14437567830700937,114437.56783070094,0.0,114437.56783070094,1.1443756783070094
2022-09-16,0.0,0.14437567830700937,114437.56783070094,0.0,114437.56783070094,1.1443756783070094
2022-09-19,0.0,0.14437567830700937,114437.56783070094,0.0,114437.56783070094,1.1443756783070094
2022-09-20,0.0,0.14437567830700937,114437.56783070094,0.0,114437.56783070094,1.1443756783070094
2022-09-21,0.0,0.14437567830700937,114437.56783070094,0.0,114437.56783070094,1.1443756783070094
2022-09-22,0.0,0.14437567830700937,114437.56783070094,0.0,114437.56783070094,1.1443756783070094
2022-09-23,0.0,0.14437567830700937,114437.56783070094,0.0,114437.56783070094,1.1443756783070094
2022-09-26,0.0,0.14437567830700937,114437.56783070094,0.0,114437.56783070094,1.1443756783070094
2022-09-27,-0.00674877578836864,0.13665254343645317,113665.25434364531,-772.3134870556241,113665.25434364531,1.1366525434364532
2022-09-28,-0.008749178465394603,0.12670776748078305,112670.77674807831,-994.4775955670048,112670.77674807831,1.126707767480783
2022-09-29,-0.002402334769103723,0.12400103823634478,112400.10382363448,-270.672924443832,112400.10382363448,1.1240010382363448
2022-09-30,0.016425755966269134,0.142463604996248,114246.3604996248,1846.2566759903275,114246.3604996248,1.142463604996248
2022-10-03,-0.012109264448790473,0.12862921108022984,112862.92110802299,-1383.4393916018162,112862.92110802299,1.1286292110802298
2022-10-04,0.02291367093271903,0.1544902494279765,115449.02494279765,2586.1038347746653,115449.02494279765,1.1544902494279765
2022-10-06,0.0033286441360574244,0.15833313662687032,115833.31366268703,384.28871988937317,115833.31366268703,1.1583331366268703
2022-10-07,-0.003273394597764541,0.15454145519502416,115454.14551950242,-379.1681431846082,115454.14551950242,1.1545414551950242
2022-10-10,0.0,0.15454145519502416,115454.14551950242,0.0,115454.14551950242,1.1545414551950242
2022-10-11,0.0,0.15454145519502416,115454.14551950242,0.0,115454.14551950242,1.1545414551950242
2022-10-12,0.0,0.15454145519502416,115454.14551950242,0.0,115454.14551950242,1.1545414551950242
2022-10-13,0.0,0.15454145519502416,115454.14551950242,0.0,115454.14551950242,1.1545414551950242
2022-10-14,0.0,0.15454145519502416,115454.14551950242,0.0,115454.14551950242,1.1545414551950242
2022-10-17,0.0,0.15454145519502416,115454.14551950242,0.0,115454.14551950242,1.1545414551950242
2022-10-18,0.0,0.15454145519502416,115454.14551950242,0.0,115454.14551950242,1.1545414551950242
2022-10-19,0.0,0.15454145519502416,115454.14551950242,0.0,115454.14551950242,1.1545414551950242
2022-10-20,0.0,0.15454145519502416,115454.14551950242,0.0,115454.14551950242,1.1545414551950242
2022-10-21,0.0,0.15454145519502416,115454.14551950242,0.0,115454.14551950242,1.1545414551950242
2022-10-24,0.0,0.15454145519502416,115454.14551950242,0.0,115454.14551950242,1.1545414551950242
2022-10-25,0.0,0.15454145519502416,115454.14551950242,0.0,115454.14551950242,1.1545414551950242
2022-10-27,0.0,0.15454145519502416,115454.14551950242,0.0,115454.14551950242,1.1545414551950242
2022-10-28,0.0,0.15454145519502416,115454.14551950242,0.0,115454.14551950242,1.1545414551950242
2022-10-31,0.0,0.15454145519502416,115454.14551950242,0.0,115454.14551950242,1.1545414551950242
2022-11-01,0.0,0.15454145519502416,115454.14551950242,0.0,115454.14551950242,1.1545414551950242
2022-11-02,0.0,0.15454145519502416,115454.14551950242,0.0,115454.14551950242,1.1545414551950242
2022-11-03,0.0,0.15454145519502416,115454.14551950242,0.0,115454.14551950242,1.1545414551950242
2022-11-04,0.0,0.15454145519502416,115454.14551950242,0.0,115454.14551950242,1.1545414551950242
2022-11-07,0.0,0.15454145519502416,115454.14551950242,0.0,115454.14551950242,1.1545414551950242
2022-11-09,0.0,0.15454145519502416,115454.14551950242,0.0,115454.14551950242,1.1545414551950242
2022-11-10,0.0,0.15454145519502416,115454.14551950242,0.0,115454.14551950242,1.1545414551950242
2022-11-11,0.0,0.15454145519502416,115454.14551950242,0.0,115454.14551950242,1.1545414551950242
2022-11-14,0.0,0.15454145519502416,115454.14551950242,0.0,115454.14551950242,1.1545414551950242
2022-11-15,0.0,0.15454145519502416,115454.14551950242,0.0,115454.14551950242,1.1545414551950242
2022-11-16,0.0,0.15454145519502416,115454.14551950242,0.0,115454.14551950242,1.1545414551950242
2022-11-17,0.0,0.15454145519502416,115454.14551950242,0.0,115454.14551950242,1.1545414551950242
2022-11-18,0.0,0.15454145519502416,115454.14551950242,0.0,115454.14551950242,1.1545414551950242
2022-11-21,0.0,0.15454145519502416,115454.14551950242,0.0,115454.14551950242,1.1545414551950242
2022-11-22,0.0,0.15454145519502416,115454.14551950242,0.0,115454.14551950242,1.1545414551950242
2022-11-23,0.0,0.15454145519502416,115454.14551950242,0.0,115454.14551950242,1.1545414551950242
2022-11-24,0.0,0.15454145519502416,115454.14551950242,0.0,115454.14551950242,1.1545414551950242
2022-11-25,0.0,0.15454145519502416,115454.14551950242,0.0,115454.14551950242,1.1545414551950242
2022-11-28,0.0,0.15454145519502416,115454.14551950242,0.0,115454.14551950242,1.1545414551950242
2022-11-29,0.0,0.15454145519502416,115454.14551950242,0.0,115454.14551950242,1.1545414551950242
2022-11-30,0.0,0.15454145519502416,115454.14551950242,0.0,115454.14551950242,1.1545414551950242
2022-12-01,0.0,0.15454145519502416,115454.14551950242,0.0,115454.14551950242,1.1545414551950242
2022-12-02,0.0,0.15454145519502416,115454.14551950242,0.0,115454.14551950242,1.1545414551950242
2022-12-05,0.0,0.15454145519502416,115454.14551950242,0.0,115454.14551950242,1.1545414551950242
2022-12-06,0.0,0.15454145519502416,115454.14551950242,0.0,115454.14551950242,1.1545414551950242
2022-12-07,0.0,0.15454145519502416,115454.14551950242,0.0,115454.14551950242,1.1545414551950242
2022-12-08,0.0,0.15454145519502416,115454.14551950242,0.0,115454.14551950242,1.1545414551950242
2022-12-09,0.0,0.15454145519502416,115454.14551950242,0.0,115454.14551950242,1.1545414551950242
2022-12-12,0.0,0.15454145519502416,115454.14551950242,0.0,115454.14551950242,1.1545414551950242
2022-12-13,0.0,0.15454145519502416,115454.14551950242,0.0,115454.14551950242,1.1545414551950242
2022-12-14,0.0,0.15454145519502416,115454.14551950242,0.0,115454.14551950242,1.1545414551950242
2022-12-15,0.0,0.15454145519502416,115454.14551950242,0.0,115454.14551950242,1.1545414551950242
2022-12-16,0.0,0.15454145519502416,115454.14551950242,0.0,115454.14551950242,1.1545414551950242
2022-12-19,0.0,0.15454145519502416,115454.14551950242,0.0,115454.14551950242,1.1545414551950242
2022-12-20,0.0,0.15454145519502416,115454.14551950242,0.0,115454.14551950242,1.1545414551950242
2022-12-21,0.0,0.15454145519502416,115454.14551950242,0.0,115454.14551950242,1.1545414551950242
2022-12-22,-0.009527870881535467,0.1435411332825458,114354.11332825458,-1100.0321912478394,114354.11332825458,1.1435411332825458
2022-12-23,-0.01768316025411792,0.12331971216553494,112331.97121655349,-2022.1421117010905,112331.97121655349,1.123319712165535
2022-12-26,0.011669632893506936,0.13642844082854655,113642.84408285466,1310.8728663011716,113642.84408285466,1.1364284408285465
2022-12-27,0.006533654614990554,0.14385347175557262,114385.34717555727,742.5030927026091,114385.34717555727,1.1438534717555726
2022-12-28,-0.0005405150382313676,0.14323520175255555,114323.52017525556,-61.82700030170963,114323.52017525556,1.1432352017525556
2022-12-29,0.0037798317009242652,0.14755643840975252,114755.64384097526,432.1236657197005,114755.64384097526,1.1475564384097525
2022-12-30,-0.00471107793689187,0.14215021059142208,114215.02105914221,-540.6227818330517,114215.02105914221,1.142150210591422
2023-01-02,0.0050895833553579895,0.1479632792925667,114796.32792925667,581.3068701144657,114796.32792925667,1.1479632792925667
2023-01-03,0.001928927624858137,0.150177617374317,115017.7617374317,221.43380817503203,115017.7617374317,1.150177617374317
2023-01-04,-0.0008042306503242719,0.1492526092811075,114925.26092811074,-92.50080932096171,114925.26092811074,1.1492526092811075
2023-01-05,0.0,0.1492526092811075,114925.26092811074,0.0,114925.26092811074,1.1492526092811075
2023-01-06,0.0,0.1492526092811075,114925.26092811074,0.0,114925.26092811074,1.1492526092811075
2023-01-09,0.0,0.1492526092811075,114925.26092811074,0.0,114925.26092811074,1.1492526092811075
2023-01-10,0.0,0.1492526092811075,114925.26092811074,0.0,114925.26092811074,1.1492526092811075
2023-01-11,0.0,0.1492526092811075,114925.26092811074,0.0,114925.26092811074,1.1492526092811075
2023-01-12,0.0,0.1492526092811075,114925.26092811074,0.0,114925.26092811074,1.1492526092811075
2023-01-13,0.0,0.1492526092811075,114925.26092811074,0.0,114925.26092811074,1.1492526092811075
2023-01-16,0.0,0.1492526092811075,114925.26092811074,0.0,114925.26092811074,1.1492526092811075
2023-01-17,0.0,0.1492526092811075,114925.26092811074,0.0,114925.26092811074,1.1492526092811075
2023-01-18,0.0,0.1492526092811075,114925.26092811074,0.0,114925.26092811074,1.1492526092811075
2023-01-19,0.0,0.1492526092811075,114925.26092811074,0.0,114925.26092811074,1.1492526092811075
2023-01-20,0.0,0.1492526092811075,114925.26092811074,0.0,114925.26092811074,1.1492526092811075
2023-01-23,0.0,0.1492526092811075,114925.26092811074,0.0,114925.26092811074,1.1492526092811075
2023-01-24,0.0,0.1492526092811075,114925.26092811074,0.0,114925.26092811074,1.1492526092811075
2023-01-25,0.0,0.1492526092811075,114925.26092811074,0.0,114925.26092811074,1.1492526092811075
2023-01-27,0.0,0.1492526092811075,114925.26092811074,0.0,114925.26092811074,1.1492526092811075
2023-01-30,0.005399664220076027,0.15545818747527163,115545.81874752717,620.5578194164264,115545.81874752717,1.1554581874752716
2023-01-31,0.000747986280167618,0.15632245434681047,115632.24543468104,86.42668715387117,115632.24543468104,1.1563224543468105
2023-02-01,-0.002595924525664598,0.15332072852799494,115332.0728527995,-300.17258188154665,115332.0728527995,1.153320728527995
2023-02-02,-0.0003349392530400089,0.15293443614466629,115293.44361446663,-38.629238332869136,115293.44361446663,1.1529344361446663
2023-02-03,0.013835596307890234,0.16888597157262897,116888.59715726289,1595.1535427962663,116888.59715726289,1.168885971572629
2023-02-06,-0.0026883442942417,0.16574360364033258,116574.36036403326,-314.2367932296329,116574.36036403326,1.1657436036403326
2023-02-07,0.0,0.16574360364033258,116574.36036403326,0.0,116574.36036403326,1.1657436036403326
2023-02-08,0.0,0.16574360364033258,116574.36036403326,0.0,116574.36036403326,1.1657436036403326
2023-02-09,0.0,0.16574360364033258,116574.36036403326,0.0,116574.36036403326,1.1657436036403326
2023-02-10,0.0,0.16574360364033258,116574.36036403326,0.0,116574.36036403326,1.1657436036403326
2023-02-13,0.0,0.16574360364033258,116574.36036403326,0.0,116574.36036403326,1.1657436036403326
2023-02-14,0.0,0.16574360364033258,116574.36036403326,0.0,116574.36036403326,1.1657436036403326
2023-02-15,0.0,0.16574360364033258,116574.36036403326,0.0,116574.36036403326,1.1657436036403326
2023-02-16,0.0,0.16574360364033258,116574.36036403326,0.0,116574.36036403326,1.1657436036403326
2023-02-17,0.0,0.16574360364033258,116574.36036403326,0.0,116574.36036403326,1.1657436036403326
2023-02-20,0.0,0.16574360364033258,116574.36036403326,0.0,116574.36036403326,1.1657436036403326
2023-02-21,0.0,0.16574360364033258,116574.36036403326,0.0,116574.36036403326,1.1657436036403326
2023-02-22,0.0,0.16574360364033258,116574.36036403326,0.0,116574.36036403326,1.1657436036403326
2023-02-23,0.0,0.16574360364033258,116574.36036403326,0.0,116574.36036403326,1.1657436036403326
2023-02-24,0.0,0.16574360364033258,116574.36036403326,0.0,116574.36036403326,1.1657436036403326
2023-02-27,0.0,0.16574360364033258,116574.36036403326,0.0,116574.36036403326,1.1657436036403326
2023-02-28,0.0,0.16574360364033258,116574.36036403326,0.0,116574.36036403326,1.1657436036403326
2023-03-01,0.004530429737912605,0.17102492312904594,117102.4923129046,528.1319488713343,117102.4923129046,1.171024923129046
2023-03-02,-0.007392168719804371,0.16236850932218005,116236.850932218,-865.6413806865894,116236.850932218,1.16236850932218
2023-03-03,0.015728598629827915,0.18065093706526003,118065.09370652601,1828.2427743080043,118065.09370652601,1.18065093706526
2023-03-06,0.004187932882393995,0.18559542394722484,118559.54239472248,494.44868819646945,118559.54239472248,1.1855954239472248
2023-03-08,0.0,0.18559542394722484,118559.54239472248,0.0,118559.54239472248,1.1855954239472248
2023-03-09,0.0,0.18559542394722484,118559.54239472248,0.0,118559.54239472248,1.1855954239472248
2023-03-10,0.0,0.18559542394722484,118559.54239472248,0.0,118559.54239472248,1.1855954239472248
2023-03-13,0.0,0.18559542394722484,118559.54239472248,0.0,118559.54239472248,1.1855954239472248
2023-03-14,0.0,0.18559542394722484,118559.54239472248,0.0,118559.54239472248,1.1855954239472248
2023-03-15,0.0,0.18559542394722484,118559.54239472248,0.0,118559.54239472248,1.1855954239472248
2023-03-16,0.0,0.18559542394722484,118559.54239472248,0.0,118559.54239472248,1.1855954239472248
2023-03-17,0.0,0.18559542394722484,118559.54239472248,0.0,118559.54239472248,1.1855954239472248
2023-03-20,0.0,0.18559542394722484,118559.54239472248,0.0,118559.54239472248,1.1855954239472248
2023-03-21,0.0,0.18559542394722484,118559.54239472248,0.0,118559.54239472248,1.1855954239472248
2023-03-22,0.0,0.18559542394722484,118559.54239472248,0.0,118559.54239472248,1.1855954239472248
2023-03-23,0.0,0.18559542394722484,118559.54239472248,0.0,118559.54239472248,1.1855954239472248
2023-03-24,0.0,0.18559542394722484,118559.54239472248,0.0,118559.54239472248,1.1855954239472248
2023-03-27,0.0,0.18559542394722484,118559.54239472248,0.0,118559.54239472248,1.1855954239472248
2023-03-28,0.0,0.18559542394722484,118559.54239472248,0.0,118559.54239472248,1.1855954239472248
2023-03-29,0.0,0.18559542394722484,118559.54239472248,0.0,118559.54239472248,1.1855954239472248
2023-03-31,0.0,0.18559542394722484,118559.54239472248,0.0,118559.54239472248,1.1855954239472248
2023-04-03,0.0,0.18559542394722484,118559.54239472248,0.0,118559.54239472248,1.1855954239472248
2023-04-05,0.0,0.18559542394722484,118559.54239472248,0.0,118559.54239472248,1.1855954239472248
2023-04-06,0.0,0.18559542394722484,118559.54239472248,0.0,118559.54239472248,1.1855954239472248
2023-04-10,0.0,0.18559542394722484,118559.54239472248,0.0,118559.54239472248,1.1855954239472248
2023-04-11,0.0,0.18559542394722484,118559.54239472248,0.0,118559.54239472248,1.1855954239472248
2023-04-12,0.0,0.18559542394722484,118559.54239472248,0.0,118559.54239472248,1.1855954239472248
2023-04-13,0.0,0.18559542394722484,118559.54239472248,0.0,118559.54239472248,1.1855954239472248
2023-04-17,0.0,0.18559542394722484,118559.54239472248,0.0,118559.54239472248,1.1855954239472248
2023-04-18,0.0,0.18559542394722484,118559.54239472248,0.0,118559.54239472248,1.1855954239472248
2023-04-19,0.0,0.18559542394722484,118559.54239472248,0.0,118559.54239472248,1.1855954239472248
2023-04-20,0.0,0.18559542394722484,118559.54239472248,0.0,118559.54239472248,1.1855954239472248
2023-04-21,0.0,0.18559542394722484,118559.54239472248,0.0,118559.54239472248,1.1855954239472248
2023-04-24,0.0,0.18559542394722484,118559.54239472248,0.0,118559.54239472248,1.1855954239472248
2023-04-25,0.0,0.18559542394722484,118559.54239472248,0.0,118559.54239472248,1.1855954239472248
2023-04-26,0.0,0.18559542394722484,118559.54239472248,0.0,118559.54239472248,1.1855954239472248
2023-04-27,0.0,0.18559542394722484,118559.54239472248,0.0,118559.54239472248,1.1855954239472248
2023-04-28,0.0,0.18559542394722484,118559.54239472248,0.0,118559.54239472248,1.1855954239472248
2023-05-02,0.0,0.18559542394722484,118559.54239472248,0.0,118559.54239472248,1.1855954239472248
2023-05-03,0.0,0.18559542394722484,118559.54239472248,0.0,118559.54239472248,1.1855954239472248
2023-05-04,0.0,0.18559542394722484,118559.54239472248,0.0,118559.54239472248,1.1855954239472248
2023-05-05,0.0,0.18559542394722484,118559.54239472248,0.0,118559.54239472248,1.1855954239472248
2023-05-08,0.0,0.18559542394722484,118559.54239472248,0.0,118559.54239472248,1.1855954239472248
2023-05-09,0.0,0.18559542394722484,118559.54239472248,0.0,118559.54239472248,1.1855954239472248
2023-05-10,0.0,0.18559542394722484,118559.54239472248,0.0,118559.54239472248,1.1855954239472248
2023-05-11,0.0,0.18559542394722484,118559.54239472248,0.0,118559.54239472248,1.1855954239472248
2023-05-12,0.0,0.18559542394722484,118559.54239472248,0.0,118559.54239472248,1.1855954239472248
2023-05-15,0.0,0.18559542394722484,118559.54239472248,0.0,118559.54239472248,1.1855954239472248
2023-05-16,0.0,0.18559542394722484,118559.54239472248,0.0,118559.54239472248,1.1855954239472248
2023-05-17,0.0,0.18559542394722484,118559.54239472248,0.0,118559.54239472248,1.1855954239472248
2023-05-18,0.0,0.18559542394722484,118559.54239472248,0.0,118559.54239472248,1.1855954239472248
2023-05-19,0.0,0.18559542394722484,118559.54239472248,0.0,118559.54239472248,1.1855954239472248
2023-05-22,0.0,0.18559542394722484,118559.54239472248,0.0,118559.54239472248,1.1855954239472248
2023-05-23,0.0,0.18559542394722484,118559.54239472248,0.0,118559.54239472248,1.1855954239472248
2023-05-24,0.0,0.18559542394722484,118559.54239472248,0.0,118559.54239472248,1.1855954239472248
2023-05-25,0.0,0.18559542394722484,118559.54239472248,0.0,118559.54239472248,1.1855954239472248
2023-05-26,0.0,0.18559542394722484,118559.54239472248,0.0,118559.54239472248,1.1855954239472248
2023-05-29,0.0,0.18559542394722484,118559.54239472248,0.0,118559.54239472248,1.1855954239472248
2023-05-30,0.0,0.18559542394722484,118559.54239472248,0.0,118559.54239472248,1.1855954239472248
2023-05-31,0.0,0.18559542394722484,118559.54239472248,0.0,118559.54239472248,1.1855954239472248
2023-06-01,0.0,0.18559542394722484,118559.54239472248,0.0,118559.54239472248,1.1855954239472248
2023-06-02,0.0,0.18559542394722484,118559.54239472248,0.0,118559.54239472248,1.1855954239472248
2023-06-05,0.0,0.18559542394722484,118559.54239472248,0.0,118559.54239472248,1.1855954239472248
2023-06-06,0.0,0.18559542394722484,118559.54239472248,0.0,118559.54239472248,1.1855954239472248
2023-06-07,0.0,0.18559542394722484,118559.54239472248,0.0,118559.54239472248,1.1855954239472248
2023-06-08,0.0,0.18559542394722484,118559.54239472248,0.0,118559.54239472248,1.1855954239472248
2023-06-09,0.0,0.18559542394722484,118559.54239472248,0.0,118559.54239472248,1.1855954239472248
2023-06-12,0.0,0.18559542394722484,118559.54239472248,0.0,118559.54239472248,1.1855954239472248
2023-06-13,0.0,0.18559542394722484,118559.54239472248,0.0,118559.54239472248,1.1855954239472248
2023-06-14,0.0,0.18559542394722484,118559.54239472248,0.0,118559.54239472248,1.1855954239472248
2023-06-15,0.0,0.18559542394722484,118559.54239472248,0.0,118559.54239472248,1.1855954239472248
2023-06-16,0.0,0.18559542394722484,118559.54239472248,0.0,118559.54239472248,1.1855954239472248
2023-06-19,0.0,0.18559542394722484,118559.54239472248,0.0,118559.54239472248,1.1855954239472248
2023-06-20,0.0,0.18559542394722484,118559.54239472248,0.0,118559.54239472248,1.1855954239472248
2023-06-21,0.0,0.18559542394722484,118559.54239472248,0.0,118559.54239472248,1.1855954239472248
2023-06-22,0.0,0.18559542394722484,118559.54239472248,0.0,118559.54239472248,1.1855954239472248
2023-06-23,0.0,0.18559542394722484,118559.54239472248,0.0,118559.54239472248,1.1855954239472248
2023-06-26,0.0,0.18559542394722484,118559.54239472248,0.0,118559.54239472248,1.1855954239472248
2023-06-27,0.0,0.18559542394722484,118559.54239472248,0.0,118559.54239472248,1.1855954239472248
2023-06-28,0.0,0.18559542394722484,118559.54239472248,0.0,118559.54239472248,1.1855954239472248
2023-06-30,0.0,0.18559542394722484,118559.54239472248,0.0,118559.54239472248,1.1855954239472248
2023-07-03,0.0,0.18559542394722484,118559.54239472248,0.0,118559.54239472248,1.1855954239472248
2023-07-04,0.0,0.18559542394722484,118559.54239472248,0.0,118559.54239472248,1.1855954239472248
2023-07-05,0.0,0.18559542394722484,118559.54239472248,0.0,118559.54239472248,1.1855954239472248
2023-07-06,0.0,0.18559542394722484,118559.54239472248,0.0,118559.54239472248,1.1855954239472248
2023-07-07,0.0,0.18559542394722484,118559.54239472248,0.0,118559.54239472248,1.1855954239472248
2023-07-10,0.0,0.18559542394722484,118559.54239472248,0.0,118559.54239472248,1.1855954239472248
2023-07-11,0.0,0.18559542394722484,118559.54239472248,0.0,118559.54239472248,1.1855954239472248
2023-07-12,0.0,0.18559542394722484,118559.54239472248,0.0,118559.54239472248,1.1855954239472248
2023-07-13,0.0,0.18559542394722484,118559.54239472248,0.0,118559.54239472248,1.1855954239472248
2023-07-14,0.0,0.18559542394722484,118559.54239472248,0.0,118559.54239472248,1.1855954239472248
2023-07-17,0.0,0.18559542394722484,118559.54239472248,0.0,118559.54239472248,1.1855954239472248
2023-07-18,0.0,0.18559542394722484,118559.54239472248,0.0,118559.54239472248,1.1855954239472248
2023-07-19,0.0,0.18559542394722484,118559.54239472248,0.0,118559.54239472248,1.1855954239472248
2023-07-20,0.0,0.18559542394722484,118559.54239472248,0.0,118559.54239472248,1.1855954239472248
2023-07-21,0.0,0.18559542394722484,118559.54239472248,0.0,118559.54239472248,1.1855954239472248
2023-07-24,0.0,0.18559542394722484,118559.54239472248,0.0,118559.54239472248,1.1855954239472248
2023-07-25,0.0,0.18559542394722484,118559.54239472248,0.0,118559.54239472248,1.1855954239472248
2023-07-26,0.0,0.18559542394722484,118559.54239472248,0.0,118559.54239472248,1.1855954239472248
2023-07-27,0.0,0.18559542394722484,118559.54239472248,0.0,118559.54239472248,1.1855954239472248
2023-07-28,0.0,0.18559542394722484,118559.54239472248,0.0,118559.54239472248,1.1855954239472248
2023-07-31,0.0,0.18559542394722484,118559.54239472248,0.0,118559.54239472248,1.1855954239472248
2023-08-01,0.0,0.18559542394722484,118559.54239472248,0.0,118559.54239472248,1.1855954239472248
2023-08-02,0.0,0.18559542394722484,118559.54239472248,0.0,118559.54239472248,1.1855954239472248
2023-08-03,0.0,0.18559542394722484,118559.54239472248,0.0,118559.54239472248,1.1855954239472248
2023-08-04,0.0,0.18559542394722484,118559.54239472248,0.0,118559.54239472248,1.1855954239472248
2023-08-07,0.0,0.18559542394722484,118559.54239472248,0.0,118559.54239472248,1.1855954239472248
2023-08-08,0.0,0.18559542394722484,118559.54239472248,0.0,118559.54239472248,1.1855954239472248
2023-08-09,0.0,0.18559542394722484,118559.54239472248,0.0,118559.54239472248,1.1855954239472248
2023-08-10,0.0,0.18559542394722484,118559.54239472248,0.0,118559.54239472248,1.1855954239472248
2023-08-11,0.0,0.18559542394722484,118559.54239472248,0.0,118559.54239472248,1.1855954239472248
2023-08-14,0.0,0.18559542394722484,118559.54239472248,0.0,118559.54239472248,1.1855954239472248
2023-08-16,0.0,0.18559542394722484,118559.54239472248,0.0,118559.54239472248,1.1855954239472248
2023-08-17,0.0,0.18559542394722484,118559.54239472248,0.0,118559.54239472248,1.1855954239472248
2023-08-18,0.0,0.18559542394722484,118559.54239472248,0.0,118559.54239472248,1.1855954239472248
2023-08-21,0.0,0.18559542394722484,118559.54239472248,0.0,118559.54239472248,1.1855954239472248
2023-08-22,0.0,0.18559542394722484,118559.54239472248,0.0,118559.54239472248,1.1855954239472248
2023-08-23,0.0,0.18559542394722484,118559.54239472248,0.0,118559.54239472248,1.1855954239472248
2023-08-24,0.0,0.18559542394722484,118559.54239472248,0.0,118559.54239472248,1.1855954239472248
2023-08-25,0.0,0.18559542394722484,118559.54239472248,0.0,118559.54239472248,1.1855954239472248
2023-08-28,0.0,0.18559542394722484,118559.54239472248,0.0,118559.54239472248,1.1855954239472248
2023-08-29,0.0,0.18559542394722484,118559.54239472248,0.0,118559.54239472248,1.1855954239472248
2023-08-30,0.0,0.18559542394722484,118559.54239472248,0.0,118559.54239472248,1.1855954239472248
2023-08-31,0.0,0.18559542394722484,118559.54239472248,0.0,118559.54239472248,1.1855954239472248
2023-09-01,0.0,0.18559542394722484,118559.54239472248,0.0,118559.54239472248,1.1855954239472248
2023-09-04,0.0,0.18559542394722484,118559.54239472248,0.0,118559.54239472248,1.1855954239472248
2023-09-05,0.0,0.18559542394722484,118559.54239472248,0.0,118559.54239472248,1.1855954239472248
2023-09-06,0.0,0.18559542394722484,118559.54239472248,0.0,118559.54239472248,1.1855954239472248
2023-09-07,0.0,0.18559542394722484,118559.54239472248,0.0,118559.54239472248,1.1855954239472248
2023-09-08,0.0,0.18559542394722484,118559.54239472248,0.0,118559.54239472248,1.1855954239472248
2023-09-11,0.0,0.18559542394722484,118559.54239472248,0.0,118559.54239472248,1.1855954239472248
2023-09-12,0.0,0.18559542394722484,118559.54239472248,0.0,118559.54239472248,1.1855954239472248
2023-09-13,0.0,0.18559542394722484,118559.54239472248,0.0,118559.54239472248,1.1855954239472248
2023-09-14,0.0,0.18559542394722484,118559.54239472248,0.0,118559.54239472248,1.1855954239472248
2023-09-15,0.0,0.18559542394722484,118559.54239472248,0.0,118559.54239472248,1.1855954239472248
2023-09-18,0.0,0.18559542394722484,118559.54239472248,0.0,118559.54239472248,1.1855954239472248
2023-09-20,0.0,0.18559542394722484,118559.54239472248,0.0,118559.54239472248,1.1855954239472248
2023-09-21,0.0,0.18559542394722484,118559.54239472248,0.0,118559.54239472248,1.1855954239472248
2023-09-22,0.0,0.18559542394722484,118559.54239472248,0.0,118559.54239472248,1.1855954239472248
2023-09-25,0.0,0.18559542394722484,118559.54239472248,0.0,118559.54239472248,1.1855954239472248
2023-09-26,0.0,0.18559542394722484,118559.54239472248,0.0,118559.54239472248,1.1855954239472248
2023-09-27,0.0,0.18559542394722484,118559.54239472248,0.0,118559.54239472248,1.1855954239472248
2023-09-28,0.0,0.18559542394722484,118559.54239472248,0.0,118559.54239472248,1.1855954239472248
2023-09-29,0.0,0.18559542394722484,118559.54239472248,0.0,118559.54239472248,1.1855954239472248
2023-10-03,0.0,0.18559542394722484,118559.54239472248,0.0,118559.54239472248,1.1855954239472248
2023-10-04,0.0,0.18559542394722484,118559.54239472248,0.0,118559.54239472248,1.1855954239472248
2023-10-05,0.0,0.18559542394722484,118559.54239472248,0.0,118559.54239472248,1.1855954239472248
2023-10-06,0.0,0.18559542394722484,118559.54239472248,0.0,118559.54239472248,1.1855954239472248
2023-10-09,0.0,0.18559542394722484,118559.54239472248,0.0,118559.54239472248,1.1855954239472248
2023-10-10,0.0,0.18559542394722484,118559.54239472248,0.0,118559.54239472248,1.1855954239472248
2023-10-11,0.0,0.18559542394722484,118559.54239472248,0.0,118559.54239472248,1.1855954239472248
2023-10-12,0.0,0.18559542394722484,118559.54239472248,0.0,118559.54239472248,1.1855954239472248
2023-10-13,0.0,0.18559542394722484,118559.54239472248,0.0,118559.54239472248,1.1855954239472248
2023-10-16,0.0,0.18559542394722484,118559.54239472248,0.0,118559.54239472248,1.1855954239472248
2023-10-17,0.0,0.18559542394722484,118559.54239472248,0.0,118559.54239472248,1.1855954239472248
2023-10-18,0.0,0.18559542394722484,118559.54239472248,0.0,118559.54239472248,1.1855954239472248
2023-10-19,0.0,0.18559542394722484,118559.54239472248,0.0,118559.54239472248,1.1855954239472248
2023-10-20,0.0,0.18559542394722484,118559.54239472248,0.0,118559.54239472248,1.1855954239472248
2023-10-23,0.0,0.18559542394722484,118559.54239472248,0.0,118559.54239472248,1.1855954239472248
2023-10-25,-0.009218873861201527,0.17466556928343757,117466.55692834375,-1092.9854663787264,117466.55692834375,1.1746655692834376
2023-10-26,-0.01385306491234754,0.1583928509018544,115839.28509018544,-1627.2718381583109,115839.28509018544,1.1583928509018544
2023-10-27,0.01007570032746026,0.17006447012901393,117006.4470129014,1167.1619227159536,117006.4470129014,1.170064470129014
2023-10-30,0.004916740769664912,0.17581737381243356,117581.73738124335,575.2903683419572,117581.73738124335,1.1758173738124336
2023-10-31,-0.003202606982899532,0.1720516928804472,117205.16928804472,-376.56809319862805,117205.16928804472,1.1720516928804472
2023-11-01,-0.004740624572936879,0.16649543582442594,116649.5435824426,-555.6257056021277,116649.5435824426,1.166495435824426
2023-11-02,0.007588523257267076,0.17534741356867545,117534.74135686754,885.1977744249452,117534.74135686754,1.1753474135686754
2023-11-03,0.005087980838331178,0.1813275586872951,118132.75586872951,598.0145118619694,118132.75586872951,1.181327558687295
2023-11-06,0.0094199033989917,0.1924555501726961,119245.55501726961,1112.7991485400998,119245.55501726961,1.192455550172696
2023-11-07,-0.001096626720929334,0.19114787155285629,119114.78715528562,-130.76786198398622,119114.78715528562,1.1911478715528563
2023-11-08,0.0,0.19114787155285629,119114.78715528562,0.0,119114.78715528562,1.1911478715528563
2023-11-09,0.0,0.19114787155285629,119114.78715528562,0.0,119114.78715528562,1.1911478715528563
2023-11-10,0.0,0.19114787155285629,119114.78715528562,0.0,119114.78715528562,1.1911478715528563
2023-11-13,0.0,0.19114787155285629,119114.78715528562,0.0,119114.78715528562,1.1911478715528563
2023-11-15,0.0,0.19114787155285629,119114.78715528562,0.0,119114.78715528562,1.1911478715528563
2023-11-16,0.0,0.19114787155285629,119114.78715528562,0.0,119114.78715528562,1.1911478715528563
2023-11-17,0.0,0.19114787155285629,119114.78715528562,0.0,119114.78715528562,1.1911478715528563
2023-11-20,0.0,0.19114787155285629,119114.78715528562,0.0,119114.78715528562,1.1911478715528563
2023-11-21,0.0,0.19114787155285629,119114.78715528562,0.0,119114.78715528562,1.1911478715528563
2023-11-22,0.0,0.19114787155285629,119114.78715528562,0.0,119114.78715528562,1.1911478715528563
2023-11-23,0.0,0.19114787155285629,119114.78715528562,0.0,119114.78715528562,1.1911478715528563
2023-11-24,0.0,0.19114787155285629,119114.78715528562,0.0,119114.78715528562,1.1911478715528563
2023-11-28,0.0,0.19114787155285629,119114.78715528562,0.0,119114.78715528562,1.1911478715528563
2023-11-29,0.0,0.19114787155285629,119114.78715528562,0.0,119114.78715528562,1.1911478715528563
2023-11-30,0.0,0.19114787155285629,119114.78715528562,0.0,119114.78715528562,1.1911478715528563
2023-12-01,0.0,0.19114787155285629,119114.78715528562,0.0,119114.78715528562,1.1911478715528563
2023-12-04,0.0,0.19114787155285629,119114.78715528562,0.0,119114.78715528562,1.1911478715528563
2023-12-05,0.0,0.19114787155285629,119114.78715528562,0.0,119114.78715528562,1.1911478715528563
2023-12-06,0.0,0.19114787155285629,119114.78715528562,0.0,119114.78715528562,1.1911478715528563
2023-12-07,0.0,0.19114787155285629,119114.78715528562,0.0,119114.78715528562,1.1911478715528563
2023-12-08,0.0,0.19114787155285629,119114.78715528562,0.0,119114.78715528562,1.1911478715528563
2023-12-11,0.0,0.19114787155285629,119114.78715528562,0.0,119114.78715528562,1.1911478715528563
2023-12-12,0.0,0.19114787155285629,119114.78715528562,0.0,119114.78715528562,1.1911478715528563
2023-12-13,0.0,0.19114787155285629,119114.78715528562,0.0,119114.78715528562,1.1911478715528563
2023-12-14,0.0,0.19114787155285629,119114.78715528562,0.0,119114.78715528562,1.1911478715528563
2023-12-15,0.0,0.19114787155285629,119114.78715528562,0.0,119114.78715528562,1.1911478715528563
2023-12-18,0.0,0.19114787155285629,119114.78715528562,0.0,119114.78715528562,1.1911478715528563
2023-12-19,0.0,0.19114787155285629,119114.78715528562,0.0,119114.78715528562,1.1911478715528563
2023-12-20,0.0,0.19114787155285629,119114.78715528562,0.0,119114.78715528562,1.1911478715528563
2023-12-21,0.0,0.19114787155285629,119114.78715528562,0.0,119114.78715528562,1.1911478715528563
2023-12-22,0.0,0.19114787155285629,119114.78715528562,0.0,119114.78715528562,1.1911478715528563
2023-12-26,0.0,0.19114787155285629,119114.78715528562,0.0,119114.78715528562,1.1911478715528563
2023-12-27,0.0,0.19114787155285629,119114.78715528562,0.0,119114.78715528562,1.1911478715528563
2023-12-28,0.0,0.19114787155285629,119114.78715528562,0.0,119114.78715528562,1.1911478715528563
2023-12-29,0.0,0.19114787155285629,119114.78715528562,0.0,119114.78715528562,1.1911478715528563
2024-01-01,0.0,0.19114787155285629,119114.78715528562,0.0,119114.78715528562,1.1911478715528563
2024-01-02,0.0,0.19114787155285629,119114.78715528562,0.0,119114.78715528562,1.1911478715528563
2024-01-03,0.0,0.19114787155285629,119114.78715528562,0.0,119114.78715528562,1.1911478715528563
2024-01-04,0.0,0.19114787155285629,119114.78715528562,0.0,119114.78715528562,1.1911478715528563
2024-01-05,0.0,0.19114787155285629,119114.78715528562,0.0,119114.78715528562,1.1911478715528563
2024-01-08,0.0,0.19114787155285629,119114.78715528562,0.0,119114.78715528562,1.1911478715528563
2024-01-09,0.0,0.19114787155285629,119114.78715528562,0.0,119114.78715528562,1.1911478715528563
2024-01-10,0.0,0.19114787155285629,119114.78715528562,0.0,119114.78715528562,1.1911478715528563
2024-01-11,0.0,0.19114787155285629,119114.78715528562,0.0,119114.78715528562,1.1911478715528563
2024-01-12,0.0,0.19114787155285629,119114.78715528562,0.0,119114.78715528562,1.1911478715528563
2024-01-15,0.0,0.19114787155285629,119114.78715528562,0.0,119114.78715528562,1.1911478715528563
2024-01-16,0.0,0.19114787155285629,119114.78715528562,0.0,119114.78715528562,1.1911478715528563
2024-01-17,0.0,0.19114787155285629,119114.78715528562,0.0,119114.78715528562,1.1911478715528563
2024-01-18,0.0,0.19114787155285629,119114.78715528562,0.0,119114.78715528562,1.1911478715528563
2024-01-19,0.0,0.19114787155285629,119114.78715528562,0.0,119114.78715528562,1.1911478715528563
2024-01-23,0.0,0.19114787155285629,119114.78715528562,0.0,119114.78715528562,1.1911478715528563
2024-01-24,0.011983315927355118,0.20542177281387075,120542.17728138708,1427.3901261014544,120542.17728138708,1.2054217728138708
2024-01-25,-0.004724053755400148,0.1997272955611682,119972.72955611681,-569.4477252702636,119972.72955611681,1.1997272955611682
2024-01-29,0.01803059145224468,0.22135908828153816,122135.90882815381,2163.1792720369995,122135.90882815381,1.2213590882815382
2024-01-30,0.00105504155521139,0.22264767287351028,122264.76728735103,128.8584591972176,122264.76728735103,1.2226476728735103
2024-01-31,0.0,0.22264767287351028,122264.76728735103,0.0,122264.76728735103,1.2226476728735103
2024-02-01,0.0,0.22264767287351028,122264.76728735103,0.0,122264.76728735103,1.2226476728735103
2024-02-02,0.0,0.22264767287351028,122264.76728735103,0.0,122264.76728735103,1.2226476728735103
2024-02-05,0.0,0.22264767287351028,122264.76728735103,0.0,122264.76728735103,1.2226476728735103
2024-02-06,0.0,0.22264767287351028,122264.76728735103,0.0,122264.76728735103,1.2226476728735103
2024-02-07,0.0,0.22264767287351028,122264.76728735103,0.0,122264.76728735103,1.2226476728735103
2024-02-08,0.0,0.22264767287351028,122264.76728735103,0.0,122264.76728735103,1.2226476728735103
2024-02-09,0.0,0.22264767287351028,122264.76728735103,0.0,122264.76728735103,1.2226476728735103
2024-02-12,0.0,0.22264767287351028,122264.76728735103,0.0,122264.76728735103,1.2226476728735103
2024-02-13,0.0,0.22264767287351028,122264.76728735103,0.0,122264.76728735103,1.2226476728735103
2024-02-14,0.0,0.22264767287351028,122264.76728735103,0.0,122264.76728735103,1.2226476728735103
2024-02-15,0.0,0.22264767287351028,122264.76728735103,0.0,122264.76728735103,1.2226476728735103
2024-02-16,0.0,0.22264767287351028,122264.76728735103,0.0,122264.76728735103,1.2226476728735103
2024-02-19,0.0,0.22264767287351028,122264.76728735103,0.0,122264.76728735103,1.2226476728735103
2024-02-20,0.0,0.22264767287351028,122264.76728735103,0.0,122264.76728735103,1.2226476728735103
2024-02-21,0.0,0.22264767287351028,122264.76728735103,0.0,122264.76728735103,1.2226476728735103
2024-02-22,0.0,0.22264767287351028,122264.76728735103,0.0,122264.76728735103,1.2226476728735103
2024-02-23,0.0,0.22264767287351028,122264.76728735103,0.0,122264.76728735103,1.2226476728735103
2024-02-26,0.0,0.22264767287351028,122264.76728735103,0.0,122264.76728735103,1.2226476728735103
2024-02-27,0.0,0.22264767287351028,122264.76728735103,0.0,122264.76728735103,1.2226476728735103
2024-02-28,0.0,0.22264767287351028,122264.76728735103,0.0,122264.76728735103,1.2226476728735103
2024-02-29,0.0,0.22264767287351028,122264.76728735103,0.0,122264.76728735103,1.2226476728735103
2024-03-01,0.0,0.22264767287351028,122264.76728735103,0.0,122264.76728735103,1.2226476728735103
2024-03-04,0.0,0.22264767287351028,122264.76728735103,0.0,122264.76728735103,1.2226476728735103
2024-03-05,0.0,0.22264767287351028,122264.76728735103,0.0,122264.76728735103,1.2226476728735103
2024-03-06,0.0,0.22264767287351028,122264.76728735103,0.0,122264.76728735103,1.2226476728735103
2024-03-07,0.0,0.22264767287351028,122264.76728735103,0.0,122264.76728735103,1.2226476728735103
2024-03-11,0.0,0.22264767287351028,122264.76728735103,0.0,122264.76728735103,1.2226476728735103
2024-03-12,0.0,0.22264767287351028,122264.76728735103,0.0,122264.76728735103,1.2226476728735103
2024-03-13,0.0,0.22264767287351028,122264.76728735103,0.0,122264.76728735103,1.2226476728735103
2024-03-14,0.0,0.22264767287351028,122264.76728735103,0.0,122264.76728735103,1.2226476728735103
2024-03-15,0.0,0.22264767287351028,122264.76728735103,0.0,122264.76728735103,1.2226476728735103
2024-03-18,0.0,0.22264767287351028,122264.76728735103,0.0,122264.76728735103,1.2226476728735103
2024-03-19,0.0,0.22264767287351028,122264.76728735103,0.0,122264.76728735103,1.2226476728735103
2024-03-20,0.0,0.22264767287351028,122264.76728735103,0.0,122264.76728735103,1.2226476728735103
2024-03-21,0.0,0.22264767287351028,122264.76728735103,0.0,122264.76728735103,1.2226476728735103
2024-03-22,0.0,0.22264767287351028,122264.76728735103,0.0,122264.76728735103,1.2226476728735103
2024-03-26,0.0,0.22264767287351028,122264.76728735103,0.0,122264.76728735103,1.2226476728735103
2024-03-27,0.0,0.22264767287351028,122264.76728735103,0.0,122264.76728735103,1.2226476728735103
2024-03-28,0.0,0.22264767287351028,122264.76728735103,0.0,122264.76728735103,1.2226476728735103
2024-04-01,0.0,0.22264767287351028,122264.76728735103,0.0,122264.76728735103,1.2226476728735103
2024-04-02,0.0,0.22264767287351028,122264.76728735103,0.0,122264.76728735103,1.2226476728735103
2024-04-03,0.0,0.22264767287351028,122264.76728735103,0.0,122264.76728735103,1.2226476728735103
2024-04-04,0.0,0.22264767287351028,122264.76728735103,0.0,122264.76728735103,1.2226476728735103
2024-04-05,0.0,0.22264767287351028,122264.76728735103,0.0,122264.76728735103,1.2226476728735103
2024-04-08,0.0,0.22264767287351028,122264.76728735103,0.0,122264.76728735103,1.2226476728735103
2024-04-09,0.0,0.22264767287351028,122264.76728735103,0.0,122264.76728735103,1.2226476728735103
2024-04-10,0.0,0.22264767287351028,122264.76728735103,0.0,122264.76728735103,1.2226476728735103
2024-04-12,0.0,0.22264767287351028,122264.76728735103,0.0,122264.76728735103,1.2226476728735103
2024-04-15,0.0,0.22264767287351028,122264.76728735103,0.0,122264.76728735103,1.2226476728735103
2024-04-16,0.0,0.22264767287351028,122264.76728735103,0.0,122264.76728735103,1.2226476728735103
2024-04-18,0.0,0.22264767287351028,122264.76728735103,0.0,122264.76728735103,1.2226476728735103
2024-04-19,0.0,0.22264767287351028,122264.76728735103,0.0,122264.76728735103,1.2226476728735103
2024-04-22,0.0,0.22264767287351028,122264.76728735103,0.0,122264.76728735103,1.2226476728735103
2024-04-23,0.0,0.22264767287351028,122264.76728735103,0.0,122264.76728735103,1.2226476728735103
2024-04-24,0.0,0.22264767287351028,122264.76728735103,0.0,122264.76728735103,1.2226476728735103
2024-04-25,0.0,0.22264767287351028,122264.76728735103,0.0,122264.76728735103,1.2226476728735103
2024-04-26,0.0,0.22264767287351028,122264.76728735103,0.0,122264.76728735103,1.2226476728735103
2024-04-29,0.0,0.22264767287351028,122264.76728735103,0.0,122264.76728735103,1.2226476728735103
2024-04-30,0.0,0.22264767287351028,122264.76728735103,0.0,122264.76728735103,1.2226476728735103
2024-05-02,0.0,0.22264767287351028,122264.76728735103,0.0,122264.76728735103,1.2226476728735103
2024-05-03,0.0,0.22264767287351028,122264.76728735103,0.0,122264.76728735103,1.2226476728735103
2024-05-06,0.0,0.22264767287351028,122264.76728735103,0.0,122264.76728735103,1.2226476728735103
2024-05-07,0.0,0.22264767287351028,122264.76728735103,0.0,122264.76728735103,1.2226476728735103
2024-05-08,0.0,0.22264767287351028,122264.76728735103,0.0,122264.76728735103,1.2226476728735103
2024-05-09,0.0,0.22264767287351028,122264.76728735103,0.0,122264.76728735103,1.2226476728735103
2024-05-10,0.0,0.22264767287351028,122264.76728735103,0.0,122264.76728735103,1.2226476728735103
2024-05-13,0.0,0.22264767287351028,122264.76728735103,0.0,122264.76728735103,1.2226476728735103
2024-05-14,0.0,0.22264767287351028,122264.76728735103,0.0,122264.76728735103,1.2226476728735103
2024-05-15,0.0,0.22264767287351028,122264.76728735103,0.0,122264.76728735103,1.2226476728735103
2024-05-16,0.0,0.22264767287351028,122264.76728735103,0.0,122264.76728735103,1.2226476728735103
2024-05-17,0.0,0.22264767287351028,122264.76728735103,0.0,122264.76728735103,1.2226476728735103
2024-05-21,0.0,0.22264767287351028,122264.76728735103,0.0,122264.76728735103,1.2226476728735103
2024-05-22,0.0,0.22264767287351028,122264.76728735103,0.0,122264.76728735103,1.2226476728735103
2024-05-23,0.0,0.22264767287351028,122264.76728735103,0.0,122264.76728735103,1.2226476728735103
2024-05-24,0.0,0.22264767287351028,122264.76728735103,0.0,122264.76728735103,1.2226476728735103
2024-05-27,0.0,0.22264767287351028,122264.76728735103,0.0,122264.76728735103,1.2226476728735103
2024-05-28,0.0,0.22264767287351028,122264.76728735103,0.0,122264.76728735103,1.2226476728735103
2024-05-29,0.0,0.22264767287351028,122264.76728735103,0.0,122264.76728735103,1.2226476728735103
2024-05-30,0.0,0.22264767287351028,122264.76728735103,0.0,122264.76728735103,1.2226476728735103
2024-05-31,0.0,0.22264767287351028,122264.76728735103,0.0,122264.76728735103,1.2226476728735103
2024-06-03,0.0,0.22264767287351028,122264.76728735103,0.0,122264.76728735103,1.2226476728735103
2024-06-04,0.0,0.22264767287351028,122264.76728735103,0.0,122264.76728735103,1.2226476728735103
2024-06-05,0.0,0.22264767287351028,122264.76728735103,0.0,122264.76728735103,1.2226476728735103
2024-06-06,0.0,0.22264767287351028,122264.76728735103,0.0,122264.76728735103,1.2226476728735103
2024-06-07,0.0,0.22264767287351028,122264.76728735103,0.0,122264.76728735103,1.2226476728735103
2024-06-10,0.0,0.22264767287351028,122264.76728735103,0.0,122264.76728735103,1.2226476728735103
2024-06-11,0.0,0.22264767287351028,122264.76728735103,0.0,122264.76728735103,1.2226476728735103
2024-06-12,0.0,0.22264767287351028,122264.76728735103,0.0,122264.76728735103,1.2226476728735103
2024-06-13,0.0,0.22264767287351028,122264.76728735103,0.0,122264.76728735103,1.2226476728735103
2024-06-14,0.0,0.22264767287351028,122264.76728735103,0.0,122264.76728735103,1.2226476728735103
2024-06-18,0.0,0.22264767287351028,122264.76728735103,0.0,122264.76728735103,1.2226476728735103
2024-06-19,0.0,0.22264767287351028,122264.76728735103,0.0,122264.76728735103,1.2226476728735103
2024-06-20,0.0,0.22264767287351028,122264.76728735103,0.0,122264.76728735103,1.2226476728735103
2024-06-21,0.0,0.22264767287351028,122264.76728735103,0.0,122264.76728735103,1.2226476728735103
2024-06-24,0.0,0.22264767287351028,122264.76728735103,0.0,122264.76728735103,1.2226476728735103
2024-06-25,0.0,0.22264767287351028,122264.76728735103,0.0,122264.76728735103,1.2226476728735103
2024-06-26,0.0,0.22264767287351028,122264.76728735103,0.0,122264.76728735103,1.2226476728735103
2024-06-27,0.0,0.22264767287351028,122264.76728735103,0.0,122264.76728735103,1.2226476728735103
2024-06-28,0.0,0.22264767287351028,122264.76728735103,0.0,122264.76728735103,1.2226476728735103
2024-07-01,0.0,0.22264767287351028,122264.76728735103,0.0,122264.76728735103,1.2226476728735103
2024-07-02,0.0,0.22264767287351028,122264.76728735103,0.0,122264.76728735103,1.2226476728735103
2024-07-03,0.0,0.22264767287351028,122264.76728735103,0.0,122264.76728735103,1.2226476728735103
2024-07-04,0.0,0.22264767287351028,122264.76728735103,0.0,122264.76728735103,1.2226476728735103
2024-07-05,0.0,0.22264767287351028,122264.76728735103,0.0,122264.76728735103,1.2226476728735103
2024-07-08,0.0,0.22264767287351028,122264.76728735103,0.0,122264.76728735103,1.2226476728735103
2024-07-09,0.0,0.22264767287351028,122264.76728735103,0.0,122264.76728735103,1.2226476728735103
2024-07-10,0.0,0.22264767287351028,122264.76728735103,0.0,122264.76728735103,1.2226476728735103
2024-07-11,0.0,0.22264767287351028,122264.76728735103,0.0,122264.76728735103,1.2226476728735103
2024-07-12,0.0,0.22264767287351028,122264.76728735103,0.0,122264.76728735103,1.2226476728735103
2024-07-15,0.0,0.22264767287351028,122264.76728735103,0.0,122264.76728735103,1.2226476728735103
2024-07-16,0.0,0.22264767287351028,122264.76728735103,0.0,122264.76728735103,1.2226476728735103
2024-07-18,0.0,0.22264767287351028,122264.76728735103,0.0,122264.76728735103,1.2226476728735103
2024-07-19,0.0,0.22264767287351028,122264.76728735103,0.0,122264.76728735103,1.2226476728735103
2024-07-22,0.0,0.22264767287351028,122264.76728735103,0.0,122264.76728735103,1.2226476728735103
2024-07-23,0.0,0.22264767287351028,122264.76728735103,0.0,122264.76728735103,1.2226476728735103
2024-07-24,0.0,0.22264767287351028,122264.76728735103,0.0,122264.76728735103,1.2226476728735103
2024-07-25,0.0,0.22264767287351028,122264.76728735103,0.0,122264.76728735103,1.2226476728735103
2024-07-26,0.0,0.22264767287351028,122264.76728735103,0.0,122264.76728735103,1.2226476728735103
2024-07-29,0.0,0.22264767287351028,122264.76728735103,0.0,122264.76728735103,1.2226476728735103
2024-07-30,0.0,0.22264767287351028,122264.76728735103,0.0,122264.76728735103,1.2226476728735103
2024-07-31,0.0,0.22264767287351028,122264.76728735103,0.0,122264.76728735103,1.2226476728735103
2024-08-01,0.0,0.22264767287351028,122264.76728735103,0.0,122264.76728735103,1.2226476728735103
2024-08-02,0.0,0.22264767287351028,122264.76728735103,0.0,122264.76728735103,1.2226476728735103
2024-08-05,0.0,0.22264767287351028,122264.76728735103,0.0,122264.76728735103,1.2226476728735103
2024-08-06,-0.008856265181927175,0.2118195808584764,121181.95808584764,-1082.8092015033908,121181.95808584764,1.2118195808584764
2024-08-07,0.012710162480444369,0.22722200462817166,122722.20046281717,1540.2423769695306,122722.20046281717,1.2272220046281717
2024-08-08,-0.007428747813561066,0.21810528184453615,121810.52818445361,-911.6722783635632,121810.52818445361,1.2181052818445361
2024-08-09,0.010386864037815649,0.23075757579080047,123075.75757908005,1265.22939462644,123075.75757908005,1.2307575757908005
2024-08-12,-0.0008412844977941931,0.22972215852174482,122972.21585217449,-103.54172690556152,122972.21585217449,1.2297221585217448
2024-08-13,-0.008543146999630345,0.21921646135279094,121921.6461352791,-1050.569716895392,121921.6461352791,1.219216461352791
2024-08-14,0.00019677699987571978,0.21945637511025495,121945.63751102549,23.991375746394624,121945.63751102549,1.219456375110255
2024-08-16,0.016459762490292518,0.23952833741184265,123952.83374118427,2007.1962301587773,123952.83374118427,1.2395283374118427
2024-08-19,0.0031791669190197043,0.24346900489733003,124346.900489733,394.06674854873563,124346.900489733,1.24346900489733
2024-08-20,0.0,0.24346900489733003,124346.900489733,0.0,124346.900489733,1.24346900489733
2024-08-21,0.0,0.24346900489733003,124346.900489733,0.0,124346.900489733,1.24346900489733
2024-08-22,0.0,0.24346900489733003,124346.900489733,0.0,124346.900489733,1.24346900489733
2024-08-23,0.0,0.24346900489733003,124346.900489733,0.0,124346.900489733,1.24346900489733
2024-08-26,0.0,0.24346900489733003,124346.900489733,0.0,124346.900489733,1.24346900489733
2024-08-27,0.0,0.24346900489733003,124346.900489733,0.0,124346.900489733,1.24346900489733
2024-08-28,0.0,0.24346900489733003,124346.900489733,0.0,124346.900489733,1.24346900489733
2024-08-29,0.0,0.24346900489733003,124346.900489733,0.0,124346.900489733,1.24346900489733
2024-08-30,0.0,0.24346900489733003,124346.900489733,0.0,124346.900489733,1.24346900489733
2024-09-02,0.0,0.24346900489733003,124346.900489733,0.0,124346.900489733,1.24346900489733
2024-09-03,0.0,0.24346900489733003,124346.900489733,0.0,124346.900489733,1.24346900489733
2024-09-04,0.0,0.24346900489733003,124346.900489733,0.0,124346.900489733,1.24346900489733
2024-09-05,0.0,0.24346900489733003,124346.900489733,0.0,124346.900489733,1.24346900489733
2024-09-06,0.0,0.24346900489733003,124346.900489733,0.0,124346.900489733,1.24346900489733
2024-09-09,0.0,0.24346900489733003,124346.900489733,0.0,124346.900489733,1.24346900489733
2024-09-10,0.0,0.24346900489733003,124346.900489733,0.0,124346.900489733,1.24346900489733
2024-09-11,0.0,0.24346900489733003,124346.900489733,0.0,124346.900489733,1.24346900489733
2024-09-12,0.0,0.24346900489733003,124346.900489733,0.0,124346.900489733,1.24346900489733
2024-09-13,0.0,0.24346900489733003,124346.900489733,0.0,124346.900489733,1.24346900489733
2024-09-16,0.0,0.24346900489733003,124346.900489733,0.0,124346.900489733,1.24346900489733
2024-09-17,0.0,0.24346900489733003,124346.900489733,0.0,124346.900489733,1.24346900489733
2024-09-18,0.0,0.24346900489733003,124346.900489733,0.0,124346.900489733,1.24346900489733
2024-09-19,0.0,0.24346900489733003,124346.900489733,0.0,124346.900489733,1.24346900489733
2024-09-20,0.0,0.24346900489733003,124346.900489733,0.0,124346.900489733,1.24346900489733
2024-09-23,0.0,0.24346900489733003,124346.900489733,0.0,124346.900489733,1.24346900489733
2024-09-24,0.0,0.24346900489733003,124346.900489733,0.0,124346.900489733,1.24346900489733
2024-09-25,0.0,0.24346900489733003,124346.900489733,0.0,124346.900489733,1.24346900489733
2024-09-26,0.0,0.24346900489733003,124346.900489733,0.0,124346.900489733,1.24346900489733
2024-09-27,0.0,0.24346900489733003,124346.900489733,0.0,124346.900489733,1.24346900489733
2024-09-30,0.0,0.24346900489733003,124346.900489733,0.0,124346.900489733,1.24346900489733
2024-10-01,0.0,0.24346900489733003,124346.900489733,0.0,124346.900489733,1.24346900489733
2024-10-03,0.0,0.24346900489733003,124346.900489733,0.0,124346.900489733,1.24346900489733
2024-10-04,0.0,0.24346900489733003,124346.900489733,0.0,124346.900489733,1.24346900489733
2024-10-07,0.0,0.24346900489733003,124346.900489733,0.0,124346.900489733,1.24346900489733
2024-10-08,0.0,0.24346900489733003,124346.900489733,0.0,124346.900489733,1.24346900489733
2024-10-09,0.0,0.24346900489733003,124346.900489733,0.0,124346.900489733,1.24346900489733
2024-10-10,0.0,0.24346900489733003,124346.900489733,0.0,124346.900489733,1.24346900489733
2024-10-11,0.0,0.24346900489733003,124346.900489733,0.0,124346.900489733,1.24346900489733
2024-10-14,0.0,0.24346900489733003,124346.900489733,0.0,124346.900489733,1.24346900489733
2024-10-15,0.0,0.24346900489733003,124346.900489733,0.0,124346.900489733,1.24346900489733
2024-10-16,0.0,0.24346900489733003,124346.900489733,0.0,124346.900489733,1.24346900489733
2024-10-17,0.0,0.24346900489733003,124346.900489733,0.0,124346.900489733,1.24346900489733
2024-10-18,0.0,0.24346900489733003,124346.900489733,0.0,124346.900489733,1.24346900489733
2024-10-21,0.0,0.24346900489733003,124346.900489733,0.0,124346.900489733,1.24346900489733
2024-10-22,0.0,0.24346900489733003,124346.900489733,0.0,124346.900489733,1.24346900489733
2024-10-23,0.0,0.24346900489733003,124346.900489733,0.0,124346.900489733,1.24346900489733
2024-10-24,0.0,0.24346900489733003,124346.900489733,0.0,124346.900489733,1.24346900489733
2024-10-25,0.0,0.24346900489733003,124346.900489733,0.0,124346.900489733,1.24346900489733
2024-10-28,0.0,0.24346900489733003,124346.900489733,0.0,124346.900489733,1.24346900489733
2024-10-29,0.0,0.24346900489733003,124346.900489733,0.0,124346.900489733,1.24346900489733
2024-10-30,0.0,0.24346900489733003,124346.900489733,0.0,124346.900489733,1.24346900489733
2024-10-31,0.0,0.24346900489733003,124346.900489733,0.0,124346.900489733,1.24346900489733
2024-11-01,0.0,0.24346900489733003,124346.900489733,0.0,124346.900489733,1.24346900489733
2024-11-04,0.0,0.24346900489733003,124346.900489733,0.0,124346.900489733,1.24346900489733
2024-11-05,0.0,0.24346900489733003,124346.900489733,0.0,124346.900489733,1.24346900489733
2024-11-06,0.0,0.24346900489733003,124346.900489733,0.0,124346.900489733,1.24346900489733
2024-11-07,0.0,0.24346900489733003,124346.900489733,0.0,124346.900489733,1.24346900489733
2024-11-08,0.0,0.24346900489733003,124346.900489733,0.0,124346.900489733,1.24346900489733
2024-11-11,0.0,0.24346900489733003,124346.900489733,0.0,124346.900489733,1.24346900489733
2024-11-12,0.0,0.24346900489733003,124346.900489733,0.0,124346.900489733,1.24346900489733
2024-11-13,0.0,0.24346900489733003,124346.900489733,0.0,124346.900489733,1.24346900489733
2024-11-14,-0.0011014574589908177,0.242099376686862,124209.9376686862,-136.96282104680722,124209.9376686862,1.242099376686862
2024-11-18,-0.003352715163126574,0.23793497127253405,123793.4971272534,-416.4405414327921,123793.4971272534,1.237934971272534
2024-11-19,0.0027585814066316875,0.24134991566690567,124134.99156669057,341.4944394371705,124134.99156669057,1.2413499156669057
2024-11-21,-0.007168807933116483,0.2324509165436992,123245.09165436991,-889.8999123206595,123245.09165436991,1.2324509165436992
2024-11-22,0.023869464111237762,0.26186885946500116,126186.88594650012,2941.794292130202,126186.88594650012,1.2618688594650012
2024-11-25,0.013785178397766369,0.27926394680731215,127926.39468073122,1739.5087342311017,127926.39468073122,1.2792639468073121
2024-11-26,0.0,0.27926394680731215,127926.39468073122,0.0,127926.39468073122,1.2792639468073121
2024-11-27,0.0,0.27926394680731215,127926.39468073122,0.0,127926.39468073122,1.2792639468073121
2024-11-28,0.0,0.27926394680731215,127926.39468073122,0.0,127926.39468073122,1.2792639468073121
2024-11-29,0.0,0.27926394680731215,127926.39468073122,0.0,127926.39468073122,1.2792639468073121
2024-12-02,0.0,0.27926394680731215,127926.39468073122,0.0,127926.39468073122,1.2792639468073121
2024-12-03,0.0,0.27926394680731215,127926.39468073122,0.0,127926.39468073122,1.2792639468073121
2024-12-04,0.0,0.27926394680731215,127926.39468073122,0.0,127926.39468073122,1.2792639468073121
2024-12-05,0.0,0.27926394680731215,127926.39468073122,0.0,127926.39468073122,1.2792639468073121
2024-12-06,0.0,0.27926394680731215,127926.39468073122,0.0,127926.39468073122,1.2792639468073121
2024-12-09,0.0,0.27926394680731215,127926.39468073122,0.0,127926.39468073122,1.2792639468073121
2024-12-10,0.0,0.27926394680731215,127926.39468073122,0.0,127926.39468073122,1.2792639468073121
2024-12-11,0.0,0.27926394680731215,127926.39468073122,0.0,127926.39468073122,1.2792639468073121
2024-12-12,0.0,0.27926394680731215,127926.39468073122,0.0,127926.39468073122,1.2792639468073121
2024-12-13,0.0,0.27926394680731215,127926.39468073122,0.0,127926.39468073122,1.2792639468073121
2024-12-16,0.0,0.27926394680731215,127926.39468073122,0.0,127926.39468073122,1.2792639468073121
2024-12-17,0.0,0.27926394680731215,127926.39468073122,0.0,127926.39468073122,1.2792639468073121
2024-12-18,0.0,0.27926394680731215,127926.39468073122,0.0,127926.39468073122,1.2792639468073121
2024-12-19,0.0,0.27926394680731215,127926.39468073122,0.0,127926.39468073122,1.2792639468073121
2024-12-20,0.0,0.27926394680731215,127926.39468073122,0.0,127926.39468073122,1.2792639468073121
2024-12-23,-5.7575532184659544e-05,0.27919029250477,127919.029250477,-7.365430254212697,127919.029250477,1.27919029250477
2024-12-24,-0.0010861087115144297,0.27780095278439587,127780.09527843959,-138.93397203741188,127780.09527843959,1.2778009527843959
2024-12-26,0.0009503186263191588,0.2790152708305551,127901.52708305551,121.43180461591692,127901.52708305551,1.279015270830555
2024-12-27,0.002661079652127918,0.28241883234252296,128241.8832342523,340.3561511967855,128241.8832342523,1.282418832342523
2024-12-30,-0.007075847935867911,0.2733446316947741,127334.46316947741,-907.4200647748803,127334.46316947741,1.273344631694774
2024-12-31,-4.212721278347794e-06,0.27333926744874937,127333.92674487493,-0.5364246024837485,127333.92674487493,1.2733392674487494
