Date,Close,High,Low,Open,Simple_Return,Log_Return,Price_Change,Daily_Range,Pct_Range,Rolling_Mean_20,Rolling_STD_20,Z_Score_20,Raw_Signal,Execution_Signal,Position
2013-01-02,5993.25,6006.0498046875,5982.0,5982.60009765625,,,10.64990234375,24.0498046875,0.004012815198348142,,,,,,
2013-01-03,6009.5,6017.0,5986.5498046875,6015.7998046875,0.0027113836399281777,0.0027077144701615867,-6.2998046875,30.4501953125,0.005067009786587902,,,,,,
2013-01-04,6016.14990234375,6020.75,5981.5498046875,6011.9501953125,0.0011065649960479984,0.0011059532042860644,4.19970703125,39.2001953125,0.006515827555631307,,,,,,
2013-01-07,5988.39990234375,6042.14990234375,5977.14990234375,6042.14990234375,-0.004612584535034436,-0.004623255329017686,-53.75,65.0,0.01085431852581525,,,,,,
2013-01-08,6001.7001953125,6007.0498046875,5964.39990234375,5983.4501953125,0.0022210094826073945,0.0022185466869673303,18.25,42.64990234375,0.00710630337334424,,,,,,
2013-01-09,5971.5,6020.10009765625,5958.4501953125,6006.2001953125,-0.005031940005281732,-0.005044642846597446,-34.7001953125,61.64990234375,0.010324022832412292,,,,,,
2013-01-10,5968.64990234375,6005.14990234375,5947.2998046875,5998.7998046875,-0.00047728337205898974,-0.0004773973080222145,-30.14990234375,57.85009765625,0.009692325501204822,,,,,,
2013-01-11,5951.2998046875,6018.85009765625,5940.60009765625,6012.39990234375,-0.0029068713930493484,-0.0029111045491811488,-61.10009765625,78.25,0.013148388178724744,,,,,,
2013-01-14,6024.0498046875,6036.89990234375,5962.14990234375,5967.2001953125,0.01222422031951731,0.012150107904682364,56.849609375,74.75,0.01240859594849875,,,,,,
2013-01-15,6056.60009765625,6068.5,6018.60009765625,6037.85009765625,0.005403390414106646,0.005388844474855894,18.75,49.89990234375,0.008238929686485326,,,,,,
2013-01-16,6001.85009765625,6055.9501953125,5992.0498046875,6049.0,-0.00903972511263984,-0.00908083134121998,-47.14990234375,63.900390625,0.010646782173042508,,,,,,
2013-01-17,6039.2001953125,6053.2001953125,5988.10009765625,6001.25,0.0062230973863934835,0.006203813876608185,37.9501953125,65.10009765625,0.010779589275212192,,,,,,
2013-01-18,6064.39990234375,6083.39990234375,6048.2998046875,6059.85009765625,0.0041726894648748125,0.004164007938021129,4.5498046875,35.10009765625,0.005787892985534253,,,,,,
2013-01-21,6082.2998046875,6094.35009765625,6065.10009765625,6085.75,0.002951636210011932,0.0029472886846284353,-3.4501953125,29.25,0.004809036209865492,,,,,,
2013-01-22,6048.5,6101.2998046875,6040.5,6080.14990234375,-0.00555707639755787,-0.005572574388951168,-31.64990234375,60.7998046875,0.010052046736794246,,,,,,
2013-01-23,6054.2998046875,6069.7998046875,6021.14990234375,6052.85009765625,0.0009588831425146882,0.0009584237077469017,1.44970703125,48.64990234375,0.008035595182465716,,,,,,
2013-01-24,6019.35009765625,6065.2998046875,6007.85009765625,6046.2001953125,-0.005772708349228162,-0.005789434832539505,-26.85009765625,57.44970703125,0.009544171064849534,,,,,,
2013-01-25,6074.64990234375,6080.5498046875,6014.4501953125,6024.5,0.009187005871120979,0.009145062029183172,50.14990234375,66.099609375,0.010881221212352852,,,,,,
2013-01-28,6074.7998046875,6088.39990234375,6061.39990234375,6082.10009765625,2.467670502159791e-05,2.4676400556721332e-05,-7.30029296875,27.0,0.004444590911319576,,,,,,
2013-01-29,6049.89990234375,6111.7998046875,6042.4501953125,6064.7001953125,-0.004098884431473215,-0.004107307883982924,-14.80029296875,69.349609375,0.01146293500626907,6024.5174560546875,38.56243810894369,0.658216843482612,0.0,,
2013-01-30,6055.75,6071.9501953125,6044.14990234375,6065.0,0.0009669742889437671,0.0009665070704739352,-9.25,27.80029296875,0.004590726659579738,6027.6424560546875,38.42742751184235,0.7314448498185436,0.0,0.0,0.0
2013-01-31,6034.75,6058.0498046875,6025.14990234375,6045.64990234375,-0.003467778557569301,-0.003473805238461769,-10.89990234375,32.89990234375,0.005451742382658768,6028.904956054687,38.214193328091504,0.1529547907796853,0.0,0.0,0.0
2013-02-01,5998.89990234375,6052.9501953125,5983.2001953125,6040.9501953125,-0.005940610241724986,-0.005958325862656894,-42.05029296875,69.75,0.011627131830079197,6028.042456054687,38.70869655492614,-0.7528683811294183,0.0,0.0,0.0
2013-02-04,5987.25,6038.5,5981.25,6025.2001953125,-0.0019420064567502449,-0.0019438945962046322,-37.9501953125,57.25,0.009561985886675853,6027.9849609375,38.77148089370297,-1.050642379360742,0.0,0.0,0.0
2013-02-05,5956.89990234375,5970.35009765625,5946.89990234375,5948.2001953125,-0.00506912149254668,-0.005082013073346008,8.69970703125,23.4501953125,0.003936644176826522,6025.744946289063,41.56362923084008,-1.6563771070845248,0.0,0.0,0.0
2013-02-06,5959.2001953125,5990.89990234375,5953.14990234375,5988.0498046875,0.0003861560554081489,0.0003860815163471072,-28.849609375,37.75,0.006334742710891657,6025.129956054688,42.489190976429235,-1.5516831275691279,0.0,0.0,0.0
2013-02-07,5938.7998046875,5978.5,5927.60009765625,5936.4501953125,-0.0034233437300943415,-0.003429216778715081,2.349609375,50.89990234375,0.008570738872789526,6023.637451171875,45.02609933091133,-1.8841882318269625,0.0,0.0,0.0
2013-02-08,5903.5,5953.7001953125,5883.64990234375,5929.10009765625,-0.005943929051058117,-0.005961664511139566,-25.60009765625,70.05029296875,0.011865891923223511,6021.2474609375,50.05558689410515,-2.352334039886505,1.0,0.0,0.0
2013-02-11,5897.85009765625,5924.14990234375,5879.10009765625,5920.0498046875,-0.0009570428294656264,-0.0009575010873592933,-22.19970703125,45.0498046875,0.007638343454236378,6014.937475585937,57.13714417199054,-2.0492339900159915,1.0,1.0,1.0
2013-02-12,5922.5,5927.64990234375,5886.4501953125,5894.35009765625,0.004179472508727411,0.004170762773135264,28.14990234375,41.19970703125,0.00695647227205572,6008.232470703125,59.797105476436805,-1.4337227533012933,1.0,1.0,1.0
2013-02-13,5932.9501953125,5969.5,5922.9501953125,5943.14990234375,0.0017644905550864287,0.001762935670411124,-10.19970703125,46.5498046875,0.00784597934502771,6004.7874755859375,62.123607310016496,-1.1563604140845636,1.0,1.0,1.0
2013-02-14,5896.9501953125,5940.2001953125,5884.5498046875,5933.2001953125,-0.006067807551872417,-0.006086291505428713,-36.25,55.650390625,0.00943714781061516,5997.674975585937,65.99856447073857,-1.5261662292381393,1.0,1.0,1.0
2013-02-15,5887.39990234375,5899.9501953125,5853.89990234375,5869.9501953125,-0.0016195308850228685,-0.0016208437428339576,17.44970703125,46.05029296875,0.007821838796854545,5988.824975585938,68.40372629873805,-1.4827419313274899,1.0,1.0,1.0
2013-02-18,5898.2001953125,5911.0,5878.4501953125,5888.64990234375,0.0018344758548591855,0.001832795259055871,9.55029296875,32.5498046875,0.005518599506569553,5979.6199951171875,67.54452701929365,-1.20542408686096,1.0,1.0,1.0
2013-02-19,5939.7001953125,5947.5498046875,5883.14990234375,5900.2001953125,0.007036044662061647,0.0070114071991698905,39.5,64.39990234375,0.010842281634782375,5974.180004882813,66.07024369791269,-0.5218659360174568,1.0,1.0,1.0
2013-02-20,5943.0498046875,5971.0,5937.5498046875,5966.2998046875,0.0005639357652500454,0.0005637768132327255,-23.25,33.4501953125,0.0056284561650680786,5968.617504882813,63.607076676050724,-0.40196313887412793,0.0,1.0,1.0
2013-02-21,5852.25,5921.14990234375,5844.39990234375,5909.64990234375,-0.015278317980085387,-0.01539623406156752,-57.39990234375,76.75,0.013114614037336067,5960.2625,67.45088737798957,-1.6013503187097613,0.0,0.0,0.0
2013-02-22,5850.2998046875,5873.7998046875,5835.7998046875,5837.9501953125,-0.0003332385514118741,-0.00033329408771618207,12.349609375,38.0,0.006495393615478106,5949.044995117188,66.06754525444178,-1.4946096460735228,0.0,0.0,0.0
2013-02-25,5854.75,5878.39990234375,5825.0,5870.5498046875,0.0007606781636959603,0.000760388994695336,-15.7998046875,53.39990234375,0.009120782671121739,5938.042504882813,62.234559839513096,-1.3383641677165032,0.0,0.0,0.0
2013-02-26,5761.35009765625,5838.85009765625,5748.60009765625,5838.2998046875,-0.01595284211003889,-0.016081458393314825,-76.94970703125,90.25,0.015664731090845218,5923.615014648438,68.10778927764117,-2.382472235748476,1.0,0.0,0.0
2013-02-27,5796.89990234375,5818.2001953125,5749.7001953125,5784.89990234375,0.006170394800684376,0.006151435864131232,12.0,68.5,0.011816660828023734,5910.672509765625,66.24581215171385,-1.7174309398051806,1.0,1.0,1.0
2013-02-28,5693.0498046875,5849.89990234375,5671.89990234375,5834.35009765625,-0.017914764685562745,-0.018077176721828157,-141.30029296875,178.0,0.03126619406235296,5893.5875,75.91827736870182,-2.6414942786251046,1.0,1.0,1.0
2013-03-01,5719.7001953125,5739.4501953125,5679.89990234375,5702.4501953125,0.004681215084936907,0.004670292272359843,17.25,59.55029296875,0.010411436077987725,5879.627514648438,81.03169644870496,-1.973639036882013,1.0,1.0,1.0
2013-03-04,5698.5,5712.0,5663.60009765625,5704.7001953125,-0.0037065221232879253,-0.003713408297517434,-6.2001953125,48.39990234375,0.008493446054882864,5865.190014648438,86.39332632675382,-1.9294316093119106,1.0,1.0,1.0
2013-03-05,5784.25,5790.10009765625,5722.39990234375,5722.4501953125,0.01504781960164947,0.014935724292001495,61.7998046875,67.7001953125,0.01170423050741237,5856.55751953125,85.36685936328152,-0.8470209642309002,1.0,1.0,1.0
2013-03-06,5818.60009765625,5828.7001953125,5795.0498046875,5816.39990234375,0.005938556883995361,0.005920993156224326,2.2001953125,33.650390625,0.0057832451208589646,5849.527514648437,82.19980166587348,-0.37624685662748153,0.0,1.0,1.0
2013-03-07,5863.2998046875,5878.0,5801.2998046875,5801.2998046875,0.007682209858219213,0.007652851943975546,62.0,76.7001953125,0.013081404306015686,5845.752514648438,79.57600213115403,0.22050982166886904,0.0,0.0,0.0
2013-03-08,5945.7001953125,5952.85009765625,5883.0,5883.64990234375,0.014053586439350063,0.01395575035978997,62.05029296875,69.85009765625,0.011748001978189005,5847.862524414062,81.71844672566351,1.1972531884616957,0.0,0.0,0.0
2013-03-11,5942.35009765625,5971.2001953125,5930.35009765625,5946.10009765625,-0.0005634488026979856,-0.000563607599626711,-3.75,40.85009765625,0.006874401034089506,5850.0875244140625,83.73212855303004,1.1018777957347028,0.0,0.0,0.0
2013-03-12,5914.10009765625,5952.0,5893.64990234375,5944.60009765625,-0.00475401138198539,-0.0047653476368216515,-30.5,58.35009765625,0.009866268188354482,5849.667529296875,83.37007941229496,0.7728500298138498,0.0,0.0,0.0
2013-03-13,5851.2001953125,5893.85009765625,5842.25,5884.7998046875,-0.01063558298052436,-0.010692545036311767,-33.599609375,51.60009765625,0.008818720251203805,5845.580029296875,81.04353156580017,0.06934749642618598,0.0,0.0,0.0
2013-03-14,5908.9501953125,5920.14990234375,5791.75,5845.9501953125,0.009869769974075515,0.009821381919884518,63.0,128.39990234375,0.021729731695083184,5846.180029296875,81.4870703818307,0.7703082921192038,0.0,0.0,0.0
2013-03-15,5872.60009765625,5945.64990234375,5861.0,5914.89990234375,-0.006151701479069183,-0.006170701154912373,-42.2998046875,84.64990234375,0.014414382204831844,5845.4400390625,81.15958954139589,0.3346500240725987,0.0,0.0,0.0
2013-03-18,5835.25,5850.2001953125,5814.35009765625,5816.75,-0.0063600614779059095,-0.0063803728356968134,18.5,35.85009765625,0.006143712378432801,5842.292529296875,80.22099966904118,-0.08778909918761166,0.0,0.0,0.0
2013-03-19,5745.9501953125,5863.60009765625,5724.2998046875,5859.5,-0.015303509650400615,-0.015421816917123578,-113.5498046875,139.30029296875,0.0242432127383196,5832.605029296875,79.53463521075525,-1.0895232467559834,0.0,0.0,0.0
2013-03-20,5694.39990234375,5745.2998046875,5682.2998046875,5740.5498046875,-0.008971587155559457,-0.009012074180768975,-46.14990234375,63.0,0.01106350117315609,5820.172534179687,80.78583636032768,-1.5568648850146924,0.0,0.0,0.0
2013-03-21,5658.75,5757.75,5647.9501953125,5705.89990234375,-0.00626051962544405,-0.006280198856235595,-47.14990234375,109.7998046875,0.019403544013695605,5810.497534179687,88.00623004258321,-1.7242817253535538,0.0,0.0,0.0
2013-03-22,5651.35009765625,5691.4501953125,5631.7998046875,5659.7998046875,-0.0013076920421912774,-0.0013085478175716774,-8.44970703125,59.650390625,0.010555069070970926,5800.550048828125,94.28999793968944,-1.5823518340440257,0.0,0.0,0.0
2013-03-25,5633.85009765625,5718.39990234375,5624.39990234375,5707.2998046875,-0.003096605182407286,-0.0031014095850241405,-73.44970703125,94.0,0.016684859975082608,5789.505053710937,100.35014257686971,-1.5511184344900486,0.0,0.0,0.0
2013-03-26,5641.60009765625,5655.2998046875,5612.0498046875,5613.75,0.0013756134553923882,0.0013746681660056223,27.85009765625,43.25,0.007666264756689828,5783.517553710937,105.5559324266825,-1.3444763623613554,0.0,0.0,0.0
2013-03-28,5682.5498046875,5692.9501953125,5604.85009765625,5647.75,0.007258527070761689,0.007232310747962538,34.7998046875,88.10009765625,0.015503620854070962,5777.800048828125,107.86459454848952,-0.8830538374462266,0.0,0.0,0.0
2013-04-01,5704.39990234375,5720.9501953125,5675.89990234375,5697.35009765625,0.0038451220679536213,0.003837748481610424,7.0498046875,45.05029296875,0.007897464017247514,5778.3675537109375,107.42419132904413,-0.6885567436167329,0.0,0.0,0.0
2013-04-02,5748.10009765625,5754.60009765625,5687.14990234375,5701.7001953125,0.007660787472937303,0.0076315926493432315,46.39990234375,67.4501953125,0.011734345986772634,5779.787548828125,106.79372961170904,-0.2967164016753369,0.0,0.0,0.0
2013-04-03,5672.89990234375,5744.9501953125,5650.10009765625,5740.2001953125,-0.013082617566656962,-0.013168948793470324,-67.30029296875,94.85009765625,0.016719860968649,5778.507543945312,107.96628326757752,-0.9781539051393493,0.0,0.0,0.0
2013-04-04,5574.75,5644.4501953125,5565.64990234375,5640.64990234375,-0.017301539606436434,-0.017452960325511746,-65.89990234375,78.80029296875,0.01413521556459931,5768.032543945313,117.15201472822596,-1.649843960376588,0.0,0.0,0.0
2013-04-05,5553.25,5577.2998046875,5534.7001953125,5568.10009765625,-0.003856675187228098,-0.003864131335780677,-14.85009765625,42.599609375,0.0076711131994777835,5754.7650390625,125.82804191723207,-1.6015113641763108,0.0,0.0,0.0
2013-04-08,5542.9501953125,5569.2001953125,5537.0498046875,5550.5,-0.001854734558591864,-0.0018564567084833458,-7.5498046875,32.150390625,0.005800230832344224,5738.74755859375,131.5446223258175,-1.4884482529151781,0.0,0.0,0.0
2013-04-09,5495.10009765625,5603.0498046875,5487.0,5568.75,-0.008632604654596254,-0.008670081423453112,-73.64990234375,116.0498046875,0.0211187790258811,5716.217553710938,132.81535155602398,-1.6648486298017773,0.0,0.0,0.0
2013-04-10,5558.7001953125,5569.25,5477.2001953125,5536.25,0.01157396526468668,0.011507499287045326,22.4501953125,92.0498046875,0.016559591532769313,5697.03505859375,125.96466984985564,-1.098203674459985,0.0,0.0,0.0
2013-04-11,5594.0,5610.64990234375,5542.85009765625,5601.64990234375,0.006350370310898912,0.006330291669064339,-7.64990234375,67.7998046875,0.01212009379469074,5681.030053710938,116.94592800172664,-0.7441905434249315,0.0,0.0,0.0
2013-04-12,5528.5498046875,5544.5,5494.89990234375,5520.7001953125,-0.011700070667232776,-0.01176905510382896,7.849609375,49.60009765625,0.008971628982015409,5664.897534179688,114.46393064803063,-1.1911851071360493,0.0,0.0,0.0
2013-04-15,5568.39990234375,5592.85009765625,5500.2998046875,5508.5,0.007208056192685941,0.007182202318757875,59.89990234375,92.55029296875,0.016620626138901303,5647.87001953125,100.75744804921841,-0.7887269747907913,0.0,0.0,0.0
2013-04-16,5688.9501953125,5699.25,5555.85009765625,5562.4501953125,0.0216490006254777,0.021417989176254947,126.5,143.39990234375,0.025206742442903895,5638.687524414063,86.56813924273283,0.5806139688125104,0.0,0.0,0.0
2013-04-17,5688.7001953125,5732.14990234375,5669.0,5708.64990234375,-4.394483892755652e-05,-4.394580453027964e-05,-19.94970703125,63.14990234375,0.011100936976039913,5631.360034179687,74.40197722551693,0.7706806091861128,0.0,0.0,0.0
2013-04-18,5783.10009765625,5794.35009765625,5681.85009765625,5682.7001953125,0.0165942832462036,0.016458102609584743,100.39990234375,112.5,0.01945323409594683,5633.217529296875,77.7995285331,1.9265228361327034,0.0,0.0,0.0
2013-04-22,5834.39990234375,5844.85009765625,5789.7998046875,5789.85009765625,0.008870640974775856,0.008831527973868913,44.5498046875,55.05029296875,0.009435467895616072,5640.217529296875,89.07525813147966,2.179981030874498,0.0,0.0,0.0
2013-04-23,5836.89990234375,5844.2998046875,5791.5498046875,5843.10009765625,0.0004284930827240796,0.0004284013057793631,-6.2001953125,52.75,0.009037331611395076,5649.125024414063,99.34185120723775,1.8901890356157005,0.0,0.0,0.0
2013-04-25,5916.2998046875,5924.60009765625,5853.2998046875,5856.10009765625,0.013603094737305366,0.013511403233731597,60.19970703125,71.30029296875,0.012051500992606662,5662.372509765625,115.93436426311658,2.190267713424288,0.0,0.0,0.0
2013-04-26,5871.4501953125,5907.0498046875,5860.5,5899.75,-0.007580685708230228,-0.007609565149353201,-28.2998046875,46.5498046875,0.007928161380754495,5674.252514648438,124.70006537911478,1.5813759204098197,0.0,0.0,0.0
2013-04-29,5904.10009765625,5918.64990234375,5868.7998046875,5877.60009765625,0.005560790138323224,0.0055453860244868425,26.5,49.85009765625,0.008443301575466003,5687.377514648438,134.51089534908854,1.611189803215304,0.0,0.0,0.0
2013-04-30,5930.2001953125,5962.2998046875,5867.7998046875,5932.60009765625,0.004420673298985989,0.004410930824423511,-2.39990234375,94.5,0.015935381081181223,5699.760034179688,145.03056847423463,1.5889075217529118,0.0,0.0,0.0
2013-05-02,5999.35009765625,6019.4501953125,5910.9501953125,5911.39990234375,0.011660635402900743,0.011593174115103801,87.9501953125,108.5,0.01808529227897325,5714.507543945312,159.77391047793284,1.7827851421980365,0.0,0.0,0.0
2013-05-03,5944.0,6000.2998046875,5930.14990234375,5993.5,-0.009226015610903193,-0.009268838888589223,-49.5,70.14990234375,0.011801800528894684,5724.3025390625,167.747591723724,1.309690700653016,0.0,0.0,0.0
2013-05-06,5971.0498046875,5976.5,5928.4501953125,5944.89990234375,0.004550774678246938,0.004540451211160536,26.14990234375,48.0498046875,0.008047128437913728,5739.210034179688,175.984920088337,1.317384298560573,0.0,0.0,0.0
2013-05-07,6043.5498046875,6050.5,5982.9501953125,5983.4501953125,0.012141918485269576,0.012068796690554202,60.099609375,67.5498046875,0.011177173494145279,5762.6500244140625,183.9665415944288,1.5269068920842517,0.0,0.0,0.0
2013-05-08,6069.2998046875,6083.5498046875,6024.9501953125,6064.14990234375,0.004260740927464202,0.0042516896717678145,5.14990234375,58.599609375,0.009655085637677972,5788.4525146484375,189.1672091826803,1.4846510198701828,0.0,0.0,0.0
2013-05-09,6050.14990234375,6084.7001953125,6040.4501953125,6078.35009765625,-0.0031552078427498076,-0.0031601960062404705,-28.2001953125,44.25,0.0073138683692544745,5813.8125,188.5194369925691,1.2536500538831217,0.0,0.0,0.0
2013-05-10,6094.75,6105.2998046875,6045.60009765625,6046.25,0.007371734316693912,0.0073446958820698885,48.5,59.69970703125,0.00979526757147545,5843.794995117188,182.75973119535774,1.3731416830251215,0.0,0.0,0.0
2013-05-13,5980.4501953125,6104.9501953125,5972.89990234375,6098.2001953125,-0.01875381347676275,-0.018931896238816203,-117.75,132.05029296875,0.02208032650656493,5864.882495117187,172.15709064461313,0.6712921307080002,0.0,0.0,0.0
2013-05-14,5995.39990234375,6026.2001953125,5970.0498046875,5989.7001953125,0.002499762817683493,0.0024966436077198026,5.69970703125,56.150390625,0.009365578867065969,5884.952490234375,162.01438965872333,0.6817135955764689,0.0,0.0,0.0
2013-05-15,6146.75,6157.10009765625,6018.85009765625,6018.85009765625,0.025244370704460284,0.024930994618493872,127.89990234375,138.25,0.02249156058079473,5915.8625,148.87845173929787,1.5508456549797318,0.0,0.0,0.0
2013-05-16,6169.89990234375,6187.2998046875,6128.25,6128.25,0.0037662020325781587,0.003759127650507598,41.64990234375,59.0498046875,0.009570626042906927,5945.9375,135.1112031221237,1.6576153358749672,0.0,0.0,0.0
2013-05-17,6187.2998046875,6199.9501953125,6146.14990234375,6172.9501953125,0.0028201271688605978,0.0028161580707262417,14.349609375,53.80029296875,0.008695278177403152,5970.85498046875,131.11693809813048,1.6507769885288084,0.0,0.0,0.0
2013-05-20,6156.89990234375,6229.4501953125,6146.0498046875,6198.0,-0.004913274498306808,-0.004925384313636034,-41.10009765625,83.400390625,0.013545841567645421,5994.264965820313,119.35842076748385,1.3625761423256284,0.0,0.0,0.0
2013-05-21,6114.10009765625,6180.25,6102.35009765625,6152.35009765625,-0.006951518680887947,-0.006975793048095481,-38.25,77.89990234375,0.012741025024044303,6010.814965820313,111.20725715372414,0.9287625149603673,0.0,0.0,0.0
2013-05-22,6094.5,6147.60009765625,6074.4501953125,6127.0498046875,-0.0032057207672742116,-0.0032108700979154446,-32.5498046875,73.14990234375,0.012002609294240709,6023.819970703125,104.49687331348879,0.6763841544314516,0.0,0.0,0.0
2013-05-23,5967.0498046875,6081.4501953125,5955.7001953125,6050.39990234375,-0.020912330020920522,-0.021134089920608477,-83.35009765625,125.75,0.021074065763824413,6030.327465820313,95.94656518729975,-0.6595093947270205,0.0,0.0,0.0
2013-05-24,5983.5498046875,6015.2998046875,5936.7998046875,6010.7001953125,0.0027651855674202253,0.002761369474992902,-27.150390625,78.5,0.013119302514788675,6033.689965820313,92.86913203286339,-0.5399012571267477,0.0,0.0,0.0
2013-05-27,6083.14990234375,6099.89990234375,5975.5498046875,5989.39990234375,0.016645653651653936,0.016508633198256576,93.75,124.35009765625,0.020441728323732363,6044.274951171875,85.1477174323444,0.45655893480367166,0.0,0.0,0.0
2013-05-28,6111.25,6127.64990234375,6055.39990234375,6086.35009765625,0.004619333422216654,0.004608697044323107,24.89990234375,72.25,0.011822458580486807,6054.6324462890625,79.6187148722221,0.7111086106049497,0.0,0.0,0.0
2013-05-29,6104.2998046875,6125.0498046875,6069.7998046875,6120.4501953125,-0.0011372788402536083,-0.0011379260325724719,-16.150390625,55.25,0.009050997127889008,6063.337426757813,74.66119372067867,0.5486434905251444,0.0,0.0,0.0
2013-05-30,6124.0498046875,6133.75,6072.14990234375,6072.14990234375,0.0032354243126841986,0.0032302015895608275,51.89990234375,61.60009765625,0.010058719249654005,6069.572412109375,74.24202839000316,0.733781036961271,0.0,0.0,0.0
2013-05-31,5985.9501953125,6106.25,5975.5498046875,6098.7001953125,-0.022550373328005135,-0.022808521266850956,-112.75,130.7001953125,0.021834494282102313,6071.669921875,71.03073846267196,-1.2067976261790856,0.0,0.0,0.0
2013-06-03,5939.2998046875,6011.0,5916.35009765625,5997.35009765625,-0.007793314194550316,-0.007823840773196913,-58.05029296875,94.64990234375,0.015936205521911696,6070.082421875,73.702455554645,-1.7744675696800167,0.0,0.0,0.0
2013-06-04,5919.4501953125,5981.60009765625,5910.25,5941.10009765625,-0.0033420790375549014,-0.00334767625808323,-21.64990234375,71.35009765625,0.012053500798562471,6063.87744140625,80.92395370863582,-1.7847280004849468,0.0,0.0,0.0
2013-06-05,5923.85009765625,5935.2001953125,5883.7001953125,5908.2998046875,0.0007432957789279548,0.0007430196714316884,15.55029296875,51.5,0.00869367035813006,6056.604956054687,86.73781227999244,-1.5305303985521355,0.0,0.0,0.0
2013-06-06,5921.39990234375,5956.5498046875,5869.5,5895.0,-0.0004136153467944048,-0.0004137009092160573,26.39990234375,87.0498046875,0.014700882582350975,6050.167456054687,91.86816188912182,-1.401655928049918,0.0,0.0,0.0
2013-06-07,5881.0,5972.7001953125,5871.2998046875,5900.0498046875,-0.006822694465840606,-0.006846075453972334,-19.0498046875,101.400390625,0.017242032073626935,6039.479956054687,98.59566448437992,-1.6073724629118396,0.0,0.0,0.0
2013-06-10,5878.0,5931.64990234375,5857.39990234375,5907.89990234375,-0.0005101173269852488,-0.0005102474810933533,-29.89990234375,74.25,0.012631847567199728,6034.357446289063,104.31921089551047,-1.498836551262601,0.0,0.0,0.0
2013-06-11,5788.7998046875,5868.0498046875,5780.35009765625,5848.75,-0.01517526289766924,-0.01529158551760873,-59.9501953125,87.69970703125,0.015149894622411172,6024.02744140625,117.74507310655022,-1.997770526719931,0.0,0.0,0.0
2013-06-12,5760.2001953125,5792.89990234375,5738.60009765625,5771.75,-0.004940507590509791,-0.004952752244654958,-11.5498046875,54.2998046875,0.009426721788539183,6004.699951171875,127.83358721706784,-1.91264096691742,0.0,0.0,0.0
2013-06-13,5699.10009765625,5729.85009765625,5683.10009765625,5709.35009765625,-0.010607287174840163,-0.010663945462104954,-10.25,46.75,0.008203049463761112,5981.1599609375,138.69783859579974,-2.033628397795318,1.0,0.0,0.0
2013-06-14,5808.39990234375,5819.39990234375,5739.39990234375,5748.9501953125,0.019178432176063964,0.018996844089153475,59.44970703125,80.0,0.013773156350291785,5962.2149658203125,134.8837441058081,-1.1403528608747986,1.0,1.0,1.0
2013-06-17,5850.0498046875,5854.89990234375,5770.25,5820.39990234375,0.007170632711935632,0.007145045967808824,29.64990234375,84.64990234375,0.014469945585065298,5946.8724609375,128.89200167036108,-0.7511921220497647,1.0,1.0,1.0
2013-06-18,5813.60009765625,5863.39990234375,5804.2998046875,5841.89990234375,-0.006230666105106253,-0.006250157711134042,-28.2998046875,59.10009765625,0.010165834708871044,5931.8474609375,125.85104847215793,-0.9395818685404892,1.0,1.0,1.0
2013-06-19,5822.25,5828.39990234375,5777.89990234375,5805.75,0.0014878736408507898,0.0014867678535771553,16.5,50.5,0.008673622740349522,5918.2349609375,121.99676300381208,-0.7867828504146488,1.0,1.0,1.0
2013-06-20,5655.89990234375,5755.0,5645.64990234375,5754.14990234375,-0.028571445344368618,-0.028987554139514253,-98.25,109.35009765625,0.019333810630371373,5902.677465820312,134.6295256572804,-1.8330122034654668,1.0,1.0,1.0
2013-06-21,5667.64990234375,5686.14990234375,5616.85009765625,5639.89990234375,0.002077476653207899,0.0020753216826701094,27.75,69.2998046875,0.012227255720019398,5886.882470703125,142.9179111791146,-1.5339754587136243,1.0,1.0,1.0
2013-06-24,5590.25,5640.0,5566.25,5638.0498046875,-0.013656436737869537,-0.013750543628800106,-47.7998046875,73.75,0.013192612137203167,5862.237475585937,149.63243731616342,-1.8177039715743306,1.0,1.0,1.0
2013-06-25,5609.10009765625,5666.25,5570.25,5606.9501953125,0.0033719596898618143,0.003366287381407146,2.14990234375,96.0,0.017115044896437736,5837.12998046875,147.7677815847697,-1.5431637422375872,1.0,1.0,1.0
2013-06-26,5588.7001953125,5635.25,5579.35009765625,5627.9501953125,-0.003636929630169039,-0.0036435593381386397,-39.25,55.89990234375,0.010002308298919993,5811.35,143.62167471951443,-1.55025211286753,1.0,1.0,1.0
2013-06-27,5682.35009765625,5699.35009765625,5630.9501953125,5647.9501953125,0.01675700951400083,0.01661815982028318,34.39990234375,68.39990234375,0.012037255918455697,5789.2650146484375,125.86989919190908,-0.8494081402987251,1.0,1.0,1.0
2013-06-28,5842.2001953125,5852.9501953125,5749.5,5749.5,0.02813098364392963,0.0277425749122853,92.7001953125,103.4501953125,0.017707403350454072,5782.0775146484375,117.89943727001287,0.5099488348393874,0.0,1.0,1.0
2013-07-01,5898.85009765625,5904.35009765625,5822.2001953125,5834.10009765625,0.009696672563395348,0.009649961552167819,64.75,82.14990234375,0.013926426504106294,5780.055029296875,115.38047987336964,1.0295941608992547,0.0,0.0,0.0
2013-07-02,5857.5498046875,5898.7998046875,5852.2998046875,5885.5,-0.007001414222266744,-0.007026039129586622,-27.9501953125,46.5,0.00793847283428788,5776.960009765625,112.23173689589433,0.7180660047757251,0.0,0.0,0.0
2013-07-03,5770.89990234375,5815.0,5760.39990234375,5811.9501953125,-0.01479285797525931,-0.014903363447433636,-41.05029296875,54.60009765625,0.009461279623664089,5769.3125,106.77414220677484,0.01486691731670291,0.0,0.0,0.0
2013-07-04,5836.9501953125,5848.2001953125,5786.0498046875,5794.75,0.011445406104154454,0.011380402965057766,42.2001953125,62.150390625,0.010647750716617615,5765.090014648437,102.00653324290789,0.7044664530745518,0.0,0.0,0.0
2013-07-05,5867.89990234375,5900.4501953125,5858.4501953125,5889.9501953125,0.005302376411589815,0.005288368309453251,-22.05029296875,42.0,0.007157586308386823,5764.435009765625,101.26242388657049,1.0217501083523484,0.0,0.0,0.0
2013-07-08,5811.5498046875,5833.85009765625,5775.5498046875,5833.14990234375,-0.009603111606205639,-0.009649518823911232,-21.60009765625,58.30029296875,0.010031797872871355,5761.1125,98.3895337841618,0.5126287598652992,0.0,0.0,0.0
2013-07-09,5859.0,5864.9501953125,5834.60009765625,5834.60009765625,0.008164809200159828,0.008131657474948715,24.39990234375,30.35009765625,0.005180081525217614,5764.622509765625,100.65534714044995,0.9376301698377207,0.0,0.0,0.0
2013-07-10,5816.7001953125,5879.35009765625,5802.85009765625,5869.89990234375,-0.007219628722904936,-0.007245816361832232,-53.19970703125,76.5,0.013151786654166739,5767.447509765625,101.31539998755369,0.48613227162825745,0.0,0.0,0.0
2013-07-11,5935.10009765625,5948.85009765625,5887.9501953125,5894.5,0.02035516673855131,0.02015076937254802,40.60009765625,60.89990234375,0.010260973082458906,5779.247509765625,106.54443518341263,1.4627942568969452,0.0,0.0,0.0
2013-07-12,6009.0,6019.0,5951.14990234375,6000.5,0.012451332096813816,0.012374451778423527,8.5,67.85009765625,0.011291412490639042,5789.277514648437,118.23414359459031,1.8583674619825798,0.0,0.0,0.0
2013-07-15,6030.7998046875,6038.2001953125,5980.9501953125,5991.2001953125,0.0036278589927609683,0.003621294184999039,39.599609375,57.25,0.00949293656796597,5798.315014648438,129.4956123506849,1.79531017166415,0.0,0.0,0.0
2013-07-16,5955.25,5966.0498046875,5910.9501953125,5930.7998046875,-0.012527327574159974,-0.012606456082598512,24.4501953125,55.099609375,0.009252274778556736,5805.397509765625,134.16503581440625,1.1169265474029297,0.0,0.0,0.0
2013-07-17,5973.2998046875,5989.7998046875,5926.75,5972.25,0.003030906290667934,0.0030263223541821547,1.0498046875,63.0498046875,0.010555272085627137,5812.95,139.3162347256778,1.1509771635964665,0.0,0.0,0.0
2013-07-18,6038.0498046875,6051.10009765625,5974.5498046875,5984.7001953125,0.010839904594975858,0.010781573982748167,53.349609375,76.55029296875,0.012677983031760015,5832.0574951171875,142.80544612350042,1.4424681632391463,0.0,0.0,0.0
2013-07-19,6029.2001953125,6066.85009765625,6020.25,6057.2001953125,-0.0014656403410467922,-0.0014667154424545085,-28.0,46.60009765625,0.0077290678940268075,5850.135009765625,143.7786988047145,1.2454222150813028,0.0,0.0,0.0
2013-07-22,6031.7998046875,6064.14990234375,6004.25,6009.75,0.00043116985516933326,0.00043107692815792104,22.0498046875,59.89990234375,0.009930684751373863,5872.2125,135.43060726160738,1.1783695570324824,0.0,0.0,0.0
2013-07-23,6077.7998046875,6093.35009765625,6061.2998046875,6064.2998046875,0.007626247801568509,0.00759731497994169,13.5,32.05029296875,0.005273338049738201,5895.647485351563,127.84480128464922,1.4247925414688631,0.0,0.0,0.0
2013-07-24,5990.5,6047.25,5962.60009765625,6032.2001953125,-0.014363718367322642,-0.014467875158950037,-41.7001953125,84.64990234375,0.014130690650822135,5915.737475585937,106.93081324787282,0.6991672666021731,0.0,0.0,0.0
2013-07-25,5907.5,5990.64990234375,5896.39990234375,5970.39990234375,-0.013855270845505419,-0.013952151018890876,-62.89990234375,94.25,0.015954295387219635,5926.994970703125,91.85610644000714,-0.21223380196130073,0.0,0.0,0.0
2013-07-26,5886.2001953125,5944.5,5869.5,5937.9501953125,-0.003605553057553945,-0.0036120687304303763,-51.75,75.0,0.012741666527028177,5929.194970703125,90.23087383912369,-0.4764973845568924,0.0,0.0,0.0
2013-07-29,5831.64990234375,5886.0,5825.7998046875,5869.9501953125,-0.009267488559460024,-0.009310698906358704,-38.30029296875,60.2001953125,0.010323012581448937,5925.8349609375,92.63937920497155,-1.0166849065920285,0.0,0.0,0.0
2013-07-30,5755.0498046875,5861.2998046875,5747.60009765625,5836.0498046875,-0.013135235986211136,-0.013222266146311269,-81.0,113.69970703125,0.019756511392593223,5920.7099609375,99.21757896594792,-1.6696653755969553,0.0,0.0,0.0
2013-07-31,5742.0,5752.10009765625,5675.75,5738.35009765625,-0.0022675398355147536,-0.0022701145969533727,3.64990234375,76.35009765625,0.013296777717911877,5919.264965820313,101.69377867584525,-1.7431249790152348,0.0,0.0,0.0
2013-08-01,5727.85009765625,5808.5,5676.85009765625,5776.89990234375,-0.0024642811465952486,-0.0024673224848824594,-49.0498046875,131.64990234375,0.022984173834720144,5913.8099609375,109.00498698180012,-1.7059757395530806,0.0,0.0,0.0
2013-08-02,5677.89990234375,5761.85009765625,5649.0,5750.0498046875,-0.008720583545463012,-0.008758830352814497,-72.14990234375,112.85009765625,0.019875323552228742,5904.3099609375,120.85234113900086,-1.8734437120530423,0.0,0.0,0.0
2013-08-05,5685.39990234375,5721.0,5661.5,5682.39990234375,0.0013209109228755622,0.0013200392875264806,3.0,59.5,0.010465402789955322,5898.002465820313,128.96795931950234,-1.64849133535459,0.0,0.0,0.0
2013-08-06,5542.25,5664.89990234375,5521.7998046875,5664.89990234375,-0.025178510712102753,-0.025500912656776273,-122.64990234375,143.10009765625,0.025819856133564887,5882.164965820312,151.49154094186395,-2.243788423478756,1.0,0.0,0.0
2013-08-07,5519.10009765625,5561.4501953125,5486.85009765625,5549.2998046875,-0.00417698630407326,-0.004185734279980768,-30.19970703125,74.60009765625,0.01351671401791205,5867.2849609375,171.54809421895695,-2.0296632548819864,1.0,1.0,1.0
2013-08-08,5565.64990234375,5577.60009765625,5510.0498046875,5510.0498046875,0.008434310641922904,0.008398940586119187,55.60009765625,67.55029296875,0.01213700001868675,5848.812451171875,183.34700598029352,-1.5444078146471616,1.0,1.0,1.0
2013-08-12,5612.39990234375,5644.10009765625,5557.10009765625,5606.7001953125,0.008399737824025477,0.008364656339552535,5.69970703125,87.0,0.0155013900494989,5828.982446289063,186.5296121556236,-1.1611161436641801,1.0,1.0,1.0
2013-08-13,5699.2998046875,5704.75,5578.89990234375,5600.25,0.01548355495969922,0.015364907874385061,99.0498046875,125.85009765625,0.022081677042632874,5812.407446289062,182.33360935232187,-0.6203334755634935,1.0,1.0,1.0
2013-08-14,5742.2998046875,5754.5498046875,5690.2001953125,5715.39990234375,0.007544786460370823,0.007516466913095698,26.89990234375,64.349609375,0.011206243415307354,5801.759936523437,179.7526156555971,-0.3307886876587203,0.0,1.0,1.0
2013-08-16,5507.85009765625,5716.60009765625,5496.0498046875,5705.4501953125,-0.04082853821736476,-0.04168542781460944,-197.60009765625,220.55029296875,0.04004290041637127,5778.487451171875,186.3830167028676,-1.4520494318807828,0.0,0.0,0.0
2013-08-19,5414.75,5499.64990234375,5360.64990234375,5497.5498046875,-0.016903164756765454,-0.0170476537750192,-82.7998046875,139.0,0.02567062191236899,5747.3224609375,192.70117786849985,-1.7258455013930902,0.0,0.0,0.0
2013-08-20,5401.4501953125,5417.7998046875,5306.35009765625,5353.4501953125,-0.002456217680871675,-0.002459239132094885,48.0,111.44970703125,0.020633293467737342,5715.9349609375,195.4765026871823,-1.6088110913681781,0.0,0.0,0.0
2013-08-21,5302.5498046875,5504.10009765625,5268.4501953125,5494.4501953125,-0.018309969924526603,-0.018479672110444576,-191.900390625,235.64990234375,0.044440865437121106,5679.4724609375,201.38162367414392,-1.8716834702847527,0.0,0.0,0.0
2013-08-22,5408.4501953125,5418.9501953125,5254.0498046875,5282.7998046875,0.01997159753810962,0.019774781357612244,125.650390625,164.900390625,0.030489398010527868,5646.00498046875,186.79056093391335,-1.2717708216546162,0.0,0.0,0.0
2013-08-23,5471.75,5478.7998046875,5377.7998046875,5428.75,0.011703871238818442,0.011635910691516363,43.0,101.0,0.018458445652670536,5620.06748046875,171.85619156992334,-0.8630325105767488,0.0,0.0,0.0
2013-08-26,5476.5,5528.7001953125,5454.4501953125,5499.39990234375,0.0008680952163384603,0.0008677186396066932,-22.89990234375,74.25,0.013557929334428924,5598.51748046875,160.56849320650002,-0.7599092327025146,0.0,0.0,0.0
2013-08-27,5287.4501953125,5427.39990234375,5274.25,5426.5,-0.03452018710627225,-0.0351300857798711,-139.0498046875,153.14990234375,0.028964793366663286,5568.57998046875,159.9241617226451,-1.757894380236371,0.0,0.0,0.0
2013-08-28,5285.0,5317.7001953125,5118.85009765625,5233.4501953125,-0.00046339827742913897,-0.0004635056795921676,51.5498046875,198.85009765625,0.03762537325567644,5541.247485351562,159.3092867897709,-1.6084905689755165,0.0,0.0,0.0
2013-08-29,5409.0498046875,5428.89990234375,5303.0,5316.5,0.023472053867076736,0.023200821268735756,92.5498046875,125.89990234375,0.023275789073830443,5523.947485351562,153.55241232939898,-0.7482635988654146,0.0,0.0,0.0
2013-08-30,5471.7998046875,5493.2998046875,5360.2001953125,5407.4501953125,0.011600928493137763,0.01153415365937455,64.349609375,133.099609375,0.024324648950237216,5510.437475585937,145.00646038024934,-0.26645482413071714,0.0,0.0,0.0
2013-09-02,5550.75,5564.89990234375,5478.85009765625,5480.25,0.014428560643769517,0.014325459513237299,70.5,86.0498046875,0.015502374397603927,5501.582470703125,136.16924968733463,0.361076597027383,0.0,0.0,0.0
2013-09-03,5341.4501953125,5580.9501953125,5323.75,5574.7001953125,-0.03770658103634639,-0.038435865504589016,-233.25,257.2001953125,0.04815175390724626,5484.759985351562,134.00585519438388,-1.0694293158398362,0.0,0.0,0.0
2013-09-04,5448.10009765625,5460.25,5318.89990234375,5358.64990234375,0.01996646948750791,0.019769753704386283,89.4501953125,141.35009765625,0.025944842261077072,5472.894995117187,125.54425231790023,-0.19749926422877628,0.0,0.0,0.0
2013-09-05,5592.9501953125,5625.75,5552.7001953125,5553.75,0.026587268049381718,0.026239969011229082,39.2001953125,73.0498046875,0.013061050453966794,5475.430004882813,127.51479489239802,0.9216200404733855,0.0,0.0,0.0
2013-09-06,5680.39990234375,5688.60009765625,5566.14990234375,5617.4501953125,0.015635702800382845,0.015514724622354844,62.94970703125,122.4501953125,0.021556615276677384,5483.4949951171875,135.2862726776564,1.4554684915868992,0.0,0.0,0.0
2013-09-10,5896.75,5904.85009765625,5738.2001953125,5738.5,0.03808712438836981,0.03737971608491806,158.25,166.64990234375,0.028261313832831644,5500.05,163.23925651295406,2.4301752438361492,0.0,0.0,0.0
2013-09-11,5913.14990234375,5924.35009765625,5832.7001953125,5887.25,0.0027811764690295337,0.0027773161535761984,25.89990234375,91.64990234375,0.01549933687752841,5515.0875,186.35005869061288,2.1361002252466808,0.0,0.0,0.0
2013-09-12,5850.7001953125,5932.0,5815.7998046875,5931.14990234375,-0.01056115743091468,-0.010617322247705436,-80.44970703125,116.2001953125,0.019860904068473375,5522.65751953125,196.99801591954008,1.665208018720517,0.0,0.0,0.0
2013-09-13,5850.60009765625,5884.2998046875,5822.89990234375,5828.0,-1.7108662708431588e-05,-1.7108809063270718e-05,22.60009765625,61.39990234375,0.010494633254518078,5528.072534179688,204.69146238517234,1.5756766780514522,0.0,0.0,0.0
2013-09-16,5840.5498046875,5957.25,5798.14990234375,5930.2998046875,-0.0017178225824691085,-0.0017192997315773116,-89.75,159.10009765625,0.02724060285019052,5544.70751953125,216.15929111681567,1.3686309000540369,0.0,0.0,0.0
2013-09-17,5850.2001953125,5857.7998046875,5804.89990234375,5824.2001953125,0.0016523085921216207,0.0016509450320878272,26.0,52.89990234375,0.009042408905277514,5566.480029296875,224.16252539405275,1.2656895505476518,0.0,0.0,0.0
2013-09-18,5899.4501953125,5916.89990234375,5840.2001953125,5872.75,0.008418515325246734,0.008383277255138238,26.7001953125,76.69970703125,0.013001161886609864,5591.380029296875,232.37469780069338,1.3257474627459436,0.0,0.0,0.0
2013-09-19,6115.5498046875,6142.5,6040.14990234375,6044.14990234375,0.03663046592828345,0.035975516586889605,71.39990234375,102.35009765625,0.01673604188094418,5632.030029296875,249.657092003629,1.9367355900452312,0.0,0.0,0.0
2013-09-20,6012.10009765625,6130.9501953125,5932.85009765625,6104.5498046875,-0.01691584736207319,-0.01706055452564804,-92.44970703125,198.10009765625,0.032950232770322156,5662.2125244140625,257.5686175958694,1.3584247044846454,0.0,0.0,0.0
2013-09-23,5889.75,5989.39990234375,5871.39990234375,5945.7998046875,-0.020350642149811637,-0.02056056945458911,-56.0498046875,118.0,0.020034806231164312,5683.112524414062,258.25847845913665,0.8001188453475435,0.0,0.0,0.0
2013-09-24,5892.4501953125,5938.39990234375,5854.5498046875,5855.0,0.00045845669383259846,0.0004583516346713625,37.4501953125,83.85009765625,0.014230090179286291,5703.9100341796875,257.49135797331985,0.7322193747269305,0.0,0.0,0.0
2013-09-25,5873.85009765625,5910.5498046875,5811.10009765625,5901.5498046875,-0.0031565981959502665,-0.0031615907611521666,-27.69970703125,99.44970703125,0.01693092356424483,5733.230029296875,240.39241763806865,0.5849604980931251,0.0,0.0,0.0
2013-09-26,5882.25,5917.64990234375,5864.10009765625,5872.7998046875,0.0014300505127124996,0.0014290289642726517,9.4501953125,53.5498046875,0.009103626110331931,5763.092529296875,217.81730503476112,0.5470523597016722,0.0,0.0,0.0
2013-09-27,5833.2001953125,5909.2001953125,5819.2998046875,5905.5498046875,-0.008338612722597616,-0.008373573438567785,-72.349609375,89.900390625,0.015411847290487824,5784.300048828125,201.57496259671544,0.24259037855910684,0.0,0.0,0.0
2013-09-30,5735.2998046875,5810.2001953125,5718.5,5801.0498046875,-0.016783307163651173,-0.01692574280654838,-65.75,91.7001953125,0.015988736148989595,5797.475048828125,188.2453402246188,-0.33028835702618836,0.0,0.0,0.0
2013-10-01,5780.0498046875,5786.4501953125,5700.9501953125,5756.10009765625,0.007802556365654301,0.007772273841471294,23.94970703125,85.5,0.01479226008237183,5808.9400390625,179.1928281580017,-0.16122427818107724,0.0,0.0,0.0
2013-10-03,5909.7001953125,5917.60009765625,5802.7001953125,5819.10009765625,0.022430670150948462,0.02218280238265632,90.60009765625,114.89990234375,0.01944259413275942,5837.3525390625,142.45068870815442,0.5078785992970671,0.0,0.0,0.0
2013-10-04,5907.2998046875,5950.4501953125,5885.0,5891.2998046875,-0.00040617807091192226,-0.0004062605835685447,16.0,65.4501953125,0.011079545219723676,5860.312524414063,109.63665201495778,0.42857273922434846,0.0,0.0,0.0
2013-10-07,5906.14990234375,5912.0,5825.85009765625,5889.0498046875,-0.00019465786091266146,-0.00019467680921306599,17.10009765625,86.14990234375,0.014586474059786893,5875.972509765625,90.05771868627897,0.3350894628282777,0.0,0.0,0.0
2013-10-08,5928.39990234375,5981.7001953125,5913.0,5975.0,0.003767259613774776,0.0037601812630294537,-46.60009765625,68.7001953125,0.011588320026343007,5888.372509765625,77.97511341289103,0.5133354839277142,0.0,0.0,0.0
2013-10-09,6007.4501953125,6015.5,5877.10009765625,5893.25,0.013334170142182522,0.013246052547886104,114.2001953125,138.39990234375,0.02303804406930262,5893.90751953125,82.40427751856369,1.3778735667656545,0.0,0.0,0.0
2013-10-10,6020.9501953125,6033.9501953125,5979.7998046875,6001.0498046875,0.0022472096415437903,0.002244688442359527,19.900390625,54.150390625,0.008993661941790814,5899.297534179687,87.11980895323701,1.3963834700109563,0.0,0.0,0.0
2013-10-11,6096.2001953125,6107.60009765625,6046.39990234375,6104.85009765625,0.012498027314456817,0.012420571665258479,-8.64990234375,61.2001953125,0.010039072430652482,5911.572534179688,96.6825530565533,1.9096274901306796,0.0,0.0,0.0
2013-10-14,6112.7001953125,6124.10009765625,6082.89990234375,6093.0,0.002706604027322923,0.0027029477705162687,19.7001953125,41.2001953125,0.0067400975012800735,5924.6775390625,105.35720699318965,1.7846207356479569,0.0,0.0,0.0
2013-10-15,6089.0498046875,6156.2998046875,6056.5498046875,6147.5498046875,-0.0038690578417597266,-0.0038765620083412522,-58.5,99.75,0.01638186633376032,5937.1025390625,109.4858399299904,1.3878257290820541,0.0,0.0,0.0
2013-10-17,6045.85009765625,6110.75,6032.5498046875,6098.5,-0.007094654899684638,-0.007119941635177799,-52.64990234375,78.2001953125,0.01293452435130922,5946.885034179688,110.05163948056264,0.8992602376817964,0.0,0.0,0.0
2013-10-18,6189.35009765625,6201.4501953125,6070.89990234375,6070.89990234375,0.02373528911271383,0.02345798647282757,118.4501953125,130.55029296875,0.02109273040123972,5961.380029296875,121.9260019533472,1.86974119307712,0.0,0.0,0.0
2013-10-21,6204.9501953125,6218.9501953125,6163.2998046875,6202.0,0.002520474267913464,0.0025173031999250295,2.9501953125,55.650390625,0.008968708671834436,5965.850048828125,129.2919042792444,1.849304856458505,0.0,0.0,0.0
2013-10-22,6202.7998046875,6220.10009765625,6181.7998046875,6192.2998046875,-0.0003465604972340275,-0.0003466205632012109,10.5,38.30029296875,0.006174678238012163,5975.385034179688,139.51029665886287,1.6300930895724308,0.0,0.0,0.0
2013-10-23,6178.35009765625,6217.9501953125,6116.60009765625,6209.5498046875,-0.003941721126123232,-0.003949510183774189,-31.19970703125,101.35009765625,0.016404071646036543,5989.8150390625,145.00386414048307,1.3002071338670897,0.0,0.0,0.0
2013-10-24,6164.35009765625,6252.4501953125,6142.9501953125,6162.7998046875,-0.0022659771263707773,-0.0022685483374774457,1.55029296875,109.5,0.017763429763931325,6003.4100341796875,148.10778218526053,1.0866415059490304,0.0,0.0,0.0
2013-10-25,6144.89990234375,6174.75,6125.9501953125,6154.0,-0.0031552710349620483,-0.003160259398470375,-9.10009765625,48.7998046875,0.007941513362794906,6016.9625244140625,148.0296189321874,0.8642687784550457,0.0,0.0,0.0
2013-10-28,6101.10009765625,6168.75,6094.10009765625,6155.10009765625,-0.007127830458360185,-0.007153354803001501,-54.0,74.64990234375,0.012235482314480779,6027.905029296875,145.6165643190922,0.5026561964405459,0.0,0.0,0.0
2013-10-29,6220.89990234375,6228.0498046875,6079.2001953125,6107.5498046875,0.019635771052751938,0.019445476322178384,113.35009765625,148.849609375,0.023927343585599295,6047.290014648437,144.13096891035528,1.2045286936445456,0.0,0.0,0.0
2013-10-30,6251.7001953125,6269.2001953125,6222.60009765625,6230.7998046875,0.004951099270564585,0.004938882885003037,20.900390625,46.60009765625,0.0074539879073520785,6073.110034179687,130.95060347472065,1.3637979237513678,0.0,0.0,0.0
2013-10-31,6299.14990234375,6309.0498046875,6235.89990234375,6237.14990234375,0.0075898884381608855,0.007561230152356484,62.0,73.14990234375,0.011612662577934972,6099.0650390625,120.86304314731181,1.655467693605732,0.0,0.0,0.0
2013-11-01,6307.2001953125,6332.60009765625,6286.9501953125,6289.75,0.0012779967286942195,0.0012771807859823679,17.4501953125,45.64990234375,0.0072377443128691125,6118.9400390625,120.76739615268629,1.5588657389945126,0.0,0.0,0.0
2013-11-05,6253.14990234375,6304.75,6244.2998046875,6282.14990234375,-0.008569617468131119,-0.008606547777017665,-29.0,60.4501953125,0.009667159152836332,6136.2325439453125,113.40439970804997,1.0309772698363675,0.0,0.0,0.0
2013-11-06,6215.14990234375,6269.7001953125,6208.7001953125,6260.5498046875,-0.00607693731854364,-0.00609547705014856,-45.39990234375,61.0,0.009814727071505828,6151.682543945312,100.75151222058322,0.6299395115726263,0.0,0.0,0.0
2013-11-07,6187.25,6288.9501953125,6180.7998046875,6228.89990234375,-0.004489015193861801,-0.004499121077551629,-41.64990234375,108.150390625,0.01747955725483858,6164.625048828125,86.12298865323761,0.26270513280689134,0.0,0.0,0.0
2013-11-08,6140.75,6185.14990234375,6120.9501953125,6170.14990234375,-0.007515455169905816,-0.007543838501638632,-29.39990234375,64.19970703125,0.010454701303790254,6171.2900390625,78.10379591797874,-0.39101862724536257,0.0,0.0,0.0
2013-11-11,6078.7998046875,6141.64990234375,6067.75,6110.39990234375,-0.010088376063591586,-0.010139608589296157,-31.60009765625,73.89990234375,0.012156988997526142,6174.18251953125,73.15768901197134,-1.3037961714200974,0.0,0.0,0.0
2013-11-12,6018.0498046875,6108.7001953125,6011.75,6087.25,-0.009993749087304105,-0.010044021820206814,-69.2001953125,96.9501953125,0.016109902453280603,6170.275,79.36581172548382,-1.9180197619477148,0.0,0.0,0.0
2013-11-13,5989.60009765625,6042.25,5972.4501953125,5998.85009765625,-0.004727396408233497,-0.004738605888357065,-9.25,69.7998046875,0.011653499991562524,6164.1199951171875,88.33268151412041,-1.9757115313321452,0.0,0.0,0.0
2013-11-14,6056.14990234375,6101.64990234375,6036.64990234375,6037.0,0.011110892814620632,0.011049620288933722,19.14990234375,65.0,0.01073289153144059,6162.475,90.09307383556464,-1.1801694972724759,0.0,0.0,0.0
2013-11-18,6189.0,6196.7998046875,6110.39990234375,6111.0498046875,0.02193639520132029,0.021699254229649953,77.9501953125,86.39990234375,0.01396023628110357,6169.632495117187,85.93023184719104,0.22538639157000928,0.0,0.0,0.0
2013-11-19,6203.35009765625,6212.39990234375,6180.2001953125,6197.25,0.0023186456061157212,0.0023159616952837573,6.10009765625,32.19970703125,0.005190696401838692,6170.332495117187,86.15603440759823,0.383230295661693,0.0,0.0,0.0
2013-11-20,6122.89990234375,6204.35009765625,6106.9501953125,6186.85009765625,-0.01296883039744856,-0.013053659902868716,-63.9501953125,97.39990234375,0.01590747911891665,6166.22998046875,86.37410558409873,-0.5016558820723345,0.0,0.0,0.0
2013-11-21,5999.0498046875,6097.35009765625,5985.39990234375,6096.5,-0.020227359524339406,-0.020434733748201976,-97.4501953125,111.9501953125,0.018661321202071878,6156.04248046875,93.55139094284196,-1.6781436833704526,0.0,0.0,0.0
2013-11-22,5995.4501953125,6049.60009765625,5972.7998046875,6027.35009765625,-0.0006000299201028847,-0.0006002100100985879,-31.89990234375,76.80029296875,0.012809762481021987,6146.897485351563,99.9750036529459,-1.5148515579434065,0.0,0.0,0.0
2013-11-25,6115.35009765625,6123.5,6035.9501953125,6035.9501953125,0.019998481921756683,0.019801138983068924,79.39990234375,87.5498046875,0.014316401070979414,6144.447485351562,100.12508486016912,-0.2906103673814453,0.0,0.0,0.0
2013-11-26,6059.10009765625,6112.7001953125,6047.75,6099.25,-0.009198165125747781,-0.00924072945680619,-40.14990234375,64.9501953125,0.010719445836127332,6140.157495117188,101.92657608296287,-0.7952528239049392,0.0,0.0,0.0
2013-11-27,6057.10009765625,6074.0,6030.2998046875,6062.7001953125,-0.00033008202006323817,-0.0003301365091241254,-5.60009765625,43.7001953125,0.007214705817625412,6137.957495117187,103.27983506868661,-0.7828962682518097,0.0,0.0,0.0
2013-11-28,6091.85009765625,6112.9501953125,6068.2998046875,6092.0,0.00573706880185898,0.005720674496259994,-0.14990234375,44.650390625,0.007329528781770021,6131.5050048828125,101.84650961233086,-0.38935951145999176,0.0,0.0,0.0
2013-11-29,6176.10009765625,6182.5,6103.7998046875,6103.89990234375,0.01382995291240241,0.01373519180845845,72.2001953125,78.7001953125,0.012742700744498249,6127.725,98.49862105442435,0.4911246181763347,0.0,0.0,0.0
2013-12-02,6217.85009765625,6228.7001953125,6171.14990234375,6171.14990234375,0.006759929298400413,0.006737183425796762,46.7001953125,57.55029296875,0.009255657834279882,6123.660009765625,92.54960030472195,1.0177254961718047,0.0,0.0,0.0
2013-12-03,6201.85009765625,6225.39990234375,6191.39990234375,6204.25,-0.0025732366893230774,-0.002576553153439162,-2.39990234375,34.0,0.005482235053189852,6118.392504882812,84.17241071773472,0.9915076931003661,0.0,0.0,0.0
2013-12-04,6160.9501953125,6209.14990234375,6149.89990234375,6187.9501953125,-0.006594790538263173,-0.006616632250020927,-27.0,59.25,0.009617023043796035,6113.78251953125,78.75393435120932,0.5989246908084902,0.0,0.0,0.0
2013-12-05,6241.10009765625,6300.5498046875,6232.0,6262.4501953125,0.013009341059879276,0.012925446408512491,-21.35009765625,68.5498046875,0.010983609237935926,6115.080029296875,80.70159788074987,1.5615560493063665,0.0,0.0,0.0
2013-12-06,6259.89990234375,6275.35009765625,6230.75,6234.39990234375,0.0030122581585512176,0.003007730399185639,25.5,44.60009765625,0.007124730163744537,6118.7125244140625,85.60699696320756,1.649250446086404,0.0,0.0,0.0
2013-12-09,6363.89990234375,6415.25,6345.0,6415.0,0.01661368418384157,0.016477186675700303,-51.10009765625,70.25,0.011038828560789861,6129.87001953125,101.66612194416396,2.301945607220379,0.0,0.0,0.0
2013-12-10,6332.85009765625,6362.25,6307.5498046875,6354.7001953125,-0.004879052965001018,-0.004890994401687254,-21.85009765625,54.7001953125,0.008637531990966313,6142.572534179688,110.44161934222247,1.7228791519884743,0.0,0.0,0.0
2013-12-11,6307.89990234375,6326.60009765625,6280.25,6307.2001953125,-0.003939805131615848,-0.003947586608913919,0.69970703125,46.35009765625,0.007347944383047083,6157.0650390625,112.24415327031244,1.3438104247443667,0.0,0.0,0.0
2013-12-12,6237.0498046875,6286.85009765625,6230.5498046875,6276.75,-0.011231962896228742,-0.011295517736679127,-39.7001953125,56.30029296875,0.009026750584296618,6169.437524414063,106.2934709042085,0.6360906243655287,0.0,0.0,0.0
2013-12-13,6168.39990234375,6208.60009765625,6161.39990234375,6201.2998046875,-0.011006790789477972,-0.01106781370198504,-32.89990234375,47.2001953125,0.007651935033356994,6175.050024414062,102.90637681653502,-0.06462303188623772,0.0,0.0,0.0
2013-12-16,6154.7001953125,6183.25,6146.0498046875,6168.35009765625,-0.0022209498813532402,-0.0022234198483338887,-13.64990234375,37.2001953125,0.006044192914682043,6173.335034179688,102.94746112668133,-0.18101309797486606,0.0,0.0,0.0
2013-12-17,6139.0498046875,6190.5498046875,6133.0,6178.2001953125,-0.0025428355774208544,-0.0025460740749505,-39.150390625,57.5498046875,0.009374383091591403,6170.12001953125,102.9648028360326,-0.3017556872636221,0.0,0.0,0.0
2013-12-18,6217.14990234375,6236.0,6129.9501953125,6129.9501953125,0.012721854381539055,0.012641611434832655,87.19970703125,106.0498046875,0.017057623887679015,6174.83251953125,102.84663572609729,0.41146103140602763,0.0,0.0,0.0
2013-12-19,6166.64990234375,6263.75,6150.7001953125,6253.89990234375,-0.00812269300133206,-0.008155861807590793,-87.25,113.0498046875,0.018332450597614326,6183.2125244140625,94.23768434762047,-0.17575370389213846,0.0,0.0,0.0
2013-12-20,6274.25,6284.5,6170.35009765625,6179.9501953125,0.017448711919798576,0.017298231088561187,94.2998046875,114.14990234375,0.018193394006255727,6197.152514648437,85.18733073877783,0.9050346416884195,0.0,0.0,0.0
2013-12-23,6284.5,6317.5,6266.9501953125,6267.2001953125,0.001633661393792174,0.0016323284205711835,17.2998046875,50.5498046875,0.008043568253242104,6205.610009765625,85.03501085401086,0.9277354050064617,0.0,0.0,0.0
2013-12-24,6268.39990234375,6301.5,6262.0,6296.4501953125,-0.0025618740800780193,-0.002565161294966418,-28.05029296875,39.5,0.006301448633682574,6216.075,78.69835957611473,0.6648791998407931,0.0,0.0,0.0
2013-12-26,6278.89990234375,6302.75,6259.4501953125,6270.10009765625,0.001675068624143572,0.001673667261396705,8.7998046875,43.2998046875,0.006896081377461887,6227.164990234375,70.2961387390531,0.7359566689917412,0.0,0.0,0.0
2013-12-27,6313.7998046875,6324.89990234375,6289.39990234375,6292.7998046875,0.0055582829614344575,0.0055428927092751245,21.0,35.5,0.005622604627667168,6238.262475585938,65.1402465172037,1.1596107343808184,0.0,0.0,0.0
2013-12-30,6291.10009765625,6344.0498046875,6273.14990234375,6336.39990234375,-0.0035952528957914343,-0.003601731349932257,-45.2998046875,70.89990234375,0.01126987351070185,6244.012475585938,64.4360906089337,0.7307647255648949,0.0,0.0,0.0
2013-12-31,6304.0,6317.2998046875,6287.2998046875,6307.35009765625,0.00205050025329534,0.0020484008470497933,-3.35009765625,30.0,0.004758883248730965,6248.319970703125,65.4663949426654,0.8505131425922944,0.0,0.0,0.0
2014-01-02,6221.14990234375,6358.2998046875,6211.2998046875,6301.25,-0.013142464729735126,-0.013229591131722482,-80.10009765625,147.0,0.023629072166324004,6249.2849609375,64.88502700510203,-0.433614038436595,0.0,0.0,0.0
2014-01-03,6211.14990234375,6221.7001953125,6171.25,6194.5498046875,-0.001607419875260141,-0.001608713160675422,16.60009765625,50.4501953125,0.008122520967246796,6251.794946289063,62.2036211529385,-0.6534192574638042,0.0,0.0,0.0
2014-01-06,6191.4501953125,6224.7001953125,6170.25,6220.85009765625,-0.0031716682644893357,-0.0031767086647526764,-29.39990234375,54.4501953125,0.008794417074326759,6249.312451171875,63.627357881750505,-0.909392716996208,0.0,0.0,0.0
2014-01-07,6162.25,6221.5,6144.75,6203.89990234375,-0.00471621258208732,-0.004727369003838941,-41.64990234375,76.75,0.01245486632317741,6244.429956054688,66.45591093253414,-1.2366086763616366,0.0,0.0,0.0
2014-01-08,6174.60009765625,6192.10009765625,6160.35009765625,6178.0498046875,0.0020041539464075164,0.0020021483091771735,-3.44970703125,31.75,0.005142033410722687,6234.9649658203125,61.86691748996051,-0.9757212838971369,0.0,0.0,0.0
2014-01-09,6168.35009765625,6188.0498046875,6148.25,6181.7001953125,-0.0010122113013233403,-0.0010127239331396106,-13.35009765625,39.7998046875,0.006452260986713852,6226.739965820312,59.03871309771754,-0.9890098394830952,0.0,0.0,0.0
2014-01-10,6171.4501953125,6239.10009765625,6139.60009765625,6178.85009765625,0.0005025813397698808,0.0005024550880677336,-7.39990234375,99.5,0.016122628693588877,6219.91748046875,57.0156583014143,-0.8500697282144289,0.0,0.0,0.0
2014-01-13,6272.75,6288.2001953125,6189.5498046875,6189.5498046875,0.01641426269054902,0.01628100492203701,83.2001953125,98.650390625,0.015726816886533018,6221.702490234375,58.12824022839287,0.8781877718137266,0.0,0.0,0.0
2014-01-14,6241.85009765625,6280.35009765625,6234.14990234375,6260.25,-0.004926053540113995,-0.004938226534857065,-18.39990234375,46.2001953125,0.007401682928887974,6225.375,56.89046149740267,0.28959332061319576,0.0,0.0,0.0
2014-01-15,6320.89990234375,6325.2001953125,6265.2998046875,6265.9501953125,0.012664483037998941,0.012584959187806487,54.94970703125,59.900390625,0.009476560545245987,6233.684985351562,58.148145373721526,1.49987444021907,0.0,0.0,0.0
2014-01-16,6318.89990234375,6346.5,6299.85009765625,6341.35009765625,-0.0003164106426141178,-0.0003164607110232277,-22.4501953125,46.64990234375,0.0073825987220413215,6242.677490234375,56.629632923048,1.3459810381068678,0.0,0.0,0.0
2014-01-17,6261.64990234375,6327.10009765625,6246.35009765625,6306.25,-0.00906012136365153,-0.009101413862469748,-44.60009765625,80.75,0.012895962128092643,6244.902490234375,56.44777435019435,0.2966886170830396,0.0,0.0,0.0
2014-01-20,6303.9501953125,6307.4501953125,6243.35009765625,6261.75,0.006755454812783057,0.006732738974413205,42.2001953125,64.10009765625,0.010168243033378283,6251.767504882812,54.75364385551147,0.9530450716191924,0.0,0.0,0.0
2014-01-21,6313.7998046875,6330.2998046875,6297.89990234375,6320.14990234375,0.0015624503794975375,0.00156123102385989,-6.35009765625,32.39990234375,0.005131601150815016,6253.7449951171875,56.30069788923865,1.0666796651163966,0.0,0.0,0.0
2014-01-22,6338.9501953125,6349.9501953125,6287.4501953125,6309.0498046875,0.003983400076500443,0.0039754873445066955,29.900390625,62.5,0.009859676772065071,6256.467504882812,59.11247873423149,1.3953515771268596,0.0,0.0,0.0
2014-01-23,6345.64990234375,6355.60009765625,6316.39990234375,6325.9501953125,0.0010569111327305425,0.0010563529953923905,19.69970703125,39.2001953125,0.0061774910238936295,6260.330004882812,62.3673993292168,1.3680207669164184,0.0,0.0,0.0
2014-01-24,6266.75,6331.4501953125,6263.89990234375,6301.64990234375,-0.012433699236166218,-0.012511644446641086,-34.89990234375,67.55029296875,0.01077915872960466,6259.722509765625,62.23603276912677,0.11291674487743808,0.0,0.0,0.0
2014-01-27,6135.85009765625,6188.5498046875,6130.25,6186.2998046875,-0.020888004522878645,-0.02110924516297498,-50.44970703125,58.2998046875,0.009501504071908333,6250.825024414063,66.66091234790923,-1.7247727747521413,0.0,0.0,0.0
2014-01-28,6126.25,6163.60009765625,6085.9501953125,6131.85009765625,-0.0015645912959830754,-0.0015658165471230908,-5.60009765625,77.64990234375,0.012674948352377065,6242.58251953125,71.43931724282267,-1.6284102931140154,0.0,0.0,0.0
2014-01-29,6120.25,6170.4501953125,6109.7998046875,6161.0,-0.0009793919608243051,-0.0009798718785080376,-40.75,60.650390625,0.00990978973489645,6233.39501953125,74.85877237101916,-1.5114463669063987,0.0,0.0,0.0
2014-01-30,6073.7001953125,6082.85009765625,6027.25,6067.0,-0.00760586653935702,-0.007634938648466337,6.7001953125,55.60009765625,0.00915423808688491,6226.022534179688,82.9515722382535,-1.83628031099504,0.0,0.0,0.0
2014-01-31,6089.5,6097.85009765625,6067.35009765625,6082.75,0.0026013474783779245,0.002597969830382306,6.75,30.5,0.005008621397487478,6219.9400390625,88.38181988076062,-1.4758695763278173,0.0,0.0,0.0
2014-02-03,6001.7998046875,6074.85009765625,5994.4501953125,6058.7998046875,-0.014401871305115388,-0.014506584850296355,-57.0,80.39990234375,0.013395965370413791,6210.45751953125,100.88834441738507,-2.068204370373176,1.0,0.0,0.0
2014-02-04,6000.89990234375,6017.7998046875,5933.2998046875,5947.60009765625,-0.0001499387472150282,-0.00014994998915273514,53.2998046875,84.5,0.014081221379312982,6202.3900146484375,110.90048645605403,-1.8168550810147346,1.0,1.0,1.0
2014-02-05,6022.39990234375,6028.0498046875,5962.0498046875,6004.25,0.003582795972251196,0.0035763930477856866,18.14990234375,66.0,0.01095908625634685,6194.780004882812,117.90838461680882,-1.4619834127935964,1.0,1.0,1.0
2014-02-06,6036.2998046875,6048.35009765625,5965.39990234375,6028.35009765625,0.0023080337687870767,0.0023053743500808565,7.94970703125,82.9501953125,0.013741894537459002,6188.177490234375,123.05132133430409,-1.2342629392353768,1.0,1.0,1.0
2014-02-07,6063.2001953125,6079.9501953125,6030.89990234375,6077.64990234375,0.00445643713788213,0.004446536625011425,-14.44970703125,49.05029296875,0.008089835629486735,6182.764990234375,126.1670873517859,-0.9476702476969894,1.0,1.0,1.0
2014-02-10,6053.4501953125,6083.0498046875,6046.39990234375,6072.7998046875,-0.0016080616977710571,-0.0016093560167322405,-19.349609375,36.64990234375,0.0060543824036299035,6171.8,127.45792673667013,-0.9285401678627061,1.0,1.0,1.0
2014-02-11,6062.7001953125,6081.85009765625,6053.25,6072.4501953125,0.0015280542007536368,0.0015268879138819519,-9.75,28.60009765625,0.0047173861043570565,6162.842504882812,128.56617290593724,-0.7789164700700796,1.0,1.0,1.0
2014-02-12,6084.0,6106.60009765625,6077.39990234375,6085.35009765625,0.0035132538310187478,0.003507096771439477,-1.35009765625,29.2001953125,0.004799506132889546,6150.997509765625,124.07210912577658,-0.5399884811961025,1.0,1.0,1.0
2014-02-13,6001.10009765625,6094.39990234375,5991.10009765625,6087.5498046875,-0.013625887959196281,-0.013719572366101803,-86.44970703125,103.2998046875,0.017213478030110526,6135.10751953125,121.76596662323176,-1.1005326495673902,1.0,1.0,1.0
2014-02-14,6048.35009765625,6056.39990234375,5984.60009765625,6023.75,0.007873556386512215,0.007842721688164616,24.60009765625,71.7998046875,0.011870973658638343,6124.442529296875,119.41768739544617,-0.6371956558549722,1.0,1.0,1.0
2014-02-18,6127.10009765625,6141.7001953125,6066.7998046875,6071.2998046875,0.013020079646268501,0.012936047030872241,55.80029296875,74.900390625,0.012224443771312148,6115.600024414062,111.72601823299915,0.10293102201319697,0.0,1.0,1.0
2014-02-19,6152.75,6160.35009765625,6125.75,6132.0498046875,0.004186303787261814,0.004177565596221632,20.7001953125,34.60009765625,0.00562351755820568,6107.547534179687,102.07620364473588,0.44283059328533125,0.0,0.0,0.0
2014-02-20,6091.4501953125,6129.10009765625,6086.4501953125,6127.14990234375,-0.009962992919832603,-0.010012955663091487,-35.69970703125,42.64990234375,0.007001600764391048,6095.172534179687,86.3349035653618,-0.043115110036223495,0.0,0.0,0.0
2014-02-21,6155.4501953125,6159.64990234375,6108.0,6108.2998046875,0.01050652930713425,0.010451719302448996,47.150390625,51.64990234375,0.008390921980504765,6085.662548828125,65.17437498566636,1.0707835172906996,0.0,0.0,0.0
2014-02-24,6186.10009765625,6191.85009765625,6130.7998046875,6140.9501953125,0.00497931123983264,0.004966955468135648,45.14990234375,61.05029296875,0.009868946833220553,6081.630053710937,55.09613600261056,1.896141027754881,0.0,0.0,0.0
2014-02-25,6200.0498046875,6216.85009765625,6176.60009765625,6205.7001953125,0.0022550082945691496,0.002252469579198007,-5.650390625,40.25,0.006491883334480523,6084.8400390625,60.06726229062322,1.9180125950735165,0.0,0.0,0.0
2014-02-26,6238.7998046875,6245.9501953125,6202.10009765625,6202.4501953125,0.006249949794065124,0.006230499856538058,36.349609375,43.85009765625,0.007028611115763546,6090.467529296875,68.78987671178176,2.1563096560284993,0.0,0.0,0.0
2014-02-28,6276.9501953125,6282.7001953125,6228.10009765625,6228.4501953125,0.006115020808383109,0.00609639994140803,48.5,54.60009765625,0.008698507389308944,6098.3025390625,80.31842458384504,2.2242425343329346,0.0,0.0,0.0
2014-03-03,6221.4501953125,6277.75,6212.25,6264.35009765625,-0.008841873564879643,-0.008881194883291635,-42.89990234375,65.5,0.010528091995231342,6105.6900390625,84.61631795527668,1.368059483646931,0.0,0.0,0.0
2014-03-04,6297.9501953125,6302.14990234375,6215.7001953125,6216.75,0.01229616851351456,0.012221184683582093,81.2001953125,86.44970703125,0.013726641899390319,6116.112548828125,94.74835928089252,1.9191640664224716,0.0,0.0,0.0
2014-03-05,6328.64990234375,6336.25,6287.7998046875,6328.4501953125,0.004874555383765911,0.0048627132066446956,0.19970703125,48.4501953125,0.00765569213973378,6132.455053710937,101.91093996115946,1.925159837673827,0.0,0.0,0.0
2014-03-06,6401.14990234375,6406.60009765625,6339.7001953125,6344.75,0.011455839889823904,0.011390718629937804,56.39990234375,66.89990234375,0.010451231944943974,6152.467553710938,113.37202725102668,2.1935071169026847,0.0,0.0,0.0
2014-03-07,6526.64990234375,6537.7998046875,6413.5498046875,6413.9501953125,0.019605852372563293,0.01941613337444026,112.69970703125,124.25,0.019037331840854717,6177.6800537109375,136.61173326897892,2.5544646882249515,0.0,0.0,0.0
2014-03-10,6537.25,6562.2001953125,6487.35009765625,6491.7001953125,0.001624125365211171,0.0016228078999031938,45.5498046875,74.85009765625,0.011449783572029523,6202.727563476563,154.12694088410404,2.1704345431405256,0.0,0.0,0.0
2014-03-11,6511.89990234375,6562.85009765625,6494.25,6537.35009765625,-0.003877792291292259,-0.0038853304216658053,-25.4501953125,68.60009765625,0.010534574960459633,6225.162548828125,165.0199735149902,1.7375918042404606,0.0,0.0,0.0
2014-03-12,6516.89990234375,6546.14990234375,6487.2998046875,6497.5,0.000767825070253414,0.0007675304433891083,19.39990234375,58.85009765625,0.009030382319526657,6248.335034179688,172.02914548932108,1.5611591128942381,0.0,0.0,0.0
2014-03-13,6493.10009765625,6561.4501953125,6476.64990234375,6491.75,-0.0036520132339212807,-0.0036586981147299726,1.35009765625,84.80029296875,0.013060062480687695,6269.855029296875,174.4878144076632,1.2794307104896068,0.0,0.0,0.0
2014-03-14,6504.2001953125,6518.4501953125,6432.7001953125,6447.25,0.0017095220294318647,0.00170806245985478,56.9501953125,85.75,0.013183788540487885,6290.8650390625,176.2207205797704,1.2106133464221598,0.0,0.0,0.0
2014-03-18,6516.64990234375,6574.9501953125,6497.64990234375,6532.4501953125,0.0019141026809448292,0.0019122731206803513,-15.80029296875,77.30029296875,0.011861968055234717,6316.642529296875,169.16927182006935,1.182291387171101,0.0,0.0,0.0
2014-03-19,6524.0498046875,6541.2001953125,6506.0,6530.0,0.0011355378077144707,0.0011348935723144095,-5.9501953125,35.2001953125,0.0053954516544629716,6340.427514648438,162.78320204304697,1.1280174350576075,0.0,0.0,0.0
2014-03-20,6483.10009765625,6523.64990234375,6473.25,6508.35009765625,-0.00627673121100758,-0.006296512707220438,-25.25,50.39990234375,0.0077740435261782264,6358.227514648437,157.61029982071292,0.7922869453954448,0.0,0.0,0.0
2014-03-21,6493.2001953125,6522.89990234375,6485.7001953125,6515.2001953125,0.0015579117249633345,0.001556699439417862,-22.0,37.19970703125,0.005729025120479853,6375.250024414063,152.55377383368017,0.7731711116306492,0.0,0.0,0.0
2014-03-24,6583.5,6591.5,6510.5,6510.5,0.013906825905766418,0.013811013280164102,73.0,81.0,0.012303485987696514,6399.852514648437,143.80185254751987,1.2770870618017653,0.0,0.0,0.0
2014-03-25,6589.75,6595.5498046875,6544.85009765625,6550.10009765625,0.0009493430546061443,0.0009488927134847534,39.64990234375,50.69970703125,0.007693722376607611,6421.5675048828125,137.61086025730546,1.222160044655771,0.0,0.0,0.0
2014-03-26,6601.39990234375,6627.4501953125,6580.60009765625,6615.64990234375,0.0017678822935240923,0.0017663214289679917,-14.25,46.85009765625,0.007096994326857311,6442.332495117187,131.40322099637757,1.21052898110426,0.0,0.0,0.0
2014-03-27,6641.75,6673.9501953125,6599.5,6613.10009765625,0.0061123546903929515,0.006093750024184339,28.64990234375,74.4501953125,0.011209424521022322,6464.417504882813,125.52643028904929,1.412710412531004,0.0,0.0,0.0
2014-03-28,6695.89990234375,6702.60009765625,6643.7998046875,6673.0498046875,0.00815295702845642,0.00811990122114581,22.85009765625,58.80029296875,0.00878153703405397,6487.272509765625,123.88758445293838,1.6840056531845384,0.0,0.0,0.0
2014-03-31,6704.2001953125,6730.0498046875,6662.39990234375,6723.14990234375,0.001239608281157878,0.0012388406011620149,-18.94970703125,67.64990234375,0.010090674558174745,6508.635009765625,122.54098234444741,1.5959165807661444,0.0,0.0,0.0
2014-04-01,6721.0498046875,6732.25,6675.4501953125,6729.5,0.0025132915014651758,0.0025101384662722147,-8.4501953125,56.7998046875,0.008451031659947794,6533.614990234375,111.32562330714127,1.683662834170734,0.0,0.0,0.0
2014-04-02,6752.5498046875,6763.5,6723.60009765625,6757.60009765625,0.004686767828744776,0.004675819128421151,-5.05029296875,39.89990234375,0.00590886457676361,6556.344970703125,107.00123237401675,1.8336689179293946,0.0,0.0,0.0
2014-04-03,6736.10009765625,6776.75,6696.89990234375,6772.0498046875,-0.0024360734103480164,-0.0024390454649215365,-35.94970703125,79.85009765625,0.011854054497205726,6576.71748046875,99.92157168956743,1.5950771639447758,0.0,0.0,0.0
2014-04-04,6694.35009765625,6741.85009765625,6685.14990234375,6741.85009765625,-0.0061979482778954376,-0.006217235293906131,-47.5,56.7001953125,0.008469858087098138,6591.377490234375,94.14916208378399,1.0937177256048136,0.0,0.0,0.0
2014-04-07,6695.0498046875,6725.14990234375,6650.39990234375,6694.25,0.00010452202544564138,0.0001045165633993392,0.7998046875,74.75,0.011164965486539656,6599.7974853515625,95.57515408662357,0.9966221895871236,0.0,0.0,0.0
2014-04-09,6796.2001953125,6808.7001953125,6705.10009765625,6722.0,0.015108235722784302,0.014995242988600424,74.2001953125,103.60009765625,0.015243826650030915,6612.7449951171875,103.83860651803379,1.7667340341614812,0.0,0.0,0.0
2014-04-10,6796.39990234375,6819.0498046875,6777.2998046875,6803.0498046875,2.9385101308232464e-05,2.9384669574600685e-05,-6.64990234375,41.75,0.006142958124874677,6626.969995117188,108.67117169178671,1.5591062890818865,0.0,0.0,0.0
2014-04-11,6776.2998046875,6789.35009765625,6743.14990234375,6758.35009765625,-0.002957462472053529,-0.0029618444059262942,17.94970703125,46.2001953125,0.006817908983386634,6639.939990234375,110.31023210086968,1.2361483776811863,0.0,0.0,0.0
2014-04-15,6733.10009765625,6813.39990234375,6711.75,6792.7001953125,-0.006375117435236111,-0.006395525277556329,-59.60009765625,101.64990234375,0.015097043095963136,6651.939990234375,106.48336919303628,0.7621857576157801,0.0,0.0,0.0
2014-04-16,6675.2998046875,6748.64990234375,6665.14990234375,6727.25,-0.008584499284196023,-0.008621558339553982,-51.9501953125,83.5,0.012508801468567,6660.494970703125,100.70549310544953,0.1470111860618477,0.0,0.0,0.0
2014-04-17,6779.39990234375,6783.0498046875,6684.39990234375,6695.4501953125,0.0155948198136584,0.015474470218657372,83.94970703125,98.64990234375,0.014551421035015962,6673.632470703125,98.05622217643506,1.0786406950322296,0.0,0.0,0.0
2014-04-21,6817.64990234375,6825.4501953125,6786.89990234375,6789.25,0.005642092301823887,0.005626235315480606,28.39990234375,38.55029296875,0.0056544840994984654,6688.312475585937,96.44781169098314,1.3410094484279995,0.0,0.0,0.0
2014-04-22,6815.35009765625,6838.0,6806.25,6822.89990234375,-0.0003373310041498989,-0.0003373879130515304,-7.5498046875,31.75,0.004658601472420118,6704.924975585937,87.43369260860126,1.2629584634453566,0.0,0.0,0.0
2014-04-23,6840.7998046875,6861.60009765625,6820.75,6823.25,0.0037341745716044095,0.00372721984979212,17.5498046875,40.85009765625,0.005971538244440133,6722.304956054688,77.06513773903598,1.5375934191419822,0.0,0.0,0.0
2014-04-25,6782.75,6869.85009765625,6772.85009765625,6855.7998046875,-0.008485821299392904,-0.008522030871778505,-73.0498046875,97.0,0.014300984114113006,6732.2674560546875,70.80121654738468,0.7130180300154357,0.0,0.0,0.0
2014-04-28,6761.25,6786.25,6750.2998046875,6778.5498046875,-0.003169805757251898,-0.003174840233210194,-17.2998046875,35.9501953125,0.005317093039378813,6740.842456054687,62.53486736905765,0.3263386460048745,0.0,0.0,0.0
2014-04-29,6715.25,6779.7001953125,6708.64990234375,6769.0,-0.006803475688667016,-0.006826724839414866,-53.75,71.05029296875,0.010580438996128216,6746.5349609375,53.736314725418055,-0.5821940171625052,0.0,0.0,0.0
2014-04-30,6696.39990234375,6780.14990234375,6656.7998046875,6724.9501953125,-0.0028070582117195597,-0.0028110053879877397,-28.55029296875,123.35009765625,0.01842036011216673,6749.2674560546875,49.336942684346404,-1.0715612041301312,0.0,0.0,0.0
2014-05-02,6694.7998046875,6737.64990234375,6689.5,6709.9501953125,-0.00023894893966680542,-0.0002389774925132282,-15.150390625,48.14990234375,0.007192134753609342,6749.212451171875,49.40014548292884,-1.1014673327870692,0.0,0.0,0.0
2014-05-05,6699.35009765625,6741.0498046875,6680.4501953125,6681.64990234375,0.0006796757336289261,0.0006794448586849589,17.7001953125,60.599609375,0.009045595243067027,6748.969946289062,49.6440424417248,-0.9995126543342826,0.0,0.0,0.0
2014-05-06,6715.2998046875,6743.4501953125,6701.89990234375,6719.25,0.0023807842251488687,0.002377954648569805,-3.9501953125,41.55029296875,0.006187406992573367,6748.682446289063,49.83054392669622,-0.669923283411688,0.0,0.0,0.0
2014-05-07,6652.5498046875,6718.75,6642.89990234375,6708.60009765625,-0.009344333361884782,-0.009388265536980073,-56.05029296875,75.85009765625,0.0114016579932712,6743.682446289063,54.24365467275725,-1.6800608688951808,0.0,0.0,0.0
2014-05-08,6659.85009765625,6688.39990234375,6638.5498046875,6669.89990234375,0.0010973676534682397,0.0010967659857117281,-10.0498046875,49.85009765625,0.007485168123197452,6739.869946289063,57.39281768488239,-1.3942484767373668,0.0,0.0,0.0
2014-05-09,6858.7998046875,6871.35009765625,6652.14990234375,6654.14990234375,0.029873000760372248,0.029435494406797515,204.64990234375,219.2001953125,0.03195897264164094,6748.092431640625,62.1140056273348,1.782325450254896,0.0,0.0,0.0
2014-05-12,7014.25,7020.0498046875,6862.89990234375,6863.39990234375,0.022664343578924884,0.02241132323613701,150.85009765625,157.14990234375,0.02240437713850376,6764.05244140625,84.67794620389697,2.9546956416644345,0.0,0.0,0.0
2014-05-13,7108.75,7172.35009765625,7067.14990234375,7080.0,0.013472573689275347,0.013382625556367727,28.75,105.2001953125,0.014798691093722526,6779.679931640625,114.5093185570637,2.8737405174181414,0.0,0.0,0.0
2014-05-14,7108.75,7142.25,7080.89990234375,7112.0,0.0,0.0,-3.25,61.35009765625,0.008630222986636188,6795.297436523438,136.1625808374714,2.3020462857612154,0.0,0.0,0.0
2014-05-15,7123.14990234375,7152.5498046875,7082.5498046875,7111.2998046875,0.0020256588491296412,0.0020236099686651147,11.85009765625,70.0,0.009827113139506962,6812.63994140625,154.4729238415482,2.0101254848779075,0.0,0.0,0.0
2014-05-16,7203.0,7563.5,7130.64990234375,7270.2001953125,0.011209942055266486,0.011147576299688492,-67.2001953125,432.85009765625,0.06009303035627516,6836.134936523437,175.97695610107445,2.0847335446912116,0.0,0.0,0.0
2014-05-19,7263.5498046875,7291.10009765625,7193.5498046875,7276.85009765625,0.008406192515271416,0.008371057244219524,-13.30029296875,97.55029296875,0.013430112767423492,6865.547436523438,195.73122270138632,2.033412772224221,0.0,0.0,0.0
2014-05-20,7275.5,7353.64990234375,7247.7001953125,7309.9501953125,0.0016452279716989704,0.0016438760667509807,-34.4501953125,105.94970703125,0.014562532751185485,6890.35244140625,214.75046235774684,1.7934655616812736,0.0,0.0,0.0
2014-05-21,7252.89990234375,7287.14990234375,7206.7001953125,7274.85009765625,-0.0031063291397498416,-0.003111163794727852,-21.9501953125,80.44970703125,0.011092074634209822,6912.11494140625,228.6021981171143,1.4907335263806762,0.0,0.0,0.0
2014-05-22,7276.39990234375,7319.5498046875,7258.14990234375,7289.9501953125,0.0032400833206598367,0.003234845561498608,-13.55029296875,61.39990234375,0.008438225381754089,6935.167431640625,241.22844450794264,1.414561501646998,0.0,0.0,0.0
2014-05-23,7367.10009765625,7381.0,7293.89990234375,7306.5,0.012464982206830788,0.012387933925730808,60.60009765625,87.10009765625,0.011822847049948432,6961.482446289063,258.4817071192512,1.5692315556398517,0.0,0.0,0.0
2014-05-26,7359.0498046875,7504.0,7269.0498046875,7428.75,-0.0010927356574551572,-0.0010933331283551897,-69.7001953125,234.9501953125,0.03192670270594494,6990.297436523438,269.4000653746712,1.3687909379354297,0.0,0.0,0.0
2014-05-27,7318.0,7372.9501953125,7274.75,7363.10009765625,-0.005578139267565785,-0.0055937551853276766,-45.10009765625,98.2001953125,0.01341899362018311,7018.134936523437,273.2243364998441,1.0975049562495094,0.0,0.0,0.0
2014-05-28,7329.64990234375,7344.75,7302.60009765625,7324.9501953125,0.0015919516731006667,0.0015906858612653664,4.69970703125,42.14990234375,0.005750602403297875,7048.854931640625,271.91399087298953,1.0326609888723364,0.0,0.0,0.0
2014-05-29,7235.64990234375,7325.39990234375,7224.39990234375,7316.60009765625,-0.012824623447559524,-0.012907568856390952,-80.9501953125,101.0,0.01395866319724568,7075.817431640625,261.6682748800544,0.6108209746725715,0.0,0.0,0.0
2014-05-30,7229.9501953125,7272.5,7118.4501953125,7254.85009765625,-0.0007877256512097697,-0.0007880360700878707,-24.89990234375,154.0498046875,0.02130717370465116,7102.574951171875,247.6413594457036,0.5143536783424602,0.0,0.0,0.0
2014-06-02,7362.5,7368.60009765625,7239.5,7264.0498046875,0.01833343261111775,0.018167401445903533,98.4501953125,129.10009765625,0.017534818017826824,7135.732446289063,234.8774567526078,0.9654717691778625,0.0,0.0,0.0
2014-06-03,7415.85009765625,7424.9501953125,7342.14990234375,7375.35009765625,0.007246193230050935,0.007220065712657715,40.5,82.80029296875,0.011165313737250259,7170.7599609375,220.68609892969846,1.1105825781841632,0.0,0.0,0.0
2014-06-04,7402.25,7433.2998046875,7391.35009765625,7417.5498046875,-0.0018339229457386974,-0.0018356066412509439,-15.2998046875,41.94970703125,0.005667156206727684,7208.244970703125,189.4990742870455,1.02377824285835,0.0,0.0,0.0
2014-06-05,7474.10009765625,7484.7001953125,7360.5,7399.75,0.009706521349083008,0.009659715706976952,74.35009765625,124.2001953125,0.016617411285600396,7248.957470703125,148.51545065386014,1.5159542388478962,0.0,0.0,0.0
2014-06-06,7583.39990234375,7592.7001953125,7497.64990234375,7521.5,0.014623807984826875,0.014517911265275567,61.89990234375,95.05029296875,0.012533994539754319,7285.187475585937,136.19962385569622,2.18952459864184,0.0,0.0,0.0
2014-06-09,7654.60009765625,7673.7001953125,7580.25,7621.64990234375,0.009388954325156185,0.009345152051744758,32.9501953125,93.4501953125,0.01220837066865366,7317.20498046875,144.18784723587362,2.3399691697703386,0.0,0.0,0.0
2014-06-10,7656.39990234375,7683.2001953125,7579.2998046875,7679.0498046875,0.0002351271999239124,0.00023509956185606317,-22.64990234375,103.900390625,0.013570397569384324,7344.587475585938,154.17288072784157,2.02248557129998,0.0,0.0,0.0
2014-06-11,7626.85009765625,7700.0498046875,7589.0498046875,7672.39990234375,-0.0038594907612459206,-0.003866957814588266,-45.5498046875,111.0,0.01455384576577827,7370.49248046875,155.97701471255922,1.6435602236645341,0.0,0.0,0.0
2014-06-12,7649.89990234375,7658.0,7593.7998046875,7641.2998046875,0.0030221919130917207,0.003017634271514681,8.60009765625,64.2001953125,0.008392292204088915,7396.82998046875,156.4851820081767,1.617213327340963,0.0,0.0,0.0
2014-06-13,7542.10009765625,7678.5,7525.35009765625,7668.2001953125,-0.014091662121549109,-0.01419189231300482,-126.10009765625,153.14990234375,0.0203060023548802,7413.784985351563,152.70345072138372,0.8402895396175799,0.0,0.0,0.0
2014-06-16,7533.5498046875,7548.60009765625,7487.5498046875,7534.7998046875,-0.0011336753501066665,-0.0011343184460937106,-1.25,61.05029296875,0.008103788327086322,7427.284985351563,150.64362543914712,0.7054053500515577,0.0,0.0,0.0
2014-06-17,7631.7001953125,7637.60009765625,7509.25,7525.0498046875,0.013028438540876097,0.012944298456771088,106.650390625,128.35009765625,0.016818021459370808,7445.094995117188,152.7949267468138,1.2212787699720102,0.0,0.0,0.0
2014-06-18,7558.2001953125,7663.0,7515.5,7636.0498046875,-0.009630881470572561,-0.00967755834425001,-77.849609375,147.5,0.01951522798926094,7460.360009765625,147.75030899111198,0.6621995325421639,0.0,0.0,0.0
2014-06-19,7540.7001953125,7606.4501953125,7502.5498046875,7580.0498046875,-0.0023153660326241665,-0.002318050637252134,-39.349609375,103.900390625,0.013778613117331896,7473.575024414063,142.143999332827,0.4722335885686263,0.0,0.0,0.0
2014-06-20,7511.4501953125,7560.5498046875,7497.2998046875,7543.2998046875,-0.003878950129615588,-0.0038864927679996926,-31.849609375,63.25,0.008420477851197228,7480.792529296875,140.10319230521335,0.21882203760809227,0.0,0.0,0.0
2014-06-23,7493.35009765625,7534.7998046875,7441.60009765625,7514.0,-0.002409667532315529,-0.002412575453478406,-20.64990234375,93.19970703125,0.012437655496758487,7487.507543945312,137.14835580136395,0.042600246111588885,0.0,0.0,0.0
2014-06-24,7580.2001953125,7593.35009765625,7515.2001953125,7515.2001953125,0.011590289593357506,0.011523636710027154,65.0,78.14990234375,0.01030974121133066,7500.6175537109375,132.5469989184265,0.6004107392166615,0.0,0.0,0.0
2014-06-25,7569.25,7589.25,7557.0498046875,7588.5498046875,-0.001444578643090666,-0.0014456230527611481,-19.2998046875,32.2001953125,0.004254080036000925,7512.59755859375,126.99264298067202,0.44610805851857105,0.0,0.0,0.0
2014-06-26,7493.2001953125,7570.2001953125,7481.2998046875,7554.10009765625,-0.010047204767645423,-0.010098018573784505,-60.89990234375,88.900390625,0.011864141929720918,7525.475073242187,109.24986854926355,-0.2954225790682171,0.0,0.0,0.0
2014-06-27,7508.7998046875,7538.75,7482.2998046875,7514.2001953125,0.0020818353932086087,0.0020796713768032227,-5.400390625,56.4501953125,0.007517871934374915,7539.417553710938,84.55157182272728,-0.362119217459748,0.0,0.0,0.0
2014-06-30,7611.35009765625,7623.64990234375,7531.60009765625,7534.0498046875,0.013657348129687996,0.013564927084193412,77.30029296875,92.0498046875,0.012093755182256659,7551.86005859375,74.9064501362899,0.7941911404726774,0.0,0.0,0.0
2014-07-01,7634.7001953125,7649.5,7618.14990234375,7629.0,0.003067799714460584,0.0030631036189189007,5.7001953125,31.35009765625,0.004106264405182291,7562.802563476563,69.80331755181227,1.0300030766097976,0.0,0.0,0.0
2014-07-02,7725.14990234375,7732.39990234375,7677.2998046875,7683.0498046875,0.011847185183091247,0.01177755667969897,42.10009765625,55.10009765625,0.007132560319578143,7578.94755859375,68.0339989058207,2.1489600214796685,0.0,0.0,0.0
2014-07-03,7714.7998046875,7754.64990234375,7706.7998046875,7734.35009765625,-0.0013397924683778983,-0.00134069079277555,-19.55029296875,47.85009765625,0.00620237710214805,7590.9825439453125,69.77780539558493,1.7744504866589257,0.0,0.0,0.0
2014-07-04,7751.60009765625,7758.0,7661.2998046875,7718.10009765625,0.0047700904625405105,0.004758749631257964,33.5,96.7001953125,0.01247486894244428,7599.392553710937,78.41718300284423,1.9409973441636157,0.0,0.0,0.0
2014-07-07,7787.14990234375,7792.0,7755.10009765625,7780.39990234375,0.004586124701950078,0.004575640474488179,6.75,36.89990234375,0.00473856324926325,7606.020043945313,88.3063786612287,2.0511526023879743,0.0,0.0,0.0
2014-07-08,7623.2001953125,7808.85009765625,7595.89990234375,7804.0498046875,-0.021053878387766067,-0.02127867207000753,-180.849609375,212.9501953125,0.027934488122644728,7604.36005859375,87.61886067519049,0.2150237582818108,0.0,0.0,0.0
2014-07-09,7585.0,7650.10009765625,7551.64990234375,7637.9501953125,-0.005011044487063243,-0.005023641872147828,-52.9501953125,98.4501953125,0.012979590680619645,7602.267553710937,87.55319244904746,-0.19722357606761373,0.0,0.0,0.0
2014-07-10,7567.75,7731.0498046875,7479.0498046875,7589.5,-0.0022742254449571453,-0.0022768154231857557,-21.75,252.0,0.03329919725149483,7598.16005859375,87.12690659622939,-0.3490317719493834,0.0,0.0,0.0
2014-07-11,7459.60009765625,7625.85009765625,7447.2001953125,7584.10009765625,-0.014290892582835002,-0.014393990810803546,-124.5,178.64990234375,0.023948991903718866,7594.03505859375,91.75100465883925,-1.4652151378328147,0.0,0.0,0.0
2014-07-14,7454.14990234375,7478.4501953125,7422.14990234375,7469.0,-0.000730628350199658,-0.0007308953891714673,-14.85009765625,56.30029296875,0.0075528790950458264,7590.0650634765625,96.11967979571735,-1.4140201197264939,0.0,0.0,0.0
2014-07-15,7526.64990234375,7534.89990234375,7459.14990234375,7491.2998046875,0.009726125842626887,0.009679131549908635,35.35009765625,75.75,0.010064238536777424,7584.812548828125,96.59385517463157,-0.6021360921895378,0.0,0.0,0.0
2014-07-16,7624.39990234375,7640.10009765625,7532.4501953125,7564.14990234375,0.012987185702574067,0.012903575337152367,60.25,107.64990234375,0.014119131173937805,7588.122534179687,96.76800945686547,0.3748900940267204,0.0,0.0,0.0
2014-07-17,7640.4501953125,7655.64990234375,7612.7001953125,7612.7001953125,0.002105122130833692,0.002102909465983186,27.75,42.94970703125,0.0056213581573504815,7593.110034179687,96.76578021769151,0.4892241970902599,0.0,0.0,0.0
2014-07-18,7663.89990234375,7685.0,7595.5,7630.25,0.0030691525279016307,0.0030644522939827193,33.64990234375,89.5,0.011678127473015323,7600.73251953125,95.99603574430307,0.65802074348939,0.0,0.0,0.0
2014-07-21,7684.2001953125,7722.10009765625,7674.0,7701.64990234375,0.002648820212610259,0.0026453182709969426,-17.44970703125,48.10009765625,0.006259610165491513,7610.2750244140625,94.22934481963718,0.7845238767173479,0.0,0.0,0.0
2014-07-22,7767.85009765625,7773.85009765625,7704.7998046875,7708.2001953125,0.010885960831002128,0.01082713528937421,59.64990234375,69.05029296875,0.00888924118007686,7619.65751953125,100.22842415070441,1.478548419579823,0.0,0.0,0.0
2014-07-23,7795.75,7809.2001953125,7752.89990234375,7794.89990234375,0.0035917148236637164,0.0035852800193615086,0.85009765625,56.30029296875,0.007221921299265625,7630.98251953125,106.81305220344018,1.5425781500460074,0.0,0.0,0.0
2014-07-24,7830.60009765625,7835.64990234375,7771.64990234375,7796.25,0.004470397031234974,0.004460434486412476,34.35009765625,64.0,0.008173064541906005,7647.852514648437,110.48762927266301,1.6540094507487861,0.0,0.0,0.0
2014-07-25,7790.4501953125,7840.9501953125,7748.60009765625,7828.2001953125,-0.005127308487604565,-0.005140498238365478,-37.75,92.35009765625,0.011854269694428814,7661.935034179687,109.77846195619932,1.1706773700663553,0.0,0.0,0.0
2014-07-28,7748.7001953125,7799.89990234375,7722.64990234375,7792.89990234375,-0.005359125461725012,-0.005373537086780802,-44.19970703125,77.25,0.009969413973034035,7668.8025390625,110.7393830949899,0.721492697692434,0.0,0.0,0.0
2014-07-30,7791.39990234375,7798.7001953125,7707.60009765625,7746.2001953125,0.005510563830702919,0.005495436222823544,45.19970703125,91.10009765625,0.011692391457001964,7676.637524414063,113.70331016845373,1.0093143089648362,0.0,0.0,0.0
2014-07-31,7721.2998046875,7791.85009765625,7711.14990234375,7784.64990234375,-0.00899711201258746,-0.009037830441044684,-63.35009765625,80.7001953125,0.010451633449527237,7676.44501953125,113.62008241370387,0.39477867119413235,0.0,0.0,0.0
2014-08-01,7602.60009765625,7716.7001953125,7593.89990234375,7662.5,-0.015373021386786312,-0.015492411451246685,-59.89990234375,122.80029296875,0.01615240725427702,7670.835034179688,114.39393700709648,-0.596490848279876,0.0,0.0,0.0
2014-08-04,7683.64990234375,7694.7998046875,7622.0498046875,7639.5498046875,0.01066080073217135,0.010604375070275692,44.10009765625,72.75,0.009468156530376144,7667.437524414063,112.86784250693282,0.14364036354014034,0.0,0.0,0.0
2014-08-05,7746.5498046875,7752.4501953125,7638.0498046875,7706.64990234375,0.008186200977814417,0.00815287578222499,39.89990234375,114.400390625,0.014767915202168505,7665.40751953125,110.9502327113196,0.731339476929026,0.0,0.0,0.0
2014-08-06,7672.0498046875,7740.9501953125,7658.9501953125,7726.14990234375,-0.009617184666510403,-0.009663728440738909,-54.10009765625,82.0,0.010688147507840643,7667.85,110.50898419128634,0.038004192312816425,0.0,0.0,0.0
2014-08-07,7649.25,7708.9501953125,7630.39990234375,7651.14990234375,-0.0029718009225604414,-0.0029762254910542657,-1.89990234375,78.55029296875,0.010269018919338497,7671.0625,108.89587265094596,-0.20030603060519686,0.0,0.0,0.0
2014-08-08,7568.5498046875,7592.4501953125,7540.10009765625,7588.7001953125,-0.010550079460404649,-0.010606126094877983,-20.150390625,52.35009765625,0.006916793706480934,7671.102490234375,108.85607557142315,-0.9420942745596946,0.0,0.0,0.0
2014-08-11,7625.9501953125,7635.5498046875,7598.60009765625,7619.85009765625,0.007584067239598591,0.007555452786540585,6.10009765625,36.94970703125,0.004845259421437364,7679.419995117188,97.62040029149033,-0.5477318229082154,0.0,0.0,0.0
2014-08-12,7727.0498046875,7735.75,7654.7998046875,7688.7998046875,0.013257313093540057,0.013170203962401476,38.25,80.9501953125,0.010476209854813252,7693.064990234375,82.35461663310741,0.41266435134448715,0.0,0.0,0.0
2014-08-13,7739.5498046875,7757.10009765625,7695.7001953125,7717.2998046875,0.0016176937273546521,0.0016163866702790495,22.25,61.39990234375,0.007933265356928489,7703.709985351563,72.93252570595082,0.4914106427691265,0.0,0.0,0.0
2014-08-14,7791.7001953125,7796.7001953125,7739.10009765625,7756.14990234375,0.006738168490551644,0.0067155684981506794,35.55029296875,57.60009765625,0.007392494091456742,7712.075,72.95154527133137,1.0914805850424039,0.0,0.0,0.0
2014-08-18,7874.25,7880.5,7779.2001953125,7785.25,0.010594581749585608,0.010538852441929612,89.0,101.2998046875,0.012864692470711496,7723.764990234375,79.32416228990529,1.8970891771368372,0.0,0.0,0.0
2014-08-19,7897.5,7918.5498046875,7881.14990234375,7901.0,0.0029526621583007007,0.0029483116130798108,-3.5,37.39990234375,0.004735663481323204,7735.444995117187,86.88337807409887,1.8652014743787166,0.0,0.0,0.0
2014-08-20,7875.2998046875,7922.7001953125,7864.0498046875,7915.7998046875,-0.002811040875276949,-0.0028149992705591483,-40.5,58.650390625,0.0074473851255910765,7744.999975585937,91.34466007021861,1.4264635612130865,0.0,0.0,0.0
2014-08-21,7891.10009765625,7919.64990234375,7855.9501953125,7875.35009765625,0.0020063100276317414,0.0020043000756105184,15.75,63.69970703125,0.008072348119138619,7751.1624755859375,96.95269628151671,1.4433597768542983,0.0,0.0,0.0
2014-08-22,7913.2001953125,7929.0498046875,7900.0498046875,7904.5498046875,0.002800635828053233,0.0027967213545059197,8.650390625,29.0,0.003664762584570851,7757.034985351563,103.15423528073899,1.5139001276673374,0.0,0.0,0.0
2014-08-25,7906.2998046875,7968.25,7897.9501953125,7931.75,-0.0008720101166007632,-0.0008723905385931191,-25.4501953125,70.2998046875,0.00889161888925848,7760.819970703125,107.30104407484511,1.355810050486544,0.0,0.0,0.0
2014-08-26,7904.75,7915.4501953125,7862.4501953125,7874.5,-0.0001960214924535686,-0.0001960407071773607,30.25,53.0,0.006704829374743034,7766.5349609375,111.90725671096507,1.2350855800127694,0.0,0.0,0.0
2014-08-27,7936.0498046875,7946.85009765625,7916.5498046875,7933.89990234375,0.003959619809291937,0.0039518011472649325,2.14990234375,30.30029296875,0.0038180573099292872,7775.90244140625,118.01062788154731,1.3570588188209425,0.0,0.0,0.0
2014-08-28,7954.35009765625,7967.7998046875,7939.2001953125,7942.25,0.002305970025281434,0.002303315356676902,12.10009765625,28.599609375,0.003595467765924318,7784.049951171875,124.57916823089558,1.367003399547022,0.0,0.0,0.0
2014-09-01,8027.7001953125,8035.0,7984.0,7990.35009765625,0.009221381603238932,0.009179124246061186,37.35009765625,51.0,0.006353002573486701,7799.369970703125,134.87093530330017,1.6929535195696706,0.0,0.0,0.0
2014-09-02,8083.0498046875,8101.9501953125,8036.5498046875,8038.60009765625,0.006894827662761838,0.0068711670335596,44.44970703125,65.400390625,0.008091053773672554,7823.3924560546875,140.64278824539704,1.8462187210037098,0.0,0.0,0.0
2014-09-03,8114.60009765625,8141.89990234375,8092.25,8110.85009765625,0.003903265936881173,0.0038956679592612917,3.75,49.64990234375,0.0061185889318304725,7844.939965820313,150.7552023176452,1.78872853268278,0.0,0.0,0.0
2014-09-04,8095.9501953125,8114.7998046875,8060.89990234375,8114.2001953125,-0.0022983144109759435,-0.0023009595892866165,-18.25,53.89990234375,0.006657637589588641,7862.409985351563,158.78435713494275,1.4708011177855724,0.0,0.0,0.0
2014-09-05,8086.85009765625,8122.7001953125,8049.85009765625,8099.89990234375,-0.0011240308347646444,-0.0011246630312066596,-13.0498046875,72.85009765625,0.009008463960196764,7883.15,159.69879062603135,1.2755268644034845,0.0,0.0,0.0
2014-09-08,8173.89990234375,8180.2001953125,8126.14990234375,8132.9501953125,0.010764364818970584,0.010706841477298593,40.94970703125,54.05029296875,0.006612546472859527,7909.382495117187,162.32420297085756,1.6295623350391693,0.0,0.0,0.0
2014-09-09,8152.9501953125,8174.5498046875,8126.5,8161.89990234375,-0.002563000193486986,-0.002566290301383355,-8.94970703125,48.0498046875,0.005893548168014813,7938.602514648437,149.862375710292,1.4302968283275534,0.0,0.0,0.0
2014-09-10,8094.10009765625,8135.75,8082.10009765625,8135.5498046875,-0.007218257961404628,-0.007244435632928195,-41.44970703125,53.64990234375,0.0066282726549533304,7962.010009765625,134.20050011653413,0.9842741850881589,0.0,0.0,0.0
2014-09-11,8085.7001953125,8127.9501953125,8057.2998046875,8115.14990234375,-0.001037780882668149,-0.0010383197500981691,-29.44970703125,70.650390625,0.008737696045910527,7979.942529296875,124.78342697281617,0.8475297447846478,0.0,0.0,0.0
2014-09-12,8105.5,8114.2998046875,8071.60009765625,8087.0498046875,0.0024487433628788136,0.0024457500763813006,18.4501953125,42.69970703125,0.005267991737863179,7998.2400390625,114.04689903864978,0.9404899373997925,0.0,0.0,0.0
2014-09-15,8042.0,8077.2998046875,8030.0,8070.35009765625,-0.007834186663376763,-0.00786503512440859,-28.35009765625,47.2998046875,0.00588159720063417,8010.755029296875,103.42832146491719,0.30209298827036374,0.0,0.0,0.0
2014-09-16,7932.89990234375,8044.89990234375,7925.14990234375,8036.60009765625,-0.013566289188790104,-0.013659152116613792,-103.7001953125,119.75,0.015095362537553291,8013.687524414063,100.13326466508066,-0.8068010399993063,0.0,0.0,0.0
2014-09-17,7975.5,7990.64990234375,7936.9501953125,7971.5,0.005370053597129498,0.005355686271897236,4.0,53.69970703125,0.006733083446962573,8017.5875244140625,96.83444617345113,-0.43463381138850915,0.0,0.0,0.0
2014-09-18,8114.75,8120.85009765625,7939.7001953125,7950.64990234375,0.01745972039370569,0.01730905071438062,164.10009765625,181.14990234375,0.022323534593641208,8029.560034179687,93.0447603162628,0.9155804747172095,0.0,0.0,0.0
2014-09-19,8121.4501953125,8160.89990234375,8105.35009765625,8129.39990234375,0.000825681051480398,0.0008253403644006908,-7.94970703125,55.5498046875,0.006839887378680469,8041.0775390625,89.18012828579116,0.9012395226931424,0.0,0.0,0.0
2014-09-22,8146.2998046875,8159.89990234375,8064.7998046875,8084.4501953125,0.0030597502634865936,0.003055078754324302,61.849609375,95.10009765625,0.011674023782125967,8052.73251953125,86.78805068262169,1.0781125330077974,0.0,0.0,0.0
2014-09-23,8017.5498046875,8159.75,8008.10009765625,8144.39990234375,-0.015804721540682243,-0.01593094790039912,-126.85009765625,151.64990234375,0.01891474403502765,8058.29501953125,80.2258668112666,-0.5078812665197348,0.0,0.0,0.0
2014-09-24,8002.39990234375,8042.0498046875,7950.0498046875,8015.5498046875,-0.0018895925454548435,-0.0018913800776086584,-13.14990234375,92.0,0.011496551174986264,8063.177514648438,73.03892990004424,-0.8321262700297455,0.0,0.0,0.0
2014-09-25,7911.85009765625,8019.2998046875,7877.35009765625,8003.2998046875,-0.011315331124726713,-0.011379836545715916,-91.44970703125,141.94970703125,0.017941405016419634,8061.967529296875,75.41752956236827,-1.990484606320629,0.0,0.0,0.0
2014-09-26,7968.85009765625,7993.2998046875,7841.7998046875,7885.85009765625,0.007204383209546084,0.007178555614569579,83.0,151.5,0.019011525896886712,8062.692529296875,74.391250024146,-1.261471364040339,0.0,0.0,0.0
2014-09-29,7958.89990234375,7991.75,7934.7001953125,7978.4501953125,-0.0012486362763213243,-0.0012494164721180694,-19.55029296875,57.0498046875,0.007168051538215712,8059.252514648438,77.61540659575815,-1.2929470669058143,0.0,0.0,0.0
2014-09-30,7964.7998046875,8030.89990234375,7923.85009765625,7948.7998046875,0.0007412962113033661,0.0007410215869771875,16.0,107.0498046875,0.01344036351353091,8053.340014648437,80.16913888452339,-1.1044176249475715,0.0,0.0,0.0
2014-10-01,7945.5498046875,7977.5,7936.7001953125,7960.5,-0.002416884350146642,-0.0024198097296141007,-14.9501953125,40.7998046875,0.005134925296601884,8044.8875,82.25498138039448,-1.2076799926937556,0.0,0.0,0.0
2014-10-07,7852.39990234375,7943.0498046875,7842.7001953125,7897.39990234375,-0.011723531364537632,-0.01179279382430551,-45.0,100.349609375,0.012779482785262641,8032.709985351563,91.7748952069053,-1.9646994159056912,0.0,0.0,0.0
2014-10-08,7842.7001953125,7869.89990234375,7815.75,7828.75,-0.0012352538270948843,-0.001236017381957707,13.9501953125,54.14990234375,0.006904497302614581,8020.502490234375,100.05843193489531,-1.7769846227209003,0.0,0.0,0.0
2014-10-09,7960.5498046875,7972.35009765625,7886.5,7886.5,0.01502666255755103,0.014914880678345798,74.0498046875,85.85009765625,0.010784443256130113,8009.834985351563,94.03519819113187,-0.5241141786492324,0.0,0.0,0.0
2014-10-10,7859.9501953125,7924.0498046875,7848.4501953125,7911.0,-0.012637269013223484,-0.012717798464841716,-51.0498046875,75.599609375,0.009618331859161899,7995.184985351562,93.38679846997243,-1.4481146399139668,0.0,0.0,0.0
2014-10-13,7884.25,7901.14990234375,7796.0,7831.0,0.0030915977943464235,0.0030868286329098203,53.25,105.14990234375,0.01333670321764911,7984.69248046875,93.47707481385298,-1.0745145873334967,0.0,0.0,0.0
2014-10-14,7864.0,7928.0,7825.4501953125,7923.25,-0.002568411706883933,-0.0025717157348472356,-59.25,102.5498046875,0.013040412600139878,7973.607470703125,94.01228205119668,-1.1658845877545596,0.0,0.0,0.0
2014-10-16,7748.2001953125,7893.89990234375,7729.64990234375,7837.2998046875,-0.014725305784270115,-0.01483479931274002,-89.099609375,164.25,0.02119847136879192,7955.74248046875,101.29620903859201,-2.048865274683478,1.0,0.0,0.0
2014-10-17,7779.7001953125,7819.2001953125,7723.85009765625,7733.75,0.0040654602625080916,0.004057218608794233,45.9501953125,95.35009765625,0.012256268912997607,7942.627490234375,106.39251666813476,-1.5313792738833913,1.0,1.0,1.0
2014-10-20,7879.39990234375,7905.9501953125,7856.9501953125,7896.9501953125,0.012815366213124957,0.01273394430406019,-17.55029296875,49.0,0.006218747697451529,7939.952490234375,107.31850624264598,-0.5642324889773986,1.0,1.0,1.0
2014-10-21,7927.75,7936.60009765625,7874.35009765625,7906.14990234375,0.006136266499415566,0.006117516281268019,21.60009765625,62.25,0.007852164863927345,7937.564990234375,107.01678325170033,-0.09171449501794732,0.0,1.0,1.0
2014-10-22,7995.89990234375,8005.0,7974.5498046875,7997.7998046875,0.008596373793793965,0.008559635367284744,-1.89990234375,30.4501953125,0.0038082261764650744,7931.622485351562,99.71047905991715,0.6446405392713304,0.0,0.0,0.0
2014-10-27,7991.7001953125,8064.39990234375,7985.64990234375,8064.35009765625,-0.0005252325670084268,-0.0005253705499506886,-72.64990234375,78.75,0.009853973256678285,7925.134985351562,90.5057229051063,0.7354806726501742,0.0,0.0,0.0
2014-10-28,8027.60009765625,8037.7998046875,7995.0498046875,8002.39990234375,0.00449214828714517,0.004482088703870871,25.2001953125,42.75,0.005325377383021528,7919.2,78.30949817977336,1.3842522321800417,0.0,0.0,0.0
2014-10-29,8090.4501953125,8097.9501953125,8052.25,8077.0498046875,0.007829251194837239,0.007798761644535693,13.400390625,45.7001953125,0.005648659123935784,7922.84501953125,84.57428829236052,1.9817509454157562,0.0,0.0,0.0
2014-10-30,8169.2001953125,8181.5498046875,8085.2001953125,8085.2001953125,0.009733698137790459,0.009686630877276963,84.0,96.349609375,0.011794252444723482,7931.185034179687,99.70328900535043,2.387234799446186,0.0,0.0,0.0
2014-10-31,8322.2001953125,8330.75,8198.0498046875,8200.7998046875,0.018728883653480688,0.01855565765600878,121.400390625,132.7001953125,0.015945326019343262,7951.7025390625,132.3817898242239,2.7987055979674036,0.0,0.0,0.0
2014-11-03,8324.150390625,8350.599609375,8297.650390625,8348.150390625,0.0002343365055792468,0.00023430905306898972,-24.0,52.94921875,0.006360915680912443,7969.467553710938,156.4550171981253,2.2669956084879845,0.0,0.0,0.0
2014-11-05,8338.2998046875,8365.5498046875,8323.5,8351.25,0.0016998027904968627,0.0016983597607461473,-12.9501953125,42.0498046875,0.005042971069936952,7988.437548828125,176.7861651429334,1.97901377393705,0.0,0.0,0.0
2014-11-07,8337.0,8360.349609375,8290.25,8331.849609375,-0.00015588365949248395,-0.0001558958106129228,5.150390625,70.099609375,0.008408253493462876,8007.04755859375,193.01268102358094,1.7094858206023185,0.0,0.0,0.0
2014-11-10,8344.25,8383.0498046875,8304.4501953125,8337.7998046875,0.000869617368358,0.0008692394702429653,6.4501953125,78.599609375,0.00941961343140486,8026.982568359375,206.44859512466547,1.5367865857795757,0.0,0.0,0.0
2014-11-11,8362.650390625,8378.7001953125,8321.849609375,8354.099609375,0.002205158117865702,0.0022027303251594033,8.55078125,56.8505859375,0.0067981540877558025,8052.495092773437,215.08571458372933,1.4420078918389743,0.0,0.0,0.0
2014-11-12,8383.2998046875,8415.0498046875,8370.5,8378.900390625,0.0024692427756694,0.0024661992049072835,4.3994140625,44.5498046875,0.005314113263919071,8079.525073242187,221.21445766054816,1.373213734119732,0.0,0.0,0.0
2014-11-13,8357.849609375,8408.0,8320.349609375,8405.25,-0.0030358207275695825,-0.0030404381788521184,-47.400390625,87.650390625,0.010487194041716491,8099.390063476562,227.71149399238195,1.135030741606238,0.0,0.0,0.0
2014-11-14,8389.900390625,8400.650390625,8346.7998046875,8360.7001953125,0.0038348119131084157,0.00382747776597414,29.2001953125,53.8505859375,0.006418501225315315,8125.8875732421875,229.21150938615307,1.1518305432823166,0.0,0.0,0.0
2014-11-17,8430.75,8438.099609375,8349.099609375,8378.400390625,0.0048689027846677835,0.004857088011971049,52.349609375,89.0,0.010556593422886458,8153.212573242187,231.45303884405251,1.1991090207496076,0.0,0.0,0.0
2014-11-18,8425.900390625,8454.5,8407.25,8441.25,-0.0005752287014797464,-0.0005753942089820699,-15.349609375,47.25,0.0056077093022096815,8181.307592773437,228.58463886677137,1.070031648076412,0.0,0.0,0.0
2014-11-19,8382.2998046875,8455.650390625,8360.5,8440.650390625,-0.005174590716264804,-0.005188025276412326,-58.3505859375,95.150390625,0.011351346628259533,8213.012573242188,208.43774044259035,0.8121716877464376,0.0,0.0,0.0
2014-11-20,8401.900390625,8410.849609375,8353.150390625,8406.5,0.00233833033823716,0.002335600698223698,-4.599609375,57.69921875,0.006867400953048894,8244.122583007813,185.53505523664884,0.8503935141310223,0.0,0.0,0.0
2014-11-21,8477.349609375,8489.7998046875,8398.599609375,8408.2001953125,0.008980018238991194,0.008939937646133834,69.1494140625,91.2001953125,0.01075810241583558,8274.020068359376,171.30104266466532,1.1869719988433296,0.0,0.0,0.0
2014-11-24,8530.150390625,8534.650390625,8490.7998046875,8490.9501953125,0.006228453901630848,0.006209137249718906,39.2001953125,43.8505859375,0.005140658010636444,8304.140087890624,159.78478409757466,1.414466990776541,0.0,0.0,0.0
2014-11-25,8463.099609375,8535.349609375,8429.4501953125,8530.7998046875,-0.00786044538249775,-0.007891501533809672,-67.7001953125,105.8994140625,0.012513076644541665,8327.500073242187,145.89735153707636,0.9294173931481807,0.0,0.0,0.0
2014-11-26,8475.75,8500.2998046875,8438.650390625,8450.2998046875,0.0014947703806991175,0.0014936543234813655,25.4501953125,61.6494140625,0.007273623462525441,8351.702563476563,126.0609665828694,0.9840273312666615,0.0,0.0,0.0
2014-11-27,8494.2001953125,8506.75,8456.349609375,8477.7998046875,0.0021768215570894256,0.002174455713767457,16.400390625,50.400390625,0.005933506329744066,8375.032568359375,104.20459702753439,1.143592800628913,0.0,0.0,0.0
2014-11-28,8588.25,8617.0,8516.25,8516.7998046875,0.0110722378240391,0.011011389339421218,71.4501953125,100.75,0.011731144295985794,8399.92255859375,91.30563959662832,2.0626047004133263,0.0,0.0,0.0
2014-12-01,8555.900390625,8623.0,8545.150390625,8605.099609375,-0.0037667288883066474,-0.0037738408764703764,-49.19921875,77.849609375,0.009098938255557831,8419.257568359375,80.13708640599256,1.7051134299213428,0.0,0.0,0.0
2014-12-02,8524.7001953125,8560.2001953125,8504.650390625,8535.4501953125,-0.003646629096650922,-0.0036532942570473856,-10.75,55.5498046875,0.006516335286259723,8429.382568359375,80.02131332904743,1.191152993967734,0.0,0.0,0.0
2014-12-03,8537.650390625,8546.9501953125,8508.349609375,8528.7001953125,0.0015191379187295961,0.0015179851960037325,8.9501953125,38.6005859375,0.004521218856640748,8440.057568359374,79.48313252330551,1.227843180903951,0.0,0.0,0.0
2014-12-04,8564.400390625,8626.9501953125,8526.400390625,8582.400390625,0.0031331805328282947,0.003128282351293758,-18.0,100.5498046875,0.011740437170308688,8451.36259765625,80.32310409971099,1.4072886529438295,0.0,0.0,0.0
2014-12-05,8538.2998046875,8588.349609375,8523.900390625,8584.25,-0.003047567225613501,-0.003052220515157543,-45.9501953125,64.44921875,0.007548249677836047,8461.427587890625,77.81131484741819,0.9879310862130486,0.0,0.0,0.0
2014-12-08,8438.25,8546.349609375,8432.25,8538.650390625,-0.0117177666486451,-0.01178696074088962,-100.400390625,114.099609375,0.01352171473646787,8466.127587890625,73.0544955653907,-0.38159989573362096,0.0,0.0,0.0
2014-12-09,8340.7001953125,8444.5,8330.5,8439.2998046875,-0.011560430739489869,-0.01162777201814715,-98.599609375,114.0,0.013667917240817307,8465.030078125,74.83407506478831,-1.6614073562726732,0.0,0.0,0.0
2014-12-10,8355.650390625,8376.7998046875,8317.0,8318.0498046875,0.0017924388795202972,0.001790834377979736,37.6005859375,59.7998046875,0.007156810289070387,8463.647607421875,76.65661332467769,-1.408844092021847,0.0,0.0,0.0
2014-12-11,8292.900390625,8348.2998046875,8272.400390625,8338.849609375,-0.007509888167461565,-0.0075382293595515236,-45.94921875,75.8994140625,0.009152336394671176,8460.400146484375,82.52558345402392,-2.0296706651300602,1.0,0.0,0.0
2014-12-12,8224.099609375,8321.900390625,8216.2998046875,8302.0,-0.008296347237907065,-0.008330953463077941,-77.900390625,105.6005859375,0.012840382650171383,8452.110107421875,97.032875566373,-2.349827279836821,1.0,1.0,1.0
2014-12-15,8219.599609375,8242.400390625,8152.5,8160.75,-0.0005471723609561385,-0.0005473221143822177,58.849609375,89.900390625,0.010937319930092778,8441.552587890625,110.08796793874981,-2.016142024159386,1.0,1.0,1.0
2014-12-16,8067.60009765625,8189.35009765625,8052.60009765625,8172.60009765625,-0.018492325531937692,-0.01866544617437457,-105.0,136.75,0.01695051791668848,8423.637573242188,138.30636695945628,-2.5742667052364108,1.0,1.0,1.0
2014-12-17,8029.7998046875,8082.0,7961.35009765625,8041.2001953125,-0.004685444557388396,-0.004696455660811477,-11.400390625,120.64990234375,0.015025269032649986,8406.012573242188,163.93691598326924,-2.294863034955972,1.0,1.0,1.0
2014-12-18,8159.2998046875,8174.2998046875,8084.89990234375,8138.89990234375,0.01612742573288095,0.015998760320407486,20.39990234375,89.39990234375,0.010956810569994003,8393.882543945312,172.9828807969133,-1.3561037842422037,1.0,1.0,1.0
2014-12-19,8225.2001953125,8263.4501953125,8208.599609375,8230.4501953125,0.008076721312181734,0.008044279165652847,-5.25,54.8505859375,0.006668601934912061,8381.275073242188,175.74600112324427,-0.8880707209960277,1.0,1.0,1.0
2014-12-22,8324.0,8330.9501953125,8228.2001953125,8255.0,0.012011841942012103,0.01194027232053888,69.0,102.75,0.012343825084094186,8370.967553710938,172.57159551857978,-0.2721627135091368,0.0,1.0,1.0
2014-12-23,8267.0,8364.75,8252.849609375,8324.599609375,-0.006847669389716482,-0.006871222260849433,-57.599609375,111.900390625,0.013535791777549292,8361.162573242187,172.63230467347526,-0.5454516373415196,0.0,0.0,0.0
2014-12-24,8174.10009765625,8286.400390625,8155.25,8272.0498046875,-0.01123743829003876,-0.0113010553438477,-97.94970703125,131.150390625,0.01604462742786874,8346.080078125,175.25151819190685,-0.9813323287757519,0.0,0.0,0.0
2014-12-26,8200.7001953125,8234.5498046875,8147.9501953125,8204.7998046875,0.0032541927965719086,0.003248909370282162,-4.099609375,86.599609375,0.010560026255380012,8331.405078125,174.48230594257552,-0.7491010742116021,0.0,0.0,0.0
2014-12-29,8246.2998046875,8279.150390625,8214.7001953125,8214.7001953125,0.005560453167287482,0.005545050916857839,31.599609375,64.4501953125,0.007815650272121338,8314.307568359374,164.45516482646767,-0.4135337661400647,0.0,0.0,0.0
2014-12-30,8248.25,8268.25,8220.5498046875,8260.2998046875,0.00023649337990261365,0.00023646541975141835,-12.0498046875,47.7001953125,0.00578306856757494,8298.925048828125,154.77123966962992,-0.3274190278264518,0.0,0.0,0.0
2014-12-31,8282.7001953125,8291.0,8243.75,8243.900390625,0.004176667209711216,0.004167969146088031,38.7998046875,47.25,0.00570466138889593,8286.825048828125,145.36509844094488,-0.028375817578387797,0.0,0.0,0.0
2015-01-02,8395.4501953125,8410.599609375,8288.7001953125,8288.7001953125,0.013612710510011006,0.013520889912634575,106.75,121.8994140625,0.014519699507068851,8279.7150390625,135.60085596571398,0.8534987144864616,0.0,0.0,0.0
2015-01-05,8378.400390625,8445.599609375,8363.900390625,8407.9501953125,-0.0020308386436523884,-0.0020329035926431203,-29.5498046875,81.69921875,0.009751171457670755,8270.4150390625,120.5966526228301,0.8954257785266034,0.0,0.0,0.0
2015-01-06,8127.35009765625,8327.849609375,8111.35009765625,8325.2998046875,-0.029963988501869876,-0.030422082918029548,-197.94970703125,216.49951171875,0.026638388788146793,8249.867553710938,106.76803350031268,-1.1475106549970193,0.0,0.0,0.0
2015-01-07,8102.10009765625,8151.2001953125,8065.4501953125,8118.64990234375,-0.0031067936900222026,-0.0031116297926513815,-16.5498046875,85.75,0.010583675709561462,8233.06005859375,101.8994044013603,-1.2851886790395386,0.0,0.0,0.0
2015-01-08,8234.599609375,8243.5,8167.2998046875,8191.39990234375,0.016353724358093125,0.01622144246054657,43.19970703125,76.2001953125,0.009253661249752437,8227.755029296875,98.71260469737096,0.06933846086939421,0.0,0.0,0.0
2015-01-09,8284.5,8303.2998046875,8190.7998046875,8285.4501953125,0.006059844193054609,0.006041557177687999,-0.9501953125,112.5,0.013579576317218903,8224.197509765625,95.0758803724109,0.634256448619471,0.0,0.0,0.0
2015-01-12,8323.0,8332.599609375,8245.599609375,8291.349609375,0.004647232784114941,0.004636467736743234,31.650390625,87.0,0.010452961672473868,8225.702490234375,96.4489459867379,1.0087980617124022,0.0,0.0,0.0
2015-01-13,8299.400390625,8356.650390625,8267.900390625,8346.150390625,-0.002835469106692301,-0.0028394966643650508,-46.75,88.75,0.010693543608313195,8229.467529296875,97.84275391216038,0.7147474752285504,0.0,0.0,0.0
2015-01-14,8277.5498046875,8326.4501953125,8236.650390625,8307.25,-0.0026327909136885097,-0.0026362628028638235,-29.7001953125,89.7998046875,0.010848597327272764,8232.3650390625,98.39167259251856,0.4592336366933049,0.0,0.0,0.0
2015-01-15,8494.150390625,8527.099609375,8380.5498046875,8424.5,0.026167234392820093,0.025830729950324278,69.650390625,146.5498046875,0.017253026841771855,8253.692553710938,106.67815102842573,2.2540495368164826,0.0,0.0,0.0
2015-01-16,8513.7998046875,8530.75,8452.25,8504.0498046875,0.0023132877520259942,0.0023106162211340322,9.75,78.5,0.009220324860913422,8277.892553710937,108.1031060402267,2.182243042015633,0.0,0.0,0.0
2015-01-19,8550.7001953125,8570.9501953125,8531.5,8550.0498046875,0.004334185847861161,0.004324820315931695,0.650390625,39.4501953125,0.004613680097698505,8297.462573242188,120.24960993077089,2.1059330023282707,0.0,0.0,0.0
2015-01-20,8695.599609375,8707.900390625,8574.5,8575.099609375,0.016945912118627948,0.01680393189462208,120.5,133.400390625,0.015341137657853615,8320.982543945312,148.14055788526653,2.5287947526147763,0.0,0.0,0.0
2015-01-21,8729.5,8741.849609375,8689.599609375,8719.650390625,0.0038985684884169647,0.003890988763950604,9.849609375,52.25,0.005985451629532046,8341.257543945312,174.05727540108848,2.2305442571133107,0.0,0.0,0.0
2015-01-22,8761.400390625,8774.150390625,8727.0,8745.849609375,0.0036543204794088346,0.003647659672542357,15.55078125,47.150390625,0.005381604369485561,8365.977563476563,196.60366339572556,2.0112688660969997,0.0,0.0,0.0
2015-01-23,8835.599609375,8866.400390625,8795.400390625,8827.9501953125,0.008468876599840858,0.008433216854945564,7.6494140625,71.0,0.008035674220079591,8399.0525390625,217.18968578977757,2.009980670698342,0.0,0.0,0.0
2015-01-27,8910.5,8925.0498046875,8825.4501953125,8871.349609375,0.00847711461998868,0.008441385660836975,39.150390625,99.599609375,0.011177780076875596,8434.542529296876,239.8793444023768,1.9841536247687375,0.0,0.0,0.0
2015-01-28,8914.2998046875,8985.0498046875,8874.0498046875,8902.75,0.0004264412420740271,0.0004263503418490414,11.5498046875,111.0,0.012451903394771589,8467.942529296875,258.1024294293428,1.7293803718837826,0.0,0.0,0.0
2015-01-29,8952.349609375,8966.650390625,8861.25,8901.5,0.0042684008302582566,0.0042593170470792705,50.849609375,105.400390625,0.011773489108895339,8503.147509765626,274.0839303142967,1.6389216948774288,0.0,0.0,0.0
2015-01-30,8808.900390625,8996.599609375,8775.099609375,8996.599609375,-0.01602363904552817,-0.016153405638702815,-187.69921875,221.5,0.025145022667725316,8529.45751953125,277.04849373169185,1.0086424485829437,0.0,0.0,0.0
2015-02-02,8797.400390625,8840.7998046875,8751.099609375,8802.5,-0.0013054977908750764,-0.0013063506955069547,-5.099609375,89.7001953125,0.01019621607856902,8549.555029296875,281.3612316607188,0.8808795720193294,0.0,0.0,0.0
2015-02-03,8756.5498046875,8837.2998046875,8726.650390625,8823.150390625,-0.004643483770618517,-0.004654298232220474,-66.6005859375,110.6494140625,0.012636188513798878,8568.4625,281.9594771821154,0.6670721146429714,0.0,0.0,0.0
2015-02-04,8723.7001953125,8792.849609375,8704.400390625,8789.150390625,-0.003751432939651078,-0.0037584872121479928,-65.4501953125,88.44921875,0.01013895672360753,8598.280004882812,263.8040248764385,0.4754294044165271,0.0,0.0,0.0
2015-02-05,8711.7001953125,8838.4501953125,8683.650390625,8733.099609375,-0.0013755630903555804,-0.0013765100457609084,-21.3994140625,154.7998046875,0.017769184110673717,8628.760009765625,237.34803809770813,0.3494454228972027,0.0,0.0,0.0
2015-02-06,8661.0498046875,8726.2001953125,8645.5498046875,8696.849609375,-0.005814064934449137,-0.005831032408607971,-35.7998046875,80.650390625,0.009311849307384275,8650.08251953125,218.47978995462105,0.05019816779633457,0.0,0.0,0.0
2015-02-09,8526.349609375,8605.5498046875,8516.349609375,8584.400390625,-0.01555240973670402,-0.015674617197285398,-58.05078125,89.2001953125,0.010461709805380425,8662.175,203.3495365833848,-0.6679404974660622,0.0,0.0,0.0
2015-02-10,8565.5498046875,8646.25,8470.5,8478.099609375,0.0045975355349490155,0.004586999150377187,87.4501953125,175.75,0.020518239226607584,8674.302490234375,188.76675581275234,-0.5761220246575224,0.0,0.0,0.0
2015-02-11,8627.400390625,8651.9501953125,8593.650390625,8603.2998046875,0.007220854159723844,0.007194908616778425,24.1005859375,58.2998046875,0.006757516986327854,8690.702490234375,167.5353688592992,-0.3778431983668921,0.0,0.0,0.0
2015-02-12,8711.5498046875,8732.5498046875,8599.25,8676.9501953125,0.009753739278629103,0.009706478627223793,34.599609375,133.2998046875,0.015301502910053296,8712.402490234375,136.42340544344117,-0.006250287801449677,0.0,0.0,0.0
2015-02-13,8805.5,8822.099609375,8729.650390625,8741.5,0.0107845558389561,0.010726817268910518,64.0,92.44921875,0.010499031145306911,8727.969970703125,127.692435558978,0.6071622720444217,0.0,0.0,0.0
2015-02-16,8809.349609375,8870.099609375,8793.400390625,8831.400390625,0.00043718237181300523,0.0004370868354434235,-22.05078125,76.69921875,0.008706569968386304,8742.7474609375,118.36342453988216,0.5626919692160331,0.0,0.0,0.0
2015-02-18,8869.099609375,8894.2998046875,8808.900390625,8811.5498046875,0.006782566551384539,0.006759668427262326,57.5498046875,85.3994140625,0.00962887077874617,8758.667431640624,112.43756371387659,0.9821644483101393,0.0,0.0,0.0
2015-02-19,8895.2998046875,8913.4501953125,8794.4501953125,8883.0498046875,0.0029540986646272582,0.0029497438893496893,12.25,119.0,0.013377851518539187,8768.65244140625,115.3709704669043,1.0977402960962424,0.0,0.0,0.0
2015-02-20,8833.599609375,8899.9501953125,8816.2998046875,8895.5,-0.006936269340802492,-0.006960437077779418,-61.900390625,83.650390625,0.009469570087399341,8773.857421875,115.85883884427311,0.5156463511627283,0.0,0.0,0.0
2015-02-23,8754.9501953125,8869.0,8736.099609375,8856.849609375,-0.008903438863023694,-0.008943311319236858,-101.8994140625,132.900390625,0.015180028173793197,8773.534912109375,115.90430843594197,-0.1603453490872292,0.0,0.0,0.0
2015-02-24,8762.099609375,8800.5,8726.75,8772.900390625,0.0008166139044774035,0.0008162806567537197,-10.80078125,73.75,0.008416932389251916,8769.859912109376,114.99450617729018,-0.06748411721870831,0.0,0.0,0.0
2015-02-25,8767.25,8840.650390625,8751.400390625,8801.900390625,0.0005878032497472763,0.0005876305610850604,-34.650390625,89.25,0.010179930993184864,8762.697412109375,110.13201211621401,0.04133755302518793,0.0,0.0,0.0
2015-02-26,8683.849609375,8786.0498046875,8669.4501953125,8779.0,-0.00951271956713906,-0.009558254487962844,-95.150390625,116.599609375,0.013427179720975383,8751.17490234375,105.38912050541646,-0.6388258355879293,0.0,0.0,0.0
2015-02-27,8844.599609375,8856.9501953125,8717.4501953125,8729.5,0.018511375395821705,0.018342125395864908,115.099609375,139.5,0.015772336359029113,8745.78740234375,96.98260226696209,1.0188652884282365,0.0,0.0,0.0
2015-03-02,8956.75,8972.349609375,8885.4501953125,8953.849609375,0.01268009809128312,0.012600378838793266,2.900390625,86.8994140625,0.009702114501632846,8753.1798828125,107.14865980875439,1.8998848660435452,0.0,0.0,0.0
2015-03-03,8996.25,9008.400390625,8925.5498046875,8962.849609375,0.004410081781896391,0.00440038586730066,33.400390625,82.8505859375,0.009209457933861331,8763.12236328125,119.93121732198983,1.9438444962403,0.0,0.0,0.0
2015-03-04,8922.650390625,9119.2001953125,8893.9501953125,9109.150390625,-0.008181143184660233,-0.008214792388202198,-186.5,225.25,0.025244741207911658,8771.427392578125,125.09216888855966,1.20889260607188,0.0,0.0,0.0
2015-03-05,8937.75,8957.5498046875,8849.349609375,8929.400390625,0.0016922784950608172,0.0016908482052135402,8.349609375,108.2001953125,0.012105976930715225,8782.1298828125,129.85972635766745,1.198370900296538,0.0,0.0,0.0
2015-03-09,8756.75,8891.2998046875,8740.4501953125,8891.150390625,-0.02025118178512486,-0.02045904811401918,-134.400390625,150.849609375,0.017226666214634426,8784.382373046876,128.96138658920285,-0.21426857897315146,0.0,0.0,0.0
2015-03-10,8712.0498046875,8778.0,8677.349609375,8769.75,-0.005104655872612551,-0.005117729137055929,-57.7001953125,100.650390625,0.011553009094466524,8786.932373046875,126.88178779696574,-0.5901758610085233,0.0,0.0,0.0
2015-03-11,8699.9501953125,8755.599609375,8682.349609375,8728.75,-0.0013888361116221049,-0.00138980143838521,-28.7998046875,73.25,0.008419588429306965,8795.61240234375,113.33147418203247,-0.8440921440552116,0.0,0.0,0.0
2015-03-12,8776.0,8787.2001953125,8732.900390625,8740.650390625,0.008741406902360804,0.00870342200550124,35.349609375,54.2998046875,0.00618730682400866,8806.134912109375,99.80977196520548,-0.30192346416622057,0.0,0.0,0.0
2015-03-13,8647.75,8849.75,8631.75,8844.0498046875,-0.014613719234275346,-0.014721551472009752,-196.2998046875,218.0,0.025208869359081842,8807.152392578126,97.97874820558641,-1.6269078294780372,0.0,0.0,0.0
2015-03-16,8633.150390625,8663.5498046875,8612.0,8656.75,-0.0016882552542568652,-0.0016896819631506011,-23.599609375,51.5498046875,0.005971146378207369,8803.232421875,103.42207474961484,-1.6445428276484408,0.0,0.0,0.0
2015-03-17,8723.2998046875,8742.5498046875,8630.7998046875,8689.099609375,0.010442238346779709,0.01038809476984804,34.2001953125,111.75,0.012810519241806947,8799.122412109375,104.94926672575583,-0.7224691490223327,0.0,0.0,0.0
2015-03-18,8685.900390625,8747.25,8664.0,8742.900390625,-0.004287301239194297,-0.0042965180681336585,-57.0,83.25,0.009584498584608992,8792.949951171875,107.90475045486362,-0.9920745851838437,0.0,0.0,0.0
2015-03-19,8634.650390625,8788.2001953125,8614.650390625,8749.4501953125,-0.00590036699653107,-0.005917842938767325,-114.7998046875,173.5498046875,0.020099227743595766,8781.227490234374,111.85915177016071,-1.3103719927230384,0.0,0.0,0.0
2015-03-20,8570.900390625,8627.900390625,8553.0,8627.900390625,-0.0073830435647072035,-0.0074104331263360745,-57.0,74.900390625,0.008738917407898866,8765.00751953125,117.8089831650438,-1.6476428510915508,0.0,0.0,0.0
2015-03-23,8550.900390625,8608.349609375,8540.5498046875,8591.5498046875,-0.002333477124745964,-0.002336203925268819,-40.6494140625,67.7998046875,0.007928966727507909,8750.87255859375,125.83222313827672,-1.589196812878376,0.0,0.0,0.0
2015-03-24,8542.9501953125,8627.75,8535.849609375,8537.0498046875,-0.000929749494125387,-0.0009301819792756467,5.900390625,91.900390625,0.010757453634158556,8740.27255859375,134.1266293371873,-1.4711647064893547,0.0,0.0,0.0
2015-03-25,8530.7998046875,8573.75,8516.5498046875,8568.900390625,-0.0014222710360253243,-0.0014232834235154116,-38.1005859375,57.2001953125,0.006705138629682725,8728.707568359376,141.89257162237138,-1.3947718432969238,0.0,0.0,0.0
2015-03-26,8342.150390625,8499.4501953125,8325.349609375,8474.9501953125,-0.022113918786236364,-0.022362097108321904,-132.7998046875,174.1005859375,0.020869988885977905,8707.452587890624,165.66325776250528,-2.2050888181211623,1.0,0.0,0.0
2015-03-27,8341.400390625,8413.2001953125,8269.150390625,8396.0,-8.990487642646094e-05,-8.990891811211022e-05,-54.599609375,144.0498046875,0.01726925911018482,8690.330126953126,184.8207555037123,-1.8879358834842397,1.0,1.0,1.0
2015-03-30,8492.2998046875,8492.2998046875,8380.75,8390.9501953125,0.018090417315550278,0.017928732765285012,101.349609375,111.5498046875,0.013135405868022674,8672.71513671875,186.1276725579667,-0.9693095580672619,1.0,1.0,1.0
2015-03-31,8491.0,8550.4501953125,8454.150390625,8527.599609375,-0.0001530568535489385,-0.00015306856794447524,-36.599609375,96.2998046875,0.01134139732510894,8649.42763671875,177.66395446009597,-0.8917263898588604,1.0,1.0,1.0
2015-04-01,8586.25,8603.400390625,8464.75,8483.7001953125,0.011217759981156483,0.011155307528727893,102.5498046875,138.650390625,0.016147956398311254,8628.92763671875,158.11817627181256,-0.26990974551455427,0.0,1.0,1.0
2015-04-06,8659.900390625,8667.5498046875,8573.75,8615.7998046875,0.00857771327704171,0.008541133724940244,44.1005859375,93.7998046875,0.01083151080918268,8615.79013671875,142.58149523402224,0.3093687145996835,0.0,0.0,0.0
2015-04-07,8660.2998046875,8693.599609375,8586.849609375,8684.4501953125,4.612224673294918e-05,4.6121183134830896e-05,-24.150390625,106.75,0.012326363106069396,8601.917626953125,121.5544494227477,0.4802965091909585,0.0,0.0,0.0
2015-04-08,8714.400390625,8730.5,8679.7998046875,8698.9501953125,0.006246964557533818,0.006227533157299894,15.4501953125,50.7001953125,0.005817978637640239,8599.800146484375,119.05855110298609,0.962553660186035,0.0,0.0,0.0
2015-04-09,8778.2998046875,8785.5,8682.4501953125,8756.2001953125,0.007332623152276119,0.007305870171212896,22.099609375,103.0498046875,0.0117391530228294,8603.112646484375,123.19571983145549,1.4220230901105944,0.0,0.0,0.0
2015-04-10,8780.349609375,8787.400390625,8733.599609375,8774.349609375,0.0002335081659441407,0.00023348090715570997,6.0,53.80078125,0.0061274076367705856,8607.1326171875,127.74949771733438,1.3559113365030115,0.0,0.0,0.0
2015-04-13,8834.0,8841.650390625,8762.099609375,8801.75,0.006110279546012176,0.0060916874846368065,32.25,79.55078125,0.009005069192891103,8610.0326171875,132.35978988305516,1.6921104438922367,0.0,0.0,0.0
2015-04-16,8706.7001953125,8760.0,8645.650390625,8757.0498046875,-0.014410211080767454,-0.014515046525185486,-50.349609375,114.349609375,0.013133518647691966,8612.980126953125,133.8914385450909,0.6999705834649939,0.0,0.0,0.0
2015-04-17,8606.0,8699.849609375,8596.7001953125,8698.0498046875,-0.01156582781691673,-0.011633232232741262,-92.0498046875,103.1494140625,0.011985755759063445,8611.622607421876,133.8137854687266,-0.04201814784762799,0.0,0.0,0.0
2015-04-20,8448.099609375,8619.9501953125,8422.75,8618.7998046875,-0.01834770981001632,-0.01851811663955681,-170.7001953125,197.2001953125,0.02334255092040624,8597.86259765625,135.85938387946842,-1.1023381970738015,0.0,0.0,0.0
2015-04-21,8377.75,8469.349609375,8352.7001953125,8416.099609375,-0.008327270348106652,-0.008362135754524264,-38.349609375,116.6494140625,0.013923716279729045,8582.455078125,142.65319393700034,-1.43498419120853,0.0,0.0,0.0
2015-04-22,8429.7001953125,8449.9501953125,8284.7001953125,8400.400390625,0.006200972255378856,0.006181825339152998,29.2998046875,165.25,0.019603306899560972,8572.207568359376,146.02779395074006,-0.9758921174618862,0.0,0.0,0.0
2015-04-23,8398.2998046875,8504.9501953125,8361.849609375,8478.2001953125,-0.0037249712205020824,-0.003731926202576211,-79.900390625,143.1005859375,0.017039232852538628,8563.5775390625,151.12052857077535,-1.0936815529836812,0.0,0.0,0.0
2015-04-24,8305.25,8413.2998046875,8273.349609375,8405.7001953125,-0.011079600258562361,-0.011141436198728826,-100.4501953125,139.9501953125,0.016850810669456068,8551.29501953125,161.80984137976822,-1.5205813035424784,0.0,0.0,0.0
2015-04-27,8213.7998046875,8334.4501953125,8202.349609375,8330.5498046875,-0.011011130948797465,-0.011072202173819238,-116.75,132.1005859375,0.016082761825058366,8534.8375,178.57365508948155,-1.7977886780198944,0.0,0.0,0.0
2015-04-28,8285.599609375,8308.0,8185.14990234375,8215.5498046875,0.008741362876475867,0.008703378361128562,70.0498046875,122.85009765625,0.014826941132570227,8522.577490234375,187.07998878878448,-1.2667195588028684,0.0,0.0,0.0
2015-04-29,8239.75,8308.2001953125,8219.2001953125,8274.7998046875,-0.005533650132347967,-0.0055490174921902485,-35.0498046875,89.0,0.010801298583088079,8517.457470703124,193.56661859582888,-1.434686790096712,0.0,0.0,0.0
2015-04-30,8181.5,8229.400390625,8144.75,8224.5,-0.007069389241178392,-0.007094495768480639,-43.0,84.650390625,0.01034656122043635,8509.462451171876,204.22969534935837,-1.6058509542936852,0.0,0.0,0.0
2015-05-04,8331.9501953125,8346.0,8220.4501953125,8230.0498046875,0.01838907233545184,0.018222037975143816,101.900390625,125.5498046875,0.015068477576610274,8501.444970703125,208.0506068840923,-0.814680514174386,0.0,0.0,0.0
2015-05-05,8324.7998046875,8355.650390625,8280.599609375,8338.400390625,-0.0008581893143123631,-0.0008585577695799613,-13.6005859375,75.05078125,0.009015325654767177,8493.1349609375,211.77561828371506,-0.7948750550900588,0.0,0.0,0.0
2015-05-06,8097.0,8331.9501953125,8083.0,8316.599609375,-0.02736399793773192,-0.027745365388399824,-219.599609375,248.9501953125,0.030745979413671732,8468.6724609375,228.08280538596273,-1.6295505498915355,0.0,0.0,0.0
2015-05-07,8057.2998046875,8122.60009765625,7997.14990234375,8077.0,-0.004903074634123761,-0.004915134139810429,-19.7001953125,125.4501953125,0.015569756413869169,8438.542431640624,240.93201968177965,-1.5823659613888819,0.0,0.0,0.0
2015-05-08,8191.5,8224.9501953125,8123.4501953125,8131.5,0.01665572816769534,0.01651854271401412,60.0,101.5,0.012390892998840261,8415.10244140625,241.02647722401952,-0.927709038366044,0.0,0.0,0.0
2015-05-11,8325.25,8332.75,8224.650390625,8243.2001953125,0.01632790087285607,0.016196034167464263,82.0498046875,108.099609375,0.012984548136692592,8395.644921875,231.09621933541553,-0.3046130398733543,0.0,0.0,0.0
2015-05-12,8126.9501953125,8326.650390625,8115.2998046875,8326.150390625,-0.02381908107113906,-0.024107341992543527,-199.2001953125,211.3505859375,0.02600613770949449,8363.07744140625,219.95969371107438,-1.07350234086029,0.0,0.0,0.0
2015-05-13,8235.4501953125,8254.9501953125,8089.7998046875,8181.5498046875,0.013350641678914421,0.013262307208340643,53.900390625,165.150390625,0.020053595942939612,8335.832470703124,198.22766728977533,-0.5063989137494231,0.0,0.0,0.0
2015-05-14,8224.2001953125,8236.25,8137.2998046875,8232.4501953125,-0.0013660455388829762,-0.0013669794296785854,-8.25,98.9501953125,0.012031588842997532,8305.34248046875,160.96551462593632,-0.5040973238573105,0.0,0.0,0.0
2015-05-15,8262.349609375,8279.2001953125,8212.2001953125,8240.2998046875,0.004638677701966021,0.004627952191887896,22.0498046875,67.0,0.008109073467912498,8283.124951171874,130.4195740507884,-0.15929619421072386,0.0,0.0,0.0
2015-05-18,8373.650390625,8384.599609375,8271.9501953125,8284.9501953125,0.013470838987944989,0.013380913913783618,88.7001953125,112.6494140625,0.013452844196674417,8271.507470703125,108.6818828652961,0.9398339192234453,0.0,0.0,0.0
2015-05-19,8365.650390625,8427.7998046875,8335.0,8356.2001953125,-0.0009553778372400901,-0.0009558345015271625,9.4501953125,92.7998046875,0.01109295755312659,8267.385009765625,103.0486583704024,0.9535823407439795,0.0,0.0,0.0
2015-05-20,8423.25,8440.349609375,8391.4501953125,8392.650390625,0.006885251795789804,0.006861656693210339,30.599609375,48.8994140625,0.005805290601905441,8269.660009765625,106.07133782660428,1.4479876786832862,0.0,0.0,0.0
2015-05-21,8421.0,8446.349609375,8382.5,8434.5,-0.00026711779894939003,-0.0002671534812630433,-13.5,63.849609375,0.007582188501959387,8269.225,105.39614305399995,1.4400432084335133,0.0,0.0,0.0
2015-05-22,8458.9501953125,8489.5498046875,8420.599609375,8432.5,0.004506613859696085,0.004496489481834225,26.4501953125,68.9501953125,0.008151152769608282,8272.25751953125,110.07414091841807,1.696062982854609,0.0,0.0,0.0
2015-05-25,8370.25,8441.9501953125,8364.150390625,8438.150390625,-0.010485957862909845,-0.010541322896106728,-67.900390625,77.7998046875,0.009294800595860339,8275.50751953125,112.04153035007887,0.8456014495046928,0.0,0.0,0.0
2015-05-26,8339.349609375,8378.900390625,8320.0498046875,8377.099609375,-0.0036916926764433144,-0.003698523791285403,-37.75,58.8505859375,0.0070569755069796875,8281.785009765625,111.91928920622176,0.5143402894858204,0.0,0.0,0.0
2015-05-27,8334.599609375,8342.849609375,8277.9501953125,8302.75,-0.0005695887835976965,-0.0005697510609127147,31.849609375,64.8994140625,0.0077867464670407505,8284.235009765625,112.5417815732196,0.44751912494478746,0.0,0.0,0.0
2015-05-28,8319.0,8364.5,8270.150390625,8345.7001953125,-0.00187166871908917,-0.0018734224796336696,-26.7001953125,94.349609375,0.011341460436951556,8288.197509765625,112.28794276580555,0.27431698787659253,0.0,0.0,0.0
2015-05-29,8433.650390625,8443.900390625,8305.7001953125,8327.099609375,0.013781751487558669,0.01368764678319723,106.55078125,138.2001953125,0.016386758866140085,8300.805029296875,113.82263457873688,1.1671260450067118,0.0,0.0,0.0
2015-06-01,8433.400390625,8467.150390625,8405.400390625,8417.25,-2.964315431874809e-05,-2.9643593685729908e-05,16.150390625,61.75,0.0073220761661742595,8305.8775390625,117.4853074978889,1.0854365901437661,0.0,0.0,0.0
2015-06-02,8236.4501953125,8445.349609375,8226.0498046875,8442.7998046875,-0.023353592405198742,-0.02363060893126965,-206.349609375,219.2998046875,0.02662552428378759,8301.46005859375,118.39385059812206,-0.5490983100289569,0.0,0.0,0.0
2015-06-03,8135.10009765625,8236.7001953125,8094.14990234375,8232.4501953125,-0.012305070176218624,-0.012381404397236432,-97.35009765625,142.55029296875,0.017522868957668906,8303.365063476562,115.19414127565017,-1.4607076710409035,0.0,0.0,0.0
2015-06-04,8130.64990234375,8160.0498046875,8056.75,8155.14990234375,-0.0005470363313393456,-0.0005471860103022912,-24.5,103.2998046875,0.012704987415301535,8307.032568359375,107.88334756660247,-1.634938755554778,0.0,0.0,0.0
2015-06-05,8114.7001953125,8191.0,8100.14990234375,8119.14990234375,-0.001961676769116849,-0.001963603376990351,-4.44970703125,90.85009765625,0.011195742968881345,8303.192578125,113.43594850038949,-1.6616635670115816,0.0,0.0,0.0
2015-06-08,8044.14990234375,8131.0,8030.5498046875,8124.35009765625,-0.008694134258897646,-0.008732148739867544,-80.2001953125,100.4501953125,0.01248735994877877,8289.137573242188,127.14523163079,-1.9268333366196826,0.0,0.0,0.0
2015-06-09,8022.39990234375,8057.14990234375,8005.14990234375,8026.5,-0.0027038282806817193,-0.0027074902267056862,-4.10009765625,52.0,0.006481850896613638,8283.91005859375,136.00502891846168,-1.9227976960085944,0.0,0.0,0.0
2015-06-10,8124.4501953125,8152.25,8023.7998046875,8024.14990234375,0.012720668903445809,0.012640440848079765,100.30029296875,128.4501953125,0.015810324664998366,8278.36005859375,140.284115764281,-1.0971296532236305,0.0,0.0,0.0
2015-06-11,7965.35009765625,8163.0498046875,7958.25,8157.2998046875,-0.019582875620068996,-0.019777160752925255,-191.94970703125,204.7998046875,0.025711337502636693,8265.417553710937,156.54237794858858,-1.9168448824332698,0.0,0.0,0.0
2015-06-12,7982.89990234375,7995.60009765625,7940.2998046875,7959.85009765625,0.0022032684655837187,0.0022008448289133065,23.0498046875,55.30029296875,0.006927343903249249,8251.445068359375,168.82052286935516,-1.5907139810450863,0.0,0.0,0.0
2015-06-15,8013.89990234375,8057.7001953125,7944.85009765625,7986.60009765625,0.003883300602441242,0.0038757800540692557,27.2998046875,112.85009765625,0.014081795259664498,8233.457543945313,174.19431894660852,-1.2604179225205296,0.0,0.0,0.0
2015-06-16,8047.2998046875,8061.85009765625,7952.35009765625,8004.2001953125,0.004167746384501569,0.0041590853857635356,43.099609375,109.5,0.013607048657018714,8217.540014648437,176.0146457282739,-0.9671934358448151,0.0,0.0,0.0
2015-06-17,8091.5498046875,8136.85009765625,8048.9501953125,8084.2001953125,0.005498738840850059,0.005483675969067097,7.349609375,87.89990234375,0.010863172626439113,8200.955004882813,171.17206465706545,-0.6391533596004757,0.0,0.0,0.0
2015-06-18,8174.60009765625,8186.89990234375,8101.7998046875,8113.7001953125,0.010263830165222254,0.010211514727058937,60.89990234375,85.10009765625,0.010410307126907548,8188.635009765625,163.18165117524975,-0.08600790596426884,0.0,0.0,0.0
2015-06-19,8224.9501953125,8250.7998046875,8195.650390625,8201.150390625,0.006159334653041526,0.006140443483030782,23.7998046875,55.1494140625,0.006705136536137365,8176.935009765625,150.69094679777723,0.31863351161572945,0.0,0.0,0.0
2015-06-22,8353.099609375,8369.4501953125,8257.400390625,8259.2998046875,0.015580570218593381,0.015460439332762258,93.7998046875,112.0498046875,0.01341415880659944,8176.077490234375,149.57765830228112,1.1834796797184897,0.0,0.0,0.0
2015-06-23,8381.5498046875,8398.4501953125,8334.9501953125,8377.4501953125,0.003405944696333929,0.003400157603319678,4.099609375,63.5,0.007576164489828209,8178.1875,152.27538863493996,1.3354903015551263,0.0,0.0,0.0
2015-06-24,8360.849609375,8421.349609375,8338.900390625,8399.400390625,-0.002469733616678238,-0.0024727884395158908,-38.55078125,82.44921875,0.009861344552538046,8179.5,153.79999500576704,1.179126237086028,0.0,0.0,0.0
2015-06-25,8398.0,8423.150390625,8329.5,8336.25,0.00444337505883885,0.004433532413488122,61.75,93.650390625,0.011151511148487735,8183.45,158.51353600040878,1.353512169455654,0.0,0.0,0.0
2015-06-26,8381.099609375,8408.5498046875,8339.7001953125,8393.9501953125,-0.0020124304149797823,-0.0020144580738723343,-12.8505859375,68.849609375,0.00821486589874026,8180.8224609375,154.53348031011777,1.2960113758881484,0.0,0.0,0.0
2015-06-29,8318.400390625,8329.4501953125,8195.650390625,8247.0498046875,-0.00748102536329065,-0.007509148581665224,71.3505859375,133.7998046875,0.016084799769712336,8175.0724609375,146.57531930722223,0.9778449084397635,0.0,0.0,0.0
2015-06-30,8368.5,8378.0,8298.9501953125,8316.349609375,0.006022745602803914,0.006004681365091595,52.150390625,79.0498046875,0.009446113961582124,8181.674951171875,152.34608961784747,1.2263199488530747,0.0,0.0,0.0
2015-07-01,8453.0498046875,8481.599609375,8370.150390625,8376.25,0.01010334046573469,0.010052642911917523,76.7998046875,111.44921875,0.01318449805988339,8197.572436523438,163.41709353767058,1.5633454410029,0.0,0.0,0.0
2015-07-02,8444.900390625,8479.25,8433.2001953125,8471.9501953125,-0.0009640797405430224,-0.000964544764320111,-27.0498046875,46.0498046875,0.005452971918842478,8213.2849609375,171.5490731655886,1.350140956249477,0.0,0.0,0.0
2015-07-03,8484.900390625,8497.75,8424.150390625,8440.099609375,0.004736586359787687,0.004725404031422576,44.80078125,73.599609375,0.008674186612293116,8231.794970703126,180.11051899144618,1.405278388731392,0.0,0.0,0.0
2015-07-06,8522.150390625,8533.150390625,8386.150390625,8386.150390625,0.004390151714822377,0.004380543110671768,136.0,147.0,0.017249167553028747,8255.694995117188,185.53302399112692,1.4361615510592602,0.0,0.0,0.0
2015-07-07,8510.7998046875,8561.349609375,8483.849609375,8525.5,-0.0013318922357890006,-0.001332779992604704,-14.7001953125,77.5,0.00910607719351068,8280.114990234375,185.35211116566575,1.2445761367505621,0.0,0.0,0.0
2015-07-08,8363.0498046875,8457.5,8341.400390625,8439.2001953125,-0.01736029555278973,-0.017512752525573723,-76.150390625,116.099609375,0.01388244863852491,8292.044970703126,182.46165618077936,0.3891493449671645,0.0,0.0,0.0
2015-07-09,8328.5498046875,8400.2998046875,8323.0,8364.849609375,-0.004125289314989233,-0.004133821795005965,-36.2998046875,77.2998046875,0.009281304248669305,8310.204956054688,165.5231300450273,0.11082951746878002,0.0,0.0,0.0
2015-07-10,8360.5498046875,8377.099609375,8315.400390625,8365.7001953125,0.0038422055160178825,0.0038348430969963264,-5.150390625,61.69921875,0.007379803983155171,8329.087451171876,146.68894016722368,0.21448347421255862,0.0,0.0,0.0
2015-07-13,8459.650390625,8471.650390625,8355.400390625,8397.25,0.011853357524637564,0.011783656733947193,62.400390625,116.25,0.01374170262743109,8351.374975585937,129.08668517756198,0.838780660376609,0.0,0.0,0.0
2015-07-14,8454.099609375,8480.25,8424.099609375,8470.599609375,-0.0006561478304294432,-0.000656363189627265,-16.5,56.150390625,0.006641794303290817,8371.714965820312,109.16438842116636,0.7546842404030139,0.0,0.0,0.0
2015-07-15,8523.7998046875,8531.400390625,8462.9501953125,8463.400390625,0.008244543893853207,0.008210743295109776,60.3994140625,68.4501953125,0.00803047899774196,8393.327465820312,92.25698885625992,1.4142271548713707,0.0,0.0,0.0
2015-07-16,8608.0498046875,8616.099609375,8542.900390625,8546.150390625,0.009884089482447456,0.009835561378738018,61.8994140625,73.19921875,0.008503577513008752,8414.999951171874,89.02565468861611,2.1684744042697996,0.0,0.0,0.0
2015-07-17,8609.849609375,8642.9501953125,8593.150390625,8623.650390625,0.00020908390731189108,0.00020906205231804127,-13.80078125,49.7998046875,0.005784050470901899,8434.244921875,87.36670397762887,2.0099726727125318,0.0,0.0,0.0
2015-07-20,8603.4501953125,8624.099609375,8559.0,8623.900390625,-0.0007432666484129546,-0.0007435430080160121,-20.4501953125,65.099609375,0.007566686375480949,8446.762451171875,92.88871959692018,1.6868328557068424,0.0,0.0,0.0
2015-07-21,8529.4501953125,8646.75,8517.900390625,8601.5,-0.00860120048586066,-0.008638404295993872,-72.0498046875,128.849609375,0.01510643786229169,8454.157470703125,93.31012745592173,0.8069083888556697,0.0,0.0,0.0
2015-07-22,8633.5,8643.900390625,8498.650390625,8512.25,0.012198887654526924,0.012125080858812433,121.25,145.25,0.01682399953668848,8467.789990234374,98.72057639848643,1.6785761976990075,0.0,0.0,0.0
2015-07-23,8589.7998046875,8654.75,8573.7998046875,8643.9501953125,-0.005061700968610694,-0.005074554770036643,-54.150390625,80.9501953125,0.009423990914005358,8477.37998046875,100.87660145904184,1.1144291400855266,0.0,0.0,0.0
2015-07-24,8521.5498046875,8589.150390625,8513.5,8588.150390625,-0.00794547038951432,-0.00797720384261551,-66.6005859375,75.650390625,0.00887753898749574,8484.402490234375,98.68622160586585,0.3764184487828909,0.0,0.0,0.0
2015-07-27,8361.0,8492.2001953125,8351.5498046875,8492.099609375,-0.01884044667546103,-0.019020189089775028,-131.099609375,140.650390625,0.016822197180361202,8486.532470703125,95.31697190989927,-1.3170001961643063,0.0,0.0,0.0
2015-07-28,8337.0,8397.400390625,8321.75,8371.099609375,-0.002870470039468942,-0.002874597739444469,-34.099609375,75.650390625,0.00907405429111191,8484.957470703124,97.60280968283088,-1.5159140518999954,0.0,0.0,0.0
2015-07-29,8375.0498046875,8381.5,8338.4501953125,8365.599609375,0.004563968416396724,0.0045535850933296085,9.4501953125,43.0498046875,0.005140244618414699,8481.057470703125,100.46137162850027,-1.0552082287671147,0.0,0.0,0.0
2015-07-30,8421.7998046875,8458.900390625,8408.2998046875,8417.0,0.005582056356707721,0.005566534416230723,4.7998046875,50.6005859375,0.006008286484005017,8479.90244140625,101.03014435212782,-0.5751019865540351,0.0,0.0,0.0
2015-07-31,8532.849609375,8548.9501953125,8448.0,8456.099609375,0.013185994355469077,0.013099815871268341,76.75,100.9501953125,0.011830771657054229,8482.29990234375,101.72154406412497,0.4969419948972066,0.0,0.0,0.0
2015-08-03,8543.0498046875,8563.9501953125,8508.099609375,8510.650390625,0.0011954031512864116,0.0011946892258352072,32.3994140625,55.8505859375,0.006537546568773982,8483.344873046875,102.25840023456519,0.5838633452476336,0.0,0.0,0.0
2015-08-04,8516.900390625,8565.150390625,8448.25,8564.099609375,-0.00306089917070973,-0.0030655933038692055,-47.19921875,116.900390625,0.013725696587185452,8483.64990234375,102.3536610260366,0.3248588076667993,0.0,0.0,0.0
2015-08-05,8567.9501953125,8591.849609375,8545.849609375,8547.4501953125,0.005993941733038577,0.005976049525257857,20.5,46.0,0.005368845400754834,8493.894921875,99.8715263987818,0.7415053730309558,0.0,0.0,0.0
2015-08-06,8588.650390625,8606.2998046875,8551.5,8585.7998046875,0.002416003226048735,0.0024130893825477714,2.8505859375,54.7998046875,0.00638049078669183,8506.899951171876,93.967824633099,0.8699833136748885,0.0,0.0,0.0
2015-08-07,8564.599609375,8595.9501953125,8552.7001953125,8580.7998046875,-0.002800298085977815,-0.0028042262557410207,-16.2001953125,43.25,0.005049856615907368,8517.10244140625,88.13809687684443,0.5388948667126038,0.0,0.0,0.0
2015-08-10,8525.599609375,8621.5498046875,8497.7998046875,8577.0,-0.004553627931107251,-0.004564027276617137,-51.400390625,123.75,0.014515108106170136,8520.39990234375,87.10313217288035,0.059695982240107484,0.0,0.0,0.0
2015-08-11,8462.349609375,8556.25,8441.2998046875,8548.4501953125,-0.007418833032042493,-0.00744648944425946,-86.1005859375,114.9501953125,0.013583720907152385,8520.81240234375,86.79160206561785,-0.6735996522399736,0.0,0.0,0.0
2015-08-12,8349.4501953125,8446.9501953125,8337.9501953125,8445.7001953125,-0.013341379081930671,-0.013431174840318333,-96.25,109.0,0.01305475180404024,8512.094921875,94.85697091843966,-1.7146312494244116,0.0,0.0,0.0
2015-08-13,8355.849609375,8429.5,8339.75,8384.4501953125,0.0007664473603414823,0.0007661537895581861,-28.6005859375,89.75,0.01074097837990087,8499.484912109376,98.13633506008841,-1.4636301900455984,0.0,0.0,0.0
2015-08-14,8518.5498046875,8530.099609375,8381.2001953125,8402.349609375,0.01947141259339502,0.01928427002460754,116.2001953125,148.8994140625,0.017479432236290404,8494.919921875,94.79906337844464,0.24926282993079601,0.0,0.0,0.0
2015-08-17,8477.2998046875,8530.599609375,8428.0498046875,8530.5,-0.004842373519645449,-0.004854135797220708,-53.2001953125,102.5498046875,0.012096989259574772,8488.61240234375,91.33118973670511,-0.12386346536010594,0.0,0.0,0.0
2015-08-18,8466.5498046875,8525.75,8433.599609375,8505.849609375,-0.0012680924643075908,-0.001268897173926015,-39.2998046875,92.150390625,0.01088405463273611,8485.4673828125,90.93304305900988,-0.2080385466999417,0.0,0.0,0.0
2015-08-19,8495.150390625,8520.4501953125,8425.9501953125,8468.0498046875,0.0033780685872379923,0.00337237573051901,27.1005859375,94.5,0.01112399376758385,8478.54990234375,84.08348678472682,0.19742863808385416,0.0,0.0,0.0
2015-08-20,8372.75,8501.349609375,8359.75,8471.0498046875,-0.014408266481082843,-0.014513073495647132,-98.2998046875,141.599609375,0.016911959556298706,8467.697412109375,82.96865924659679,-1.1443768402617633,0.0,0.0,0.0
2015-08-21,8299.9501953125,8322.2001953125,8225.0498046875,8305.400390625,-0.008694849922367243,-0.008732870680242016,-5.4501953125,97.150390625,0.011704936576591374,8456.617431640625,89.90518372132335,-1.74258290616192,0.0,0.0,0.0
2015-08-24,7809.0,8060.0498046875,7769.39990234375,8055.9501953125,-0.05915098088055637,-0.0609725995392517,-246.9501953125,290.64990234375,0.03721986199817518,8429.017431640625,169.9235654284762,-3.648801919128756,1.0,0.0,0.0
2015-08-25,7880.7001953125,7925.39990234375,7667.25,7895.39990234375,0.009181738418811536,0.009139842514835898,-14.69970703125,258.14990234375,0.032757229173278224,8406.20244140625,209.05557709947203,-2.513696373877212,1.0,1.0,1.0
2015-08-26,7791.85009765625,7930.0498046875,7777.10009765625,7865.25,-0.011274391291918318,-0.011338429020653107,-73.39990234375,152.94970703125,0.019629446808435973,8377.042456054687,250.24542401768156,-2.3384737630890275,1.0,1.0,1.0
2015-08-27,7948.9501953125,7963.60009765625,7862.2998046875,7921.60009765625,0.02016210472317792,0.019961540867943228,27.35009765625,101.30029296875,0.012743858054172592,8353.399975585937,267.5338737421774,-1.5117703587068207,1.0,1.0,1.0
2015-08-28,8001.9501953125,8091.7998046875,7961.64990234375,8053.7001953125,0.006667547122292117,0.006645417343079588,-51.75,130.14990234375,0.016264772857495554,8326.855004882813,275.0248951396599,-1.1813650884416245,1.0,1.0,1.0
2015-08-31,7971.2998046875,8043.60009765625,7947.9501953125,8009.25,-0.003830365083121179,-0.0038377197180878234,-37.9501953125,95.64990234375,0.01199928552273286,8298.267504882813,281.0197194601138,-1.1635044715846747,1.0,1.0,1.0
2015-09-01,7785.85009765625,7929.10009765625,7746.5,7907.9501953125,-0.023264675971940818,-0.02353957047024599,-122.10009765625,182.60009765625,0.023452814447483074,8261.714990234375,298.10975599263105,-1.596274133979997,1.0,1.0,1.0
2015-09-02,7717.0,7862.5498046875,7699.25,7856.64990234375,-0.0088429775544967,-0.008882308721944062,-139.64990234375,163.2998046875,0.02116104764642996,8219.16748046875,312.4813858669627,-1.6070316607036081,1.0,1.0,1.0
2015-09-03,7823.0,7845.60009765625,7754.0498046875,7774.4501953125,0.013735907736166952,0.01364242522747763,48.5498046875,91.55029296875,0.011702709059024671,8180.8849609375,311.7326570032351,-1.1480509112453565,1.0,1.0,1.0
2015-09-04,7655.0498046875,7804.89990234375,7626.85009765625,7803.39990234375,-0.021468770971813878,-0.021702577450189775,-148.35009765625,178.0498046875,0.023259130799968514,8135.407470703125,319.0668447673652,-1.5055079331914243,1.0,1.0,1.0
2015-09-07,7558.7998046875,7705.0498046875,7545.89990234375,7685.85009765625,-0.01257339958011272,-0.012653113658095735,-127.05029296875,159.14990234375,0.021054916978361444,8087.06748046875,329.8931868184729,-1.6013294511351468,1.0,1.0,1.0
2015-09-08,7688.25,7720.89990234375,7539.5,7587.7001953125,0.017125760525132927,0.016980767754825463,100.5498046875,181.39990234375,0.023594433368289272,8048.3625,328.9551221723449,-1.0947161960023575,1.0,1.0,1.0
2015-09-09,7818.60009765625,7846.0498046875,7764.5498046875,7805.85009765625,0.01695445617094271,0.016812333537542277,12.75,81.5,0.010423860919096108,8021.819995117187,324.7723774242447,-0.6257302393530672,1.0,1.0,1.0
2015-09-10,7788.10009765625,7819.85009765625,7678.5,7729.0498046875,-0.0039009540862875447,-0.003908582653268309,59.05029296875,141.35009765625,0.018149496781479205,7993.43251953125,318.79683990073596,-0.6440854995267045,1.0,1.0,1.0
2015-09-11,7789.2998046875,7864.85009765625,7759.89990234375,7833.7998046875,0.00015404360706794407,0.00015403174356981987,-44.5,104.9501953125,0.013473636648231504,7956.97001953125,296.49964954783843,-0.5654988634875173,1.0,1.0,1.0
2015-09-14,7872.25,7879.9501953125,7761.85009765625,7811.10009765625,0.010649249276883932,0.010592945398427487,61.14990234375,118.10009765625,0.015002076618025342,7926.717529296875,270.32718329528035,-0.20148742953970605,0.0,1.0,1.0
2015-09-15,7829.10009765625,7880.0,7799.75,7867.35009765625,-0.005481266771729776,-0.00549634403468119,-38.25,80.25,0.010250220203982825,7894.845043945313,239.10492141975845,-0.27496274814705607,0.0,0.0,0.0
2015-09-16,7899.14990234375,7913.89990234375,7853.2998046875,7886.85009765625,0.008947363530129149,0.008907573043561995,12.2998046875,60.60009765625,0.007671723970989511,7865.04501953125,193.0562092879293,0.17665778758576683,0.0,0.0,0.0
2015-09-18,7981.89990234375,8055.0,7955.85009765625,7967.4501953125,0.010475810818002973,0.010421319740291772,14.44970703125,99.14990234375,0.01242184236294874,7845.502514648438,154.98655721848368,0.8800594718871888,0.0,0.0,0.0
2015-09-21,7977.10009765625,7987.89990234375,7908.35009765625,7911.5,-0.0006013361162410247,-0.0006015169913181517,65.60009765625,79.5498046875,0.009972271090201377,7829.360009765625,117.42398337581962,1.2581764273638822,0.0,0.0,0.0
2015-09-22,7812.0,8021.60009765625,7787.75,8014.7998046875,-0.02069675641963653,-0.020913936119176794,-202.7998046875,233.85009765625,0.029934728322612646,7829.510009765625,117.39851956083886,-0.14915017524178295,0.0,0.0,0.0
2015-09-23,7845.9501953125,7882.89990234375,7723.25,7737.35009765625,0.004345903137800811,0.004336486972064778,108.60009765625,159.64990234375,0.020348064717404343,7827.772509765625,116.85693051670832,0.1555550489517275,0.0,0.0,0.0
2015-09-24,7868.5,7894.5,7804.10009765625,7838.39990234375,0.002874069312977845,0.0028699470722847766,30.10009765625,90.39990234375,0.011488835526942874,7831.605004882813,116.87371735936064,0.3156825670543468,0.0,0.0,0.0
2015-09-28,7795.7001953125,7893.9501953125,7787.9501953125,7892.7998046875,-0.009252056260723118,-0.009295122372462671,-97.099609375,106.0,0.013597239163165492,7823.9425048828125,113.75755241251143,-0.24826755649505622,0.0,0.0,0.0
2015-09-29,7843.2998046875,7926.5498046875,7691.2001953125,7725.7001953125,0.006105879931557867,0.006087314580231289,117.599609375,235.349609375,0.03000645330863736,7816.009985351562,105.95537883273154,0.2575595466372637,0.0,0.0,0.0
2015-09-30,7948.89990234375,7957.7001953125,7874.5,7924.25,0.013463733413981993,0.01337390276102144,24.64990234375,83.2001953125,0.010466881749003815,7814.889990234375,104.33347800902074,1.284438271077178,0.0,0.0,0.0
2015-10-01,7950.89990234375,8008.25,7930.64990234375,7992.0498046875,0.00025160714370175974,0.0002515754959328041,-41.14990234375,77.60009765625,0.009759913797100526,7823.14248046875,108.36520294220445,1.178952453428596,0.0,0.0,0.0
2015-10-05,8119.2998046875,8128.89990234375,8005.10009765625,8005.10009765625,0.02117998017986733,0.02095880198216427,114.19970703125,123.7998046875,0.01524759618015668,7843.257470703125,123.85645444608885,2.2287278868016354,0.0,0.0,0.0
2015-10-06,8152.89990234375,8180.9501953125,8096.5,8180.4501953125,0.004138299910646515,0.004129760698013392,-27.55029296875,84.4501953125,0.01035830150302995,7859.752465820313,141.69915832418627,2.0688015369347506,0.0,0.0,0.0
2015-10-07,8177.39990234375,8188.89990234375,8132.89990234375,8146.2001953125,0.0030050657181448504,0.003000559533489925,31.19970703125,56.0,0.006848142523144755,7885.869970703125,149.88567768993505,1.945015268528234,0.0,0.0,0.0
2015-10-08,8129.35009765625,8196.75,8105.85009765625,8196.75,-0.005875926976951273,-0.00589325816039762,-67.39990234375,90.89990234375,0.011181693647313466,7914.397485351563,138.19892375963965,1.555385573613729,0.0,0.0,0.0
2015-10-09,8189.7001953125,8232.2001953125,8139.64990234375,8186.35009765625,0.00742372968703231,0.007396309429230271,3.35009765625,92.55029296875,0.011300815751683142,7939.469995117188,140.47966515144515,1.7812556708869545,0.0,0.0,0.0
2015-10-12,8143.60009765625,8244.5,8128.2001953125,8231.5,-0.005629033610123568,-0.005644936325841478,-87.89990234375,116.2998046875,0.014281129143481812,7955.719995117188,144.50177685131712,1.3001923341910078,0.0,0.0,0.0
2015-10-13,8131.7001953125,8150.25,8088.60009765625,8121.9501953125,-0.0014612581906097155,-0.0014623268695636497,9.75,61.64990234375,0.007581428343766036,7972.9,143.9488315945094,1.1031711306961205,0.0,0.0,0.0
2015-10-14,8107.89990234375,8139.2998046875,8096.35009765625,8102.39990234375,-0.002926853228365389,-0.002931144839264699,5.5,42.94970703125,0.005297266560830941,7988.830004882812,140.13991073468176,0.8496501591639042,0.0,0.0,0.0
2015-10-15,8179.5,8190.5498046875,8129.7998046875,8134.35009765625,0.008830905477206663,0.008792141080753622,45.14990234375,60.75,0.007427104346231432,8004.1925048828125,143.4882570673471,1.2217549972392923,0.0,0.0,0.0
2015-10-16,8238.150390625,8246.400390625,8147.64990234375,8193.650390625,0.007170412693318751,0.007144827515608405,44.5,98.75048828125,0.011986973240210311,8024.64501953125,146.34162492569163,1.458951758955542,0.0,0.0,0.0
2015-10-19,8275.0498046875,8283.0498046875,8239.2001953125,8262.5498046875,0.004479089639404021,0.00446908837067067,12.5,43.849609375,0.005299014557007363,8043.440014648438,153.34688020337953,1.5103651912049658,0.0,0.0,0.0
2015-10-20,8261.650390625,8294.0498046875,8229.2001953125,8280.2998046875,-0.0016192547934769097,-0.0016205672034621203,-18.6494140625,64.849609375,0.007849473931817402,8057.4275390625,160.05025751319496,1.275992021104143,0.0,0.0,0.0
2015-10-21,8251.7001953125,8294.400390625,8217.150390625,8258.349609375,-0.001204383487806604,-0.0012051093404612868,-6.6494140625,77.25,0.009361707062973883,8071.157543945313,164.51279267369634,1.0974383720133272,0.0,0.0,0.0
2015-10-23,8295.4501953125,8328.099609375,8280.75,8308.25,0.005301937657024025,0.005287931868963474,-12.7998046875,47.349609375,0.005707901109665608,8095.330053710937,159.88204145537736,1.2516736700376436,0.0,0.0,0.0
2015-10-26,8260.5498046875,8336.2998046875,8252.0498046875,8333.650390625,-0.004207172582956553,-0.004216047634858218,-73.1005859375,84.25,0.010199078994983096,8116.060034179687,152.55640664358853,0.9471235832486443,0.0,0.0,0.0
2015-10-27,8232.900390625,8241.9501953125,8217.0498046875,8230.349609375,-0.0033471638954116756,-0.003352778179937369,2.55078125,24.900390625,0.00302449798291677,8134.280053710938,142.88788447938893,0.690193834651445,0.0,0.0,0.0
2015-10-28,8171.2001953125,8209.099609375,8131.7998046875,8188.89990234375,-0.007494344931314734,-0.007522568634822207,-17.69970703125,77.2998046875,0.00946003069804163,8153.0550537109375,118.6766431442307,0.15289564248552476,0.0,0.0,0.0
2015-10-29,8111.75,8179.60009765625,8098.0,8175.4501953125,-0.00727557689096936,-0.0073021729802976425,-63.7001953125,81.60009765625,0.010059493655037445,8166.477563476563,94.52186734685753,-0.57899367641283,0.0,0.0,0.0
2015-10-30,8065.7998046875,8146.10009765625,8044.39990234375,8123.5498046875,-0.005664646384873739,-0.005680751342262694,-57.75,101.7001953125,0.012608817200421485,8172.32255859375,83.30855072697973,-1.2786533072139028,0.0,0.0,0.0
2015-11-02,8050.7998046875,8060.7001953125,7995.60009765625,8054.5498046875,-0.0018597039801661053,-0.0018614353765358403,-3.75,65.10009765625,0.008086165255077651,8177.317553710937,71.49043563269706,-1.7697157375492734,0.0,0.0,0.0
2015-11-03,8060.7001953125,8100.35009765625,8031.75,8086.35009765625,0.0012297400090901522,0.0012289844981697455,-25.64990234375,68.60009765625,0.00851043904301796,8174.3875732421875,75.10295344926318,-1.5137537567878812,0.0,0.0,0.0
2015-11-04,8040.2001953125,8116.10009765625,8027.2998046875,8104.89990234375,-0.0025432033822472278,-0.0025464428174963505,-64.69970703125,88.80029296875,0.011044537550261656,8168.752587890625,80.8110498945083,-1.5907774091035716,0.0,0.0,0.0
2015-11-05,7955.4501953125,8031.2001953125,7944.10009765625,8030.35009765625,-0.010540782311541208,-0.010596729858654794,-74.89990234375,87.10009765625,0.010948481294945571,8157.655102539063,93.76289831993702,-2.156555640340817,1.0,0.0,0.0
2015-11-06,7954.2998046875,8002.64990234375,7926.14990234375,7956.5498046875,-0.00014460408861305396,-0.00014461454479229208,-2.25,76.5,0.009617439860001034,8148.902587890625,104.14014204937173,-1.8686625481158445,1.0,1.0,1.0
2015-11-09,7915.2001953125,7937.75,7771.7001953125,7788.25,-0.004915531264230055,-0.004927652224989373,126.9501953125,166.0498046875,0.020978598214842017,8135.177587890625,115.90446736783205,-1.8979198781010647,1.0,1.0,1.0
2015-11-10,7783.35009765625,7885.10009765625,7772.85009765625,7877.60009765625,-0.01665783484975325,-0.016798136847989233,-94.25,112.25,0.014421810478986564,8117.165087890625,140.0123503292075,-2.384182462829058,1.0,1.0,1.0
2015-11-13,7762.25,7775.10009765625,7730.89990234375,7762.4501953125,-0.002710927478722036,-0.0027146086971354118,-0.2001953125,44.2001953125,0.005694250418693034,8098.692578125,160.8193632903718,-2.0920526685429484,1.0,1.0,1.0
2015-11-16,7806.60009765625,7838.85009765625,7714.14990234375,7732.9501953125,0.005713562131630656,0.005697301642988936,73.64990234375,124.7001953125,0.015973688129604376,8083.627587890625,173.5221278601507,-1.596496617754966,1.0,1.0,1.0
2015-11-17,7837.5498046875,7860.4501953125,7793.0,7848.75,0.00396455648349936,0.0039567183391247835,-11.2001953125,67.4501953125,0.008606030837872217,8066.530078125,180.29287685727232,-1.2700461461867434,1.0,1.0,1.0
2015-11-18,7731.7998046875,7843.39990234375,7725.0498046875,7823.14990234375,-0.01349273722468125,-0.013584591382027576,-91.35009765625,118.35009765625,0.015306927319108647,8041.212548828125,190.20434799985478,-1.626738544067676,1.0,1.0,1.0
2015-11-19,7842.75,7854.89990234375,7765.4501953125,7788.5,0.014349853606560714,0.014247868942778304,54.25,89.44970703125,0.01140540078814829,8019.59755859375,186.76463529855195,-0.9469006715915533,1.0,1.0,1.0
2015-11-20,7856.5498046875,7906.9501953125,7817.7998046875,7841.89990234375,0.0017595619760288894,0.0017580157603643014,14.64990234375,89.150390625,0.011347269837430379,7999.342529296875,181.01020955343688,-0.7888655836687515,1.0,1.0,1.0
2015-11-23,7849.25,7877.5,7825.2001953125,7869.5,-0.0009291361817810317,-0.0009295680963622142,-20.25,52.2998046875,0.006663032097015639,7979.22001953125,173.70184543720652,-0.7482362619931645,1.0,1.0,1.0
2015-11-24,7831.60009765625,7870.35009765625,7812.64990234375,7837.0,-0.002248610038379506,-0.0022511419581774496,-5.39990234375,57.7001953125,0.0073676125686968925,7956.027514648437,159.65531337070973,-0.7793503038841844,1.0,1.0,1.0
2015-11-26,7883.7998046875,7897.10009765625,7832.0,7837.14990234375,0.006665267171503286,0.006643152490718722,46.64990234375,65.10009765625,0.008257451897439505,7937.190014648438,143.21359673267207,-0.3728012645377371,0.0,1.0,1.0
2015-11-27,7942.7001953125,7959.2998046875,7879.4501953125,7910.60009765625,0.0074710662477730505,0.007443296061827621,32.10009765625,79.849609375,0.010053207021728506,7922.680004882813,125.25079671053308,0.159840823016527,0.0,0.0,0.0
2015-11-30,7935.25,7966.0,7922.7998046875,7936.25,-0.0009379927643368147,-0.000938432954834984,-1.0,43.2001953125,0.005444087497243313,7910.882495117187,110.90051835303893,0.21972399448343025,0.0,0.0,0.0
2015-12-01,7954.89990234375,7972.14990234375,7934.14990234375,7958.14990234375,0.0024762801857218797,0.0024732192560477395,-3.25,38.0,0.004776930001193864,7903.039990234375,101.05737151498764,0.5131729762205776,0.0,0.0,0.0
2015-12-02,7931.35009765625,7979.2998046875,7910.7998046875,7976.7001953125,-0.00296041496142041,-0.0029648056574549755,-45.35009765625,68.5,0.00863661282840636,7896.3175048828125,93.87733407518955,0.3731741332298455,0.0,0.0,0.0
2015-12-03,7864.14990234375,7912.2998046875,7853.2998046875,7902.2998046875,-0.008472730932953976,-0.008508828559286395,-38.14990234375,59.0,0.0075024002254097735,7886.985009765625,86.71616968325011,-0.26333159669396855,0.0,0.0,0.0
2015-12-04,7781.89990234375,7821.39990234375,7775.7001953125,7817.60009765625,-0.010458854551524621,-0.010513932743920033,-35.7001953125,45.69970703125,0.005872564232994847,7873.044995117188,79.4234558852803,-1.1475840701906521,0.0,0.0,0.0
2015-12-07,7765.39990234375,7825.39990234375,7746.0498046875,7816.5498046875,-0.0021203048364873966,-0.0021225558652615325,-51.14990234375,79.35009765625,0.01021841742268812,7859.30498046875,72.44760958082698,-1.2961791102332172,0.0,0.0,0.0
2015-12-08,7701.7001953125,7771.25,7685.4501953125,7738.5,-0.00820301695113268,-0.008236846826399094,-36.7998046875,85.7998046875,0.011140371932384553,7846.61748046875,76.81158745758843,-1.886659161109852,0.0,0.0,0.0
2015-12-09,7612.5,7702.85009765625,7606.89990234375,7695.5,-0.011581883616657795,-0.011649476035916928,-83.0,95.9501953125,0.012604294950738917,7829.527490234375,88.69656605677247,-2.446853355015587,1.0,0.0,0.0
2015-12-10,7683.2998046875,7691.9501953125,7610.0,7643.2998046875,0.00930046695402309,0.009257483913935133,40.0,81.9501953125,0.0106660155656692,7817.932470703125,92.00353821611448,-1.463342265156968,1.0,1.0,1.0
2015-12-11,7610.4501953125,7703.0498046875,7575.2998046875,7699.60009765625,-0.00948155235730297,-0.009526788440796045,-89.14990234375,127.75,0.016786129167323766,7809.2874755859375,102.90174288984598,-1.9323023564944704,1.0,1.0,1.0
2015-12-14,7650.0498046875,7663.9501953125,7551.0498046875,7558.2001953125,0.005203320218742258,0.0051898297247641055,91.849609375,112.900390625,0.014758124915189609,7803.677465820312,108.50691771249213,-1.4158328738069514,1.0,1.0,1.0
2015-12-15,7700.89990234375,7705.0,7625.10009765625,7659.14990234375,0.006647028314128445,0.006625034231155874,41.75,79.89990234375,0.010375398116710056,7798.3924560546875,110.90473195986989,-0.8790657710278269,1.0,1.0,1.0
2015-12-16,7750.89990234375,7776.60009765625,7715.75,7725.25,0.006492747683265243,0.006471760590641962,25.64990234375,60.85009765625,0.007850713907149013,7794.0599609375,110.98699930455277,-0.3888749030444317,0.0,1.0,1.0
2015-12-17,7844.35009765625,7852.89990234375,7737.5498046875,7783.0498046875,0.012056689737954374,0.011984586823973591,61.30029296875,115.35009765625,0.01470486352855599,7799.687475585937,110.51638569877683,0.40412669838882703,0.0,0.0,0.0
2015-12-18,7761.9501953125,7836.14990234375,7753.35009765625,7828.89990234375,-0.010504363180879661,-0.010559923429662535,-66.94970703125,82.7998046875,0.010667397059247227,7795.647485351563,110.33605354889383,-0.3054059752475232,0.0,0.0,0.0
2015-12-21,7834.4501953125,7840.75,7733.4501953125,7745.64990234375,0.009340436124388285,0.009297083993681328,88.80029296875,107.2998046875,0.013695894671932373,7794.542504882813,109.80340990420652,0.3634467314312275,0.0,0.0,0.0
2015-12-22,7786.10009765625,7846.2998046875,7776.85009765625,7829.39990234375,-0.006171472975241898,-0.006190595230165718,-43.2998046875,69.44970703125,0.008919703851759568,7791.385009765625,109.0528496731151,-0.048461934972047725,0.0,0.0,0.0
2015-12-23,7865.9501953125,7871.4501953125,7826.10009765625,7830.4501953125,0.01025546764808305,0.010203237135106905,35.5,45.35009765625,0.005765368014060801,7793.102514648437,109.98604542009032,0.6623356661822148,0.0,0.0,0.0
2015-12-24,7861.0498046875,7888.75,7835.5,7888.75,-0.0006229877514251081,-0.0006231818889286995,-27.7001953125,53.25,0.006773904417734044,7791.965014648437,109.11284145422354,0.6331499493397946,0.0,0.0,0.0
2015-12-28,7925.14990234375,7937.2001953125,7863.0,7863.2001953125,0.008154139618607559,0.008121074246974173,61.94970703125,74.2001953125,0.009362623575177594,7791.0875,107.9006244105383,1.242461784407032,0.0,0.0,0.0
2015-12-29,7928.9501953125,7942.14990234375,7902.75,7929.2001953125,0.0004795231655652099,0.0004794082310730862,-0.25,39.39990234375,0.0049691196656832005,7790.772509765625,107.46594618299451,1.285781128391912,0.0,0.0,0.0
2015-12-30,7896.25,7944.75,7889.85009765625,7938.60009765625,-0.004124151937772491,-0.004132679706995248,-42.35009765625,54.89990234375,0.006952655037992718,7787.840014648437,103.47778088238671,1.0476643819293143,0.0,0.0,0.0
2015-12-31,7946.35009765625,7955.5498046875,7891.14990234375,7897.7998046875,0.006344796283837217,0.006324752800432643,48.55029296875,64.39990234375,0.008104337406773021,7788.590014648437,104.62072454466328,1.507923823835342,0.0,0.0,0.0
2016-01-04,7791.2998046875,7937.5498046875,7781.10009765625,7924.5498046875,-0.01951213966956744,-0.019705014523420224,-133.25,156.44970703125,0.02008005223173735,7784.947509765625,103.10881160411824,0.06160768243808645,0.0,0.0,0.0
2016-01-05,7784.64990234375,7831.2001953125,7763.25,7828.39990234375,-0.0008535035886758635,-0.0008538680302466864,-43.75,67.9501953125,0.008728741326188864,7785.085009765625,103.1063671810093,-0.004219985959848255,0.0,0.0,0.0
2016-01-06,7741.0,7800.9501953125,7721.2001953125,7788.0498046875,-0.005607176031205752,-0.005622955254962513,-47.0498046875,79.75,0.010302286526288593,7783.865014648438,103.49516972764896,-0.4141740601154489,0.0,0.0,0.0
2016-01-07,7568.2998046875,7674.9501953125,7556.60009765625,7673.35009765625,-0.022309804329221028,-0.022562432473354942,-105.05029296875,118.35009765625,0.01563760695406764,7777.194995117187,112.93716743584119,-1.8496584886313818,0.0,0.0,0.0
2016-01-08,7601.35009765625,7634.10009765625,7581.0498046875,7611.64990234375,0.004366937597831466,0.004357430194614917,-10.2998046875,53.05029296875,0.006979061914949448,7776.6375,113.81703750698837,-1.5400805203086327,0.0,0.0,0.0
2016-01-11,7563.85009765625,7605.10009765625,7494.35009765625,7527.4501953125,-0.00493333414699082,-0.00494554321070581,36.39990234375,110.75,0.014642014129063349,7770.665014648437,121.82497888254888,-1.6976396703633072,0.0,0.0,0.0
2016-01-12,7510.2998046875,7588.2998046875,7487.7998046875,7587.2001953125,-0.007079766557687717,-0.007104947023205757,-76.900390625,100.5,0.013381622919670084,7765.657495117188,130.50608642813626,-1.9566726535034187,0.0,0.0,0.0
2016-01-13,7562.39990234375,7590.9501953125,7425.7998046875,7557.89990234375,0.006937152844914696,0.00691320150571891,4.5,165.150390625,0.021838357235487684,7761.275,135.95071068231385,-1.4628470616897022,0.0,0.0,0.0
2016-01-14,7536.7998046875,7604.7998046875,7443.7998046875,7467.39990234375,-0.003385181686611949,-0.0033909243778356985,69.39990234375,161.0,0.021361851737108146,7753.069995117187,144.47123876153233,-1.496977476511211,0.0,0.0,0.0
2016-01-15,7437.7998046875,7566.5,7427.2998046875,7561.64990234375,-0.013135548583687595,-0.013222582904531205,-123.85009765625,139.2001953125,0.018715238238164508,7737.414990234375,160.76393904857275,-1.8636964689970075,0.0,0.0,0.0
2016-01-18,7351.0,7463.64990234375,7336.39990234375,7420.35009765625,-0.01167009155487031,-0.01173872154132596,-69.35009765625,127.25,0.017310569990477486,7712.747485351562,180.17061349928778,-2.0078051482740404,1.0,0.0,0.0
2016-01-19,7435.10009765625,7462.75,7364.14990234375,7381.7998046875,0.011440633608522655,0.011375684463334866,53.30029296875,98.60009765625,0.013261435133513735,7696.40498046875,190.0267523153852,-1.3750952412153814,1.0,1.0,1.0
2016-01-20,7309.2998046875,7470.89990234375,7241.5,7357.0,-0.01691978471256972,-0.017064559633827973,-47.7001953125,229.39990234375,0.031384661797103246,7670.1474609375,205.5925908008386,-1.755158854919825,1.0,1.0,1.0
2016-01-21,7276.7998046875,7398.7001953125,7250.0,7376.64990234375,-0.004446390334017725,-0.004456304927870771,-99.85009765625,148.7001953125,0.02043483389727332,7644.682446289063,221.40769488675448,-1.6615621322001801,1.0,1.0,1.0
2016-01-22,7422.4501953125,7433.39990234375,7327.60009765625,7355.7001953125,0.020015720445019758,0.019818039378412727,66.75,105.7998046875,0.01425402689186325,7622.5074462890625,220.28678961066205,-0.9081672638207061,1.0,1.0,1.0
2016-01-25,7436.14990234375,7487.14990234375,7421.2001953125,7468.75,0.0018457122204607046,0.0018440109866640082,-32.60009765625,65.94970703125,0.008868797414971928,7601.262451171875,216.527475459318,-0.7625477943520704,1.0,1.0,1.0
2016-01-27,7437.75,7477.89990234375,7419.7001953125,7469.60009765625,0.00021517824106065397,0.00021515509354344282,-31.85009765625,58.19970703125,0.007824907671170717,7576.8924560546875,205.2923605070165,-0.6777770770965045,1.0,1.0,1.0
2016-01-28,7424.64990234375,7468.85009765625,7409.60009765625,7426.5,-0.001761298464757477,-0.0017628513745914778,-1.85009765625,59.25,0.007980174254586261,7551.67744140625,190.18983819262533,-0.6678986651949615,1.0,1.0,1.0
2016-01-29,7563.5498046875,7575.64990234375,7402.7998046875,7413.35009765625,0.018707939656508632,0.018535098493895702,150.19970703125,172.85009765625,0.022853038866634603,7535.042431640625,172.16081074314374,0.16558572722689224,0.0,1.0,1.0
2016-02-01,7555.9501953125,7600.4501953125,7541.25,7589.5,-0.0010047675458274563,-0.001005272663116682,-33.5498046875,59.2001953125,0.007834910736868825,7515.522436523437,142.67926575107165,0.2833471182813345,0.0,0.0,0.0
2016-02-02,7455.5498046875,7576.2998046875,7428.0498046875,7566.64990234375,-0.013287592960483763,-0.013376662920665904,-111.10009765625,148.25,0.01988451608314538,7498.734936523438,127.46459596850423,-0.3388009941725974,0.0,0.0,0.0
2016-02-03,7361.7998046875,7419.39990234375,7350.2998046875,7392.4501953125,-0.01257452534768888,-0.012654253761286621,-30.650390625,69.10009765625,0.009386304910417653,7477.592431640625,111.62931931393753,-1.0372958257272828,0.0,0.0,0.0
2016-02-04,7404.0,7457.0498046875,7365.9501953125,7411.4501953125,0.005732320415128722,0.00571595318480905,-7.4501953125,91.099609375,0.012304107154916262,7460.742431640625,93.78442318343696,-0.6050304487093774,0.0,0.0,0.0
2016-02-05,7489.10009765625,7503.14990234375,7406.64990234375,7418.25,0.011493800331746407,0.011428248424226505,70.85009765625,96.5,0.012885393270441149,7456.782446289062,90.62263620164182,0.35661786857842875,0.0,0.0,0.0
2016-02-08,7387.25,7512.5498046875,7363.2001953125,7489.7001953125,-0.013599777854234385,-0.013693101923425259,-102.4501953125,149.349609375,0.020217213357474027,7446.07744140625,85.12523106850585,-0.6910693888032741,0.0,0.0,0.0
2016-02-09,7298.2001953125,7323.4501953125,7275.14990234375,7303.9501953125,-0.012054527014450533,-0.012127772043135017,-5.75,48.30029296875,0.0066181101745841926,7432.794946289063,86.49568962372534,-1.556086223048555,0.0,0.0,0.0
2016-02-10,7215.7001953125,7271.85009765625,7177.75,7264.2998046875,-0.011304156886925099,-0.011368534484495037,-48.599609375,94.10009765625,0.01304102098329692,7418.064965820313,97.04374040395437,-2.0852944215201212,1.0,0.0,0.0
2016-02-11,6976.35009765625,7208.64990234375,6959.9501953125,7203.60009765625,-0.03317073758299127,-0.03373336331978199,-227.25,248.69970703125,0.03564897167571941,7388.762475585938,132.98970986260738,-3.101084876083676,1.0,1.0,1.0
2016-02-12,6980.9501953125,7034.7998046875,6869.0,7023.64990234375,0.0006593845767279838,0.0006591672782349067,-42.69970703125,165.7998046875,0.023750320522101652,7360.969995117188,156.4383788857536,-2.4291980172091594,1.0,1.0,1.0
2016-02-15,7162.9501953125,7182.7998046875,7056.7998046875,7057.35009765625,0.02607094949942601,0.02573689591661371,105.60009765625,126.0,0.017590517393581147,7347.227514648437,161.3297159084705,-1.1422404006493498,1.0,1.0,1.0
2016-02-16,7048.25,7204.64990234375,7037.7001953125,7201.25,-0.016012982386442,-0.01614257549907488,-153.0,166.94970703125,0.023686689182598517,7332.090014648437,174.61366558350844,-1.6255315052228356,1.0,1.0,1.0
2016-02-17,7108.4501953125,7123.7001953125,6960.64990234375,7058.85009765625,0.008541154940942874,0.008504885651830765,49.60009765625,163.05029296875,0.022937530472713963,7315.75751953125,179.67476400985612,-1.1537921052028113,1.0,1.0,1.0
2016-02-18,7191.75,7215.10009765625,7127.85009765625,7177.39990234375,0.011718419964794835,0.011650291007518507,14.35009765625,87.25,0.012131956756005145,7309.880029296875,181.80710723878104,-0.6497547378152068,1.0,1.0,1.0
2016-02-19,7210.75,7226.85009765625,7145.9501953125,7170.5498046875,0.0026419160844022294,0.002638432358562314,40.2001953125,80.89990234375,0.011219346440210796,7306.5775390625,183.03537093045972,-0.523546561385165,1.0,1.0,1.0
2016-02-22,7234.5498046875,7252.39990234375,7200.7001953125,7208.85009765625,0.0033006004489823937,0.0032951654232690796,25.69970703125,51.69970703125,0.007146223113669365,7297.18251953125,181.59138448063504,-0.34491016753291803,0.0,1.0,1.0
2016-02-23,7109.5498046875,7241.7001953125,7090.7001953125,7240.2998046875,-0.017278200216274464,-0.017429210300505937,-130.75,151.0,0.021239038215955953,7280.852514648437,183.11542354176348,-0.9354903407241816,0.0,0.0,0.0
2016-02-24,7018.7001953125,7090.7998046875,7009.75,7075.0,-0.012778531956425754,-0.0128608796700014,-56.2998046875,81.0498046875,0.011547694363926502,7259.9000244140625,188.12380989262942,-1.2821334483881965,0.0,0.0,0.0
2016-02-25,6970.60009765625,7034.2001953125,6961.39990234375,7029.85009765625,-0.006853134671341854,-0.006876725240095017,-59.25,72.80029296875,0.010443906112649885,7237.197534179688,194.48510336800877,-1.3707858952002954,0.0,0.0,0.0
2016-02-26,7029.75,7052.89990234375,6985.10009765625,7039.2998046875,0.008485625558068977,0.008449825021575584,-9.5498046875,67.7998046875,0.009644696424126036,7210.507543945312,183.66821009731012,-0.9841525860656242,0.0,0.0,0.0
2016-02-29,6987.0498046875,7094.60009765625,6825.7998046875,7050.4501953125,-0.006074212498666354,-0.006092735574228962,-63.400390625,268.80029296875,0.038471214673239655,7182.062524414063,170.96730523616424,-1.1406433496578992,0.0,0.0,0.0
2016-03-01,7222.2998046875,7235.5,7035.10009765625,7038.25,0.03366943224623564,0.03311502695088197,184.0498046875,200.39990234375,0.02774738071849138,7170.4000244140625,158.85611461518786,0.3267093646294902,0.0,0.0,0.0
2016-03-02,7368.85009765625,7380.35009765625,7308.14990234375,7321.7001953125,0.020291361052837242,0.02008823459754814,47.14990234375,72.2001953125,0.00979802742024351,7170.7525390625,159.31037370187704,1.2434692982671494,0.0,0.0,0.0
2016-03-03,7475.60009765625,7483.9501953125,7406.0498046875,7429.5498046875,0.014486656477644022,0.014382727390574045,46.05029296875,77.900390625,0.01042062036590525,7174.332543945313,165.51155715079915,1.8202206474104368,0.0,0.0,0.0
2016-03-04,7485.35009765625,7505.89990234375,7444.10009765625,7505.39990234375,0.0013042431206367056,0.0013033933343828406,-20.0498046875,61.7998046875,0.00825610076766486,7174.145043945313,165.13790699089412,1.8845161561124624,0.0,0.0,0.0
2016-03-08,7485.2998046875,7527.14990234375,7442.14990234375,7486.39990234375,-6.71885323921817e-06,-6.718875810813698e-06,-1.10009765625,85.0,0.011355590586601577,7179.047534179687,173.06264652291998,1.7696035317895904,0.0,0.0,0.0
2016-03-09,7531.7998046875,7539.0,7424.2998046875,7436.10009765625,0.006212176026787919,0.006192960002448895,95.69970703125,114.7001953125,0.015228789703241322,7190.727514648437,188.70351036078918,1.8074506901697494,0.0,0.0,0.0
2016-03-10,7486.14990234375,7547.10009765625,7447.39990234375,7545.35009765625,-0.006060955352974129,-0.006079397498643517,-59.2001953125,99.7001953125,0.01331795336896554,7204.25,199.94273940800775,1.4099031711699146,0.0,0.0,0.0
2016-03-11,7510.2001953125,7543.9501953125,7460.60009765625,7484.85009765625,0.0032126384433233124,0.0032074889464729544,25.35009765625,83.35009765625,0.011098252441828788,7230.9425048828125,203.51933077496196,1.3721433210610934,0.0,0.0,0.0
2016-03-14,7538.75,7583.7001953125,7515.0498046875,7542.60009765625,0.0038014705260878134,0.0037942631968658764,-3.85009765625,68.650390625,0.009106336013928039,7258.832495117187,205.6663765067908,1.3610270654696461,0.0,0.0,0.0
2016-03-15,7460.60009765625,7545.2001953125,7452.7998046875,7535.85009765625,-0.010366427105786724,-0.010420532757604035,-75.25,92.400390625,0.012385115059849893,7273.714990234375,209.10353603739375,0.8937443668501818,0.0,0.0,0.0
2016-03-16,7498.75,7508.0,7405.14990234375,7457.0498046875,0.005113516586384925,0.005100486959710426,41.7001953125,102.85009765625,0.013715632292882148,7296.239990234375,207.79801277889771,0.9745521964211502,0.0,0.0,0.0
2016-03-17,7512.5498046875,7585.2998046875,7479.39990234375,7557.39990234375,0.0018402806717785491,0.0018385894298917032,-44.85009765625,105.89990234375,0.014096399371312403,7316.444970703125,208.22310557610714,0.941801503929144,0.0,0.0,0.0
2016-03-18,7604.35009765625,7613.60009765625,7517.89990234375,7534.64990234375,0.012219591930221929,0.012145535400108631,69.7001953125,95.7001953125,0.012584927585329865,7337.074975585938,215.529819233461,1.2400841935509668,0.0,0.0,0.0
2016-03-21,7704.25,7713.5498046875,7617.7001953125,7619.2001953125,0.013137204502793765,0.013051659829120443,85.0498046875,95.849609375,0.012441134357659733,7361.749975585937,228.1840604233022,1.5009813734521777,0.0,0.0,0.0
2016-03-22,7714.89990234375,7728.2001953125,7643.7998046875,7695.5498046875,0.001382341219943628,0.0013813866658977931,19.35009765625,84.400390625,0.010939920373997278,7385.76748046875,239.10903917301195,1.3764951045487224,0.0,0.0,0.0
2016-03-23,7716.5,7726.85009765625,7670.60009765625,7717.4501953125,0.00020740355370829633,0.000207382048564695,-0.9501953125,56.25,0.00728957428886153,7416.114990234375,240.71799265318276,1.247871031387372,0.0,0.0,0.0
2016-03-28,7615.10009765625,7749.39990234375,7587.7001953125,7741.0,-0.013140659929210097,-0.013227762297457975,-125.89990234375,161.69970703125,0.02123408818762834,7445.934985351562,225.34532556544073,0.7506927950700348,0.0,0.0,0.0
2016-03-29,7597.0,7652.89990234375,7582.25,7606.5498046875,-0.0023768693023248355,-0.0023796985402065656,-9.5498046875,70.64990234375,0.009299710720514677,7477.25498046875,197.62915039582003,0.6059076775436213,0.0,0.0,0.0
2016-03-30,7735.2001953125,7741.9501953125,7643.4501953125,7651.10009765625,0.01819141704784788,0.018027932915947852,84.10009765625,98.5,0.012733994920996434,7512.527490234375,175.241242449618,1.2706638115861524,0.0,0.0,0.0
2016-03-31,7738.39990234375,7777.60009765625,7702.0,7727.64990234375,0.00041365536126503066,0.0004135698294723892,10.75,75.60009765625,0.00976947413034997,7550.094995117188,131.81836948349064,1.4285179521215823,0.0,0.0,0.0
2016-04-01,7713.0498046875,7740.14990234375,7666.10009765625,7718.0498046875,-0.0032758836421172832,-0.0032812610960895605,-5.0,74.0498046875,0.009600586870643212,7574.632495117187,111.73473594109474,1.2388028521702033,0.0,0.0,0.0
2016-04-04,7758.7998046875,7764.4501953125,7704.39990234375,7733.14990234375,0.005931505845093277,0.005913983718554631,25.64990234375,60.05029296875,0.007739636861421589,7594.12998046875,107.89286528521207,1.5262346011800672,0.0,0.0,0.0
2016-04-05,7603.2001953125,7736.2998046875,7588.64990234375,7736.2998046875,-0.02005459778469787,-0.020258420894693874,-133.099609375,147.64990234375,0.019419441623380985,7600.509985351562,104.22530848353638,0.025811484754327346,0.0,0.0,0.0
2016-04-06,7614.35009765625,7638.64990234375,7591.75,7636.0498046875,0.0014664749128432408,0.0014654006885952725,-21.69970703125,46.89990234375,0.006159409764752755,7606.959985351563,100.65393620976974,0.0734209965647606,0.0,0.0,0.0
2016-04-07,7546.4501953125,7630.75,7535.85009765625,7630.39990234375,-0.00891736017820488,-0.008957357794121351,-83.94970703125,94.89990234375,0.012575436117328033,7610.017504882812,97.64768820762222,-0.6509863237637853,0.0,0.0,0.0
2016-04-08,7555.2001953125,7569.35009765625,7526.7001953125,7542.35009765625,0.0011594855559287076,0.001158813871706803,12.85009765625,42.64990234375,0.005645105522182117,7611.187524414063,96.79764544879465,-0.5783955678052087,0.0,0.0,0.0
2016-04-11,7671.39990234375,7678.7998046875,7516.85009765625,7577.7998046875,0.015380096361092388,0.015263021567415073,93.60009765625,161.94970703125,0.021110841449129964,7620.450024414063,92.99155154668341,0.5478979227925838,0.0,0.0,0.0
2016-04-12,7708.9501953125,7717.39990234375,7663.35009765625,7669.25,0.004894842329530746,0.0048829015384887434,39.7001953125,54.0498046875,0.007011305471964976,7630.387524414063,91.1919092178858,0.8615092234852403,0.0,0.0,0.0
2016-04-13,7850.4501953125,7864.7998046875,7772.2001953125,7777.14990234375,0.018355287868643932,0.018188863004861715,73.30029296875,92.599609375,0.011795452116910592,7645.9725341796875,100.83222502949705,2.027899920615611,0.0,0.0,0.0
2016-04-18,7914.7001953125,7920.60009765625,7842.75,7908.14990234375,0.008184244011682829,0.008150934704248517,6.55029296875,77.85009765625,0.009836139807589541,7668.6775390625,107.78069478155253,2.2826226602884065,0.0,0.0,0.0
2016-04-20,7914.75,7950.39990234375,7877.5498046875,7950.0498046875,6.292681500319475e-06,6.292661701482301e-06,-35.2998046875,72.85009765625,0.00920434601929941,7689.4775390625,113.2627064288781,1.9889376480594432,0.0,0.0,0.0
2016-04-21,7912.0498046875,7978.4501953125,7884.10009765625,7953.64990234375,-0.0003411598992387743,-0.00034121810751646184,-41.60009765625,94.35009765625,0.01192486144366182,7709.4525390625,115.6208300343175,1.752255761914757,0.0,0.0,0.0
2016-04-22,7899.2998046875,7923.35009765625,7873.35009765625,7891.7998046875,-0.0016114660947212922,-0.0016127659027939515,7.5,50.0,0.006329674937812798,7724.200024414063,120.22808258746575,1.4563966795865058,0.0,0.0,0.0
2016-04-25,7855.0498046875,7911.0,7827.0,7894.7998046875,-0.005601762319964343,-0.005617511031739854,-39.75,84.0,0.010693757784944025,7731.740014648438,123.59264104291789,0.9977114251991951,0.0,0.0,0.0
2016-04-26,7962.64990234375,7974.5,7822.5498046875,7828.14990234375,0.013698206928241197,0.013605234565983467,134.5,151.9501953125,0.019082867785983473,7744.127514648438,133.80946021298848,1.6330862358123541,0.0,0.0,0.0
2016-04-27,7979.89990234375,7991.0,7940.5498046875,7942.0,0.0021663642394880167,0.002164021055994669,37.89990234375,50.4501953125,0.006322158915512517,7757.297509765625,143.5546521663624,1.5506456197612846,0.0,0.0,0.0
2016-04-28,7847.25,7992.0,7834.4501953125,7967.39990234375,-0.016623003291656557,-0.016762715869970777,-120.14990234375,157.5498046875,0.020077072182930325,7768.905004882812,140.8110889481201,0.5563837031759125,0.0,0.0,0.0
2016-04-29,7849.7998046875,7889.0498046875,7788.7001953125,7844.25,0.00032492971263820003,0.0003248769344116223,5.5498046875,100.349609375,0.012783715747129797,7781.544995117188,135.82588380437105,0.5025169552264367,0.0,0.0,0.0
2016-05-02,7805.89990234375,7829.7998046875,7777.2998046875,7822.7001953125,-0.005592486870497626,-0.005608183374211703,-16.80029296875,52.5,0.006725681940174083,7785.07998046875,135.47579743491463,0.15368000978183544,0.0,0.0,0.0
2016-05-03,7747.0,7890.25,7735.14990234375,7824.7998046875,-0.0075455620851691,-0.007574173857563739,-77.7998046875,155.10009765625,0.020020665761746482,7785.509985351562,135.3334088088521,-0.2845563833092721,0.0,0.0,0.0
2016-05-04,7706.5498046875,7749.0,7697.25,7724.14990234375,-0.0052214012278947175,-0.005235080380291306,-17.60009765625,51.75,0.006715067223535378,7785.184985351562,135.52424896738216,-0.5802295992283134,0.0,0.0,0.0
2016-05-05,7735.5,7777.5498046875,7706.85009765625,7731.0,0.003756570196288278,0.003749531907512104,4.5,70.69970703125,0.009139642819630277,7784.019995117187,135.86272000792266,-0.3571251562927472,0.0,0.0,0.0
2016-05-06,7733.4501953125,7738.89990234375,7678.35009765625,7717.64990234375,-0.00026498670900398924,-0.00026502182418547155,15.80029296875,60.5498046875,0.007829597806707443,7790.532495117188,129.7219996350397,-0.44003561435441474,0.0,0.0,0.0
2016-05-09,7866.0498046875,7873.64990234375,7753.5498046875,7755.25,0.01714624210748439,0.017000904277695215,110.7998046875,120.10009765625,0.01526815881392977,7803.11748046875,123.80441628476697,0.5083205115558825,0.0,0.0,0.0
2016-05-10,7887.7998046875,7896.89990234375,7837.7001953125,7873.5498046875,0.002765047328716186,0.0027612316174809364,14.25,59.19970703125,0.007505224333415417,7820.1849609375,109.22939630241541,0.6190169133847392,0.0,0.0,0.0
2016-05-11,7848.85009765625,7893.10009765625,7780.89990234375,7804.64990234375,-0.00493796850778383,-0.004950200558543867,44.2001953125,112.2001953125,0.014295112521769803,7834.867456054688,89.73159101854125,0.15582741198328803,0.0,0.0,0.0
2016-05-12,7900.39990234375,7916.0498046875,7849.64990234375,7871.4501953125,0.006567816182767139,0.006546342052207653,28.94970703125,66.39990234375,0.008404625482825452,7846.317456054688,82.05717535194181,0.6590824758115745,0.0,0.0,0.0
2016-05-13,7814.89990234375,7881.0,7784.2001953125,7881.0,-0.010822236982540034,-0.010881223351540733,-66.10009765625,96.7998046875,0.012386570000527963,7851.61494140625,75.91208621765409,-0.48365208877584165,0.0,0.0,0.0
2016-05-16,7860.75,7873.89990234375,7772.14990234375,7831.2001953125,0.005867010227795566,0.005849866346159204,29.5498046875,101.75,0.012944057500874599,7852.129931640625,75.93870111292077,0.11351350804061225,0.0,0.0,0.0
2016-05-17,7890.75,7940.10009765625,7879.7001953125,7896.85009765625,0.003816429729987636,0.0038091656381104887,-6.10009765625,60.39990234375,0.007654519829388842,7850.932421875,75.0841042112714,0.5303063616895743,0.0,0.0,0.0
2016-05-18,7870.14990234375,7882.0498046875,7810.75,7846.75,-0.002610664088489645,-0.002614077814670393,23.39990234375,71.2998046875,0.009059523080528206,7848.702416992188,73.73922802375633,0.29085584330571607,0.0,0.0,0.0
2016-05-19,7783.39990234375,7876.2001953125,7766.7998046875,7875.5,-0.011022661712474568,-0.011083861385826453,-92.10009765625,109.400390625,0.014055604491304266,7842.269921875,73.53337525955469,-0.800589111045885,0.0,0.0,0.0
2016-05-20,7749.7001953125,7812.39990234375,7735.75,7792.2001953125,-0.0043296897826234915,-0.004339090032687426,-42.5,76.64990234375,0.009890692596097152,7834.78994140625,75.02060518711474,-1.1342183375023622,0.0,0.0,0.0
2016-05-23,7731.0498046875,7820.60009765625,7722.2001953125,7813.9501953125,-0.0024065951139995434,-0.0024094956185153732,-82.900390625,98.39990234375,0.012727883641894021,7828.58994140625,78.30993979943374,-1.2455652113712257,0.0,0.0,0.0
2016-05-24,7748.85009765625,7761.5498046875,7715.7998046875,7738.0498046875,0.002302441895789764,0.0022997953380331686,10.80029296875,45.75,0.005904101824583978,7817.899951171875,73.49090115070709,-0.9395701023453903,0.0,0.0,0.0
2016-05-25,7934.89990234375,7941.2001953125,7809.2998046875,7811.7998046875,0.024009988881288802,0.023726281336622208,123.10009765625,131.900390625,0.01662281720605452,7815.649951171875,68.80984204444508,1.7330362580232381,0.0,0.0,0.0
2016-05-26,8069.64990234375,8083.0,7948.5,7974.4501953125,0.016981940750153468,0.016839359534278495,95.19970703125,134.5,0.01666738974152222,7826.769946289062,89.14961379693132,2.724408392928428,0.0,0.0,0.0
2016-05-27,8156.64990234375,8164.2001953125,8077.0498046875,8081.9501953125,0.010781136858828422,0.010723434761836886,74.69970703125,87.150390625,0.010684581497111701,7842.112451171875,115.75563668665092,2.7172538649096083,0.0,0.0,0.0
2016-05-30,8178.5,8200.0,8150.7998046875,8166.5,0.0026788078338353394,0.002675226223002301,12.0,49.2001953125,0.006015796944733142,7860.742456054688,137.55222429187424,2.310086554987707,0.0,0.0,0.0
2016-05-31,8160.10009765625,8213.599609375,8134.2998046875,8209.849609375,-0.0022497893677019265,-0.0022523239460265896,-49.74951171875,79.2998046875,0.009717994110179672,7881.3974609375,150.02398764108514,1.8577204959083842,0.0,0.0,0.0
2016-06-01,8179.9501953125,8215.349609375,8171.0498046875,8179.2001953125,0.0024325801667495206,0.0024296262330994575,0.75,44.2998046875,0.00541565701865592,7905.06748046875,158.1127805848847,1.7385230582051296,0.0,0.0,0.0
2016-06-02,8218.9501953125,8229.5,8154.75,8156.89990234375,0.00476775519028827,0.004756425442880727,62.05029296875,74.75,0.009094835498897662,7929.239990234375,167.50120187772632,1.7296007540865865,0.0,0.0,0.0
2016-06-03,8220.7998046875,8262.0,8209.849609375,8246.2001953125,0.00022504204686080165,0.00022501672869773692,-25.400390625,52.150390625,0.006343712517517316,7953.607470703125,172.88182752810135,1.5455200688513313,0.0,0.0,0.0
2016-06-06,8201.0498046875,8234.7001953125,8186.0498046875,8228.75,-0.002402442641741276,-0.0024053331374929024,-27.7001953125,48.650390625,0.005932214994864772,7970.357470703125,180.03282058517166,1.2813904333362207,0.0,0.0,0.0
2016-06-07,8266.4501953125,8294.9501953125,8216.400390625,8235.5498046875,0.007974636440766236,0.007943007071457264,30.900390625,78.5498046875,0.009502241328695328,7989.289990234375,190.49945996633397,1.4549133374294392,0.0,0.0,0.0
2016-06-08,8273.0498046875,8288.900390625,8252.0498046875,8285.5,0.0007983607496653278,0.0007980422292402209,-12.4501953125,36.8505859375,0.004454292770801465,8010.499975585937,197.52546005124714,1.3291948745920927,0.0,0.0,0.0
2016-06-09,8203.599609375,8273.349609375,8184.60009765625,8273.349609375,-0.0083947512649023,-0.008430185637149968,-69.75,88.74951171875,0.010818362175712215,8025.6599609375,200.24705521522569,0.8886005751557771,0.0,0.0,0.0
2016-06-10,8170.0498046875,8265.599609375,8162.85009765625,8180.25,-0.004089644337244347,-0.004098029802836798,-10.2001953125,102.74951171875,0.012576362956783728,8043.417456054687,196.2813275495945,0.6451573881922956,0.0,0.0,0.0
2016-06-13,8110.60009765625,8125.25,8063.89990234375,8102.25,-0.007276541569812833,-0.007303144729646939,8.35009765625,61.35009765625,0.0075641872262915,8055.9099609375,191.94649550743415,0.2849238615905442,0.0,0.0,0.0
2016-06-14,8108.85009765625,8134.9501953125,8069.5,8134.39990234375,-0.00021576701833758705,-0.00021579029938960387,-25.5498046875,65.4501953125,0.008071452120124587,8066.814965820313,188.2288847965302,0.22331924179105592,0.0,0.0,0.0
2016-06-15,8206.599609375,8213.2001953125,8123.14990234375,8139.39990234375,0.012054669964487674,0.011982591110193301,67.19970703125,90.05029296875,0.010972911711920118,8083.637451171875,184.7295074421493,0.6656335520281316,0.0,0.0,0.0
2016-06-16,8140.75,8180.64990234375,8074.4501953125,8180.64990234375,-0.008023982222768011,-0.008056347617289792,-39.89990234375,106.19970703125,0.013045445079538125,8101.504956054688,170.92767482016603,0.22960029138992413,0.0,0.0,0.0
2016-06-17,8170.2001953125,8195.25,8135.7998046875,8176.64990234375,0.003617626792678852,0.0036110989197415846,-6.44970703125,59.4501953125,0.007276467392636038,8122.529956054687,149.95096814151222,0.3179055117058342,0.0,0.0,0.0
2016-06-20,8238.5,8244.150390625,8107.35009765625,8115.75,0.008359624373303065,0.008324876233428225,122.75,136.80029296875,0.016605000056897492,8147.9024658203125,120.20544282865448,0.753689117961395,0.0,0.0,0.0
2016-06-21,8219.900390625,8257.25,8202.150390625,8255.400390625,-0.002257645126540031,-0.0022601974495153427,-35.5,55.099609375,0.006703196724602949,8171.45498046875,75.87528234251208,0.6384873790328713,0.0,0.0,0.0
2016-06-22,8203.7001953125,8238.349609375,8153.25,8213.650390625,-0.0019708505629796313,-0.001972795244488282,-9.9501953125,85.099609375,0.010373320251710921,8184.894995117187,51.73458578428165,0.3634937810022321,0.0,0.0,0.0
2016-06-23,8270.4501953125,8285.599609375,8188.2998046875,8201.150390625,0.008136572328440339,0.00810364889252149,69.2998046875,97.2998046875,0.011764753113760032,8194.935009765624,47.50351950863468,1.5896755930505189,0.0,0.0,0.0
2016-06-24,8088.60009765625,8100.7001953125,7927.0498046875,8029.10009765625,-0.021987932139331257,-0.02223326969761141,59.5,173.650390625,0.021468534545961405,8191.53251953125,52.558202442395725,-1.9584463907001899,0.0,0.0,0.0
2016-06-27,8094.7001953125,8120.64990234375,8039.35009765625,8039.35009765625,0.0007541598771854119,0.0007538756415223447,55.35009765625,81.2998046875,0.010043584410276158,8187.342529296875,56.81940936007645,-1.6304698522520924,0.0,0.0,0.0
2016-06-28,8127.85009765625,8146.35009765625,8086.85009765625,8096.0498046875,0.004095260052119798,0.004086897298664459,31.80029296875,59.5,0.007320509025770227,8185.730029296875,58.07692563649448,-0.9966080505517345,0.0,0.0,0.0
2016-06-29,8204.0,8212.400390625,8157.64990234375,8173.10009765625,0.009369009200318468,0.009325392253691965,30.89990234375,54.75048828125,0.006673633383867625,8186.93251953125,58.19980205685366,0.29325667554808726,0.0,0.0,0.0
2016-06-30,8287.75,8308.150390625,8242.099609375,8260.25,0.010208434909800168,0.010156680759383653,27.5,66.05078125,0.007969687943048476,8190.372509765625,62.09478509295439,1.5682072188284906,0.0,0.0,0.0
2016-07-01,8328.349609375,8356.75,8308.650390625,8313.0498046875,0.00489874928358125,0.004886789454209853,15.2998046875,48.099609375,0.005775407089161526,8195.75,69.12726482251499,1.918195515408442,0.0,0.0,0.0
2016-07-04,8370.7001953125,8398.4501953125,8364.7001953125,8376.75,0.005085111447510116,0.005072225932684971,-6.0498046875,33.75,0.004031920772756816,8204.23251953125,79.4498902828547,2.095253689949703,0.0,0.0,0.0
2016-07-05,8335.9501953125,8381.4501953125,8319.9501953125,8379.2998046875,-0.0041513850919495665,-0.00416002601386157,-43.349609375,61.5,0.007377683234549901,8207.70751953125,83.71958542369403,1.5318121217661358,0.0,0.0,0.0
2016-07-07,8337.900390625,8361.9501953125,8317.7001953125,8342.0,0.00023394997172565546,0.0002339226096985007,-4.099609375,44.25,0.005307091465107209,8210.950048828125,87.55169907761265,1.4500043189834235,0.0,0.0,0.0
2016-07-08,8323.2001953125,8353.2998046875,8287.5498046875,8350.0,-0.0017630571995113087,-0.0017646132140196943,-26.7998046875,65.75,0.00789960573542727,8216.930078125,91.03832380808802,1.1673118829771159,0.0,0.0,0.0
2016-07-11,8467.900390625,8475.25,8407.0498046875,8413.349609375,0.017385163388715874,0.01723577043083921,54.55078125,68.2001953125,0.008053967591305862,8231.822607421875,106.08441047619276,2.225376774432898,0.0,0.0,0.0
2016-07-12,8521.0498046875,8526.599609375,8479.2001953125,8502.599609375,0.006276575256050743,0.006256959594241648,18.4501953125,47.3994140625,0.0055626261022937796,8252.345092773438,120.16614976547112,2.2361098565485773,0.0,0.0,0.0
2016-07-13,8519.5,8550.25,8493.5498046875,8540.4501953125,-0.00018187954806314632,-0.0001818960901539572,-20.9501953125,56.7001953125,0.006655343073243735,8272.877587890625,129.1077540898748,1.9102060433774974,0.0,0.0,0.0
2016-07-14,8565.0,8571.400390625,8500.7001953125,8515.75,0.005340689007570898,0.005326478102926448,49.25,70.7001953125,0.008254547030064214,8290.797607421875,143.49539188951317,1.9108794294192528,0.0,0.0,0.0
2016-07-15,8541.400390625,8594.7998046875,8510.0498046875,8565.4501953125,-0.0027553542761237226,-0.0027591572520208334,-24.0498046875,84.75,0.00992226053388402,8310.830126953126,149.2946673101465,1.5443971832757086,0.0,0.0,0.0
2016-07-18,8508.7001953125,8587.099609375,8494.349609375,8564.0498046875,-0.003828434895569499,-0.0038357821106622886,-55.349609375,92.75,0.010900607363166538,8327.755126953125,151.68105905363188,1.1929312037266027,0.0,0.0,0.0
2016-07-19,8528.5498046875,8540.0498046875,8476.7001953125,8514.2998046875,0.0023328603569714446,0.0023301434628515147,14.25,63.349609375,0.007427946230692292,8342.2576171875,156.4879868091556,1.1904567967072852,0.0,0.0,0.0
2016-07-20,8565.849609375,8569.900390625,8512.5498046875,8515.4501953125,0.004373522526303297,0.004363986470652139,50.3994140625,57.3505859375,0.0066952594958860755,8359.555078125,161.29726647546534,1.2789710313000175,0.0,0.0,0.0
2016-07-21,8510.099609375,8585.25,8503.4501953125,8582.7001953125,-0.006508402848794281,-0.00652967485068765,-72.6005859375,81.7998046875,0.00961208545636607,8374.875048828126,160.26265228361183,0.8437683928228742,0.0,0.0,0.0
2016-07-22,8541.2001953125,8548.9501953125,8489.7998046875,8519.650390625,0.003654550165692383,0.0036478885225085054,21.5498046875,59.150390625,0.006925301980096703,8388.412548828124,162.39854530377593,0.9408190584378545,0.0,0.0,0.0
2016-07-25,8635.650390625,8641.150390625,8517.2001953125,8519.9501953125,0.011058187743255843,0.010997493024321226,115.7001953125,123.9501953125,0.014353313266023635,8415.765063476563,155.15159076235523,1.4172289569704368,0.0,0.0,0.0
2016-07-26,8590.650390625,8644.900390625,8577.150390625,8633.75,-0.005210956669673972,-0.005224581055714631,-43.099609375,67.75,0.007886480873897017,8440.562573242187,140.03236552138497,1.071808055401968,0.0,0.0,0.0
2016-07-27,8615.7998046875,8665.0,8572.0498046875,8599.400390625,0.0029275331807177007,0.0029232563005614403,16.3994140625,92.9501953125,0.010788342048283162,8464.96005859375,124.30574647865934,1.2134575461452728,0.0,0.0,0.0
2016-07-28,8666.2998046875,8674.7001953125,8625.25,8636.9501953125,0.005861324676151858,0.005844213941164874,29.349609375,49.4501953125,0.005706033304519764,8488.075048828125,115.9260061758665,1.537400983080518,0.0,0.0,0.0
2016-07-29,8638.5,8670.349609375,8631.150390625,8668.2998046875,-0.003207805558776422,-0.0032129615963578163,-29.7998046875,39.19921875,0.004537734415697169,8505.612548828125,110.42601759404413,1.203407078034863,0.0,0.0,0.0
2016-08-01,8636.5498046875,8711.2998046875,8590.5,8654.2998046875,-0.00022575624385023918,-0.00022578173062699604,-17.75,120.7998046875,0.013987044296547185,8521.02255859375,105.79454993444645,1.091996196073754,0.0,0.0,0.0
2016-08-02,8622.900390625,8687.2001953125,8611.400390625,8647.4501953125,-0.001580424402241265,-0.0015816745902789463,-24.5498046875,75.7998046875,0.00879052305531804,8533.632568359375,101.892430882551,0.8760986610332412,0.0,0.0,0.0
2016-08-03,8544.849609375,8635.4501953125,8529.599609375,8635.2001953125,-0.009051569392458547,-0.009092783738205783,-90.3505859375,105.8505859375,0.012387647621248454,8544.0775390625,90.6482023184807,0.008517215926544988,0.0,0.0,0.0
2016-08-04,8551.099609375,8601.400390625,8518.150390625,8599.9501953125,0.0007314347572768831,0.0007311673892417124,-48.8505859375,83.25,0.009735590018005268,8554.7375,76.56865948035254,-0.04751148380667096,0.0,0.0,0.0
2016-08-05,8683.150390625,8689.400390625,8590.150390625,8600.2001953125,0.015442549763450941,0.015324527088340225,82.9501953125,99.25,0.011430183232477232,8572.735009765625,59.73387143655799,1.8484551261112272,0.0,0.0,0.0
2016-08-08,8711.349609375,8723.5,8697.599609375,8712.849609375,0.0032475792173825013,0.003242317221417232,-1.5,25.900390625,0.0029731777263452335,8584.907470703125,62.008024221060886,2.039125423850051,0.0,0.0,0.0
2016-08-09,8678.25,8728.349609375,8638.2001953125,8727.7998046875,-0.003799596028080332,-0.0038068328301676924,-49.5498046875,90.1494140625,0.010387971545242417,8592.76748046875,63.43431641613075,1.3475753245369921,0.0,0.0,0.0
2016-08-10,8575.2998046875,8690.099609375,8564.599609375,8686.7001953125,-0.011863013316336768,-0.0119339403558223,-111.400390625,125.5,0.014635056832811626,8595.557470703125,61.231077668837116,-0.3308396126095712,0.0,0.0,0.0
2016-08-11,8592.150390625,8601.150390625,8540.0498046875,8572.7998046875,0.00196501420606765,0.001963086091088332,19.3505859375,61.1005859375,0.007111210018410245,8596.914990234374,60.8175202295609,-0.07834254983415775,0.0,0.0,0.0
2016-08-16,8642.5498046875,8682.349609375,8600.4501953125,8670.25,0.0058657509204553815,0.0058486143833095606,-27.7001953125,81.8994140625,0.0094763022387305,8601.9724609375,60.160202745279825,0.6744881482830936,0.0,0.0,0.0
2016-08-17,8624.0498046875,8667.099609375,8603.599609375,8639.7998046875,-0.0021405719860551065,-0.0021428662849281455,-15.75,63.5,0.0073631300187396095,8607.73994140625,56.1427535961475,0.29050700645309824,0.0,0.0,0.0
2016-08-18,8673.25,8690.7001953125,8645.0498046875,8648.849609375,0.0057049989769026865,0.005688787100174632,24.400390625,45.650390625,0.005263354639264405,8614.974951171875,54.705791833774484,1.065244590649491,0.0,0.0,0.0
2016-08-19,8666.900390625,8696.599609375,8647.099609375,8694.2998046875,-0.0007320911278931863,-0.0007323592374647016,-27.3994140625,49.5,0.005711384436071773,8620.027490234375,54.596191586488864,0.8585379131504194,0.0,0.0,0.0
2016-08-22,8629.150390625,8684.849609375,8614.0,8667.0,-0.0043556517669032235,-0.004365165253066113,-37.849609375,70.849609375,0.008210496534163248,8625.980029296876,48.08138521228754,0.06593739581600207,0.0,0.0,0.0
2016-08-23,8632.599609375,8642.150390625,8580.0,8628.349609375,0.0003997170745508871,0.0003996372089627608,4.25,62.150390625,0.0071994988111697775,8630.55,43.74752830320748,0.046850861168548676,0.0,0.0,0.0
2016-08-24,8650.2998046875,8661.0498046875,8620.900390625,8648.5,0.0020503899304304962,0.0020482907499330422,1.7998046875,40.1494140625,0.004641389890410907,8631.282470703125,43.95954417308743,0.43260989944517314,0.0,0.0,0.0
2016-08-25,8592.2001953125,8683.0498046875,8583.650390625,8668.849609375,-0.006716485056797228,-0.006739142150229588,-76.6494140625,99.3994140625,0.011568563557996198,8631.3599609375,43.88545327729065,-0.8923176747786628,0.0,0.0,0.0
2016-08-26,8572.5498046875,8622.9501953125,8547.5498046875,8614.349609375,-0.0022870033493540554,-0.0022896225356679534,-41.7998046875,75.400390625,0.008795561687348939,8629.1974609375,45.71980744787077,-1.2390178220804695,0.0,0.0,0.0
2016-08-29,8607.4501953125,8622.0,8543.75,8583.75,0.004071179686342186,0.00406291485846204,23.7001953125,78.25,0.00909096169300101,8626.25498046875,45.09575245057024,-0.4169968153178437,0.0,0.0,0.0
2016-08-30,8744.349609375,8750.599609375,8642.25,8646.75,0.015904758198549196,0.015779602831678955,97.599609375,108.349609375,0.012390813978759052,8631.5474609375,52.25197290433965,2.1588112786480425,0.0,0.0,0.0
2016-08-31,8786.2001953125,8819.2001953125,8754.0498046875,8754.0498046875,0.00478601471887985,0.0047745981624819625,32.150390625,65.150390625,0.007415081511545594,8639.02998046875,62.68038709931563,2.3479468084739636,0.0,0.0,0.0
2016-09-01,8774.650390625,8813.25,8759.9501953125,8793.599609375,-0.0013145392127147382,-0.0013154039773133465,-18.94921875,53.2998046875,0.006074293825363858,8646.61748046875,69.44483477776188,1.8436635433863668,0.0,0.0,0.0
2016-09-02,8809.650390625,8824.099609375,8768.2001953125,8796.349609375,0.0039887629069979,0.00398082888319566,13.30078125,55.8994140625,0.006345247720838809,8659.85751953125,74.1073808343543,2.021294902171339,0.0,0.0,0.0
2016-09-06,8943.0,8950.849609375,8848.4501953125,8852.7001953125,0.015136765190694401,0.015023347446829987,90.2998046875,102.3994140625,0.011450230802023929,8679.4525390625,93.19144398389659,2.8280220766086686,0.0,0.0,0.0
2016-09-07,8917.9501953125,8968.7001953125,8913.349609375,8968.7001953125,-0.002801051625573092,-0.0028049819116828943,-50.75,55.3505859375,0.00620664891878334,8691.192529296875,107.38988728258757,2.111536493365811,0.0,0.0,0.0
2016-09-08,8952.5,8960.349609375,8896.0,8915.5,0.0038741867728371293,0.0038667014380895045,37.0,64.349609375,0.007187892697570511,8703.250048828126,122.27810854205484,2.038385726960687,0.0,0.0,0.0
2016-09-09,8866.7001953125,8939.150390625,8858.7001953125,8934.2998046875,-0.009583893290980194,-0.009630114351834806,-67.599609375,80.4501953125,0.009073295988402888,8712.67255859375,127.40363848446326,1.2089736097885009,0.0,0.0,0.0
2016-09-12,8715.599609375,8746.9501953125,8699.400390625,8732.9501953125,-0.017041355026008564,-0.01718822993969123,-17.3505859375,47.5498046875,0.0054557123799437385,8719.687548828126,123.23600534046707,-0.033171632282561245,0.0,0.0,0.0
2016-09-14,8726.599609375,8739.849609375,8688.900390625,8710.650390625,0.0012621047883116798,0.0012613090035687876,15.94921875,50.94921875,0.005838381618341372,8726.410009765625,119.52391689104842,0.0015862901275917238,0.0,0.0,0.0
2016-09-15,8742.5498046875,8751.9501953125,8704.349609375,8743.849609375,0.001827767518446155,0.0018260991839711186,-1.2998046875,47.6005859375,0.005444702861398394,8731.410009765625,117.91194896258752,0.09447553890751079,0.0,0.0,0.0
2016-09-16,8779.849609375,8847.650390625,8750.5,8780.849609375,0.004266467508998506,0.0042573919410826295,-1.0,97.150390625,0.01106515429618113,8739.2,115.56903352173865,0.3517344407604918,0.0,0.0,0.0
2016-09-19,8808.400390625,8824.2998046875,8774.2001953125,8788.4501953125,0.003251853109136782,0.003246577269225301,19.9501953125,50.099609375,0.005687708000685602,8745.95751953125,115.46105263411353,0.540813284386262,0.0,0.0,0.0
2016-09-20,8775.900390625,8816.4501953125,8759.2998046875,8816.099609375,-0.0036896597064991488,-0.0036964832905136196,-40.19921875,57.150390625,0.006512196820972563,8751.40751953125,114.09745020690124,0.2146662440688601,0.0,0.0,0.0
2016-09-21,8777.150390625,8826.849609375,8757.2998046875,8790.2998046875,0.0001424355273373923,0.00014242538436080372,-13.1494140625,69.5498046875,0.007923961831824956,8758.80751953125,110.49339693878322,0.16600875348155109,0.0,0.0,0.0
2016-09-22,8867.4501953125,8893.349609375,8837.7998046875,8873.349609375,0.010288054854791007,0.01023549301709891,-5.8994140625,55.5498046875,0.006264461988956495,8770.550048828125,108.84176808161257,0.8902845680687269,0.0,0.0,0.0
2016-09-23,8831.5498046875,8885.2001953125,8820.2998046875,8880.75,-0.00404855847332275,-0.004056776073300545,-49.2001953125,64.900390625,0.0073486978005324706,8779.612548828125,105.80576791996123,0.4908735778815378,0.0,0.0,0.0
2016-09-26,8723.0498046875,8809.5498046875,8715.099609375,8807.900390625,-0.012285499419638857,-0.01236159001721051,-84.8505859375,94.4501953125,0.010827657462387221,8786.155029296875,97.311821843168,-0.6484846693249474,0.0,0.0,0.0
2016-09-27,8706.400390625,8768.5,8690.5,8748.900390625,-0.0019086689214536934,-0.0019104927510736648,-42.5,78.0,0.008958926364561632,8792.84755859375,85.76590973469007,-1.0079432286810426,0.0,0.0,0.0
2016-09-28,8745.150390625,8767.0498046875,8703.150390625,8711.2001953125,0.004450748674702076,0.004440873383603119,33.9501953125,63.8994140625,0.007306839929362635,8799.732568359375,74.94376997768843,-0.7283084070980825,0.0,0.0,0.0
2016-09-29,8591.25,8800.650390625,8558.25,8792.7001953125,-0.0175983698107679,-0.01775506219605918,-201.4501953125,242.400390625,0.028214798850574714,8792.077587890624,87.64177661463523,-2.291459571542828,1.0,0.0,0.0
2016-09-30,8611.150390625,8637.150390625,8555.2001953125,8581.5,0.002316355667103087,0.002313677050935853,29.650390625,81.9501953125,0.00951675346440582,8783.32509765625,96.54792222028881,-1.783308258446075,1.0,1.0,1.0
2016-10-03,8738.099609375,8745.2001953125,8635.0,8666.150390625,0.014742422671912614,0.014634809521912494,71.94921875,110.2001953125,0.012611460184576926,8781.49755859375,97.06531189270783,-0.4471004973096917,0.0,1.0,1.0
2016-10-04,8769.150390625,8783.650390625,8736.099609375,8770.0,0.0035534936242527237,0.0035471948830647004,-0.849609375,47.55078125,0.005422507213564955,8779.47255859375,96.86933108417462,-0.10655764681373628,0.0,0.0,0.0
2016-10-05,8743.9501953125,8806.9501953125,8731.400390625,8806.349609375,-0.0028737328235858284,-0.002877869921600413,-62.3994140625,75.5498046875,0.00864023730693264,8769.520068359376,89.09759632652364,-0.2869872376036679,0.0,0.0,0.0
2016-10-06,8709.5498046875,8781.150390625,8684.650390625,8768.7001953125,-0.003934193340149772,-0.00394195263650275,-59.150390625,96.5,0.011079791971344314,8759.100048828124,82.78782186982313,-0.5985209300292723,0.0,0.0,0.0
2016-10-07,8697.599609375,8723.7001953125,8663.7998046875,8721.7001953125,-0.0013720795655899343,-0.0013730217286708416,-24.1005859375,59.900390625,0.006887002542682506,8746.355029296876,70.09493488407409,-0.6955626680088862,0.0,0.0,0.0
2016-10-10,8708.7998046875,8745.7998046875,8703.9501953125,8735.349609375,0.0012877340663539627,0.0012869056479532695,-26.5498046875,41.849609375,0.004805439361744715,8738.460009765626,64.49541284210854,-0.4598808468865373,0.0,0.0,0.0
2016-10-13,8573.349609375,8681.5498046875,8541.349609375,8671.5,-0.015553256286772621,-0.015675477121613476,-98.150390625,140.2001953125,0.01635302439541138,8731.347509765625,74.25439932454844,-2.1277917783706406,1.0,0.0,0.0
2016-10-14,8583.400390625,8604.4501953125,8549.7998046875,8594.0,0.0011723284023095193,0.001171641761961016,-10.599609375,54.650390625,0.0063669860588922884,8724.187548828126,81.30550161138586,-1.7315821858653926,1.0,1.0,1.0
2016-10-17,8520.400390625,8615.400390625,8506.150390625,8612.9501953125,-0.007339748483457642,-0.007366816969274471,-92.5498046875,109.25,0.012822167385491393,8713.080078125,92.99847835573195,-2.0718584960387605,1.0,1.0,1.0
2016-10-18,8677.900390625,8685.099609375,8555.900390625,8556.0498046875,0.01848504680288232,0.018316274989203487,121.8505859375,129.19921875,0.014888303959973757,8707.9826171875,91.93400965744725,-0.327215430661491,0.0,1.0,1.0
2016-10-19,8659.099609375,8698.75,8636.7001953125,8697.5,-0.002166512682066579,-0.0021688629658940845,-38.400390625,62.0498046875,0.007165849509378569,8700.517578125,89.3769850184501,-0.4634075398879262,0.0,0.0,0.0
2016-10-20,8699.400390625,8727.0,8678.2998046875,8693.349609375,0.004654153788272275,0.004643356702434108,6.05078125,48.7001953125,0.0055981094242980554,8696.692578125,87.60038775337085,0.030910964773629455,0.0,0.0,0.0
2016-10-21,8693.0498046875,8709.099609375,8652.0498046875,8708.599609375,-0.0007300027188475999,-0.0007302693005771827,-15.5498046875,57.0498046875,0.006562691571919602,8692.487548828125,85.52897186412723,0.006573864354036772,0.0,0.0,0.0
2016-10-24,8708.9501953125,8736.9501953125,8684.150390625,8709.849609375,0.0018290923188344355,0.001827421566475664,-0.8994140625,52.7998046875,0.006062706009723071,8684.562548828126,75.18114058690567,0.3243851622094422,0.0,0.0,0.0
2016-10-25,8691.2998046875,8722.650390625,8663.4501953125,8721.7001953125,-0.0020266955521803798,-0.0020287520787162444,-30.400390625,59.2001953125,0.006811431735512266,8677.550048828125,66.82597517569128,0.2057546608669114,0.0,0.0,0.0
2016-10-26,8615.25,8657.2998046875,8596.599609375,8657.2998046875,-0.008750107164233856,-0.008788614143283245,-42.0498046875,60.7001953125,0.007045668473056499,8672.16005859375,67.30861234158755,-0.8455093132054916,0.0,0.0,0.0
2016-10-27,8615.25,8624.849609375,8550.25,8607.099609375,0.0,0.0,8.150390625,74.599609375,0.008659018528191289,8667.6025390625,67.95101616436746,-0.7704452709855563,0.0,0.0,0.0
2016-10-28,8638.0,8653.75,8581.75,8625.0,0.0026406662604103737,0.0026371858270232084,13.0,72.0,0.008335262792313036,8662.24501953125,65.70189938937776,-0.3690155042179821,0.0,0.0,0.0
2016-11-01,8626.25,8669.599609375,8614.5,8653.150390625,-0.0013602685806899384,-0.001361194585834806,-26.900390625,55.099609375,0.006387434792059122,8663.99501953125,64.15940293595997,-0.5883006668395147,0.0,0.0,0.0
2016-11-02,8514.0,8549.5,8504.849609375,8542.7998046875,-0.013012606868569754,-0.013098012546713908,-28.7998046875,44.650390625,0.00524434938043223,8659.1375,71.61527030521496,-2.026627832045367,1.0,0.0,0.0
2016-11-03,8484.9501953125,8537.650390625,8476.150390625,8499.849609375,-0.003412004309079175,-0.003417838470350909,-14.8994140625,61.5,0.007248127400202726,8646.480029296876,78.92306813141096,-2.0466745377336353,1.0,1.0,1.0
2016-11-04,8433.75,8504.0,8400.25,8503.599609375,-0.00603423639902867,-0.006052515976111644,-69.849609375,103.75,0.012301763746850452,8629.710009765626,86.73296577697919,-2.259348657228066,1.0,1.0,1.0
2016-11-07,8497.0498046875,8535.849609375,8481.4501953125,8535.75,0.007505534867348507,0.007477508488472915,-38.7001953125,54.3994140625,0.006402153137020558,8617.364990234375,87.18687116581135,-1.3799690703209255,1.0,1.0,1.0
2016-11-08,8543.5498046875,8559.400390625,8480.099609375,8540.0,0.005472487636161372,0.005457567982692605,3.5498046875,79.30078125,0.009281947558436527,8609.064990234376,85.84021299440029,-0.7632225417608126,1.0,1.0,1.0
2016-11-09,8432.0,8476.2001953125,8002.25,8067.5,-0.013056610804363489,-0.013142597631657107,364.5,473.9501953125,0.05620851462434772,8595.785009765625,91.76307465334585,-1.7848683730831454,1.0,1.0,1.0
2016-11-10,8525.75,8598.4501953125,8510.7001953125,8555.599609375,0.011118358633776193,0.01105700404045472,-29.849609375,87.75,0.010292349646658651,8586.63251953125,88.98431934563347,-0.6841937993004026,1.0,1.0,1.0
2016-11-11,8296.2998046875,8460.599609375,8284.9501953125,8456.650390625,-0.026912611243878892,-0.027281387102400093,-160.3505859375,175.6494140625,0.021172018634531043,8572.780029296875,110.19714214251229,-2.508960025948925,1.0,1.0,1.0
2016-11-15,8108.4501953125,8288.5498046875,8093.2001953125,8284.849609375,-0.022642577269069153,-0.02290285685988103,-176.3994140625,195.349609375,0.024092102025604318,8549.03251953125,151.29881740989399,-2.9120011098641903,1.0,1.0,1.0
2016-11-16,8111.60009765625,8210.0498046875,8089.39990234375,8205.650390625,0.0003884715658204474,0.00038839613027746525,-94.05029296875,120.64990234375,0.014873748815429196,8528.592504882812,180.22015071750695,-2.3137945760582177,1.0,1.0,1.0
2016-11-17,8079.9501953125,8151.25,8060.2998046875,8105.10009765625,-0.003901807530291679,-0.003909439439923456,-25.14990234375,90.9501953125,0.011256281674268712,8498.694995117188,202.38272850640578,-2.069073793475584,1.0,1.0,1.0
2016-11-18,8074.10009765625,8128.9501953125,8048.2998046875,8097.5498046875,-0.000724026450019899,-0.0007242886837538094,-23.44970703125,80.650390625,0.009988777653179107,8469.44501953125,219.52779135841462,-1.8008878029913522,1.0,1.0,1.0
2016-11-21,7929.10009765625,8102.4501953125,7916.39990234375,8102.10009765625,-0.017958657713704862,-0.01812187142597807,-173.0,186.05029296875,0.023464238145227138,8430.930004882812,243.34095716323068,-2.0622500752717072,1.0,1.0,1.0
2016-11-22,8002.2998046875,8019.0498046875,7938.14990234375,7989.14990234375,0.009231779915716665,0.009189427494782599,13.14990234375,80.89990234375,0.010109581535093367,8396.392504882813,253.00737332443404,-1.5576332618969329,1.0,1.0,1.0
2016-11-23,8033.2998046875,8055.2001953125,7973.10009765625,8051.2001953125,0.0038738863522509437,0.0038664021768522933,-17.900390625,82.10009765625,0.010219971823825606,8362.609985351562,254.18194009563797,-1.2955687588982794,1.0,1.0,1.0
2016-11-24,7965.5,8024.85009765625,7952.5498046875,8011.7998046875,-0.008439844937436325,-0.008475662098624583,-46.2998046875,72.30029296875,0.00907667980274308,8326.319995117188,256.5849392605521,-1.4062399615387768,1.0,1.0,1.0
2016-11-25,8114.2998046875,8122.25,7976.75,8007.9501953125,0.018680535394827613,0.018508197132649923,106.349609375,145.5,0.01793130689057693,8301.272485351563,251.29195104819567,-0.744045640475779,1.0,1.0,1.0
2016-11-28,8126.89990234375,8146.5,8066.5,8080.64990234375,0.001552826240037497,0.0015516218520139676,46.25,80.0,0.009843852017536044,8276.85498046875,242.75880120383465,-0.6177122204483488,1.0,1.0,1.0
2016-11-29,8142.14990234375,8197.349609375,8128.7001953125,8131.5498046875,0.0018764842908427504,0.001874725893588773,10.60009765625,68.6494140625,0.008431362095499986,8252.062475585937,228.85656765867571,-0.4802683810504158,0.0,1.0,1.0
2016-11-30,8224.5,8234.25,8139.25,8172.14990234375,0.01011404833415619,0.010063243621010479,52.35009765625,95.0,0.011550854155267798,8231.974975585938,211.23751612543128,-0.03538659099503383,0.0,0.0,0.0
2016-12-01,8192.900390625,8250.7998046875,8185.0498046875,8244.0,-0.00384213136056899,-0.0038495313077255163,-51.099609375,65.75,0.008025240984894266,8215.919995117187,200.6093266702954,-0.11474842607901206,0.0,0.0,0.0
2016-12-02,8086.7998046875,8159.2998046875,8070.0498046875,8153.5498046875,-0.012950308300941793,-0.013034894616329137,-66.75,89.25,0.01103650419888797,8196.012475585938,192.08092117054912,-0.5685763595514396,0.0,0.0,0.0
2016-12-05,8128.75,8141.89990234375,8056.85009765625,8088.75,0.00518749027126697,0.005174081595203409,40.0,85.0498046875,0.010462839266492389,8180.762475585938,184.15673893156065,-0.28243590697632626,0.0,0.0,0.0
2016-12-06,8143.14990234375,8178.7001953125,8130.85009765625,8153.14990234375,0.0017714780678148578,0.0017699108511295017,-10.0,47.85009765625,0.005876116518802859,8163.06748046875,168.50349980060386,-0.11820275631407542,0.0,0.0,0.0
2016-12-07,8102.0498046875,8190.4501953125,8077.5,8168.39990234375,-0.005047198952388254,-0.005059979081726745,-66.35009765625,112.9501953125,0.013940940630499684,8140.99248046875,143.02841172865993,-0.27227230807210673,0.0,0.0,0.0
2016-12-08,8246.849609375,8256.25,8151.75,8152.10009765625,0.017871996368588716,0.017714169916451,94.74951171875,104.5,0.012671505477825694,8131.7349609375,128.45063082550928,0.8961781479600138,0.0,0.0,0.0
2016-12-09,8261.75,8274.9501953125,8241.9501953125,8271.7001953125,0.0018067979083868924,0.0018051676124941,-9.9501953125,33.0,0.0039943111326292855,8118.5349609375,95.05205942146068,1.5067010639662726,0.0,0.0,0.0
2016-12-12,8170.7998046875,8230.650390625,8154.4501953125,8230.650390625,-0.011008587201561393,-0.011069630108506541,-59.8505859375,76.2001953125,0.009325916328140211,8112.2599609375,86.45252659049001,0.6771328272138589,0.0,0.0,0.0
2016-12-13,8221.7998046875,8228.849609375,8155.7998046875,8196.150390625,0.006241739024219095,0.006222340051564259,25.6494140625,73.0498046875,0.008884892167509609,8117.92744140625,89.83868703670191,1.1562097210839102,0.0,0.0,0.0
2016-12-14,8182.4501953125,8229.400390625,8165.10009765625,8229.349609375,-0.004786009184091999,-0.004797498800311476,-46.8994140625,64.30029296875,0.00785831767183696,8121.469946289062,90.96586050095678,0.6703641199853925,0.0,0.0,0.0
2016-12-15,8153.60009765625,8225.900390625,8121.9501953125,8128.39990234375,-0.003525850688682164,-0.0035320811496494836,25.2001953125,103.9501953125,0.012748993581667128,8125.15244140625,90.68691348081819,0.31369086407398267,0.0,0.0,0.0
2016-12-16,8139.4501953125,8178.7001953125,8127.4501953125,8178.2001953125,-0.001735417750965862,-0.0017369253327930302,-38.75,51.25,0.006296494083779125,8128.419946289063,89.92475259556021,0.12266087706736405,0.0,0.0,0.0
2016-12-19,8104.35009765625,8132.5,8094.85009765625,8126.0,-0.004312342580149231,-0.004321667547371758,-21.64990234375,37.64990234375,0.004645641154450895,8137.182446289063,77.1048803449865,-0.4258141441360463,0.0,0.0,0.0
2016-12-20,8082.39990234375,8124.10009765625,8062.75,8110.60009765625,-0.0027084460873485483,-0.0027121205636996375,-28.2001953125,61.35009765625,0.007590579332564277,8141.187451171875,71.61486457020078,-0.8208847308577737,0.0,0.0,0.0
2016-12-21,8061.2998046875,8112.5498046875,8053.25,8105.85009765625,-0.0026106228238139684,-0.0026140364419853872,-44.55029296875,59.2998046875,0.00735610957590465,8142.587451171875,69.64125347190735,-1.1672341095521137,0.0,0.0,0.0
2016-12-22,7979.10009765625,8046.4501953125,7964.9501953125,8043.85009765625,-0.010196830414798908,-0.010249174221346512,-64.75,81.5,0.010214184432144108,8143.2674560546875,67.86483500769404,-2.4190342226548602,1.0,0.0,0.0
2016-12-23,7985.75,8022.60009765625,7942.0498046875,7972.5,0.0008334150796909245,0.0008330679821808747,13.25,80.55029296875,0.010086753651034655,8136.8399658203125,76.31425758483284,-1.9798392934944968,1.0,1.0,1.0
2016-12-26,7908.25,7970.0498046875,7893.7998046875,7965.10009765625,-0.009704786651222541,-0.009752185003088458,-56.85009765625,76.25,0.009641829734770652,8125.907470703125,91.88597938000437,-2.3687778284756487,1.0,1.0,1.0
2016-12-27,8032.85009765625,8044.64990234375,7903.7001953125,7915.0498046875,0.01575571051196545,0.015632877835896817,117.80029296875,140.94970703125,0.017546662183124142,8120.44248046875,94.09294583251703,-0.9309133860939137,1.0,1.0,1.0
2016-12-28,8034.85009765625,8100.5498046875,8028.39990234375,8047.5498046875,0.00024897763255693484,0.00024894664276991384,-12.69970703125,72.14990234375,0.008979620212802226,8110.959985351563,92.59871006403912,-0.8219324831056181,1.0,1.0,1.0
2016-12-29,8103.60009765625,8111.10009765625,8020.7998046875,8030.60009765625,0.008556475748073389,0.008520076594398652,73.0,90.30029296875,0.011143231635389677,8106.494970703125,90.57044708525994,-0.03196266707339427,0.0,1.0,1.0
2016-12-30,8185.7998046875,8197.0,8114.75,8119.64990234375,0.01014360358861044,0.010092502517199517,66.14990234375,82.25,0.010047888045454095,8111.444970703125,92.12931956542019,0.8070702609669872,0.0,0.0,0.0
2017-01-02,8179.5,8212.0,8133.7998046875,8210.099609375,-0.0007696016073948098,-0.0007698979027411989,-30.599609375,78.2001953125,0.009560510460602726,8113.982470703125,93.32221030747841,0.7020571960416255,0.0,0.0,0.0
2017-01-03,8192.25,8219.099609375,8148.60009765625,8196.0498046875,0.0015587749862460143,0.0015575613575361691,-3.7998046875,70.49951171875,0.008605634803472794,8116.437475585937,94.76458085032696,0.800009072311549,0.0,0.0,0.0
2017-01-04,8190.5,8218.5,8180.89990234375,8202.650390625,-0.00021361652781592966,-0.00021363934707617968,-12.150390625,37.60009765625,0.004590696252518161,8120.8599853515625,96.11212489565044,0.7245705442892467,0.0,0.0,0.0
2017-01-05,8273.7998046875,8282.650390625,8223.7001953125,8226.650390625,0.01017029542610337,0.01011892597298775,47.1494140625,58.9501953125,0.007124924061989259,8122.207495117187,98.13904148619628,1.5446687401326926,0.0,0.0,0.0
2017-01-06,8243.7998046875,8306.849609375,8233.25,8281.849609375,-0.0036259035398709116,-0.0036324930615801707,-38.0498046875,73.599609375,0.008927874416983124,8121.309985351562,96.86958851842294,1.2644816728280228,0.0,0.0,0.0
2017-01-09,8236.0498046875,8263.0,8227.75,8259.349609375,-0.0009401004613908137,-0.0009405426329750955,-23.2998046875,35.25,0.004279964404772986,8124.572485351562,99.68205566573364,1.118328856597396,0.0,0.0,0.0
2017-01-10,8288.599609375,8293.7998046875,8261.0,8262.7001953125,0.0063804622280927425,0.006360193250249055,25.8994140625,32.7998046875,0.003957219100124112,8127.9124755859375,104.13108320715536,1.543123617271859,0.0,0.0,0.0
2017-01-11,8380.650390625,8389.0,8322.25,8327.7998046875,0.01110570972035907,0.011044494137506545,52.8505859375,66.75,0.00796477563062048,8137.822485351562,118.09012888517687,2.056292998964781,0.0,0.0,0.0
2017-01-12,8407.2001953125,8417.2001953125,8382.2998046875,8391.0498046875,0.003167988574872327,0.0031629810720875113,16.150390625,34.900390625,0.0041512500968466275,8150.502490234375,132.59754291591724,1.93591600140662,0.0,0.0,0.0
2017-01-13,8400.349609375,8461.0498046875,8373.150390625,8457.650390625,-0.0008148474852923693,-0.0008151796539613075,-57.30078125,87.8994140625,0.010463780455566047,8163.5474609375,143.81238945719133,1.646604644643564,0.0,0.0,0.0
2017-01-16,8412.7998046875,8426.7001953125,8374.400390625,8390.9501953125,0.0014821044232022906,0.0014810071904502009,21.849609375,52.2998046875,0.006216694311251677,8178.969946289062,153.3526046701693,1.524785698302021,0.0,0.0,0.0
2017-01-17,8398.0,8440.900390625,8378.2998046875,8415.0498046875,-0.0017592008642893786,-0.001760750075312027,-17.0498046875,62.6005859375,0.00745422552244582,8194.749951171874,159.02525879844907,1.278099154586051,0.0,0.0,0.0
2017-01-18,8417.0,8460.2998046875,8397.400390625,8403.849609375,0.002262443438914019,0.002259887967437504,13.150390625,62.8994140625,0.007472901753890935,8212.5349609375,163.15179192242888,1.2532196959241055,0.0,0.0,0.0
2017-01-19,8435.099609375,8445.150390625,8404.0498046875,8418.400390625,0.0021503634757038537,0.0021480547533008396,16.69921875,41.1005859375,0.004872566755681188,8235.334936523437,160.65622771146278,1.243429375239275,0.0,0.0,0.0
2017-01-20,8349.349609375,8423.650390625,8340.9501953125,8404.349609375,-0.010165855054597661,-0.010217880246458876,-55.0,82.7001953125,0.009904986517709206,8253.514916992188,151.22212972212745,0.6337345768037362,0.0,0.0,0.0
2017-01-23,8391.5,8404.150390625,8327.2001953125,8329.599609375,0.005048344194100052,0.005035644029815811,61.900390625,76.9501953125,0.009170016720788893,8277.677416992188,130.31338945187136,0.8734527087859215,0.0,0.0,0.0
2017-01-24,8475.7998046875,8480.9501953125,8398.150390625,8407.0498046875,0.010045856484240057,0.009995732282151228,68.75,82.7998046875,0.009768966539500847,8299.82490234375,124.00166637317898,1.4191333672416948,0.0,0.0,0.0
2017-01-25,8602.75,8612.599609375,8493.9501953125,8499.4501953125,0.014977960574563243,0.014866898538362306,103.2998046875,118.6494140625,0.013792033252448346,8328.219897460938,125.14797656331295,2.1936439571611905,0.0,0.0,0.0
2017-01-27,8641.25,8672.7001953125,8606.900390625,8610.5,0.00447531312661642,0.004465328690727306,30.75,65.7998046875,0.0076146164834370025,8355.102392578125,131.92077456539423,2.1690867747295526,0.0,0.0,0.0
2017-01-30,8632.75,8662.599609375,8617.75,8635.5498046875,-0.0009836539852451365,-0.0009841380903137704,-2.7998046875,44.849609375,0.005195286481712085,8377.44990234375,139.3774368704342,1.8317175533481698,0.0,0.0,0.0
2017-01-31,8561.2998046875,8631.75,8552.400390625,8629.4501953125,-0.008276643631809133,-0.008311085218864388,-68.150390625,79.349609375,0.009268406805652845,8396.539892578125,136.9639592381869,1.2029435555586558,0.0,0.0,0.0
2017-02-01,8716.400390625,8722.400390625,8537.5,8570.349609375,0.01811647640847469,0.017954328487415367,146.05078125,184.900390625,0.02121292991816567,8422.747412109375,145.68587203030572,2.015658583932829,0.0,0.0,0.0
2017-02-02,8734.25,8757.599609375,8685.7998046875,8724.75,0.002047818890261066,0.002045724967320079,9.5,71.7998046875,0.008220488844205284,8449.934912109375,150.71319775643352,1.8864644379061273,0.0,0.0,0.0
2017-02-03,8740.9501953125,8748.25,8707.75,8735.150390625,0.0007671174184962215,0.0007668233343177947,5.7998046875,40.5,0.004633363546873759,8473.292431640624,158.00228782481585,1.6940119498056874,0.0,0.0,0.0
2017-02-06,8801.0498046875,8814.099609375,8770.2001953125,8785.4501953125,0.006875638006406781,0.006852108598963618,15.599609375,43.8994140625,0.00498797473445939,8501.154931640625,164.40665049862676,1.824104269123709,0.0,0.0,0.0
2017-02-07,8768.2998046875,8809.2998046875,8741.0498046875,8805.7001953125,-0.0037211469911869743,-0.003728087682222944,-37.400390625,68.25,0.007783721077091115,8527.767431640625,162.29968050828924,1.4820261647686392,0.0,0.0,0.0
2017-02-08,8769.0498046875,8791.25,8715.0,8774.5498046875,8.55353964515082e-05,8.553173850807276e-05,-5.5,76.25,0.00869535487861416,8551.78994140625,160.58394368118064,1.3529364038573617,0.0,0.0,0.0
2017-02-09,8778.400390625,8821.400390625,8724.099609375,8795.5498046875,0.0010663168924529565,0.0010657487804178315,-17.1494140625,97.30078125,0.011084112927215482,8571.67744140625,162.8868113824216,1.2691202403944892,0.0,0.0,0.0
2017-02-10,8793.5498046875,8822.099609375,8771.2001953125,8812.349609375,0.0017257602055471555,0.0017242727924366554,-18.7998046875,50.8994140625,0.005788266990353259,8590.994921875,165.2464560009372,1.2257744445142622,0.0,0.0,0.0
2017-02-13,8805.0498046875,8826.900390625,8754.2001953125,8819.7998046875,0.001307776751758416,0.0013069223565665177,-14.75,72.7001953125,0.008256647824274311,8611.229931640624,165.45092744723723,1.1714644096430673,0.0,0.0,0.0
2017-02-14,8792.2998046875,8820.4501953125,8772.5,8819.900390625,-0.0014480326951941125,-0.0014490821077153884,-27.6005859375,47.9501953125,0.0054536579026725155,8630.204931640625,163.24294932988033,0.9929670697097922,0.0,0.0,0.0
2017-02-15,8724.7001953125,8807.900390625,8712.849609375,8778.9501953125,-0.007688501401983627,-0.007718210304816345,-54.25,95.05078125,0.010894446699849666,8646.53994140625,154.9177240564475,0.5045275121507099,0.0,0.0,0.0
2017-02-16,8778.0,8783.9501953125,8719.599609375,8739.0,0.006109070053333943,0.006090485336691579,39.0,64.3505859375,0.0073308938183527,8664.58994140625,147.6246370135819,0.768232599165113,0.0,0.0,0.0
2017-02-17,8821.7001953125,8896.4501953125,8804.25,8883.7001953125,0.004978377228582742,0.004966026084143879,-62.0,92.2001953125,0.010451522186334501,8683.919970703126,141.16292459960286,0.9760369091259384,0.0,0.0,0.0
2017-02-20,8879.2001953125,8886.25,8809.7998046875,8818.5498046875,0.0065180179247708026,0.006496867502078924,60.650390625,76.4501953125,0.00861003171804365,8710.4125,123.70857342158754,1.3643977183156624,0.0,0.0,0.0
2017-02-21,8907.849609375,8920.7998046875,8860.9501953125,8890.75,0.003226575978951818,0.0032213817527225,17.099609375,59.849609375,0.006718749417593638,8736.22998046875,106.3058633747314,1.614394761098789,0.0,0.0,0.0
2017-02-22,8926.900390625,8960.75,8905.25,8931.599609375,0.0021386509747480797,0.0021363673161383717,-4.69921875,55.5,0.0062171635810214605,8758.785009765625,95.44205657143904,1.7614392113767985,0.0,0.0,0.0
2017-02-23,8939.5,8982.150390625,8927.5498046875,8956.400390625,0.0014114204061503877,0.0014104252886116898,-16.900390625,54.6005859375,0.0061077896904189275,8775.622509765624,96.16747792180506,1.7040843097458218,0.0,0.0,0.0
2017-02-27,8896.7001953125,8951.7998046875,8888.650390625,8943.7001953125,-0.004787717958219084,-0.00479921579345047,-47.0,63.1494140625,0.0070980714957408824,8788.39501953125,94.32770057773905,1.1481799632335103,0.0,0.0,0.0
2017-02-28,8879.599609375,8914.75,8867.599609375,8898.9501953125,-0.0019221268068030373,-0.0019239764630964217,-19.3505859375,47.150390625,0.005309968095320317,8800.7375,88.88275999156326,0.8872599071235672,0.0,0.0,0.0
2017-03-01,8945.7998046875,8960.7998046875,8898.599609375,8904.400390625,0.007455313102474381,0.007427659614302356,41.3994140625,62.2001953125,0.006953005507669397,8819.9625,74.84137796395278,1.681386795792425,0.0,0.0,0.0
2017-03-02,8899.75,8992.5,8879.7998046875,8982.849609375,-0.0051476453411544165,-0.005160940111567701,-83.099609375,112.7001953125,0.01266329900418551,8829.12998046875,72.68659687875251,0.9715686600247722,0.0,0.0,0.0
2017-03-03,8897.5498046875,8907.099609375,8860.099609375,8883.5,-0.0002472199008398679,-0.0002472504647169898,14.0498046875,47.0,0.00528235312324287,8837.294970703126,70.60982721685737,0.8533491209278735,0.0,0.0,0.0
2017-03-06,8963.4501953125,8967.7998046875,8914.0,8915.099609375,0.00740657732427441,0.00737928331770254,48.3505859375,53.7998046875,0.006002131268117604,8848.419970703126,72.14266521548006,1.5944826028508243,0.0,0.0,0.0
2017-03-07,8946.900390625,8977.849609375,8932.7998046875,8977.75,-0.0018463654426456033,-0.0018480720763560477,-30.849609375,45.0498046875,0.005035241560832106,8855.7125,74.43738433715444,1.22502814193439,0.0,0.0,0.0
2017-03-08,8924.2998046875,8957.0498046875,8891.9501953125,8950.7001953125,-0.0025260799775062015,-0.0025292759007722594,-26.400390625,65.099609375,0.007294646168297298,8863.5125,72.954202871133,0.8332255345846838,0.0,0.0,0.0
2017-03-09,8927.0,8945.7998046875,8899.5,8914.5,0.0003025666294942386,0.0003025208654424808,12.5,46.2998046875,0.0051864909474067435,8871.410009765625,70.70474087256319,0.7862271970499072,0.0,0.0,0.0
2017-03-10,8934.5498046875,8975.7001953125,8903.9501953125,8953.7001953125,0.0008457269729471584,0.0008453695473995277,-19.150390625,71.75,0.008030622870595725,8879.21748046875,68.48002387548689,0.8080067892405844,0.0,0.0,0.0
2017-03-14,9087.0,9122.75,9060.5,9091.650390625,0.017062996865551794,0.016919058968585234,-4.650390625,62.25,0.006850445691647409,8893.889990234375,79.68019420497252,2.4235634926900587,0.0,0.0,0.0
2017-03-15,9084.7998046875,9106.5498046875,9075.5,9086.849609375,-0.0002421255983823256,-0.00024215491551740303,-2.0498046875,31.0498046875,0.0034177753340782677,8907.877490234376,87.44041856686472,2.0233470670984235,0.0,0.0,0.0
2017-03-16,9153.7001953125,9158.4501953125,9128.5498046875,9129.650390625,0.0075841396735512046,0.0075555246752815495,24.0498046875,29.900390625,0.0032664813121486796,8925.947509765625,98.89143382682427,2.303057774910097,0.0,0.0,0.0
2017-03-17,9160.0498046875,9218.400390625,9147.599609375,9207.7998046875,0.0006936658662091144,0.000693425391241901,-47.75,70.80078125,0.00772930090552225,8947.714990234375,100.16768488156586,2.1197935711919524,0.0,0.0,0.0
2017-03-20,9126.849609375,9167.599609375,9116.2998046875,9166.9501953125,-0.0036244557639315556,-0.0036310400180971465,-40.1005859375,51.2998046875,0.005620757093970892,8965.157470703125,99.42968109289657,1.6261958893422073,0.0,0.0,0.0
2017-03-21,9121.5,9147.75,9087.2001953125,9133.9501953125,-0.0005861397529225432,-0.0005863115999817308,-12.4501953125,60.5498046875,0.006638141170585978,8980.1474609375,99.26253563215562,1.4240270829502115,0.0,0.0,0.0
2017-03-22,9030.4501953125,9072.900390625,9019.2998046875,9047.2001953125,-0.009981889457600146,-0.010032042543653485,-16.75,53.6005859375,0.005935538625230759,8987.7099609375,96.90042505631902,0.4410737553541087,0.0,0.0,0.0
2017-03-23,9086.2998046875,9099.0498046875,9048.599609375,9048.75,0.006184587497530369,0.006165541424006181,37.5498046875,50.4501953125,0.00555233663833912,8996.632470703125,97.37453819211326,0.9208499023375819,0.0,0.0,0.0
2017-03-24,9108.0,9133.5498046875,9089.400390625,9104.0,0.002388232369495924,0.0023853850750034113,4.0,44.1494140625,0.004847322580423803,9005.687451171874,98.95626977777317,1.0339167902942359,0.0,0.0,0.0
2017-03-27,9045.2001953125,9094.849609375,9024.650390625,9093.4501953125,-0.006895015885759803,-0.006918896341847197,-48.25,70.19921875,0.007760935881372685,9010.9724609375,98.0537916094325,0.3490709926989367,0.0,0.0,0.0
2017-03-28,9100.7998046875,9110.400390625,9079.7998046875,9081.5,0.006146863328001739,0.006128048426003716,19.2998046875,30.6005859375,0.003362406227388797,9021.17744140625,96.13705769902596,0.828217184787604,0.0,0.0,0.0
2017-03-29,9143.7998046875,9153.150390625,9109.099609375,9128.7001953125,0.004724859454424246,0.004713732341589461,15.099609375,44.05078125,0.004817557491516568,9034.387451171875,93.78200301240055,1.1666668443961223,0.0,0.0,0.0
2017-03-30,9173.75,9183.150390625,9136.349609375,9142.599609375,0.003275464899958447,0.0032701122498964663,31.150390625,46.80078125,0.005101597629104782,9045.7849609375,96.26780136692643,1.3292610534934548,0.0,0.0,0.0
2017-03-31,9173.75,9191.7001953125,9152.099609375,9158.900390625,0.0,0.0,14.849609375,39.6005859375,0.004316728266793841,9059.4849609375,93.8580516767811,1.217423939887382,0.0,0.0,0.0
2017-04-03,9237.849609375,9245.349609375,9192.400390625,9220.599609375,0.006987285393105225,0.006962987433382358,17.25,52.94921875,0.005731768862773504,9076.499951171874,93.80217104312361,1.7201057972202856,0.0,0.0,0.0
2017-04-05,9265.150390625,9273.900390625,9215.400390625,9264.400390625,0.002955317785461098,0.0029509594186491106,0.75,58.5,0.006313982777785624,9091.5849609375,98.79156398277043,1.7568851295619774,0.0,0.0,0.0
2017-04-06,9261.9501953125,9267.9501953125,9218.849609375,9245.7998046875,-0.00034540133484917135,-0.00034546099962948787,16.150390625,49.1005859375,0.005301322605076191,9107.337451171876,99.62127187623236,1.5520053220431909,0.0,0.0,0.0
2017-04-07,9198.2998046875,9250.5,9188.099609375,9223.7001953125,-0.006872244968150865,-0.006895967591191596,-25.400390625,62.400390625,0.0067839048465457115,9121.037451171875,91.64609507892337,0.8430512336514603,0.0,0.0,0.0
2017-04-10,9181.4501953125,9225.650390625,9174.849609375,9225.599609375,-0.0018318178068531532,-0.001833497636833679,-44.1494140625,50.80078125,0.005532980103288677,9133.7599609375,80.24405215658926,0.594314881829963,0.0,0.0,0.0
2017-04-11,9237.0,9242.7001953125,9172.849609375,9184.5498046875,0.006050221207523521,0.006031992108960761,52.4501953125,69.8505859375,0.0075620424312547365,9148.882470703125,68.34242864310731,1.2893532033670527,0.0,0.0,0.0
2017-04-12,9203.4501953125,9246.400390625,9161.7998046875,9242.5,-0.003632110499891761,-0.0036387226287440087,-39.0498046875,84.6005859375,0.009192268566910782,9154.70498046875,67.75079237960833,0.7194781512019777,0.0,0.0,0.0
2017-04-13,9150.7998046875,9202.650390625,9144.9501953125,9202.5,-0.005720723153564311,-0.005737149166000338,-51.7001953125,57.7001953125,0.006305481110289732,9158.00498046875,65.74429904846494,-0.1095939250327724,0.0,0.0,0.0
2017-04-17,9139.2998046875,9160.0,9120.25,9144.75,-0.0012567207506942735,-0.0012575110864404995,-5.4501953125,39.75,0.004349348511317293,9157.2849609375,65.87265551739891,-0.27302916678758027,0.0,0.0,0.0
2017-04-18,9105.150390625,9217.900390625,9095.4501953125,9163.0,-0.003736545992832463,-0.003743544319295666,-57.849609375,122.4501953125,0.013448453903471958,9154.539990234374,66.88741520009624,-0.7383989867394847,0.0,0.0,0.0
2017-04-19,9103.5,9120.5,9075.150390625,9112.2001953125,-0.00018125901870869043,-0.00018127544810997014,-8.7001953125,45.349609375,0.004981557574009996,9153.372509765624,67.59619388574329,-0.7378005609298497,0.0,0.0,0.0
2017-04-20,9136.400390625,9143.900390625,9102.650390625,9108.099609375,0.003614037526775471,0.00360752258526342,28.30078125,41.25,0.004514907210319641,9154.117529296875,67.30791694900374,-0.26322518174642273,0.0,0.0,0.0
2017-04-21,9119.400390625,9183.650390625,9088.75,9179.099609375,-0.0018606890321317682,-0.0018624222643066866,-59.69921875,94.900390625,0.010406428773821606,9158.5650390625,61.38438913356505,-0.6380229402019798,0.0,0.0,0.0
2017-04-24,9217.9501953125,9225.400390625,9130.5498046875,9135.349609375,0.010806610135114969,0.010748636018943606,82.6005859375,94.8505859375,0.01028976984337942,9165.14755859375,60.27592815006946,0.8760153238501316,0.0,0.0,0.0
2017-04-25,9306.599609375,9309.2001953125,9250.349609375,9273.0498046875,0.00961704198701141,0.009571092601938416,33.5498046875,58.8505859375,0.0063235325905948376,9175.0775390625,66.41231327947558,1.9803868261451738,0.0,0.0,0.0
2017-04-26,9351.849609375,9367.0,9301.349609375,9336.2001953125,0.004862141050359314,0.00485035901773151,15.6494140625,65.650390625,0.00702004345313542,9190.410009765625,70.14265877228475,2.30158939559851,0.0,0.0,0.0
2017-04-27,9342.150390625,9367.150390625,9322.650390625,9359.150390625,-0.001037144431864756,-0.001037682638315093,-17.0,44.5,0.004763357272074797,9202.4775390625,74.53805388978103,1.8738462338852233,0.0,0.0,0.0
2017-04-28,9304.0498046875,9342.650390625,9282.25,9340.9501953125,-0.004078352878555069,-0.004086692040742791,-36.900390625,60.400390625,0.00649183870389102,9210.4900390625,76.48610248158732,1.2232256918506488,0.0,0.0,0.0
2017-05-02,9313.7998046875,9352.5498046875,9269.900390625,9339.849609375,0.0010479307618374012,0.0010473820656935206,-26.0498046875,82.6494140625,0.008873866283973996,9217.492529296875,79.30445444354605,1.2143993180002643,0.0,0.0,0.0
2017-05-03,9311.9501953125,9346.2998046875,9298.400390625,9344.7001953125,-0.00019858805361794296,-0.00019860777483643832,-32.75,47.8994140625,0.005143864932461931,9224.4025390625,81.28850844459424,1.0769991715332394,0.0,0.0,0.0
2017-05-04,9359.900390625,9365.650390625,9323.25,9360.9501953125,0.005149318274558334,0.005136105872378302,-1.0498046875,42.400390625,0.004530004471785703,9230.505078125,86.74907398737268,1.491604538843097,0.0,0.0,0.0
2017-05-05,9285.2998046875,9377.099609375,9272.0,9374.5498046875,-0.007970232889681239,-0.008002164979810267,-89.25,105.099609375,0.011318924707411445,9231.512548828125,87.28793832156268,0.6162049063551812,0.0,0.0,0.0
2017-05-08,9314.0498046875,9338.7001953125,9297.9501953125,9311.4501953125,0.0030962920535411165,0.0030915084131222883,2.599609375,40.75,0.004375110811571103,9234.117529296875,89.0046507266795,0.8980685249368137,0.0,0.0,0.0
2017-05-09,9316.849609375,9338.9501953125,9307.7001953125,9337.349609375,0.0003006001413146109,0.0003005549701442118,-20.5,31.25,0.0033541380735130633,9240.04501953125,90.4298838696452,0.8493275293205539,0.0,0.0,0.0
2017-05-10,9407.2998046875,9414.75,9336.0,9339.650390625,0.009708238203339103,0.009661416055306064,67.6494140625,78.75,0.008371158742146199,9251.3375,96.61756445594241,1.6142231028667582,0.0,0.0,0.0
2017-05-11,9422.400390625,9450.650390625,9411.2998046875,9448.599609375,0.0016051987553300506,0.0016039118008357616,-26.19921875,39.3505859375,0.004176280385691594,9260.60751953125,103.79696904283333,1.5587436953672913,0.0,0.0,0.0
2017-05-12,9400.900390625,9437.75,9372.5498046875,9436.650390625,-0.002281796475279485,-0.0022844037397764944,-35.75,65.2001953125,0.006935526662692923,9270.480029296876,107.40190281895917,1.214320769977101,0.0,0.0,0.0
2017-05-15,9445.400390625,9449.25,9423.099609375,9433.5498046875,0.004733589140501593,0.004722420937348687,11.8505859375,26.150390625,0.0027685846595720265,9285.21005859375,110.28730595380162,1.4524820481003742,0.0,0.0,0.0
2017-05-16,9512.25,9517.2001953125,9456.349609375,9461.0,0.007077477566896029,0.007052549770711115,51.25,60.8505859375,0.00639707597440143,9303.857568359375,115.71408676151621,1.8009253451579852,0.0,0.0,0.0
2017-05-17,9525.75,9532.599609375,9486.099609375,9517.599609375,0.0014192225814082526,0.0014182164368899746,8.150390625,46.5,0.00488150539327612,9324.887548828125,115.92006201913586,1.7327669401929529,0.0,0.0,0.0
2017-05-18,9429.4501953125,9489.099609375,9418.099609375,9453.2001953125,-0.010109419697924005,-0.01016086690923151,-23.75,71.0,0.007529601252392743,9341.18505859375,105.61112345829949,0.8357560626992236,0.0,0.0,0.0
2017-05-19,9427.900390625,9505.75,9390.75,9469.900390625,-0.00016435790585866972,-0.00016437141409942322,-42.0,115.0,0.012197837825519958,9355.76005859375,95.49170662214152,0.7554617524714151,0.0,0.0,0.0
2017-05-22,9438.25,9498.650390625,9427.900390625,9480.25,0.001097763971423804,0.0010971618691591547,-42.0,70.75,0.0074960930257198105,9371.7025390625,79.17671732455199,0.8404928012450431,0.0,0.0,0.0
2017-05-23,9386.150390625,9448.0498046875,9370.0,9445.0498046875,-0.00552004973114717,-0.005535341505865151,-58.8994140625,78.0498046875,0.008315422344548951,9380.112548828125,70.43641801785769,0.0857204549405711,0.0,0.0,0.0
2017-05-24,9360.5498046875,9431.900390625,9341.650390625,9410.900390625,-0.0027274851639997877,-0.002731211528938736,-50.3505859375,90.25,0.009641527675522366,9382.81005859375,68.47877435000552,-0.32506793700007575,0.0,0.0,0.0
2017-05-25,9509.75,9523.2998046875,9379.2001953125,9384.0498046875,0.015939255537936958,0.01581355951256376,125.7001953125,144.099609375,0.015152828347222588,9390.705078125,73.62997131228745,1.6167997861916001,0.0,0.0,0.0
2017-05-26,9595.099609375,9604.900390625,9495.400390625,9507.75,0.008974958266515953,0.008934922695320598,87.349609375,109.5,0.011412075377832637,9403.3525390625,85.60204196927666,2.2399824338456757,0.0,0.0,0.0
2017-05-29,9604.900390625,9637.75,9547.7001953125,9560.0498046875,0.00102143611312,0.001020914802213731,44.8505859375,90.0498046875,0.009375402245232485,9418.395068359376,93.31932497416497,1.9985712746771092,0.0,0.0,0.0
2017-05-30,9624.5498046875,9635.2998046875,9581.2001953125,9590.650390625,0.0020457696866569286,0.0020436799494468433,33.8994140625,54.099609375,0.005621001550498658,9433.932568359374,100.57538671955349,1.8952672472405878,0.0,0.0,0.0
2017-05-31,9621.25,9649.599609375,9609.25,9636.5498046875,-0.0003428528870922376,-0.0003429116745806887,-15.2998046875,40.349609375,0.00419380115629466,9449.39755859375,104.5334401960668,1.643994888945753,0.0,0.0,0.0
2017-06-01,9616.099609375,9634.650390625,9589.900390625,9603.5498046875,-0.0005353140834091219,-0.0005354574151470177,12.5498046875,44.75,0.004653653957200276,9462.20751953125,108.6073301153982,1.4169585946016308,0.0,0.0,0.0
2017-06-02,9653.5,9673.5,9637.4501953125,9657.150390625,0.00388935141525959,0.003881807442491232,-3.650390625,36.0498046875,0.0037343766185839334,9480.617529296875,108.2476194614486,1.5971018260100942,0.0,0.0,0.0
2017-06-05,9675.099609375,9687.2001953125,9640.7001953125,9656.2998046875,0.002237489964779682,0.00223499051174814,18.7998046875,46.5,0.004806152068444063,9498.67001953125,109.10979978638139,1.6169912344186295,0.0,0.0,0.0
2017-06-06,9637.150390625,9709.2998046875,9630.2001953125,9704.25,-0.003922359487981697,-0.003930072114359614,-67.099609375,79.099609375,0.00820777991095251,9514.68505859375,104.42386848660871,1.1727714535585791,0.0,0.0,0.0
2017-06-07,9663.900390625,9678.5498046875,9630.5498046875,9663.9501953125,0.002775716774745085,0.002771871586730097,-0.0498046875,48.0,0.004966938612753609,9527.515087890624,106.28263496475381,1.2832322305483372,0.0,0.0,0.0
2017-06-08,9647.25,9688.7001953125,9641.5,9682.400390625,-0.0017229472523487832,-0.0017244332330555142,-35.150390625,47.2001953125,0.004892606215501827,9538.757568359375,106.47051819777654,1.0189903597453391,0.0,0.0,0.0
2017-06-09,9668.25,9676.25,9608.150390625,9638.5498046875,0.0021767861307626646,0.0021744203643893584,29.7001953125,68.099609375,0.007043633478137201,9552.125048828126,105.02464657563912,1.1056923775338836,0.0,0.0,0.0
2017-06-12,9616.400390625,9647.0498046875,9598.5,9646.7001953125,-0.005362874292141773,-0.005377306123000276,-30.2998046875,48.5498046875,0.005048646345344674,9560.675048828125,102.81625620825488,0.5419896021501018,0.0,0.0,0.0
2017-06-13,9606.900390625,9654.150390625,9595.400390625,9615.5498046875,-0.0009878956380873216,-0.0009883839285963953,-8.6494140625,58.75,0.006115395976972119,9565.407568359375,102.64818052093361,0.4042236506779923,0.0,0.0,0.0
2017-06-14,9618.150390625,9627.400390625,9580.4501953125,9621.5498046875,0.0011710332721861505,0.001170348147540874,-3.3994140625,46.9501953125,0.004881416218887914,9570.027587890625,102.84851437759426,0.467899833318921,0.0,0.0,0.0
2017-06-15,9578.0498046875,9621.400390625,9560.7998046875,9617.900390625,-0.0041692616884621,-0.00417797729350316,-39.8505859375,60.6005859375,0.006327027648973182,9577.457568359376,97.380637259115,0.006081664125368393,0.0,0.0,0.0
2017-06-16,9588.0498046875,9615.849609375,9565.5,9595.4501953125,0.001044053873587636,0.0010435092284018055,-7.400390625,50.349609375,0.005251287842746143,9585.4650390625,90.79741361496228,0.028467392650210803,0.0,0.0,0.0
2017-06-19,9657.5498046875,9673.2998046875,9614.900390625,9626.400390625,0.007248606485755094,0.0072224616043765726,31.1494140625,58.3994140625,0.006047021785396808,9596.430029296875,85.14957785116462,0.7177930523326653,0.0,0.0,0.0
2017-06-20,9653.5,9676.5,9643.75,9670.5,-0.0004193408027297618,-0.00041942875067181194,-17.0,32.75,0.0033925519241725798,9609.797509765625,70.04668593190941,0.6239051805656689,0.0,0.0,0.0
2017-06-21,9633.599609375,9650.4501953125,9608.599609375,9648.099609375,-0.0020614689620345183,-0.0020635967138743832,-14.5,41.8505859375,0.004344231402016421,9623.45,38.3464385623675,0.2646819302004206,0.0,0.0,0.0
2017-06-22,9630.0,9698.849609375,9617.75,9642.650390625,-0.00037365154469337636,-0.00037372136982585634,-12.650390625,81.099609375,0.008421558605919003,9629.4625,27.463609446654637,0.019571353177170858,0.0,0.0,0.0
2017-06-23,9574.9501953125,9647.650390625,9565.2998046875,9643.25,-0.005716490621754944,-0.005732892290795095,-68.2998046875,82.3505859375,0.008600628124187574,9628.455029296874,29.11070539094866,-1.8379779282507678,0.0,0.0,0.0
2017-06-27,9511.400390625,9615.400390625,9473.4501953125,9594.0498046875,-0.006637089842891464,-0.006659213268124637,-82.6494140625,141.9501953125,0.014924216149329022,9623.780029296875,38.940633040603295,-2.8859222333313648,1.0,0.0,0.0
2017-06-28,9491.25,9522.5,9474.349609375,9520.2001953125,-0.0021185514012070916,-0.002120798705808072,-28.9501953125,48.150390625,0.005073134795206111,9617.1150390625,48.92865877734621,-2.5724195636602203,1.0,1.0,1.0
2017-06-29,9504.099609375,9575.7998046875,9493.7998046875,9522.9501953125,0.0013538374160411148,0.001352921804466218,-18.8505859375,82.0,0.008627855701250632,9611.25751953125,55.038473667621204,-1.9469636967656248,1.0,1.0,1.0
2017-06-30,9520.900390625,9535.7998046875,9448.75,9478.5,0.0017677404426008625,0.0017661798283679123,42.400390625,87.0498046875,0.009143022310496582,9606.49755859375,58.59911012309953,-1.4607247070635625,1.0,1.0,1.0
2017-07-03,9615.0,9624.0,9543.5498046875,9587.9501953125,0.009883477981521338,0.00983495586260243,27.0498046875,80.4501953125,0.008367154998699947,9604.57255859375,57.597609576167166,0.181039482071908,0.0,1.0,1.0
2017-07-04,9613.2998046875,9650.650390625,9595.5,9645.900390625,-0.00017682738559543498,-0.00017684302140083614,-32.6005859375,55.150390625,0.005736884498089652,9601.482568359375,55.22363485644115,0.21398874519659225,0.0,0.0,0.0
2017-07-05,9637.599609375,9643.650390625,9607.349609375,9619.75,0.0025277277502206985,0.0025245384198064923,17.849609375,36.30078125,0.003766579098667714,9601.505029296875,55.238994667226244,0.6534257239033325,0.0,0.0,0.0
2017-07-06,9674.5498046875,9700.7001953125,9639.9501953125,9653.599609375,0.003833962481337938,0.00382663157881288,20.9501953125,60.75,0.006279361957552329,9602.0375,55.91924238092531,1.2967326022327228,0.0,0.0,0.0
2017-07-07,9665.7998046875,9684.25,9642.650390625,9670.349609375,-0.0009044348498532528,-0.000904844097829429,-4.5498046875,41.599609375,0.004303793810712484,9602.964990234375,56.85462915967112,1.1051837885822577,0.0,0.0,0.0
2017-07-10,9771.0498046875,9782.150390625,9646.4501953125,9719.2998046875,0.010888907501369838,0.010830050223587575,51.75,135.7001953125,0.013887985224207953,9608.10498046875,66.83778896396669,2.437914639974044,0.0,0.0,0.0
2017-07-11,9786.0498046875,9830.0498046875,9778.849609375,9797.4501953125,0.001535147225716127,0.0015339700917757582,-11.400390625,51.2001953125,0.005231957361179094,9616.587451171876,77.8105022982569,2.1778853562216436,0.0,0.0,0.0
2017-07-12,9816.099609375,9824.9501953125,9787.7001953125,9807.2998046875,0.0030706776776372458,0.003065972775967725,8.7998046875,37.25,0.0037947862676967824,9627.047412109376,89.60676007239961,2.1097983803105445,0.0,0.0,0.0
2017-07-13,9891.7001953125,9897.25,9853.4501953125,9855.7998046875,0.007701693029408263,0.0076721863955028615,35.900390625,43.7998046875,0.004427934917422583,9640.72490234375,107.3063792301995,2.3388664753131163,0.0,0.0,0.0
2017-07-14,9886.349609375,9913.2998046875,9845.4501953125,9913.2998046875,-0.0005409167111671831,-0.0005410630593885717,-26.9501953125,67.849609375,0.006862958731568602,9656.139892578125,119.30266944687496,1.9296275419837654,0.0,0.0,0.0
2017-07-17,9915.9501953125,9928.2001953125,9894.7001953125,9908.150390625,0.0029940865038224906,0.0029896131536668747,7.7998046875,33.5,0.0033783953469064647,9672.534912109375,131.37303493151484,1.852855750268829,0.0,0.0,0.0
2017-07-18,9827.150390625,9885.349609375,9792.0498046875,9832.7001953125,-0.008955249163058343,-0.008995588419495522,-5.5498046875,93.2998046875,0.009494085363393547,9681.01494140625,135.755543969351,1.0764602678159625,0.0,0.0,0.0
2017-07-19,9899.599609375,9905.0498046875,9851.650390625,9855.9501953125,0.007372352703497453,0.007345309743460549,43.6494140625,53.3994140625,0.005394098364536918,9693.319921875,144.03137831253468,1.432185749499617,0.0,0.0,0.0
2017-07-20,9873.2998046875,9922.5498046875,9863.4501953125,9920.2001953125,-0.002656653372384299,-0.002660188538483533,-46.900390625,59.099609375,0.005985801155044594,9705.304931640625,148.69770715395384,1.1297744683644777,0.0,0.0,0.0
2017-07-21,9915.25,9924.7001953125,9838.0,9899.599609375,0.004248852576378193,0.004239851688892752,15.650390625,86.7001953125,0.008744125999092307,9719.567431640626,154.6552830649395,1.2652821454357137,0.0,0.0,0.0
2017-07-24,9966.400390625,9982.0498046875,9919.599609375,9936.7998046875,0.005158759549683589,0.005145498736317388,29.6005859375,62.4501953125,0.006266073292745136,9739.13994140625,160.06537757154678,1.4197976643460408,0.0,0.0,0.0
2017-07-25,9964.5498046875,10011.2998046875,9949.099609375,10010.5498046875,-0.00018568247962835738,-0.00018569972075426088,-46.0,62.2001953125,0.006242148068068256,9761.797412109376,158.19286375987758,1.2816785015402719,0.0,0.0,0.0
2017-07-26,10020.650390625,10025.9501953125,9965.9501953125,9983.650390625,0.0056300171143817135,0.005614227803035337,37.0,60.0,0.005987635299215117,9788.267431640625,154.79534610747015,1.5012270383312316,0.0,0.0,0.0
2017-07-27,10020.5498046875,10114.849609375,10005.5,10063.25,-1.0037865166290239e-05,-1.0037915545995924e-05,-42.7001953125,109.349609375,0.010912535889382785,9814.08994140625,147.81533531995657,1.3967418389597643,0.0,0.0,0.0
2017-07-28,10014.5,10026.0498046875,9944.5,9996.5498046875,-0.0006037397952625145,-0.0006039221195206731,17.9501953125,81.5498046875,0.008143172868091268,9838.769921875,137.10544231563378,1.2817148258815805,0.0,0.0,0.0
2017-07-31,10077.099609375,10085.900390625,10016.9501953125,10034.7001953125,0.006250897136651945,0.006231441314613235,42.3994140625,68.9501953125,0.006842265928219441,9861.87490234375,136.34542114895197,1.578525374872143,0.0,0.0,0.0
2017-08-01,10114.650390625,10128.599609375,10065.75,10101.0498046875,0.0037263481265050746,0.003719422490879323,13.6005859375,62.849609375,0.006213720390499471,9886.942431640626,134.31103949952677,1.6953778321786912,0.0,0.0,0.0
2017-08-02,10081.5,10137.849609375,10054.2001953125,10136.2998046875,-0.0032774628232060676,-0.0032828454686495033,-54.7998046875,83.6494140625,0.008297318262411348,9909.137451171875,127.4399916262125,1.352499687332627,0.0,0.0,0.0
2017-08-03,10013.650390625,10081.150390625,9998.25,10081.150390625,-0.006730110536626532,-0.006752859858295522,-67.5,82.900390625,0.008278738261384996,9926.09248046875,116.69127241729619,0.7503381216303605,0.0,0.0,0.0
2017-08-04,10066.400390625,10075.25,9988.349609375,10008.599609375,0.0052678092346210015,0.005253982862758577,57.80078125,86.900390625,0.008632717481209244,9946.122509765624,103.27026352026587,1.1646903644801125,0.0,0.0,0.0
2017-08-07,10057.400390625,10088.099609375,10046.349609375,10074.7998046875,-0.000894063384204502,-0.0008944632972548343,-17.3994140625,41.75,0.00415117210993382,9960.4400390625,97.40384760183753,0.9954468324377692,0.0,0.0,0.0
2017-08-08,9978.5498046875,10083.7998046875,9947.0,10068.349609375,-0.007840056363968673,-0.007870951189924851,-89.7998046875,136.7998046875,0.013709387372425325,9970.0650390625,88.35510835939853,0.09603027807387461,0.0,0.0,0.0
2017-08-09,9908.0498046875,9969.7998046875,9893.0498046875,9961.150390625,-0.007065154895241621,-0.007090231284273741,-53.1005859375,76.75,0.0077462267058538165,9974.662548828124,82.09226905252409,-0.8114374825966165,0.0,0.0,0.0
2017-08-10,9820.25,9892.650390625,9776.2001953125,9872.849609375,-0.008861461782919355,-0.008900958038211523,-52.599609375,116.4501953125,0.01185817013950765,9971.0900390625,87.28323488261042,-1.7281673767633396,0.0,0.0,0.0
2017-08-11,9710.7998046875,9771.650390625,9685.5498046875,9712.150390625,-0.011145357329243155,-0.01120793220489222,-1.3505859375,86.1005859375,0.008866477290154657,9962.312548828126,103.562357958094,-2.428611602706064,1.0,0.0,0.0
2017-08-14,9794.150390625,9818.2998046875,9752.099609375,9755.75,0.008583287433983067,0.008546660459731773,38.400390625,66.2001953125,0.006759156503852248,9956.22255859375,109.82410859328866,-1.4757430772231606,1.0,1.0,1.0
2017-08-16,9897.2998046875,9903.9501953125,9773.849609375,9825.849609375,0.010531736796816515,0.010476664391422662,71.4501953125,130.1005859375,0.01314505860233541,9959.730029296876,106.55652838973494,-0.585888312549322,1.0,1.0,1.0
2017-08-17,9904.150390625,9947.7998046875,9883.75,9945.5498046875,0.0006921671640436333,0.0006919277268328227,-41.3994140625,64.0498046875,0.0064669660860691095,9959.957568359376,106.42614796962336,-0.5243746842205026,1.0,1.0,1.0
2017-08-18,9837.400390625,9865.9501953125,9783.650390625,9865.9501953125,-0.006739598791147605,-0.006762412448120804,-28.5498046875,82.2998046875,0.008366011488759912,9958.16259765625,108.25171200165477,-1.1155685651364478,1.0,1.0,1.0
2017-08-21,9754.349609375,9884.349609375,9740.099609375,9864.25,-0.008442350412935062,-0.008478188903126932,-109.900390625,144.25,0.014788274541785947,9950.117578125,117.21640496015092,-1.6701413835081698,1.0,1.0,1.0
2017-08-22,9765.5498046875,9828.4501953125,9752.599609375,9815.75,0.0011482257414410224,0.0011475670344457027,-50.2001953125,75.8505859375,0.007767159807130515,9940.075048828125,124.14700779806803,-1.4057950105772956,1.0,1.0,1.0
2017-08-23,9852.5,9857.900390625,9786.75,9803.0498046875,0.008903768559017866,0.008864363739937172,49.4501953125,71.150390625,0.007221557028672926,9934.47255859375,125.50523766076287,-0.6531405391647469,1.0,1.0,1.0
2017-08-24,9857.0498046875,9881.5,9848.849609375,9881.2001953125,0.00046179189926420783,0.0004616853061997081,-24.150390625,32.650390625,0.003312389738507071,9926.292529296876,124.92295213414268,-0.5542834477288262,1.0,1.0,1.0
2017-08-28,9912.7998046875,9925.75,9882.0,9907.150390625,0.005655850493267112,0.005639916223863896,5.6494140625,43.75,0.004413485681342196,9920.905029296875,122.9519058640836,-0.06592191111160871,0.0,1.0,1.0
2017-08-29,9796.0498046875,9887.349609375,9783.75,9886.400390625,-0.011777701789638884,-0.011847608353940924,-90.3505859375,103.599609375,0.010575651557572383,9909.98251953125,123.89916021471868,-0.9195600248323146,0.0,0.0,0.0
2017-08-30,9884.400390625,9909.4501953125,9850.7998046875,9859.5,0.009019001301445284,0.0089785730092648,24.900390625,58.650390625,0.005933631612154016,9900.34755859375,117.54925290065269,-0.13566371180791925,0.0,0.0,0.0
2017-08-31,9917.900390625,9925.099609375,9856.9501953125,9905.7001953125,0.0033891787742403867,0.0033834484516002566,12.2001953125,68.1494140625,0.006871354962076344,9890.51005859375,106.37213234757675,0.2574953742748135,0.0,0.0,0.0
2017-09-01,9974.400390625,9983.4501953125,9909.849609375,9937.650390625,0.00569677026131532,0.005680605029627355,36.75,73.6005859375,0.007378948413448255,9885.155078125,98.66810235830127,0.9045001410477697,0.0,0.0,0.0
2017-09-04,9912.849609375,9988.400390625,9861.0,9984.150390625,-0.006170875324781666,-0.006189993868598528,-71.30078125,127.400390625,0.012852045137909898,9880.1150390625,94.23386247115877,0.3473758737472744,0.0,0.0,0.0
2017-09-05,9952.2001953125,9963.099609375,9901.0498046875,9933.25,0.003969654285916446,0.003961795997934277,18.9501953125,62.0498046875,0.006234782607842389,9874.405029296875,85.39763006781442,0.9109757021810525,0.0,0.0,0.0
2017-09-06,9916.2001953125,9931.5498046875,9882.5498046875,9899.25,-0.0036172905783141696,-0.0036238487939692175,16.9501953125,49.0,0.004941408910155208,9867.34501953125,74.6306724299691,0.6546259626307578,0.0,0.0,0.0
2017-09-07,9929.900390625,9964.849609375,9917.2001953125,9945.849609375,0.0013815972895521167,0.001380643762176384,-15.94921875,47.6494140625,0.00479857925941399,9864.912548828124,71.54436975024528,0.9083571778428159,0.0,0.0,0.0
2017-09-08,9934.7998046875,9963.599609375,9913.2998046875,9958.650390625,0.0004934001218306339,0.0004932784400140928,-23.8505859375,50.2998046875,0.005062991270721654,9866.250048828126,72.63498054609933,0.9437567869363952,0.0,0.0,0.0
2017-09-11,10006.0498046875,10028.650390625,9968.7998046875,9971.75,0.007171760015373785,0.007146165244692658,34.2998046875,59.8505859375,0.005981439939411655,9875.5400390625,78.11693544220921,1.670697459983577,0.0,0.0,0.0
2017-09-12,10093.0498046875,10097.5498046875,10028.0498046875,10056.849609375,0.008694739852208588,0.008657158285843384,36.2001953125,69.5,0.006885926587593199,9894.6525390625,82.33700218583928,2.409576015133595,0.0,0.0,0.0
2017-09-13,10079.2998046875,10131.9501953125,10063.150390625,10099.25,-0.0013623236054590704,-0.0013632524119145414,-19.9501953125,68.7998046875,0.006825851598888231,9908.910009765625,88.47737685725892,1.9258007071883048,0.0,0.0,0.0
2017-09-14,10086.599609375,10126.5,10070.349609375,10107.400390625,0.0007242372812548137,0.0007239751479918529,-20.80078125,56.150390625,0.005566830527585428,9918.375,96.89488451000305,1.7361557343889826,0.0,0.0,0.0
2017-09-15,10085.400390625,10115.150390625,10043.650390625,10062.349609375,-0.00011889227256378643,-0.0001188993408102696,23.05078125,71.5,0.007089455770785625,9927.4375,103.72948566152543,1.5228349935180525,0.0,0.0,0.0
2017-09-18,10153.099609375,10171.7001953125,10131.2998046875,10133.099609375,0.006712596042585561,0.006690166885736892,20.0,40.400390625,0.003979118907461103,9943.2224609375,112.92049471885788,1.8586276030762863,0.0,0.0,0.0
2017-09-19,10147.5498046875,10178.9501953125,10129.9501953125,10175.599609375,-0.0005466118624873895,-0.0005467613092135457,-28.0498046875,49.0,0.004828751860608284,9962.882470703125,112.53446585271506,1.6409846759842177,0.0,0.0,0.0
2017-09-20,10141.150390625,10171.0498046875,10134.2001953125,10160.9501953125,-0.0006306363787978997,-0.000630835313560427,-19.7998046875,36.849609375,0.0036336715220263048,9981.6625,109.15985243258245,1.4610489760738727,0.0,0.0,0.0
2017-09-21,10121.900390625,10158.900390625,10058.599609375,10139.599609375,-0.0018982067377479872,-0.001900010615274047,-17.69921875,100.30078125,0.009909283571185855,9995.13251953125,109.00422017813129,1.162962964980536,0.0,0.0,0.0
2017-09-22,9964.400390625,10095.0498046875,9952.7998046875,10094.349609375,-0.01556031910231781,-0.01568265154818977,-129.94921875,142.25,0.014275821366415167,10000.500048828126,104.39245297122503,-0.3458071649401353,0.0,0.0,0.0
2017-09-25,9872.599609375,9960.5,9816.0498046875,9960.099609375,-0.009212875602266135,-0.009255576609087487,-87.5,144.4501953125,0.01463142445028667,9998.4900390625,106.53496765072,-1.1816817751354516,0.0,0.0,0.0
2017-09-26,9871.5,9891.349609375,9813.0,9875.25,-0.00011137992205778602,-0.00011138612526191736,-3.75,78.349609375,0.007936950754697868,10002.262548828125,100.13256272591143,-1.3058943591212717,0.0,0.0,0.0
2017-09-27,9735.75,9921.0498046875,9714.400390625,9920.599609375,-0.013751709466646389,-0.013847140123069935,-184.849609375,206.6494140625,0.021225834071591815,9994.830029296874,113.91055485914183,-2.2744163577926946,1.0,0.0,0.0
2017-09-28,9768.9501953125,9789.2001953125,9687.5498046875,9736.400390625,0.003410132276660871,0.0034043309606841105,32.5498046875,101.650390625,0.010405456941911279,9987.38251953125,123.6571869319368,-1.7664345246587119,1.0,1.0,1.0
2017-09-29,9788.599609375,9854.0,9775.349609375,9814.2998046875,0.002011415113154058,0.0020093949262780385,-25.7001953125,78.650390625,0.00803489710108,9978.09248046875,131.41955932734498,-1.4418924554582702,1.0,1.0,1.0
2017-10-03,9859.5,9895.400390625,9831.0498046875,9893.2998046875,0.007243159742390093,0.00721705404356513,-33.7998046875,64.3505859375,0.006526759565647345,9975.425,133.34090580483635,-0.8693881243740179,1.0,1.0,1.0
2017-10-04,9914.900390625,9938.2998046875,9850.650390625,9884.349609375,0.005618985813175215,0.005603258200374948,30.55078125,87.6494140625,0.008840170915421056,9973.560009765624,133.94233226358608,-0.43794682494543685,0.0,1.0,1.0
2017-10-05,9888.7001953125,9945.9501953125,9881.849609375,9927.0,-0.0026425071639926134,-0.0026460047490028745,-38.2998046875,64.1005859375,0.006482205413395518,9972.185009765624,134.7011597587887,-0.6197779930226416,0.0,0.0,0.0
2017-10-06,9979.7001953125,9989.349609375,9906.599609375,9908.150390625,0.009202422785872022,0.009160338481321154,71.5498046875,82.75,0.008291832257532944,9974.675,134.3381699759938,0.03740705499709226,0.0,0.0,0.0
2017-10-09,9988.75,10015.75,9959.4501953125,9988.2001953125,0.0009068212982741297,0.0009064103842389305,0.5498046875,56.2998046875,0.005636321330246528,9977.372509765624,134.0366559412911,0.08488342352676376,0.0,0.0,0.0
2017-10-10,10016.9501953125,10034.0,10002.2998046875,10013.7001953125,0.0028231956263296,0.0028192178944088774,3.25,31.7001953125,0.003164655378573642,9977.917529296876,134.1814840560074,0.29089457677582414,0.0,0.0,0.0
2017-10-11,9984.7998046875,10067.25,9955.7998046875,10042.599609375,-0.0032095987299651796,-0.00321476053982032,-57.7998046875,111.4501953125,0.01116198596792879,9972.505029296875,131.4483617561046,0.09353311997479995,0.0,0.0,0.0
2017-10-12,10096.400390625,10104.4501953125,9977.099609375,10011.2001953125,0.011177047924897598,0.011115046293774924,85.2001953125,127.3505859375,0.012613464305135049,9973.36005859375,132.2328646475071,0.9304822394889433,0.0,0.0,0.0
2017-10-13,10167.4501953125,10191.900390625,10120.099609375,10123.7001953125,0.007037142143597297,0.007012497012134821,43.75,71.80078125,0.007061827682529718,9977.402587890625,137.02593373689155,1.386946268045816,0.0,0.0,0.0
2017-10-16,10230.849609375,10242.9501953125,10175.099609375,10207.400390625,0.006235527378509298,0.006216166917771876,23.44921875,67.8505859375,0.00663196005494259,9984.675048828125,146.58572439917162,1.6793897329081668,0.0,0.0,0.0
2017-10-17,10234.4501953125,10251.849609375,10212.599609375,10227.650390625,0.00035193420634405115,0.0003518722920273383,6.7998046875,39.25,0.0038350863261787105,9988.742578125,152.5140222490741,1.6110493550962086,0.0,0.0,0.0
2017-10-18,10210.849609375,10236.4501953125,10175.75,10209.400390625,-0.0023059945074831445,-0.0023086574073600593,1.44921875,60.7001953125,0.005944676264428443,9991.907568359375,156.58551850897564,1.3982266246611776,0.0,0.0,0.0
2017-10-19,10146.5498046875,10211.9501953125,10123.349609375,10210.349609375,-0.006297204164917303,-0.006317115188263494,-63.7998046875,88.6005859375,0.008732089985560246,9992.1775390625,156.86078492574808,0.9841354912132642,0.0,0.0,0.0
2017-10-23,10184.849609375,10224.150390625,10124.5,10176.650390625,0.00377466285828576,0.003767556695072139,8.19921875,99.650390625,0.009784178897769225,9995.325,160.19678513050744,1.1830737378443603,0.0,0.0,0.0
2017-10-24,10207.7001953125,10237.75,10182.400390625,10218.5498046875,0.0022435859942857572,0.002241072913402321,-10.849609375,55.349609375,0.0054223388536055565,10007.489990234375,166.8255221115164,1.2001173594067474,0.0,0.0,0.0
2017-10-25,10295.349609375,10340.5498046875,10240.900390625,10321.150390625,0.008586597606260904,0.008549942456258083,-25.80078125,99.6494140625,0.009679070438925038,10028.627490234376,175.39672461177054,1.5206790191264783,0.0,0.0,0.0
2017-10-26,10343.7998046875,10355.650390625,10271.849609375,10291.7998046875,0.004706027201677676,0.004694988474485417,52.0,83.80078125,0.008101547094136914,10052.24248046875,184.6771569126126,1.5787405930052916,0.0,0.0,0.0
2017-10-27,10323.0498046875,10366.150390625,10311.2998046875,10362.2998046875,-0.002006032637116295,-0.0020080474155119445,-39.25,54.8505859375,0.005313409019163445,10081.607470703126,178.2857636742252,1.35424348533825,0.0,0.0,0.0
2017-10-30,10363.650390625,10384.5,10344.2998046875,10353.849609375,0.00393300300838062,0.003925288971653147,9.80078125,40.2001953125,0.0038789609642626752,10111.34248046875,172.9071362804244,1.459210507928675,0.0,0.0,0.0
2017-10-31,10335.2998046875,10367.7001953125,10323.9501953125,10364.900390625,-0.002735579151063039,-0.0027393276855447964,-29.6005859375,43.75,0.0042330653998210585,10138.677490234375,162.07382086874412,1.213165170039152,0.0,0.0,0.0
2017-11-01,10440.5,10451.650390625,10383.0498046875,10390.349609375,0.010178727013297362,0.010127272636955603,50.150390625,68.6005859375,0.006570622665341698,10167.727490234374,161.46846704648917,1.6893237097933833,0.0,0.0,0.0
2017-11-02,10423.7998046875,10453.0,10412.5498046875,10440.5,-0.0015995589591015769,-0.001600839619376669,-16.7001953125,40.4501953125,0.003880561414304011,10193.1724609375,159.61661442464623,1.4448830692301005,0.0,0.0,0.0
2017-11-03,10452.5,10461.7001953125,10403.599609375,10461.5498046875,0.0027533333189682097,0.002749549839980272,-9.0498046875,58.1005859375,0.005558534889978474,10221.362451171875,152.64780747307944,1.5141884620182797,0.0,0.0,0.0
2017-11-06,10451.7998046875,10490.4501953125,10413.75,10431.75,-6.698831021290097e-05,-6.699055402996047e-05,20.0498046875,76.7001953125,0.007338467703725145,10244.967431640625,149.78625742072634,1.3808501301018197,0.0,0.0,0.0
2017-11-07,10350.150390625,10485.75,10340.7998046875,10477.150390625,-0.009725541625559164,-0.009773143593572503,-127.0,144.9501953125,0.014004646294202021,10263.037451171875,138.63395684073126,0.6283665375951472,0.0,0.0,0.0
2017-11-08,10303.150390625,10384.25,10285.5,10361.9501953125,-0.004540996818999998,-0.004551338464517429,-58.7998046875,98.75,0.009584447111424695,10277.3474609375,126.09993710553016,0.204622859295365,0.0,0.0,0.0
2017-11-09,10308.9501953125,10368.4501953125,10266.9501953125,10358.650390625,0.0005629156585715833,0.0005627572809849458,-49.7001953125,101.5,0.009845813402624862,10293.55498046875,105.70157009186784,0.14564792964162132,0.0,0.0,0.0
2017-11-10,10321.75,10344.9501953125,10254.099609375,10304.349609375,0.0012416205767800115,0.0012408504033945,17.400390625,90.8505859375,0.008801858787269601,10304.8224609375,95.05386865669058,0.17808364143113964,0.0,0.0,0.0
2017-11-13,10224.9501953125,10334.150390625,10216.25,10322.0,-0.009378235734008311,-0.009422488277922888,-97.0498046875,117.900390625,0.011530656714499201,10307.6974609375,91.48271275825755,-0.9045125918342448,0.0,0.0,0.0
2017-11-14,10186.599609375,10248.0,10175.5498046875,10223.400390625,-0.0037506868204679744,-0.003757738283689395,-36.80078125,72.4501953125,0.007112304212469699,10305.4849609375,93.94114679915579,-1.2655301283118678,0.0,0.0,0.0
2017-11-15,10118.0498046875,10175.4501953125,10094.0,10171.9501953125,-0.00672940994209803,-0.0067521545169891405,-53.900390625,81.4501953125,0.008049989561700485,10299.66494140625,101.84673456798099,-1.7832200265343343,0.0,0.0,0.0
2017-11-16,10214.75,10232.25,10139.2001953125,10152.900390625,0.009557197007243445,0.009511815914835575,61.849609375,93.0498046875,0.009109357026603686,10299.8599609375,101.67130033358241,-0.837109003802005,0.0,0.0,0.0
2017-11-17,10283.599609375,10343.599609375,10268.0498046875,10324.5498046875,0.006740214824151325,0.006717601133431633,-40.9501953125,75.5498046875,0.007346630319856613,10306.712451171876,95.2076057040881,-0.24276255689815432,0.0,0.0,0.0
2017-11-20,10298.75,10309.849609375,10261.5,10287.2001953125,0.0014732575363192169,0.001472173357154509,11.5498046875,48.349609375,0.004694706578468261,10312.407470703125,90.84094224256438,-0.15034488156955358,0.0,0.0,0.0
2017-11-21,10326.900390625,10358.7001953125,10315.0498046875,10329.25,0.0027333793542905216,0.0027296504663746014,-2.349609375,43.650390625,0.004226862753961182,10318.36748046875,87.45689339471137,0.09756703931545399,0.0,0.0,0.0
2017-11-22,10342.2998046875,10368.7001953125,10309.5498046875,10350.7998046875,0.00149119420929833,0.0014900834832817704,-8.5,59.150390625,0.005719268609694618,10320.714990234375,87.43664580220097,0.24686233392293852,0.0,0.0,0.0
2017-11-23,10348.75,10374.2998046875,10307.2998046875,10358.4501953125,0.0006236712756650942,0.0006234768735595227,-9.7001953125,67.0,0.00647421186133591,10320.9625,87.51240557056471,0.31752641032812434,0.0,0.0,0.0
2017-11-24,10389.7001953125,10404.5,10362.25,10366.7998046875,0.003957018510689636,0.003949210104835523,22.900390625,42.25,0.00406652734975566,10324.29501953125,88.85481997816287,0.7360903527498505,0.0,0.0,0.0
2017-11-27,10399.5498046875,10407.150390625,10340.2001953125,10361.0498046875,0.000948016707878141,0.0009475676238426342,38.5,66.9501953125,0.0064377974594941436,10326.089990234375,90.04630408037346,0.8158004396000077,0.0,0.0,0.0
2017-11-28,10370.25,10409.5498046875,10355.2001953125,10387.900390625,-0.0028174108723719726,-0.0028213872448567432,-17.650390625,54.349609375,0.00524091602179311,10327.8375,90.57204479389097,0.468273627878401,0.0,0.0,0.0
2017-11-29,10361.2998046875,10392.9501953125,10345.900390625,10376.650390625,-0.0008630645657047298,-0.0008634372203591307,-15.3505859375,47.0498046875,0.004540917218341125,10323.877490234376,87.04985384874232,0.42989520141124216,0.0,0.0,0.0
2017-11-30,10226.5498046875,10332.7001953125,10211.25,10332.7001953125,-0.013005125084696312,-0.013090432150481796,-106.150390625,121.4501953125,0.011875969670321401,10314.014990234375,86.30383761971453,-1.0134565038958918,0.0,0.0,0.0
2017-12-01,10121.7998046875,10272.7001953125,10108.5498046875,10263.7001953125,-0.010242946252702612,-0.010295766224326257,-141.900390625,164.150390625,0.016217510106155273,10297.47998046875,89.97635479916894,-1.9525149265423747,0.0,0.0,0.0
2017-12-04,10127.75,10179.2001953125,10095.7001953125,10175.0498046875,0.0005878594150563465,0.0005876866933977984,-47.2998046875,83.5,0.008244674285996395,10281.277490234375,89.90122894865814,-1.707735167024843,0.0,0.0,0.0
2017-12-05,10118.25,10147.9501953125,10069.099609375,10118.25,-0.0009380168349337747,-0.000938457048031478,0.0,78.8505859375,0.0077929074630000246,10269.682470703125,95.34093530958212,-1.58832583518724,0.0,0.0,0.0
2017-12-06,10044.099609375,10104.2001953125,10033.349609375,10088.7998046875,-0.007328380957675518,-0.007355365457362713,-44.7001953125,70.8505859375,0.007053950945624754,10256.729931640624,107.39012628978877,-1.9799801863706563,0.0,0.0,0.0
2017-12-07,10166.7001953125,10182.650390625,10061.900390625,10063.4501953125,0.012206229598028528,0.012132334291871919,103.25,120.75,0.011877010011141421,10249.617431640625,108.45488745060788,-0.7645320397929217,0.0,0.0,0.0
2017-12-08,10265.650390625,10270.849609375,10195.25,10198.4501953125,0.009732773998600175,0.009685715646246356,67.2001953125,75.599609375,0.007364327295233098,10246.812451171874,107.20943096615106,0.1757115888346929,0.0,0.0,0.0
2017-12-11,10322.25,10329.2001953125,10282.0498046875,10310.5,0.0055134947345070184,0.005498351059959995,11.75,47.150390625,0.004567840405434862,10251.67744140625,108.36655208765245,0.6512393098625857,0.0,0.0,0.0
2017-12-12,10240.150390625,10326.099609375,10230.2001953125,10324.900390625,-0.007953654423696332,-0.007985453457626933,-84.75,95.8994140625,0.009365039614095634,10254.35498046875,107.33058792572437,-0.1323442843113834,0.0,0.0,0.0
2017-12-13,10192.9501953125,10296.5498046875,10169.849609375,10236.599609375,-0.004609326378225087,-0.0046199820794001496,-43.6494140625,126.7001953125,0.012430178984958296,10258.1,103.56492757652514,-0.629072082721832,0.0,0.0,0.0
2017-12-14,10252.099609375,10276.099609375,10141.5498046875,10229.2998046875,0.005802972930222028,0.005786200538018408,22.7998046875,134.5498046875,0.013124121869091222,10259.96748046875,103.07769751536553,-0.07632951922093942,0.0,0.0,0.0
2017-12-15,10333.25,10373.099609375,10319.650390625,10345.650390625,0.007915489872025061,0.007884326721783314,-12.400390625,53.44921875,0.005172546754409309,10262.45,104.26782691553166,0.6790205770506277,0.0,0.0,0.0
2017-12-18,10388.75,10443.5498046875,10074.7998046875,10263.099609375,0.005371011056540809,0.005356638616709943,125.650390625,368.75,0.03549512694019973,10266.95,107.79923221678882,1.1298781771938256,0.0,0.0,0.0
2017-12-19,10463.2001953125,10472.2001953125,10406.0,10414.7998046875,0.007166424768379365,0.007140867974318959,48.400390625,66.2001953125,0.006326954858625146,10273.764990234375,115.80019608433983,1.6358798299456725,0.0,0.0,0.0
2017-12-20,10444.2001953125,10494.4501953125,10437.150390625,10494.400390625,-0.001815888030940238,-0.0018175387542658723,-50.2001953125,57.2998046875,0.005486279812332297,10278.860009765625,121.09499896398792,1.36537583683406,0.0,0.0,0.0
2017-12-21,10440.2998046875,10473.9501953125,10426.900390625,10473.9501953125,-0.00037345038892977467,-0.00037352013889224483,-33.650390625,47.0498046875,0.004506556858297835,10283.4375,125.52523441423247,1.2496475742069153,0.0,0.0,0.0
2017-12-22,10493.0,10501.099609375,10448.25,10457.2998046875,0.0050477664720738336,0.0050350692095142814,35.7001953125,52.849609375,0.005036653900219194,10288.602490234374,132.08176166557553,1.5475074468127559,0.0,0.0,0.0
2017-12-26,10531.5,10545.4501953125,10477.9501953125,10512.2998046875,0.003669112741827796,0.0036623979675021196,19.2001953125,67.5,0.0064093433983762995,10295.2,140.91535243631765,1.67689322642675,0.0,0.0,0.0
2017-12-27,10490.75,10552.400390625,10469.25,10531.0498046875,-0.003869344347908643,-0.0038768496273459364,-40.2998046875,83.150390625,0.007926067309296285,10301.225,146.7484209531786,1.2914960090812104,0.0,0.0,0.0
2017-12-28,10477.900390625,10534.5498046875,10460.4501953125,10498.2001953125,-0.0012248513571480046,-0.0012256021006669842,-20.2998046875,74.099609375,0.007071990247330458,10307.055029296875,151.49992333765232,1.1276927246184627,0.0,0.0,0.0
2017-12-29,10530.7001953125,10538.7001953125,10488.650390625,10492.349609375,0.005039158869532878,0.005026504801246669,38.3505859375,50.0498046875,0.004752751835986987,10322.262548828125,158.11438310383926,1.3182712564959196,0.0,0.0,0.0
2018-01-02,10442.2001953125,10495.2001953125,10404.650390625,10477.5498046875,-0.008403999578242116,-0.008439512288536271,-35.349609375,90.5498046875,0.008671525444239978,10338.282568359375,152.8793661823491,0.6797361184057769,0.0,0.0,0.0
2018-01-03,10443.2001953125,10503.599609375,10429.5498046875,10482.650390625,9.576525840304662e-05,9.576067320342099e-05,-39.4501953125,74.0498046875,0.007090719635992207,10354.055078125,146.13948209291974,0.6100002265699735,0.0,0.0,0.0
2018-01-04,10504.7998046875,10513.0,10441.4501953125,10469.400390625,0.0058985376343401175,0.005881209368789884,35.3994140625,71.5498046875,0.006811153569587563,10373.382568359375,138.68311407153675,0.9476080574621089,0.0,0.0,0.0
2018-01-05,10558.849609375,10566.099609375,10520.099609375,10534.25,0.005145248428569005,0.005132056867763014,24.599609375,46.0,0.004356535200497361,10399.120068359374,120.99358281016367,1.3201488649711113,0.0,0.0,0.0
2018-01-08,10623.599609375,10631.2001953125,10588.5498046875,10591.7001953125,0.006132296831134809,0.006113570815585057,31.8994140625,42.650390625,0.004014683552960933,10421.9650390625,117.89462461797763,1.7102948583607744,0.0,0.0,0.0
2018-01-09,10637.0,10659.150390625,10603.599609375,10645.099609375,0.0012613794869653638,0.001260584616212523,-8.099609375,55.55078125,0.005222410571589734,10440.53251953125,121.17721825416861,1.6213235730222797,0.0,0.0,0.0
2018-01-10,10632.2001953125,10655.5,10592.7001953125,10652.0498046875,-0.0004512366915013777,-0.0004513385294137436,-19.849609375,62.7998046875,0.005906567176489682,10456.030029296875,125.01299586896585,1.4092148163562153,0.0,0.0,0.0
2018-01-11,10651.2001953125,10664.599609375,10612.349609375,10637.0498046875,0.0017870242895141608,0.0017854294613236375,14.150390625,52.25,0.004905550458341283,10476.58251953125,121.39019552000416,1.438482531750057,0.0,0.0,0.0
2018-01-12,10681.25,10690.400390625,10597.099609375,10682.5498046875,0.00282125996474325,0.0028172876803263624,-1.2998046875,93.30078125,0.008735005851375073,10500.997509765624,109.90322514689433,1.6401019168769075,0.0,0.0,0.0
2018-01-15,10741.5498046875,10782.650390625,10713.7998046875,10718.5,0.005645388385020489,0.005629512900836509,23.0498046875,68.8505859375,0.006409744142084071,10525.47001953125,105.98729470649114,2.0387329043036284,0.0,0.0,0.0
2018-01-16,10700.4501953125,10762.349609375,10687.849609375,10761.5,-0.003826227138756466,-0.00383356587156863,-61.0498046875,74.5,0.006962323887329142,10543.830029296874,102.690273454428,1.525170405599619,0.0,0.0,0.0
2018-01-17,10788.5498046875,10803.0,10666.75,10702.4501953125,0.008233261943837888,0.00819955353642979,86.099609375,136.25,0.012629130185856948,10563.82001953125,109.59411042806252,2.050564435246392,0.0,0.0,0.0
2018-01-18,10817.0,10887.5,10782.400390625,10873.400390625,0.002637073177355065,0.002633602200690908,-56.400390625,105.099609375,0.009716151370527873,10581.510009765625,120.50847320380466,1.9541363687855617,0.0,0.0,0.0
2018-01-19,10894.7001953125,10906.849609375,10793.900390625,10829.2001953125,0.007183155709762357,0.007157479729840962,65.5,112.94921875,0.010367354468239243,10604.035009765625,134.75321397242027,2.15701857475819,0.0,0.0,0.0
2018-01-22,10966.2001953125,10975.099609375,10881.400390625,10883.2001953125,0.006562824007838586,0.006541382438729125,83.0,93.69921875,0.008544365147560566,10630.330029296874,151.40325867995244,2.2183813541663144,0.0,0.0,0.0
2018-01-23,11083.7001953125,11092.900390625,10994.5498046875,10997.400390625,0.010714741469905364,0.010657745398174344,86.2998046875,98.3505859375,0.008873443363173453,10659.8650390625,178.4103228203658,2.3756201409754856,0.0,0.0,0.0
2018-01-24,11086.0,11110.099609375,11046.150390625,11069.349609375,0.00020749430668232094,0.000207472782716017,16.650390625,63.94921875,0.005768466421612845,10687.5900390625,199.27692074203702,1.9992779869036637,0.0,0.0,0.0
2018-01-25,11069.650390625,11095.599609375,11009.2001953125,11095.599609375,-0.001474797886974577,-0.0014758864718050037,-25.94921875,86.3994140625,0.007805071615962916,10716.53505859375,210.88564621523767,1.6744398605054756,0.0,0.0,0.0
2018-01-29,11130.400390625,11171.5498046875,11075.9501953125,11079.349609375,0.005487978197707966,0.00547297411504586,51.05078125,95.599609375,0.008589053944144038,10749.16005859375,222.19391194624012,1.7158000806227798,0.0,0.0,0.0
2018-01-30,11049.650390625,11121.099609375,11033.900390625,11120.849609375,-0.0072549052294663685,-0.007281350035077295,-71.19921875,87.19921875,0.007891581694203065,10775.107568359375,225.61457797852304,1.2168665018257785,0.0,0.0,0.0
2018-01-31,11027.7001953125,11058.5,10979.2998046875,11018.7998046875,-0.001986505865481769,-0.0019884815852113905,8.900390625,79.2001953125,0.007181932217033367,10804.382568359375,218.0019340563884,1.0243836960426307,0.0,0.0,0.0
2018-02-01,11016.900390625,11117.349609375,10878.7998046875,11044.5498046875,-0.000979334267002474,-0.000979814128127614,-27.6494140625,238.5498046875,0.021653078109928052,10833.067578125,205.352911154103,0.8952043166412531,0.0,0.0,0.0
2018-02-02,10760.599609375,10954.9501953125,10736.099609375,10938.2001953125,-0.023264327729431322,-0.023539213933076866,-177.6005859375,218.8505859375,0.020338140427307593,10845.857568359375,191.31769427110783,-0.44563551379393107,0.0,0.0,0.0
2018-02-05,10666.5498046875,10702.75,10586.7998046875,10604.2998046875,-0.00874020111347329,-0.00877862069830589,62.25,115.9501953125,0.010870449905136595,10851.242578125,184.197331495637,-1.0026897346331811,0.0,0.0,0.0
2018-02-06,10498.25,10594.150390625,10276.2998046875,10295.150390625,-0.015778279553294694,-0.01590408165467595,203.099609375,317.8505859375,0.03027653046341057,10844.97509765625,194.2111296113834,-1.7852998350302949,0.0,0.0,0.0
2018-02-07,10476.7001953125,10614.0,10446.400390625,10607.2001953125,-0.0020527044686019513,-0.0020548141539544224,-130.5,167.599609375,0.01599736617928493,10836.960107421875,206.18454374606662,-1.7472692451334535,0.0,0.0,0.0
2018-02-08,10576.849609375,10637.7998046875,10479.5498046875,10518.5,0.009559251691416026,0.009513851145813865,58.349609375,158.25,0.014961922107669185,10834.192578125,209.42363521349623,-1.2288153077261401,0.0,0.0,0.0
2018-02-09,10454.9501953125,10480.2001953125,10398.2001953125,10416.5,-0.011525115565078292,-0.0115920444485001,38.4501953125,82.0,0.007843174617585925,10824.380078125,222.63018549338852,-1.659388110348901,0.0,0.0,0.0
2018-02-12,10539.75,10555.5,10485.400390625,10518.2001953125,0.008110971654893273,0.008078254517088934,21.5498046875,70.099609375,0.006650974584311772,10817.305078125,229.5587002069031,-1.2090810667373433,0.0,0.0,0.0
2018-02-14,10500.900390625,10590.5498046875,10456.650390625,10585.75,-0.0036860086221209842,-0.003692818691702758,-84.849609375,133.8994140625,0.012751231711715197,10805.272607421875,239.816179359255,-1.2691896668944618,0.0,0.0,0.0
2018-02-15,10545.5,10618.099609375,10511.0498046875,10537.900390625,0.004247217640005241,0.004238223668407977,7.599609375,107.0498046875,0.010151230827130056,10797.52509765625,245.8088462608708,-1.0252889653482256,0.0,0.0,0.0
2018-02-16,10452.2998046875,10612.900390625,10434.0498046875,10596.2001953125,-0.00883791146104973,-0.008877197442514924,-143.900390625,178.8505859375,0.01711112284181627,10780.71259765625,257.6681395861954,-1.2745572405504495,0.0,0.0,0.0
2018-02-19,10378.400390625,10489.349609375,10302.75,10488.900390625,-0.0070701582851038225,-0.007095270288084443,-110.5,186.599609375,0.01797961172740636,10758.7826171875,272.6463285041183,-1.3951489046248233,0.0,0.0,0.0
2018-02-20,10360.400390625,10429.349609375,10347.650390625,10391.0,-0.001734371321447492,-0.0017358770846747271,-30.599609375,81.69921875,0.007885720210574933,10732.067626953125,284.54445446989547,-1.3061833765853519,0.0,0.0,0.0
2018-02-21,10397.4501953125,10426.099609375,10349.599609375,10426.0,0.003576097765586983,0.003569718731482044,-28.5498046875,76.5,0.0073575731129242265,10703.630126953125,288.30925671906346,-1.061984395246023,0.0,0.0,0.0
2018-02-22,10382.7001953125,10397.5498046875,10340.650390625,10354.349609375,-0.0014186170381128571,-0.0014196242279203768,28.3505859375,56.8994140625,0.005480213527516522,10668.580126953126,282.2181907718575,-1.0129748577111684,0.0,0.0,0.0
2018-02-23,10491.0498046875,10499.099609375,10396.650390625,10408.099609375,0.010435590678416817,0.010381515779008083,82.9501953125,102.44921875,0.009765392468561604,10638.8326171875,266.84062018291485,-0.5538242730761792,0.0,0.0,0.0
2018-02-26,10582.599609375,10592.9501953125,10520.2001953125,10526.5498046875,0.008726467454819975,0.008688611908417675,56.0498046875,72.75,0.006874492344541849,10614.480078125,246.93614016739542,-0.12910410249543952,0.0,0.0,0.0
2018-02-27,10554.2998046875,10631.650390625,10537.25,10615.2001953125,-0.0026741826897078713,-0.002677764703635068,-60.900390625,94.400390625,0.008944258962880113,10585.675048828125,215.14071176297728,-0.14583592237619547,0.0,0.0,0.0
2018-02-28,10492.849609375,10535.5,10461.5498046875,10488.9501953125,-0.005822290104475547,-0.0058393057141950064,3.8994140625,73.9501953125,0.007047675137402907,10557.835009765626,185.99194665840372,-0.349399001183525,0.0,0.0,0.0
2018-03-01,10458.349609375,10525.5,10447.150390625,10479.9501953125,-0.0032879533476946055,-0.003293370543887722,-21.6005859375,78.349609375,0.007491584456572995,10529.36748046875,150.46998792037746,-0.47197366116178907,0.0,0.0,0.0
2018-03-05,10358.849609375,10428.7001953125,10323.900390625,10428.2998046875,-0.009513929416818057,-0.009559475957881534,-69.4501953125,104.7998046875,0.010116934663541572,10496.46494140625,102.57720901380706,-1.3415780498836383,0.0,0.0,0.0
2018-03-06,10249.25,10441.349609375,10215.900390625,10420.5,-0.010580287725753812,-0.01063665692404489,-171.25,225.44921875,0.021996655243066567,10470.8974609375,96.84327426945426,-2.2887233275569945,1.0,0.0,0.0
2018-03-07,10154.2001953125,10243.349609375,10141.5498046875,10232.9501953125,-0.00927383024977435,-0.009317099938461516,-78.75,101.7998046875,0.010025388777985094,10445.27998046875,109.32471863348472,-2.6625248964244337,1.0,1.0,1.0
2018-03-08,10242.650390625,10270.349609375,10146.400390625,10216.25,0.008710700361544088,0.00867298109371104,26.400390625,123.94921875,0.012101283752050107,10432.5,117.44480398468217,-1.616500712962672,1.0,1.0,1.0
2018-03-09,10226.849609375,10296.7001953125,10211.900390625,10271.2998046875,-0.001542645765246653,-0.0015438368683495453,-44.4501953125,84.7998046875,0.008291879506056648,10420.007470703125,125.50729016588878,-1.539017064847944,1.0,1.0,1.0
2018-03-12,10421.400390625,10433.650390625,10295.4501953125,10301.599609375,0.019023530088059015,0.018844845326350685,119.80078125,138.2001953125,0.01326119236689377,10412.235009765625,119.97451014215638,0.07639440118167339,0.0,1.0,1.0
2018-03-13,10426.849609375,10478.599609375,10377.849609375,10389.5,0.0005228873803659884,0.000522750722395459,37.349609375,100.75,0.009662554249311657,10410.82998046875,119.61193741959114,0.1339300177878884,0.0,0.0,0.0
2018-03-14,10410.900390625,10420.349609375,10336.2998046875,10393.0498046875,-0.001529629691374823,-0.0015308007692338495,17.8505859375,84.0498046875,0.00807325029861843,10404.3875,115.70898575895386,0.05628681802264686,0.0,0.0,0.0
2018-03-15,10360.150390625,10420.0,10346.2001953125,10405.4501953125,-0.004874698450260895,-0.004886618546444992,-45.2998046875,73.7998046875,0.00712342986394118,10397.35,113.79447632187365,-0.3269017141902329,0.0,0.0,0.0
2018-03-16,10195.150390625,10346.2998046875,10180.25,10345.150390625,-0.01592640973139836,-0.0160545978679463,-150.0,166.0498046875,0.01628713636634452,10379.83251953125,116.71681678273124,-1.5823095077210374,0.0,0.0,0.0
2018-03-19,10094.25,10224.5498046875,10075.2998046875,10215.349609375,-0.009896900659531527,-0.00994620052782473,-121.099609375,149.25,0.014785645293112416,10361.930029296875,131.5353416566816,-2.0350426427259545,1.0,0.0,0.0
2018-03-20,10124.349609375,10155.650390625,10049.099609375,10051.5498046875,0.002981856935879268,0.002977420018466655,72.7998046875,106.55078125,0.010524209984939234,10349.227490234374,141.73278585633574,-1.5866327575562982,1.0,1.0,1.0
2018-03-21,10155.25,10227.2998046875,10132.9501953125,10181.9501953125,0.003052086486265315,0.003047438325629427,-26.7001953125,94.349609375,0.00929072247113562,10338.969970703125,148.15951006319952,-1.2400147018895828,1.0,1.0,1.0
2018-03-22,10114.75,10207.849609375,10105.400390625,10167.5,-0.003988084980675044,-0.003996058598285198,-52.75,102.44921875,0.010128695098741937,10324.8349609375,155.58586334636706,-1.3502830939711175,1.0,1.0,1.0
2018-03-23,9998.0498046875,10027.7001953125,9951.900390625,9968.7998046875,-0.011537625281148767,-0.011604700101594518,29.25,75.7998046875,0.0075814590013306305,10305.60244140625,171.06087150441303,-1.7979134211929706,1.0,1.0,1.0
2018-03-26,10130.650390625,10143.5,9958.5498046875,9989.150390625,0.013262645068574441,0.01317546616079525,141.5,184.9501953125,0.018256497675969024,10287.582470703124,169.47251323148507,-0.9260031440247091,1.0,1.0,1.0
2018-03-27,10184.150390625,10207.900390625,10139.650390625,10188.0,0.005281003483202706,0.005267107884641591,-3.849609375,68.25,0.006701589959121912,10267.660009765625,155.83775573906217,-0.5358753964633243,1.0,1.0,1.0
2018-03-28,10113.7001953125,10158.349609375,10096.900390625,10143.599609375,-0.006917631084606968,-0.006941668814759831,-29.8994140625,61.44921875,0.006075839461652274,10245.630029296875,143.86718432866496,-0.9170252034889438,1.0,1.0,1.0
2018-04-02,10211.7998046875,10220.099609375,10127.75,10151.650390625,0.009699675438319622,0.009652935584409928,60.1494140625,92.349609375,0.009043421447863575,10231.5775390625,131.6564671475871,-0.15022227774674746,0.0,1.0,1.0
2018-04-03,10245.0,10255.349609375,10171.0498046875,10186.849609375,0.0032511600254110373,0.0032458864317621047,58.150390625,84.2998046875,0.008228385035383114,10220.91005859375,120.48449764589266,0.19994224881154962,0.0,0.0,0.0
2018-04-04,10128.400390625,10279.849609375,10111.2998046875,10274.599609375,-0.011381123413860439,-0.011446384030859532,-146.19921875,168.5498046875,0.0166413054566358,10209.38759765625,117.58292620496486,-0.6887667252818439,0.0,0.0,0.0
2018-04-05,10325.150390625,10331.7998046875,10227.4501953125,10228.4501953125,0.019425574859986305,0.019239306758980577,96.7001953125,104.349609375,0.01010635249146076,10213.1826171875,120.13437998078332,0.9320210705329345,0.0,0.0,0.0
2018-04-06,10331.599609375,10350.4501953125,10290.849609375,10322.75,0.0006246125727966678,0.0006244175835545499,8.849609375,59.6005859375,0.005768766521247863,10222.052587890625,122.08350165637853,0.8973122493873997,0.0,0.0,0.0
2018-04-09,10379.349609375,10397.7001953125,10328.5,10333.7001953125,0.004621743176794313,0.004611095715747583,45.6494140625,69.2001953125,0.006667103230629779,10228.887548828125,127.02403333041441,1.1845164777242905,0.0,0.0,0.0
2018-04-10,10402.25,10424.849609375,10381.5,10412.900390625,0.002206341580816895,0.0022039111834326382,-10.650390625,43.349609375,0.004167330084837415,10237.657568359375,132.79963483909162,1.2394042486642067,0.0,0.0,0.0
2018-04-11,10417.150390625,10428.150390625,10355.599609375,10428.150390625,0.0014324199692374862,0.001431395034394698,-11.0,72.55078125,0.006964551583635835,10237.445068359375,132.4931900216738,1.3563362934821634,0.0,0.0,0.0
2018-04-12,10458.650390625,10469.900390625,10395.25,10410.650390625,0.003983815001590951,0.0039759006232568585,48.0,74.650390625,0.007137669568906869,10239.035107421874,135.05196126660215,1.6261539717264053,0.0,0.0,0.0
2018-04-13,10480.599609375,10519.900390625,10451.4501953125,10495.2998046875,0.002098666456015641,0.002096467331850084,-14.7001953125,68.4501953125,0.0065311335098872225,10242.520068359376,140.50930790966538,1.6944040544893126,0.0,0.0,0.0
2018-04-16,10528.349609375,10540.150390625,10396.349609375,10398.2998046875,0.004556037037927396,0.004545689717794212,130.0498046875,143.80078125,0.013658435232997219,10250.930029296875,152.44697637596107,1.819777516570482,0.0,0.0,0.0
2018-04-17,10548.7001953125,10560.4501953125,10495.650390625,10557.2998046875,0.001932932196645476,0.0019310664870136763,-8.599609375,64.7998046875,0.006142918415322386,10268.60751953125,165.57195318940657,1.6916674013070163,0.0,0.0,0.0
2018-04-18,10526.2001953125,10594.2001953125,10509.7001953125,10578.900390625,-0.002132964212026689,-0.0021352422200410556,-52.7001953125,84.5,0.00802758815452031,10290.205029296874,169.75086317331937,1.390244276841582,0.0,0.0,0.0
2018-04-19,10565.2998046875,10572.2001953125,10546.2001953125,10563.650390625,0.0037145036812440413,0.0037076219486611,1.6494140625,26.0,0.0024608861537904108,10312.2525390625,175.61006697046923,1.4409610450610046,0.0,0.0,0.0
2018-04-20,10564.0498046875,10582.349609375,10527.4501953125,10560.349609375,-0.00011831183431687542,-0.00011831883371402492,3.7001953125,54.8994140625,0.0051968151492564835,10332.692529296875,180.10745600957637,1.2845513479371076,0.0,0.0,0.0
2018-04-23,10584.7001953125,10638.349609375,10514.9501953125,10592.7998046875,0.0019547797489403163,0.0019528716532068399,-8.099609375,123.3994140625,0.011658281461495546,10356.1900390625,180.83162812045177,1.2636625496607816,0.0,0.0,0.0
2018-04-24,10614.349609375,10636.7998046875,10569.0,10578.099609375,0.0028011576629851653,0.002797241731914462,36.25,67.7998046875,0.0063875609135407236,10387.005029296875,168.69345300496096,1.347678739325105,0.0,0.0,0.0
2018-04-25,10570.5498046875,10612.599609375,10536.4501953125,10612.400390625,-0.00412647089076601,-0.004135008266019891,-41.8505859375,76.1494140625,0.007203921789265078,10409.0,162.0570967815387,0.9968696706030558,0.0,0.0,0.0
2018-04-26,10617.7998046875,10628.400390625,10559.650390625,10586.5,0.0044699661676110836,0.004460005540255803,31.2998046875,68.75,0.00647497610283145,10430.682470703125,159.37789759818708,1.1740482011886184,0.0,0.0,0.0
2018-04-27,10692.2998046875,10719.7998046875,10647.5498046875,10651.650390625,0.007016519558704637,0.006992018327494462,40.6494140625,72.25,0.006757199229330029,10459.612451171875,151.11027025327604,1.5398513491215202,0.0,0.0,0.0
2018-04-30,10739.349609375,10759.0,10704.599609375,10705.75,0.004400344691688707,0.004390691482923282,33.599609375,54.400390625,0.005065520036475091,10485.98994140625,151.6190329402502,1.6710281226275485,0.0,0.0,0.0
2018-05-02,10718.0498046875,10784.650390625,10689.7998046875,10783.849609375,-0.0019833421447520427,-0.0019853115722468315,-65.7998046875,94.8505859375,0.008849612351681501,10509.642431640625,148.91981492106382,1.399460328078862,0.0,0.0,0.0
2018-05-03,10679.650390625,10720.599609375,10647.4501953125,10720.150390625,-0.003582686660562606,-0.003589119852419833,-40.5,73.1494140625,0.006849420288768377,10537.204931640625,123.48630829742352,1.1535324113932348,0.0,0.0,0.0
2018-05-04,10618.25,10700.4501953125,10601.599609375,10700.4501953125,-0.0057492884485150775,-0.005765879228025447,-82.2001953125,98.8505859375,0.009309498828667623,10551.859912109376,114.02545978185951,0.5822391597248037,0.0,0.0,0.0
2018-05-07,10715.5,10725.650390625,10635.650390625,10653.150390625,0.00915875968262192,0.009117072584576636,62.349609375,90.0,0.008399048107881106,10571.054931640625,107.0977924975007,1.3487212480382904,0.0,0.0,0.0
2018-05-08,10717.7998046875,10758.5498046875,10689.400390625,10757.900390625,0.00021462411343375898,0.00021460108497364168,-40.1005859375,69.1494140625,0.006451829230123989,10587.97744140625,101.8214397969417,1.2750002704749512,0.0,0.0,0.0
2018-05-09,10741.7001953125,10766.25,10689.849609375,10693.349609375,0.0022299717349214543,0.002227489038162844,48.3505859375,76.400390625,0.007112504467248105,10604.949951171875,97.42991739448567,1.4035754909545348,0.0,0.0,0.0
2018-05-10,10716.5498046875,10785.5498046875,10705.0,10779.650390625,-0.0023413789407356056,-0.002344124254457977,-63.1005859375,80.5498046875,0.00751639344336989,10619.919921875,89.75494097892494,1.076596806355088,0.0,0.0,0.0
2018-05-11,10806.5,10812.0498046875,10724.4501953125,10741.9501953125,0.00839357787271755,0.008358547680564028,64.5498046875,87.599609375,0.008106196212927404,10637.31240234375,90.55888909226499,1.8682605247495316,0.0,0.0,0.0
2018-05-14,10806.599609375,10834.849609375,10774.75,10815.150390625,9.217542682682378e-06,9.217500201396874e-06,-8.55078125,60.099609375,0.005561380225733732,10653.61240234375,90.20526138909891,1.6959898422259714,0.0,0.0,0.0
2018-05-15,10801.849609375,10929.2001953125,10781.400390625,10812.599609375,-0.0004395462191344457,-0.00043964284789006357,-10.75,147.7998046875,0.013682823778552103,10667.28740234375,90.94422356857227,1.47961246741294,0.0,0.0,0.0
2018-05-16,10741.099609375,10790.4501953125,10699.7001953125,10751.9501953125,-0.005624036826737067,-0.005639911268794516,-10.8505859375,90.75,0.00844885563865286,10676.907373046875,87.863717354022,0.7305886691486109,0.0,0.0,0.0
2018-05-17,10682.7001953125,10777.25,10664.5,10775.599609375,-0.005437005165795927,-0.005451839472282671,-92.8994140625,112.75,0.010554447652614455,10684.732373046874,80.38621071434667,-0.02528017823349877,0.0,0.0,0.0
2018-05-18,10596.400390625,10674.9501953125,10589.099609375,10671.849609375,-0.008078463600931896,-0.008111271197454395,-75.44921875,85.8505859375,0.00810186315849814,10686.28740234375,78.22603988260826,-1.1490676487476776,0.0,0.0,0.0
2018-05-21,10516.7001953125,10621.7001953125,10505.7998046875,10616.7001953125,-0.007521440524559053,-0.007549869197766206,-100.0,115.900390625,0.011020604226852361,10683.919921875,82.70831569949061,-2.0218006514613363,1.0,0.0,0.0
2018-05-22,10536.7001953125,10558.599609375,10490.5498046875,10518.4501953125,0.0019017372016476575,0.0018999311888009693,18.25,68.0498046875,0.006458360153188525,10681.519921875,86.35500106844378,-1.6770276737964283,1.0,1.0,1.0
2018-05-23,10430.349609375,10533.5498046875,10417.7998046875,10521.099609375,-0.010093348388598211,-0.010144631600820039,-90.75,115.75,0.01109742284150875,10672.319921875,102.22998143533148,-2.3669212211787882,1.0,1.0,1.0
2018-05-24,10513.849609375,10535.150390625,10419.7998046875,10464.849609375,0.008005484296034426,0.007973610404251362,49.0,115.3505859375,0.010971298831842152,10669.484912109376,105.92036496328775,-1.4693614659307423,1.0,1.0,1.0
2018-05-25,10605.150390625,10628.0498046875,10524.0,10533.0498046875,0.00868385840031305,0.008646370571623485,72.1005859375,104.0498046875,0.009811252160976471,10668.85244140625,106.28237723575234,-0.5993660702559223,1.0,1.0,1.0
2018-05-28,10688.650390625,10709.7998046875,10640.5498046875,10648.349609375,0.007873532851907061,0.00784269833741265,40.30078125,69.25,0.0064788347891646895,10668.669970703126,106.24312845743758,0.18806317370331105,0.0,1.0,1.0
2018-05-29,10633.2998046875,10717.25,10616.099609375,10689.400390625,-0.005178444790938985,-0.005191899405584954,-56.1005859375,101.150390625,0.009512605915654674,10663.36748046875,105.1709269941897,-0.2858934178921125,0.0,0.0,0.0
2018-05-30,10614.349609375,10648.7001953125,10558.4501953125,10579.0,-0.0017821556488181178,-0.0017837455774774606,35.349609375,90.25,0.008502640606475572,10658.182470703125,104.88902967842223,-0.4178974813906771,0.0,0.0,0.0
2018-05-31,10736.150390625,10763.7998046875,10620.400390625,10670.099609375,0.011475105468772284,0.011409765823805856,66.05078125,143.3994140625,0.01335668827699349,10661.007470703125,106.24969965082181,0.7072294808251105,0.0,0.0,0.0
2018-06-01,10696.2001953125,10764.75,10681.5,10738.4501953125,-0.0037210912532843476,-0.003728031736138272,-42.25,83.25,0.0077831377947173664,10664.90498046875,106.0281714696973,0.29515943178077775,0.0,0.0,0.0
2018-06-04,10628.5,10770.2998046875,10618.349609375,10765.9501953125,-0.006329368754912523,-0.00634948413268003,-137.4501953125,151.9501953125,0.014296485422449075,10660.55498046875,105.62707646305516,-0.30347313910522267,0.0,0.0,0.0
2018-06-05,10593.150390625,10633.150390625,10550.900390625,10630.7001953125,-0.003325926459519235,-0.003331469647161854,-37.5498046875,82.25,0.00776445126964229,10654.322509765625,105.74896823470257,-0.5784653993489344,0.0,0.0,0.0
2018-06-06,10684.650390625,10698.349609375,10587.5,10603.4501953125,0.0086376570355291,0.00860056590990892,81.2001953125,110.849609375,0.010374659471522104,10651.47001953125,104.02333437276396,0.31897046267377455,0.0,0.0,0.0
2018-06-07,10768.349609375,10818.0,10722.599609375,10722.599609375,0.007833594520176401,0.007803071219768874,45.75,95.400390625,0.00885933258908531,10654.060009765624,106.34787179824494,1.0746768851773285,0.0,0.0,0.0
2018-06-08,10767.650390625,10779.4501953125,10709.0498046875,10736.400390625,-6.493276828523076e-05,-6.49348765086917e-05,31.25,70.400390625,0.0065381385976549765,10652.117529296875,103.73977724601339,1.1136794814408104,0.0,0.0,0.0
2018-06-11,10786.9501953125,10850.5498046875,10777.0498046875,10781.849609375,0.0017923877528847054,0.0017907833428202438,5.1005859375,73.5,0.00681378876041716,10651.13505859375,102.28255911006248,1.3278425755128362,0.0,0.0,0.0
2018-06-12,10842.849609375,10856.5498046875,10789.400390625,10816.150390625,0.005182133323169635,0.005168752278609608,26.69921875,67.1494140625,0.0061929673915647535,10653.18505859375,105.81221181837222,1.7924637196584758,0.0,0.0,0.0
2018-06-13,10856.7001953125,10893.25,10842.650390625,10887.5,0.0012773935299743577,0.001276578356983104,-30.7998046875,50.599609375,0.004660680360027528,10658.965087890625,113.72856121604157,1.7386583045419217,0.0,0.0,0.0
2018-06-14,10808.0498046875,10833.7001953125,10773.5498046875,10832.900390625,-0.0044811397339686865,-0.004491210136474933,-24.8505859375,60.150390625,0.005565332480140173,10665.232568359375,118.46091923159479,1.2056063489505133,0.0,0.0,0.0
2018-06-15,10817.7001953125,10834.0,10755.400390625,10808.650390625,0.000892889170515776,0.0008924907821071907,9.0498046875,78.599609375,0.007265833583468933,10676.29755859375,121.976405552361,1.159262203853438,0.0,0.0,0.0
2018-06-18,10799.849609375,10830.2001953125,10787.349609375,10830.2001953125,-0.00165012762557748,-0.0016514905857463397,-30.3505859375,42.8505859375,0.003967702096546122,10690.455029296874,118.87006131635371,0.9202870669595222,0.0,0.0,0.0
2018-06-19,10710.4501953125,10789.4501953125,10701.2001953125,10789.4501953125,-0.008277838793689818,-0.00831229035595547,-79.0,88.25,0.008239616299100406,10699.142529296874,113.25833131551877,0.0998395957655818,0.0,0.0,0.0
2018-06-20,10772.0498046875,10781.7998046875,10724.0498046875,10734.650390625,0.005751355755517995,0.005734879851344152,37.3994140625,57.75,0.005361096638716789,10716.2275390625,94.85430058947463,0.5885053738005658,0.0,0.0,0.0
2018-06-21,10741.099609375,10809.599609375,10725.900390625,10808.4501953125,-0.0028731945983977436,-0.002877330145384961,-67.3505859375,83.69921875,0.007792425523821231,10727.5900390625,82.08759563900708,0.1645750518983545,0.0,0.0,0.0
2018-06-22,10821.849609375,10837.0,10710.4501953125,10742.7001953125,0.007517852262492797,0.00748973404895337,79.1494140625,126.5498046875,0.01169391640573803,10738.425,79.33094083903215,1.0516024200982932,0.0,0.0,0.0
2018-06-25,10762.4501953125,10831.0498046875,10753.0498046875,10822.900390625,-0.005488841206131911,-0.0055039602444048865,-60.4501953125,78.0,0.0072474202978400105,10742.114990234375,78.60693120185329,0.25869480931530836,0.0,0.0,0.0
2018-06-26,10769.150390625,10805.25,10732.5498046875,10742.7001953125,0.0006225529680423669,0.0006223592623338975,26.4501953125,72.7001953125,0.006750782807879495,10748.90751953125,74.4698251184158,0.27182648893777744,0.0,0.0,0.0
2018-06-27,10671.400390625,10785.5,10652.400390625,10785.5,-0.009076853461448153,-0.009118299083682797,-114.099609375,133.099609375,0.012472553226653381,10751.76005859375,70.00305499866998,-1.1479451571117505,0.0,0.0,0.0
2018-06-28,10589.099609375,10674.2001953125,10557.7001953125,10660.7998046875,-0.007712275637441368,-0.007742169031781291,-71.7001953125,116.5,0.01100187969682119,10744.40751953125,78.88755817665765,-1.9687250276965145,0.0,0.0,0.0
2018-06-29,10714.2998046875,10723.0498046875,10612.349609375,10612.849609375,0.011823497741172861,0.011754146307527904,101.4501953125,110.7001953125,0.010332004641504312,10745.3125,78.40778642128768,-0.3955308104971583,0.0,0.0,0.0
2018-07-02,10657.2998046875,10736.150390625,10604.650390625,10732.349609375,-0.005319993003655044,-0.005334194556937323,-75.0498046875,131.5,0.01233896037551286,10746.752490234376,76.3880127688331,-1.1710304052231233,0.0,0.0,0.0
2018-07-03,10699.900390625,10713.2998046875,10630.25,10668.599609375,0.003997315147197256,0.003989347109783859,31.30078125,83.0498046875,0.007761736245719285,10752.089990234375,68.40251515422314,-0.7629777865873285,0.0,0.0,0.0
2018-07-04,10769.900390625,10777.150390625,10677.75,10715.0,0.006542116977213297,0.0065208102070441875,54.900390625,99.400390625,0.009229462392384447,10756.352490234374,66.6115645683591,0.20338661129513633,0.0,0.0,0.0
2018-07-05,10749.75,10786.0498046875,10726.25,10786.0498046875,-0.0018709913642785958,-0.0018727438548922296,-36.2998046875,59.7998046875,0.005562901898881369,10755.422509765625,66.56507496104653,-0.08521750736320632,0.0,0.0,0.0
2018-07-06,10772.650390625,10816.349609375,10735.0498046875,10744.150390625,0.0021303184376380013,0.002128052526818883,28.5,81.2998046875,0.007546871172785104,10755.672509765625,66.62278087364581,0.2548359680688536,0.0,0.0,0.0
2018-07-09,10852.900390625,10860.349609375,10807.150390625,10838.2998046875,0.007449420253147654,0.007421810355794803,14.6005859375,53.19921875,0.004901843455225553,10758.97001953125,69.80830876711164,1.3455471526621787,0.0,0.0,0.0
2018-07-10,10947.25,10956.900390625,10876.650390625,10902.75,0.008693492612951825,0.008655921796766377,44.5,80.25,0.007330608143597707,10764.1900390625,79.62391628953779,2.2990574876000363,0.0,0.0,0.0
2018-07-11,10948.2998046875,10976.650390625,10923.0,10956.400390625,9.589665783638068e-05,9.589206004582807e-05,-8.1005859375,53.650390625,0.004900339923284678,10768.77001953125,87.47274619999004,2.0524082409141333,0.0,0.0,0.0
2018-07-12,11023.2001953125,11078.2998046875,10999.650390625,11006.9501953125,0.006841280560560881,0.006817985187144955,16.25,78.6494140625,0.007134898456797041,10779.5275390625,104.18997666823805,2.33873414739216,0.0,0.0,0.0
2018-07-13,11018.900390625,11071.349609375,10999.75,11056.900390625,-0.0003900686380828855,-0.00039014473464332456,-38.0,71.599609375,0.0064978906094765795,10789.587548828125,116.99608809805629,1.9600043516385255,0.0,0.0,0.0
2018-07-16,10936.849609375,11019.5,10926.25,11018.9501953125,-0.0074463674542162295,-0.007474230051277428,-82.1005859375,93.25,0.00852622129137322,10796.437548828126,121.55050121452699,1.1551746734392985,0.0,0.0,0.0
2018-07-17,11008.0498046875,11018.5,10925.599609375,10939.650390625,0.006510119262449043,0.006489019959189796,68.3994140625,92.900390625,0.008439314163117315,10811.317529296875,128.48788762386212,1.5311347943281817,0.0,0.0,0.0
2018-07-18,10980.4501953125,11076.2001953125,10956.2998046875,11060.2001953125,-0.002507220612614547,-0.0025103689537061304,-79.75,119.900390625,0.010919442144201418,10821.737548828125,133.48880821049633,1.1889584498657266,0.0,0.0,0.0
2018-07-19,10957.099609375,11006.5,10935.4501953125,10999.5,-0.0021265599790679657,-0.00212882431847883,-42.400390625,71.0498046875,0.006484362397026044,10832.537548828124,135.34625898198536,0.9203214147459738,0.0,0.0,0.0
2018-07-20,11010.2001953125,11030.25,10946.2001953125,10963.5,0.00484622644956767,0.004834521296150269,46.7001953125,84.0498046875,0.007633812573479227,10841.955078125,140.9982406259913,1.193242670550643,0.0,0.0,0.0
2018-07-23,11084.75,11093.400390625,11010.9501953125,11019.849609375,0.006770976309698584,0.0067481562013002455,64.900390625,82.4501953125,0.007438164623694715,10858.070068359375,149.58962510200973,1.5153452753561287,0.0,0.0,0.0
2018-07-24,11134.2998046875,11143.400390625,11092.5,11109.0,0.00447008770495505,0.004460126536742217,25.2998046875,50.900390625,0.004571494527529348,10876.3275390625,160.08114985499188,1.6115093242313763,0.0,0.0,0.0
2018-07-25,11132.0,11157.150390625,11113.25,11148.400390625,-0.0002065513528324292,-0.00020657268750096133,-16.400390625,43.900390625,0.003943621148490837,10899.35751953125,162.16612459325438,1.4345935752751384,0.0,0.0,0.0
2018-07-26,11167.2998046875,11185.849609375,11125.7001953125,11132.9501953125,0.0031710209025781477,0.0031660038191820943,34.349609375,60.1494140625,0.005386209299874992,10928.267529296874,155.33944349705789,1.5387738619982436,0.0,0.0,0.0
2018-07-27,11278.349609375,11283.400390625,11210.25,11232.75,0.009944194803553685,0.00989507665693427,45.599609375,73.150390625,0.006485912669722046,10956.47001953125,165.32968306139213,1.9468953419829953,0.0,0.0,0.0
2018-07-30,11319.5498046875,11328.099609375,11261.4501953125,11296.650390625,0.0036530340643325943,0.0036463779405013436,22.8994140625,66.6494140625,0.005887991590875817,10989.58251953125,168.54478363750482,1.957742494516604,0.0,0.0,0.0
2018-07-31,11356.5,11366.0,11267.75,11311.0498046875,0.0032642813495284972,0.003258965149071806,45.4501953125,98.25,0.008651433099986791,11022.4125,173.0372772511195,1.9307255945501085,0.0,0.0,0.0
2018-08-01,11346.2001953125,11390.5498046875,11313.5498046875,11359.7998046875,-0.0009069523785937283,-0.0009073639087465626,-13.599609375,77.0,0.0067864129553972885,11051.227490234374,176.71953992901578,1.6691572714404392,0.0,0.0,0.0
2018-08-02,11244.7001953125,11328.900390625,11234.9501953125,11328.900390625,-0.008945726168478219,-0.008985979419681003,-84.2001953125,93.9501953125,0.008355064490884724,11075.975,166.64812373791037,1.012463816141464,0.0,0.0,0.0
2018-08-03,11360.7998046875,11368.0,11294.5498046875,11297.7998046875,0.010324829240302646,0.010271892255968624,63.0,73.4501953125,0.006465231020283821,11105.382470703125,162.1376461710041,1.575311718260606,0.0,0.0,0.0
2018-08-06,11387.099609375,11427.650390625,11370.599609375,11401.5,0.0023149606664707445,0.0023122852731850252,-14.400390625,57.05078125,0.005010124018150337,11132.092431640625,162.35643293737448,1.5706626040049685,0.0,0.0,0.0
2018-08-07,11389.4501953125,11428.9501953125,11359.7001953125,11423.150390625,0.00020642534254866618,0.00020640403976921495,-33.7001953125,69.25,0.006080188140117675,11154.20244140625,165.92989298867764,1.417753905996321,0.0,0.0,0.0
2018-08-08,11450.0,11459.9501953125,11379.2998046875,11412.5,0.005316306199962151,0.005302224530419492,37.5,80.650390625,0.007043702237991266,11179.287451171875,171.00892619375537,1.5830316864360898,0.0,0.0,0.0
2018-08-09,11470.7001953125,11495.2001953125,11454.099609375,11493.25,0.001807877319869089,0.0018062450766348273,-22.5498046875,41.1005859375,0.0035830930316089814,11201.662451171875,178.61784366375818,1.5062198637168607,0.0,0.0,0.0
2018-08-10,11429.5,11478.75,11419.650390625,11474.9501953125,-0.003591776841080363,-0.003598242758917501,-45.4501953125,59.099609375,0.005170795693162431,11222.192431640626,180.09657107499308,1.1510911458333675,0.0,0.0,0.0
2018-08-13,11355.75,11406.2998046875,11340.2998046875,11369.599609375,-0.006452600726191027,-0.006473508743511776,-13.849609375,66.0,0.005812033551284591,11243.137451171875,169.19374511436683,0.6655834041146399,0.0,0.0,0.0
2018-08-14,11435.099609375,11452.4501953125,11370.7998046875,11381.7001953125,0.006987615029830696,0.00696331478277028,53.3994140625,81.650390625,0.007140330509937964,11264.48994140625,164.8553809920938,1.0349050600716083,0.0,0.0,0.0
2018-08-16,11385.0498046875,11449.849609375,11366.25,11397.150390625,-0.004376857779749166,-0.004386464262815843,-12.1005859375,83.599609375,0.007342928736295912,11284.719921875,152.52949624614854,0.657773645633699,0.0,0.0,0.0
2018-08-17,11470.75,11486.4501953125,11431.7998046875,11437.150390625,0.0075274326228431665,0.007499242877784467,33.599609375,54.650390625,0.004764325839635595,11310.40244140625,136.90564978001711,1.1712267452176022,0.0,0.0,0.0
2018-08-20,11551.75,11565.2998046875,11499.650390625,11502.099609375,0.007061438877143944,0.007036623669863275,49.650390625,65.6494140625,0.005683070882117428,11337.479931640624,127.64742309305277,1.6786086484736675,0.0,0.0,0.0
2018-08-21,11570.900390625,11581.75,11539.599609375,11576.2001953125,0.00165779129785526,0.001656418678663017,-5.2998046875,42.150390625,0.003642792626505642,11361.787451171875,123.19838730014594,1.6973675064728517,0.0,0.0,0.0
2018-08-23,11582.75,11620.7001953125,11546.7001953125,11620.7001953125,0.0010240870610727093,0.001023563041648874,-37.9501953125,74.0,0.006388810947313893,11384.2099609375,120.39353231264246,1.649092233185116,0.0,0.0,0.0
2018-08-24,11557.099609375,11604.599609375,11532.0,11566.599609375,-0.0022145337355118366,-0.0022169894415104054,-9.5,72.599609375,0.006281819126669804,11405.46494140625,110.65425814761514,1.3703464331798825,0.0,0.0,0.0
2018-08-27,11691.9501953125,11700.9501953125,11595.599609375,11605.849609375,0.011668203138797129,0.011600654595540067,86.1005859375,105.3505859375,0.00901052298184924,11431.6974609375,113.37668905863738,2.2954695231962576,0.0,0.0,0.0
2018-08-28,11738.5,11760.2001953125,11710.5,11731.9501953125,0.003981355027167455,0.003973450407027797,6.5498046875,49.7001953125,0.004233947720109043,11454.70498046875,126.5444615255019,2.2426506550352485,0.0,0.0,0.0
2018-08-29,11691.900390625,11753.2001953125,11678.849609375,11744.9501953125,-0.003969809547642367,-0.003977710157774837,-53.0498046875,74.3505859375,0.006359153213203652,11473.322509765625,132.84716331759816,1.6453334448460908,0.0,0.0,0.0
2018-08-30,11676.7998046875,11698.7998046875,11639.7001953125,11694.75,-0.0012915424723947133,-0.0012923772322029556,-17.9501953125,59.099609375,0.005061284800932806,11489.3375,137.25598822057887,1.3657859822205851,0.0,0.0,0.0
2018-08-31,11680.5,11727.650390625,11640.099609375,11675.849609375,0.00031688436681198695,0.0003168341695652239,4.650390625,87.55078125,0.007495465198407603,11506.052490234375,139.24834217818272,1.2527797964186984,0.0,0.0,0.0
2018-09-03,11582.349609375,11751.7998046875,11567.400390625,11751.7998046875,-0.00840292715423141,-0.008438430776075216,-169.4501953125,184.3994140625,0.01592072595643661,11522.9349609375,125.70386820984578,0.47265568899053156,0.0,0.0,0.0
2018-09-04,11520.2998046875,11602.5498046875,11496.849609375,11598.75,-0.00535727264157837,-0.005371674285373425,-78.4501953125,105.7001953125,0.009175125396432096,11530.9099609375,119.79695757310843,-0.08856782730501042,0.0,0.0,0.0
2018-09-05,11476.9501953125,11542.650390625,11393.849609375,11514.849609375,-0.0037628889968090995,-0.003769986473883496,-37.8994140625,148.80078125,0.012965184889516581,11535.402490234375,115.73597278465444,-0.50504863367447,0.0,0.0,0.0
2018-09-06,11536.900390625,11562.25,11436.0498046875,11514.150390625,0.005223530144531363,0.005209934834070753,22.75,126.2001953125,0.010938830278456034,11542.775,110.52853545328706,-0.053150160281300714,0.0,0.0,0.0
2018-09-07,11589.099609375,11603.0,11484.400390625,11558.25,0.0045245444601755835,0.0045143394792379185,30.849609375,118.599609375,0.010233720769735975,11549.72998046875,108.74545836417323,0.36203469550338974,0.0,0.0,0.0
2018-09-10,11438.099609375,11573.0,11427.2998046875,11570.25,-0.013029485041085365,-0.013115113390097494,-132.150390625,145.7001953125,0.012738147095089107,11548.099951171875,110.22665941746955,-0.9979467977911064,0.0,0.0,0.0
2018-09-11,11287.5,11479.400390625,11274.0,11476.849609375,-0.013166488710376734,-0.013253935347788789,-189.349609375,205.400390625,0.018197155315614617,11540.999951171874,122.19195395450556,-2.0746042842252708,1.0,0.0,0.0
2018-09-12,11369.900390625,11380.75,11250.2001953125,11340.099609375,0.0073001453488372725,0.007273628261968242,29.80078125,130.5498046875,0.011482053509909749,11541.707470703124,121.09893783392444,-1.4187331710022195,1.0,1.0,1.0
2018-09-14,11515.2001953125,11523.25,11430.5498046875,11443.5,0.012779338401883056,0.012698371727607837,71.7001953125,92.7001953125,0.008050246086927393,11545.7125,118.68815763740912,-0.25707960503283195,0.0,1.0,1.0
2018-09-17,11377.75,11464.9501953125,11366.900390625,11464.9501953125,-0.011936413868727347,-0.012008224872722099,-87.2001953125,98.0498046875,0.008617679654369274,11545.347509765625,119.21827215296636,-1.405803881728666,0.0,0.0,0.0
2018-09-18,11278.900390625,11411.4501953125,11268.9501953125,11381.5498046875,-0.008687975159851424,-0.008725935642451747,-102.6494140625,142.5,0.012634210345402618,11535.755029296875,132.5133353948482,-1.9383304925993223,0.0,0.0,0.0
2018-09-19,11234.349609375,11332.0498046875,11210.900390625,11326.650390625,-0.003949922395540484,-0.003957743942134398,-92.30078125,121.1494140625,0.010783838697827376,11519.885009765625,148.53462023591788,-1.9223491461930455,0.0,0.0,0.0
2018-09-21,11143.099609375,11346.7998046875,10866.4501953125,11271.2998046875,-0.00812241056873042,-0.008155577062129398,-128.2001953125,480.349609375,0.0431073602690286,11498.494970703125,170.04676264043346,-2.0899860474239884,1.0,0.0,0.0
2018-09-24,10967.400390625,11170.150390625,10943.599609375,11164.400390625,-0.015767535507102526,-0.015893165427847328,-197.0,226.55078125,0.020656743912044733,11467.727490234374,205.89112019706155,-2.4300567170187017,1.0,1.0,1.0
2018-09-25,11067.4501953125,11080.599609375,10882.849609375,10969.9501953125,0.009122472156029238,0.009081113743931286,97.5,197.75,0.017867710855726724,11443.24501953125,223.09764487890152,-1.6844410187419665,1.0,1.0,1.0
2018-09-26,11053.7998046875,11145.5498046875,10993.0498046875,11145.5498046875,-0.0012333817079910325,-0.001234142949208208,-91.75,152.5,0.013796160840124,11411.3375,231.14476424405248,-1.5468128663083025,1.0,1.0,1.0
2018-09-27,10977.5498046875,11089.4501953125,10953.349609375,11079.7998046875,-0.006898080420062014,-0.006921982157626523,-102.25,136.1005859375,0.01239808412250464,11373.289990234374,237.0114745081853,-1.6697089723949512,1.0,1.0,1.0
2018-09-28,10930.4501953125,11034.099609375,10850.2998046875,11008.099609375,-0.004290539347394984,-0.004299770124143364,-77.6494140625,183.7998046875,0.01681539199239224,11335.21748046875,244.18699894857036,-1.6576119404354515,1.0,1.0,1.0
2018-10-01,11008.2998046875,11035.650390625,10821.5498046875,10930.900390625,0.007122269255513958,0.007097025685968254,77.3994140625,214.1005859375,0.019449014810291845,11301.79248046875,240.69751585911524,-1.219342354796203,1.0,1.0,1.0
2018-10-03,10858.25,10989.0498046875,10843.75,10982.7001953125,-0.01363060666494631,-0.013724356268050715,-124.4501953125,145.2998046875,0.013381512185435037,11260.67998046875,242.8207463368513,-1.6573130036857835,1.0,1.0,1.0
2018-10-04,10599.25,10754.7001953125,10547.25,10754.7001953125,-0.023852830796859514,-0.024141915818458322,-155.4501953125,207.4501953125,0.019572157965186215,11211.525,272.02654756134103,-2.2507913491859974,1.0,1.0,1.0
2018-10-05,10316.4501953125,10540.650390625,10261.900390625,10514.099609375,-0.026681114672028716,-0.027043516339215604,-197.6494140625,278.75,0.02701995305775392,11151.33251953125,327.6169731530776,-2.548348811673609,1.0,1.0,1.0
2018-10-08,10348.0498046875,10398.349609375,10198.400390625,10310.150390625,0.003063031253653259,0.003058349730753957,37.8994140625,199.94921875,0.019322405914535337,11094.8875,363.8131522643289,-2.0528056521988653,1.0,1.0,1.0
2018-10-09,10301.0498046875,10397.599609375,10279.349609375,10390.2998046875,-0.004541918611438267,-0.004552264462335634,-89.25,118.25,0.011479412510576374,11033.094970703125,388.87670505349445,-1.8824608327076928,1.0,1.0,1.0
2018-10-10,10460.099609375,10482.349609375,10318.25,10331.849609375,0.015440154906845027,0.015322168649223668,128.25,164.099609375,0.01568814977898715,10976.644970703124,385.85020401370497,-1.3387199383462738,1.0,1.0,1.0
2018-10-11,10234.650390625,10335.9501953125,10138.599609375,10169.7998046875,-0.021553257346415555,-0.021788921165731508,64.8505859375,197.3505859375,0.019282591823387957,10916.472509765625,403.53231730093626,-1.6896344850421294,1.0,1.0,1.0
2018-10-12,10472.5,10492.4501953125,10322.150390625,10331.5498046875,0.02323964183406524,0.022973713528550762,140.9501953125,170.2998046875,0.016261618972308427,10875.722509765625,405.23984009063645,-0.9950218854973375,1.0,1.0,1.0
2018-10-15,10512.5,10526.2998046875,10410.150390625,10524.2001953125,0.003819527333492445,0.003812251460013522,-11.7001953125,116.1494140625,0.011048695749108205,10832.852490234374,395.4430742261156,-0.8101102563530945,1.0,1.0,1.0
2018-10-16,10584.75,10604.900390625,10525.2998046875,10550.150390625,0.006872770511296089,0.006849260681022563,34.599609375,79.6005859375,0.007520308551217553,10786.32998046875,364.4605856137128,-0.5530913037669386,1.0,1.0,1.0
2018-10-17,10453.0498046875,10710.150390625,10436.4501953125,10688.7001953125,-0.012442447418455793,-0.012520502809902525,-235.650390625,273.7001953125,0.026183764587992646,10740.094970703125,343.53758427326034,-0.835556804135004,1.0,1.0,1.0
2018-10-19,10303.5498046875,10380.099609375,10249.599609375,10339.7001953125,-0.014302046081609565,-0.014405306077947945,-36.150390625,130.5,0.012665537846056734,10691.32744140625,332.0620049516647,-1.1677868317852145,1.0,1.0,1.0
2018-10-22,10245.25,10408.5498046875,10224.0,10405.849609375,-0.0056582251546914986,-0.005674293551714025,-160.599609375,184.5498046875,0.018013206577438327,10641.8724609375,320.380894568085,-1.237971638328181,1.0,1.0,1.0
2018-10-23,10146.7998046875,10222.099609375,10102.349609375,10152.599609375,-0.009609350217173795,-0.009655817945697833,-5.7998046875,119.75,0.01180175053268315,10592.057470703125,315.7674069107249,-1.4100811428632016,1.0,1.0,1.0
2018-10-24,10224.75,10290.650390625,10126.7001953125,10278.150390625,0.007682244334463961,0.007652886157385112,-53.400390625,163.9501953125,0.01603464097532947,10554.924951171875,312.95939205551934,-1.0550089230531927,1.0,1.0,1.0
2018-10-25,10124.900390625,10166.599609375,10079.2998046875,10135.0498046875,-0.009765481735494741,-0.009813476770964884,-10.1494140625,87.2998046875,0.008622287757846384,10507.7974609375,302.511159473653,-1.2657287452757517,1.0,1.0,1.0
2018-10-26,10030.0,10128.849609375,10004.5498046875,10122.349609375,-0.0093729702973544,-0.009417173007402645,-92.349609375,124.2998046875,0.012392802062562313,10456.607470703126,291.68391172364596,-1.4625677096216134,1.0,1.0,1.0
2018-10-29,10250.849609375,10275.2998046875,10020.349609375,10078.099609375,0.022018904224825553,0.021779988895005153,172.75,254.9501953125,0.02487112825061185,10420.2724609375,267.6467926083938,-0.633009086009823,1.0,1.0,1.0
2018-10-30,10198.400390625,10285.099609375,10175.349609375,10239.400390625,-0.005116572845048073,-0.005129707325392901,-41.0,109.75,0.010761491586552043,10383.669970703126,243.13872533394292,-0.7619912452188115,1.0,1.0,1.0
2018-10-31,10386.599609375,10396.0,10105.099609375,10209.5498046875,0.01845379780568379,0.018285592676591408,177.0498046875,290.900390625,0.02800727875968491,10352.5849609375,193.81664585784483,0.17549910786531775,0.0,1.0,1.0
2018-11-01,10380.4501953125,10441.900390625,10341.900390625,10441.7001953125,-0.0005920526730374132,-0.0005922280054286613,-61.25,100.0,0.009633493549745752,10328.694970703125,153.45111666498087,0.3372749950224749,0.0,0.0,0.0
2018-11-02,10553.0,10606.9501953125,10457.7001953125,10462.2998046875,0.01662257430466929,0.016485931474334168,90.7001953125,149.25,0.014142897754193121,10326.382470703125,149.45575442319176,1.5162850716018286,0.0,0.0,0.0
2018-11-05,10524.0,10558.7998046875,10477.0,10558.75,-0.0027480337344830685,-0.0027518165109068284,-34.75,81.7998046875,0.007772691437428735,10336.7599609375,155.80075329078906,1.2017916159431712,0.0,0.0,0.0
2018-11-06,10530.0,10600.25,10491.4501953125,10552.0,0.0005701254275940482,0.0005699629678378127,-22.0,108.7998046875,0.010332365117521367,10345.857470703126,161.69538909544602,1.138823625874564,0.0,0.0,0.0
2018-11-07,10598.400390625,10616.4501953125,10582.2998046875,10614.4501953125,0.006495763592117676,0.006474757039787639,-16.0498046875,34.150390625,0.0032222212188934025,10360.725,170.77407500166996,1.391753347940403,0.0,0.0,0.0
2018-11-09,10585.2001953125,10619.5498046875,10544.849609375,10614.7001953125,-0.0012454893970770264,-0.0012462656636175824,-29.5,74.7001953125,0.0070570413345209925,10366.980029296876,176.79056917763558,1.234342799113685,0.0,0.0,0.0
2018-11-12,10482.2001953125,10645.5,10464.0498046875,10607.7998046875,-0.009730567027500525,-0.009778218363148,-125.599609375,181.4501953125,0.01731031576687899,10379.35751953125,175.70065897915586,0.5853289132709004,0.0,0.0,0.0
2018-11-13,10582.5,10596.25,10440.5498046875,10451.900390625,0.009568583199961456,0.009523094254035388,130.599609375,155.7001953125,0.014712987981337113,10384.85751953125,180.4278621633068,1.0954099776999102,0.0,0.0,0.0
2018-11-14,10576.2998046875,10651.599609375,10532.7001953125,10634.900390625,-0.0005858913595558901,-0.000586063060967349,-58.6005859375,118.8994140625,0.01124206161495184,10388.047509765625,183.34380709810625,1.0267720404711673,0.0,0.0,0.0
2018-11-15,10616.7001953125,10646.5,10557.5,10580.599609375,0.0038198983927342223,0.003812621107308771,36.1005859375,89.0,0.008383019051371104,10389.64501953125,185.27692227378702,1.225490865212703,0.0,0.0,0.0
2018-11-16,10682.2001953125,10695.150390625,10631.150390625,10644.0,0.006169525256907837,0.006150571652505879,38.2001953125,64.0,0.005991275095938017,10401.1025390625,196.16938030788205,1.432933395664632,0.0,0.0,0.0
2018-11-19,10763.400390625,10774.7001953125,10688.7998046875,10731.25,0.0076014485618920435,0.007572703131144189,32.150390625,85.900390625,0.007980785579603623,10424.095068359375,210.55517577042585,1.6114793712579139,0.0,0.0,0.0
2018-11-20,10656.2001953125,10740.849609375,10640.849609375,10740.099609375,-0.009959695953136949,-0.010009625523730635,-83.8994140625,100.0,0.009384208082350826,10444.642578125,212.2286982876646,0.9968379342399066,0.0,0.0,0.0
2018-11-21,10600.0498046875,10671.2998046875,10562.349609375,10670.9501953125,-0.00526926949530282,-0.005283201056794732,-70.900390625,108.9501953125,0.010278272019469249,10467.305078125,202.73767045573462,0.6547610331326308,0.0,0.0,0.0
2018-11-22,10526.75,10646.25,10512.0,10612.650390625,-0.006915043423200262,-0.006939063131569403,-85.900390625,134.25,0.012753223929512907,10482.405078125,194.81289677223913,0.22762826593992946,0.0,0.0,0.0
2018-11-26,10628.599609375,10637.7998046875,10489.75,10568.2998046875,0.009675313783931383,0.009628807669070337,60.2998046875,148.0498046875,0.013929380175062015,10507.5900390625,177.9956865919536,0.6798455211440558,0.0,0.0,0.0
2018-11-27,10685.599609375,10695.150390625,10596.349609375,10621.4501953125,0.0053628890065369195,0.005348559924642655,64.1494140625,98.80078125,0.009246161643874175,10540.37001953125,142.17695493587917,1.0214706730021557,0.0,0.0,0.0
2018-11-28,10728.849609375,10757.7998046875,10699.849609375,10708.75,0.004047503329813518,0.004039334223781422,20.099609375,57.9501953125,0.005401342867352937,10564.27001953125,130.65618435068995,1.2596387278692247,0.0,0.0,0.0
2018-11-29,10858.7001953125,10883.0498046875,10782.349609375,10808.7001953125,0.012102936537020215,0.01203028163822991,50.0,100.7001953125,0.009273687780418729,10597.285009765625,115.93520947485341,2.2548386010686157,0.0,0.0,0.0
2018-11-30,10876.75,10922.4501953125,10835.099609375,10892.099609375,0.001662243580064171,0.0016608635822544591,-15.349609375,87.3505859375,0.008030945451306686,10621.792529296876,120.76040996448387,2.1112670185378497,0.0,0.0,0.0
2018-12-03,10883.75,10941.2001953125,10845.349609375,10930.7001953125,0.000643574597191332,0.0006433675918710725,-46.9501953125,95.8505859375,0.008806761083036636,10646.95751953125,120.26035687869334,1.9689986510484303,0.0,0.0,0.0
2018-12-04,10869.5,10890.9501953125,10833.349609375,10877.099609375,-0.0013092913747559942,-0.0013101492455916805,-7.599609375,57.6005859375,0.0052992857019642115,10662.78251953125,127.83151800873422,1.6171088608571877,0.0,0.0,0.0
2018-12-05,10782.900390625,10821.0498046875,10747.9501953125,10820.4501953125,-0.007967211865771207,-0.007999119688821785,-37.5498046875,73.099609375,0.00677921586278912,10675.7275390625,126.13553436206793,0.8496642290733382,0.0,0.0,0.0
2018-12-06,10601.150390625,10722.650390625,10588.25,10718.150390625,-0.01685539079615528,-0.016999059579474705,-117.0,134.400390625,0.012677906234011676,10679.28505859375,122.76751757752994,-0.6364441467133755,0.0,0.0,0.0
2018-12-07,10693.7001953125,10704.5498046875,10599.349609375,10644.7998046875,0.008730166187373989,0.008692278636606364,48.900390625,105.2001953125,0.0098375859984006,10684.050048828125,121.30361388428392,0.07955366023621223,0.0,0.0,0.0
2018-12-10,10488.4501953125,10558.849609375,10474.9501953125,10508.7001953125,-0.019193543511718203,-0.019380130942287622,-20.25,83.8994140625,0.007999219379427129,10679.212548828125,127.23719025931936,-1.4992656873893297,0.0,0.0,0.0
2018-12-11,10549.150390625,10567.150390625,10333.849609375,10350.0498046875,0.005787336945131116,0.005770654643792864,199.1005859375,233.30078125,0.02211559913463114,10682.56005859375,122.57649174520975,-1.0883789058513629,0.0,0.0,0.0
2018-12-12,10737.599609375,10752.2001953125,10560.7998046875,10591.0,0.01786392380162427,0.01770623905775317,146.599609375,191.400390625,0.017825249365592686,10690.3150390625,120.80638546771384,0.39140787243516545,0.0,0.0,0.0
2018-12-13,10791.5498046875,10838.599609375,10749.5,10810.75,0.005024418610784842,0.005011838341027756,-19.2001953125,89.099609375,0.008256423867524386,10701.0775390625,119.6973922686216,0.7558415760801561,0.0,0.0,0.0
2018-12-14,10805.4501953125,10815.75,10752.099609375,10784.5,0.001288081033454791,0.0012872521687673252,20.9501953125,63.650390625,0.0058905820187494,10710.5150390625,120.13471291837443,0.7902391735393196,0.0,0.0,0.0
2018-12-17,10888.349609375,10900.349609375,10844.849609375,10853.2001953125,0.007672000015183311,0.007642719885813293,35.1494140625,55.5,0.005097191217318539,10720.822509765625,126.26479291913842,1.3267918612646163,0.0,0.0,0.0
2018-12-18,10908.7001953125,10915.400390625,10819.099609375,10850.900390625,0.0018690239262686426,0.0018672794743268973,57.7998046875,96.30078125,0.008827887789177737,10728.0875,132.85185810027247,1.3595044728405643,0.0,0.0,0.0
2018-12-19,10967.2998046875,10985.150390625,10928.0,10930.5498046875,0.005371823253533137,0.005357446474361821,36.75,57.150390625,0.005210980974603569,10743.64248046875,141.89660832046897,1.5761992260845776,0.0,0.0,0.0
2018-12-20,10951.7001953125,10962.5498046875,10880.0498046875,10885.2001953125,-0.001422374664029169,-0.0014233871991216722,66.5,82.5,0.007533076922185224,10761.225,144.92185878328266,1.3143303357524403,0.0,0.0,0.0
2018-12-21,10754.0,10963.650390625,10738.650390625,10944.25,-0.018052009440243655,-0.01821693480035375,-190.25,225.0,0.02092244746140971,10772.5875,134.07305643719684,-0.1386371019945121,0.0,0.0,0.0
2018-12-24,10663.5,10782.2998046875,10649.25,10780.900390625,-0.008415473312255894,-0.0084510833319759,-117.400390625,133.0498046875,0.012477123335443334,10774.33251953125,132.31596413452843,-0.8376352789793697,0.0,0.0,0.0
2018-12-26,10729.849609375,10747.5,10534.5498046875,10635.4501953125,0.006222123071693231,0.006202845587195536,94.3994140625,212.9501953125,0.019846521905250086,10776.54501953125,131.1186826300823,-0.3561308672387195,0.0,0.0,0.0
2018-12-27,10779.7998046875,10834.2001953125,10764.4501953125,10817.900390625,0.004655255863871277,0.004644453671963747,-38.1005859375,69.75,0.006470435561305121,10779.092529296875,130.63730730026947,0.005414038342043667,0.0,0.0,0.0
2018-12-28,10859.900390625,10893.599609375,10817.150390625,10820.9501953125,0.007430619064249022,0.007403148015077441,38.9501953125,76.44921875,0.007039587473195991,10779.1525390625,130.67607058660792,0.6179237805362661,0.0,0.0,0.0
2018-12-31,10862.5498046875,10923.5498046875,10853.2001953125,10913.2001953125,0.00024396301689710853,0.00024393326275947618,-50.650390625,70.349609375,0.006476344011296697,10778.442529296875,130.15541930406076,0.6462064802245276,0.0,0.0,0.0
2019-01-02,10792.5,10895.349609375,10735.0498046875,10868.849609375,-0.006448744166611009,-0.006469627145011258,-76.349609375,160.2998046875,0.014852889014361825,10773.880029296875,127.84856405380647,0.14564082781006613,0.0,0.0,0.0
2019-01-03,10672.25,10814.0498046875,10661.25,10796.7998046875,-0.011141996757007222,-0.011204533761500678,-124.5498046875,152.7998046875,0.014317487379652837,10764.017529296874,127.69205498394014,-0.7186627962751159,0.0,0.0,0.0
2019-01-04,10727.349609375,10741.0498046875,10628.650390625,10699.7001953125,0.0051628859308019415,0.005149603931252372,27.6494140625,112.3994140625,0.01047783638600445,10761.239990234375,127.86375080921059,-0.26505073286911374,0.0,0.0,0.0
2019-01-07,10771.7998046875,10835.9501953125,10750.150390625,10804.849609375,0.004143632577580325,0.0041350713736188,-33.0498046875,85.7998046875,0.007965224590431304,10769.7724609375,122.18631271894657,0.01659223283595851,0.0,0.0,0.0
2019-01-08,10802.150390625,10818.4501953125,10733.25,10786.25,0.0028175965472634346,0.0028136345625500237,15.900390625,85.2001953125,0.007887336523887298,10775.194970703125,121.03363468834205,0.2227101581414458,0.0,0.0,0.0
2019-01-09,10855.150390625,10870.400390625,10749.400390625,10862.400390625,0.004906430486840696,0.004894433183399924,-7.25,121.0,0.011146782462314027,10793.52998046875,101.50979343224574,0.6070390656186313,0.0,0.0,0.0
2019-01-10,10821.599609375,10859.349609375,10801.7998046875,10859.349609375,-0.0030907707440862575,-0.003095557040757343,-37.75,57.5498046875,0.0053180497121371306,10807.15244140625,83.70864772824483,0.17258871527410452,0.0,0.0,0.0
2019-01-11,10794.9501953125,10850.150390625,10739.400390625,10834.75,-0.0024626132017869784,-0.002465650421033224,-39.7998046875,110.75,0.010259426676011072,10810.019970703124,82.16878017263917,-0.18340025687325776,0.0,0.0,0.0
2019-01-14,10737.599609375,10808.0,10692.349609375,10807.0,-0.005312723532749919,-0.005326886232360374,-69.400390625,115.650390625,0.010770600025356285,10807.3224609375,83.67873740797732,-0.8332206450793365,0.0,0.0,0.0
2019-01-15,10886.7998046875,10896.9501953125,10777.5498046875,10777.5498046875,0.013895116296032572,0.013799464213669708,109.25,119.400390625,0.010967446151952762,10811.38994140625,85.53938632164224,0.8815805972431894,0.0,0.0,0.0
2019-01-16,10890.2998046875,10928.150390625,10876.900390625,10899.650390625,0.0003214902508350548,0.000321438583917674,-9.3505859375,51.25,0.00470602287532438,10811.487451171875,85.63279361365481,0.9203524746745784,0.0,0.0,0.0
2019-01-17,10905.2001953125,10930.650390625,10844.650390625,10920.849609375,0.001368225934293088,0.001367290766106507,-15.6494140625,86.0,0.007886145917519818,10811.312451171874,85.42700170644713,1.0990406108744428,0.0,0.0,0.0
2019-01-18,10906.9501953125,10928.2001953125,10852.2001953125,10914.849609375,0.0001604738994844812,0.0001604610249256087,-7.8994140625,76.0,0.006968034018589602,10808.294970703126,80.55403536901856,1.2247086586964147,0.0,0.0,0.0
2019-01-21,10961.849609375,10987.4501953125,10885.75,10919.349609375,0.0050334340103701525,0.005020808629692447,42.5,101.7001953125,0.009277649204886194,10808.80244140625,81.53104599267128,1.8771642888343163,0.0,0.0,0.0
2019-01-22,10922.75,10949.7998046875,10864.150390625,10949.7998046875,-0.0035668806605010372,-0.003573257146616415,-27.0498046875,85.6494140625,0.007841378230070266,10817.23994140625,84.24770125019707,1.2523790801176777,0.0,0.0,0.0
2019-01-23,10831.5,10944.7998046875,10811.9501953125,10931.0498046875,-0.008354123274816327,-0.008389214537151498,-99.5498046875,132.849609375,0.012265116500484697,10825.63994140625,76.09274391037914,0.07701205519216338,0.0,0.0,0.0
2019-01-24,10849.7998046875,10866.599609375,10798.650390625,10844.0498046875,0.001689498655541799,0.0016880730581589696,5.75,67.94921875,0.006262716360963962,10831.637451171875,72.80128565078333,0.24947847216252528,0.0,0.0,0.0
2019-01-25,10780.5498046875,10931.7001953125,10756.4501953125,10859.75,-0.006382606245884936,-0.006403062164968701,-79.2001953125,175.25,0.016256128228617748,10831.674951171875,72.7733664992342,-0.7025255109630438,0.0,0.0,0.0
2019-01-28,10661.5498046875,10804.4501953125,10630.9501953125,10792.4501953125,-0.011038398055380982,-0.011099773244971002,-130.900390625,173.5,0.016273431459628722,10821.757421875,81.69327642498543,-1.9610869363846575,0.0,0.0,0.0
2019-01-29,10652.2001953125,10690.349609375,10583.650390625,10653.7001953125,-0.0008769465552643796,-0.0008773312978436732,-1.5,106.69921875,0.010016636637842479,10811.23994140625,89.3471418927833,-1.780020521356992,0.0,0.0,0.0
2019-01-30,10651.7998046875,10710.2001953125,10612.849609375,10702.25,-3.758759858607519e-05,-3.758830501756102e-05,-50.4501953125,97.3505859375,0.009139355575821025,10804.204931640625,96.17841646175187,-1.5846084034221228,0.0,0.0,0.0
2019-01-31,10830.9501953125,10838.0498046875,10678.5498046875,10690.5498046875,0.016818790618479573,0.016678920874278535,140.400390625,159.5,0.014726316447196812,10812.13994140625,91.1330391338582,0.2064043302519557,0.0,0.0,0.0
2019-02-01,10893.650390625,10983.4501953125,10813.4501953125,10851.349609375,0.005788983808607595,0.005772292029816439,42.30078125,170.0,0.015605420947444836,10820.45498046875,90.57452327034143,0.8081236037840392,0.0,0.0,0.0
2019-02-04,10912.25,10927.900390625,10814.150390625,10876.75,0.0017073807867935553,0.0017059248691862574,35.5,113.75,0.010424064697931223,10827.477490234374,92.03655671285425,0.921074329520044,0.0,0.0,0.0
2019-02-05,10934.349609375,10956.7001953125,10886.7001953125,10908.650390625,0.0020252110586724825,0.0020231630833451035,25.69921875,70.0,0.006401843959697677,10834.087451171876,94.82676278425473,1.0573192130499687,0.0,0.0,0.0
2019-02-06,11062.4501953125,11072.599609375,10962.7001953125,10965.099609375,0.011715428033110209,0.011647333726075786,97.3505859375,109.8994140625,0.009934455036829703,10844.45244140625,107.70510883268132,2.0240242665267285,0.0,0.0,0.0
2019-02-07,11069.400390625,11118.099609375,11043.599609375,11070.4501953125,0.0006282690714798367,0.0006280717930916961,-1.0498046875,74.5,0.0067302651788705955,10856.84248046875,118.63621650615129,1.7916780930486738,0.0,0.0,0.0
2019-02-08,10943.599609375,11041.2001953125,10925.4501953125,11023.5,-0.011364733121095205,-0.011429805188104512,-79.900390625,115.75,0.010576958599695206,10864.274951171876,119.20963346583706,0.6654215426797452,0.0,0.0,0.0
2019-02-11,10888.7998046875,10930.900390625,10857.099609375,10930.900390625,-0.005007475295473629,-0.005020054711538446,-42.1005859375,73.80078125,0.006777678217412872,10871.8349609375,115.48970078883552,0.14689486278104552,0.0,0.0,0.0
2019-02-12,10831.400390625,10910.900390625,10823.7998046875,10879.7001953125,-0.005271417887377283,-0.005285360831624847,-48.2998046875,87.1005859375,0.008041488893060306,10869.064990234376,115.77589558043265,-0.32532332762832405,0.0,0.0,0.0
2019-02-14,10746.0498046875,10792.7001953125,10718.75,10786.099609375,-0.007879921603800577,-0.007911132252471094,-40.0498046875,73.9501953125,0.006881616655102642,10861.852490234374,118.83613604164364,-0.9744736694088879,0.0,0.0,0.0
2019-02-15,10724.400390625,10785.75,10620.400390625,10780.25,-0.002014639281967212,-0.0020166713974639474,-55.849609375,165.349609375,0.015418074983431656,10852.8125,122.19444061770287,-1.0508834012895047,0.0,0.0,0.0
2019-02-18,10640.9501953125,10759.900390625,10628.400390625,10738.650390625,-0.00778133902809619,-0.007811771620307167,-97.7001953125,131.5,0.012357918943923612,10839.5125,130.20532189247794,-1.524993769851214,0.0,0.0,0.0
2019-02-19,10604.349609375,10722.849609375,10585.650390625,10636.7001953125,-0.0034395975233135756,-0.003445526538395949,-32.3505859375,137.19921875,0.01293801353255141,10821.6375,136.8941187907146,-1.5872697274686658,0.0,0.0,0.0
2019-02-20,10735.4501953125,10752.7001953125,10646.400390625,10655.4501953125,0.012362906803977669,0.01228711014362708,80.0,106.2998046875,0.009901755655660763,10812.272509765626,136.0167266071371,-0.5648004945378144,0.0,0.0,0.0
2019-02-21,10789.849609375,10808.849609375,10721.5,10744.099609375,0.005067269008080633,0.005054473607434973,45.75,87.349609375,0.00809553539088296,10810.189990234376,136.0256943124985,-0.1495333728100426,0.0,0.0,0.0
2019-02-22,10791.650390625,10801.5498046875,10758.400390625,10782.7001953125,0.00016689586186968697,0.00016688193630472358,8.9501953125,43.1494140625,0.003998407333505269,10807.28251953125,135.75568465089367,-0.11514898213249755,0.0,0.0,0.0
2019-02-25,10880.099609375,10887.099609375,10788.0498046875,10813.25,0.008196078963680797,0.008162673513503154,66.849609375,99.0498046875,0.009103758995198193,10812.260009765625,136.546636477943,0.4968236593680829,0.0,0.0,0.0
2019-02-26,10835.2998046875,10888.75,10729.2998046875,10775.2998046875,-0.004117591409631749,-0.004126092031890748,60.0,159.4501953125,0.014715808347409053,10820.947509765625,131.90157970517578,0.10881063709741014,0.0,0.0,0.0
2019-02-27,10806.650390625,10939.7001953125,10751.2001953125,10881.2001953125,-0.002644081343287419,-0.0026475831003447124,-74.5498046875,188.5,0.017442962730017414,10828.67001953125,125.88602116799446,-0.1749171885960596,0.0,0.0,0.0
2019-02-28,10792.5,10865.7001953125,10784.849609375,10865.7001953125,-0.0013094150466157473,-0.0013102730795938819,-73.2001953125,80.8505859375,0.007491367703266157,10835.705029296874,119.23746460665201,-0.36234441447913807,0.0,0.0,0.0
2019-03-01,10863.5,10877.900390625,10823.099609375,10842.650390625,0.006578642575862936,0.006557097745663337,20.849609375,54.80078125,0.005044486698577807,10837.33251953125,119.39118891308895,0.21917430178033212,0.0,0.0,0.0
2019-03-05,10987.4501953125,10994.900390625,10817.0,10864.849609375,0.011409784628572783,0.011345183958033887,122.6005859375,177.900390625,0.01619123522406467,10842.022509765626,123.4918615730982,1.1776297133620555,0.0,0.0,0.0
2019-03-06,11053.0,11062.2998046875,10998.849609375,11024.849609375,0.005965879573721855,0.0059481541776258,28.150390625,63.4501953125,0.005740540605491722,10849.060009765624,131.45814432878146,1.551368241775227,0.0,0.0,0.0
2019-03-07,11058.2001953125,11089.0498046875,11027.099609375,11077.9501953125,0.00047047817900125466,0.00047036753884395607,-19.75,61.9501953125,0.0056021951328716485,10855.2525390625,138.42002888313766,1.4661726188580753,0.0,0.0,0.0
2019-03-08,11035.400390625,11049.0,11008.9501953125,11038.849609375,-0.0020618006804727917,-0.002063929117607768,-3.44921875,40.0498046875,0.0036292117431030286,10853.900048828125,136.40647048138217,1.3305845474657834,0.0,0.0,0.0
2019-03-11,11168.0498046875,11180.900390625,11059.849609375,11068.75,0.012020353532001593,0.01194868284879883,99.2998046875,121.05078125,0.01083902591472972,10858.83251953125,146.05169687508888,2.11717694331692,0.0,0.0,0.0
2019-03-12,11301.2001953125,11320.400390625,11227.0,11231.349609375,0.011922438828049886,0.011851926453906937,69.8505859375,93.400390625,0.008264643490143685,10876.712548828125,175.82896251817516,2.4142077642100404,0.0,0.0,0.0
2019-03-13,11341.7001953125,11352.2998046875,11276.599609375,11326.2001953125,0.0035836901656514097,0.0035772840485137174,15.5,75.7001953125,0.006674501530536552,10899.357568359375,204.32328983121732,2.164915352129093,0.0,0.0,0.0
2019-03-14,11343.25,11383.4501953125,11313.75,11382.5,0.00013664659273393553,0.00013663725743869715,-39.25,69.7001953125,0.006144640672867124,10924.950048828125,226.24334131671793,1.8488939773316797,0.0,0.0,0.0
2019-03-15,11426.849609375,11487.0,11370.7998046875,11376.849609375,0.007369987382364052,0.0073429617299341126,50.0,116.2001953125,0.010169049150446958,10958.9900390625,248.07239956929908,1.8859799442614034,0.0,0.0,0.0
2019-03-18,11462.2001953125,11530.150390625,11412.5,11473.849609375,0.0030936423551506387,0.003088866890158751,-11.6494140625,117.650390625,0.010264206576422689,10995.880029296875,265.59061529696424,1.7557855555032285,0.0,0.0,0.0
2019-03-19,11532.400390625,11543.849609375,11451.25,11500.2998046875,0.006124495656707252,0.006105817158639563,32.1005859375,92.599609375,0.008029517380464585,11040.4525390625,277.4293520571266,1.7732364939568495,0.0,0.0,0.0
2019-03-20,11521.0498046875,11556.099609375,11503.099609375,11553.349609375,-0.0009842344657688962,-0.000984719142560533,-32.2998046875,53.0,0.0046002752265193935,11086.287548828124,277.31275013049094,1.5677687219747238,0.0,0.0,0.0
2019-03-22,11456.900390625,11572.7998046875,11434.5498046875,11549.2001953125,-0.005568018119008533,-0.005583577314696379,-92.2998046875,138.25,0.012066963601527668,11122.36005859375,276.1947612770506,1.2112479269499026,0.0,0.0,0.0
2019-03-25,11354.25,11395.650390625,11311.599609375,11395.650390625,-0.008959700017030503,-0.00900007950222714,-41.400390625,84.05078125,0.007402583283792412,11150.580078125,269.1770824900934,0.7566391610715808,0.0,0.0,0.0
2019-03-26,11483.25,11496.75,11352.4501953125,11375.2001953125,0.011361384503600025,0.011297328693216403,108.0498046875,144.2998046875,0.012566111918446433,11185.16005859375,265.03157591291296,1.1247336864653417,0.0,0.0,0.0
2019-03-27,11445.0498046875,11546.2001953125,11413.0,11531.4501953125,-0.0033266013813597617,-0.003332146821462826,-86.400390625,133.2001953125,0.011638236406620596,11213.407568359375,260.88062955615413,0.8879242461283035,0.0,0.0,0.0
2019-03-28,11570.0,11588.5,11452.4501953125,11463.650390625,0.010917400749215211,0.010858236155870985,106.349609375,136.0498046875,0.01175884223746759,11250.142578125,256.52729588829806,1.246874804364984,0.0,0.0,0.0
2019-04-01,11669.150390625,11738.099609375,11644.75,11665.2001953125,0.008569610252809001,0.008533099582725414,3.9501953125,93.349609375,0.007999692029849672,11293.267578125,250.4738384533939,1.5006869173282589,0.0,0.0,0.0
2019-04-02,11713.2001953125,11729.349609375,11655.849609375,11711.5498046875,0.0037748939051200914,0.0037677868730356698,1.650390625,73.5,0.006274971722024689,11339.302587890625,237.8850368556291,1.571757569807938,0.0,0.0,0.0
2019-04-03,11643.9501953125,11761.0,11629.150390625,11735.2998046875,-0.005912133221091298,-0.005929679070481917,-91.349609375,131.849609375,0.011323443261383808,11378.32509765625,218.98851942180664,1.2129635761617874,0.0,0.0,0.0
2019-04-04,11598.0,11662.5498046875,11559.2001953125,11660.2001953125,-0.003946272059030087,-0.00395407913661549,-62.2001953125,103.349609375,0.00891098546085532,11408.852587890626,203.65073059553765,0.9287833711975833,0.0,0.0,0.0
2019-04-05,11665.9501953125,11689.650390625,11609.5,11638.400390625,0.005858785593421345,0.005841689650914404,27.5498046875,80.150390625,0.006870455409384935,11439.50009765625,193.1295583289985,1.1725294647569686,0.0,0.0,0.0
2019-04-08,11604.5,11710.2998046875,11549.099609375,11704.349609375,-0.005267483083991831,-0.005281405184150887,-99.849609375,161.2001953125,0.013891179741695032,11466.815087890625,174.0530285381478,0.791051516114227,0.0,0.0,0.0
2019-04-09,11671.9501953125,11683.900390625,11569.7001953125,11612.0498046875,0.005812417192683883,0.005795590267793092,59.900390625,114.2001953125,0.00978415718037961,11498.642578125,147.12985076035355,1.1779228775932427,0.0,0.0,0.0
2019-04-10,11584.2998046875,11680.0498046875,11571.75,11646.849609375,-0.007509489773200095,-0.007537827950835446,-62.5498046875,108.2998046875,0.00934884339264746,11519.455078125,125.79830184586903,0.5154658338866072,0.0,0.0,0.0
2019-04-11,11596.7001953125,11606.7001953125,11550.5498046875,11592.5498046875,0.0010704480058416621,0.001069875484907893,4.150390625,56.150390625,0.004841928279537358,11534.230078125,115.7685176631611,0.5396123095336055,0.0,0.0,0.0
2019-04-12,11643.4501953125,11657.349609375,11578.7998046875,11612.849609375,0.0040313191867198395,0.004023215192085498,30.6005859375,78.5498046875,0.006746265356906247,11549.317578125,108.81013619923738,0.8651088995526914,0.0,0.0,0.0
2019-04-15,11690.349609375,11704.599609375,11648.25,11667.0,0.0040279653604204935,0.004019874826265466,23.349609375,56.349609375,0.0048201817103750945,11566.67255859375,101.65875559594613,1.2165902489778522,0.0,0.0,0.0
2019-04-16,11787.150390625,11810.9501953125,11731.5498046875,11736.2001953125,0.008280400884877803,0.008246306446581041,50.9501953125,79.400390625,0.006736182028198411,11584.68759765625,107.34223033131079,1.8861429685581421,0.0,0.0,0.0
2019-04-18,11752.7998046875,11856.150390625,11738.5,11856.150390625,-0.0029142400664389223,-0.002918494732110024,-103.3505859375,117.650390625,0.010010413908188598,11599.217578125,109.53511275747185,1.402127798987661,0.0,0.0,0.0
2019-04-22,11594.4501953125,11727.0498046875,11583.9501953125,11727.0498046875,-0.013473352052831178,-0.013564941266796056,-132.599609375,143.099609375,0.01234207806014411,11602.320068359375,108.41600194801086,-0.07258958922548048,0.0,0.0,0.0
2019-04-23,11575.9501953125,11645.9501953125,11564.7998046875,11612.9501953125,-0.0015955909670886115,-0.001596865278055509,-37.0,81.150390625,0.0070102574091810265,11605.065087890625,106.93489703949561,-0.27226745790358775,0.0,0.0,0.0
2019-04-24,11726.150390625,11740.849609375,11578.849609375,11601.5,0.012975193636658888,0.01289173694761699,124.650390625,162.0,0.013815275653424863,11618.527587890625,104.21396683583703,1.0327099716289252,0.0,0.0,0.0
2019-04-25,11641.7998046875,11796.75,11624.2998046875,11735.7001953125,-0.007193374050953438,-0.007219371112150696,-93.900390625,172.4501953125,0.014813018451241876,11632.905078125,83.63931803131138,0.10634623490317587,0.0,0.0,0.0
2019-04-26,11754.650390625,11762.900390625,11661.75,11683.75,0.009693568677590747,0.00964688746996101,70.900390625,101.150390625,0.00860513815924914,11646.47509765625,80.01892703724953,1.351871325622667,0.0,0.0,0.0
2019-04-30,11748.150390625,11756.25,11655.900390625,11748.75,-0.0005529726349993158,-0.0005531255807526546,-0.599609375,100.349609375,0.008541736872476436,11661.630126953125,67.60168297990879,1.2798536938435219,0.0,0.0,0.0
2019-05-02,11724.75,11789.2998046875,11699.5498046875,11725.5498046875,-0.001991836148409698,-0.0019938224921164987,-0.7998046875,89.75,0.007654747435979445,11669.367626953124,65.38164211024457,0.847063047965232,0.0,0.0,0.0
2019-05-03,11712.25,11770.900390625,11699.349609375,11722.599609375,-0.0010661208128105448,-0.0010666895238500144,-10.349609375,71.55078125,0.006109055155926487,11671.522607421875,66.08065059802392,0.6163285653144364,0.0,0.0,0.0
2019-05-06,11598.25,11632.5498046875,11571.349609375,11605.7998046875,-0.00973339879186319,-0.00978107795702945,-7.5498046875,61.2001953125,0.005276674956351174,11665.77509765625,67.25347636548233,-1.0040387695245796,0.0,0.0,0.0
2019-05-07,11497.900390625,11657.0498046875,11484.4501953125,11651.5,-0.008652133673183404,-0.008689780690377916,-153.599609375,172.599609375,0.01501140238749432,11658.472607421874,76.97458063257729,-2.086042112568739,1.0,0.0,0.0
2019-05-08,11359.4501953125,11479.099609375,11346.9501953125,11478.7001953125,-0.012041345863927244,-0.012114430150335101,-119.25,132.1494140625,0.011633433994633976,11646.5451171875,101.43413767645488,-2.8303579884589523,1.0,1.0,1.0
2019-05-09,11301.7998046875,11357.599609375,11255.0498046875,11322.400390625,-0.005075103956069027,-0.005088026035289156,-20.6005859375,102.5498046875,0.009073758733982066,11628.33759765625,127.18227688537814,-2.5674787475540986,1.0,1.0,1.0
2019-05-10,11278.900390625,11345.7998046875,11251.0498046875,11314.150390625,-0.0020261741013145596,-0.0020282295690185756,-35.25,94.75,0.008400641615627355,11612.0576171875,149.308700849115,-2.2313316281492157,1.0,1.0,1.0
2019-05-13,11148.2001953125,11300.2001953125,11125.599609375,11258.7001953125,-0.011588026384304118,-0.011655690801341047,-110.5,174.6005859375,0.015661773459263367,11585.8701171875,180.85026644987633,-2.42006788525414,1.0,1.0,1.0
2019-05-14,11222.0498046875,11294.75,11108.2998046875,11151.650390625,0.006624352638199937,0.006602508032110876,70.3994140625,186.4501953125,0.016614629105871453,11567.7576171875,198.31275928456415,-1.7432454358820935,1.0,1.0,1.0
2019-05-15,11157.0,11286.7998046875,11136.9501953125,11271.7001953125,-0.005796606308085428,-0.0058134718372332824,-114.7001953125,149.849609375,0.013430994835081115,11545.772607421875,218.300661036109,-1.7809043984414168,1.0,1.0,1.0
2019-05-16,11257.099609375,11281.5498046875,11143.349609375,11180.349609375,0.008971910851931497,0.00893190238330833,76.75,138.2001953125,0.01227671426105227,11526.455078125,226.15507528077154,-1.1910211098096966,1.0,1.0,1.0
2019-05-17,11407.150390625,11426.150390625,11259.849609375,11261.900390625,0.013329435330307948,0.013241380029110125,145.25,166.30078125,0.014578643706378657,11512.2951171875,224.21070266962923,-0.46895498435428523,0.0,1.0,1.0
2019-05-20,11828.25,11845.2001953125,11591.7001953125,11651.900390625,0.036915407876193296,0.03625035203017847,176.349609375,253.5,0.021431741804578023,11514.35009765625,227.03303172407675,1.3826177625344245,0.0,0.0,0.0
2019-05-21,11709.099609375,11883.5498046875,11682.7998046875,11863.650390625,-0.010073374389702572,-0.010124454145348287,-154.55078125,200.75,0.01714478539744146,11512.165087890626,224.81683498497554,0.8759776441899263,0.0,0.0,0.0
2019-05-22,11737.900390625,11784.7998046875,11682.400390625,11727.9501953125,0.0024596922232125173,0.0024566721316128274,9.9501953125,102.3994140625,0.008723827145805895,11519.33759765625,229.8129979640152,0.9510462632882668,0.0,0.0,0.0
2019-05-23,11657.0498046875,12041.150390625,11614.5,11901.2998046875,-0.006887993870017373,-0.006911825598039294,-244.25,426.650390625,0.03660020311944078,11523.392578125,231.57323214220338,0.5771704498230797,0.0,0.0,0.0
2019-05-24,11844.099609375,11859.0,11658.099609375,11748.0,0.016046067214389392,0.01591868987483049,96.099609375,200.900390625,0.016962065268851727,11529.2900390625,238.40961472842486,1.320456688255225,0.0,0.0,0.0
2019-05-27,11924.75,11957.150390625,11812.400390625,11855.5,0.006809330661248669,0.00678625187736734,69.25,144.75,0.012138619258265372,11543.437548828126,253.3637738609806,1.504999887557321,0.0,0.0,0.0
2019-05-28,11928.75,11958.5498046875,11864.900390625,11958.349609375,0.0003354368016101894,0.00033538055526396364,-29.599609375,93.6494140625,0.007850731557162318,11552.142529296874,263.77922616674607,1.4277374157776024,0.0,0.0,0.0
2019-05-29,11861.099609375,11931.900390625,11836.7998046875,11905.7998046875,-0.005671205333752538,-0.005687347678687314,-44.7001953125,95.1005859375,0.008017855769656685,11557.789990234374,269.3469336154221,1.1260927127304747,0.0,0.0,0.0
2019-05-30,11945.900390625,11968.5498046875,11859.400390625,11865.2998046875,0.007149487319284775,0.007124050901094894,80.6005859375,109.1494140625,0.009136976744604296,11568.847509765625,280.8554887425326,1.3425156209249995,0.0,0.0,0.0
2019-05-31,11922.7998046875,12039.25,11829.4501953125,11999.7998046875,-0.0019337668306382838,-0.001935638971628022,-77.0,209.7998046875,0.017596521632864816,11579.375,290.3009053634259,1.1829959822466576,0.0,0.0,0.0
2019-06-03,12088.5498046875,12103.0498046875,11920.099609375,11953.75,0.013901936014629301,0.013806190447529239,134.7998046875,182.9501953125,0.015134172276111942,11603.889990234375,311.8789170091651,1.5539999276029384,0.0,0.0,0.0
2019-06-04,12021.650390625,12095.2001953125,12005.849609375,12052.650390625,-0.005534114111566901,-0.0055494840533033855,-31.0,89.3505859375,0.007432472500379767,11630.077490234375,324.254202781313,1.2076108714455558,0.0,0.0,0.0
2019-06-06,11843.75,12039.7998046875,11830.25,12039.7998046875,-0.014798333410505293,-0.014908921111632112,-196.0498046875,209.5498046875,0.017692859498680737,11654.29248046875,321.0479933000126,0.5901221109773639,0.0,0.0,0.0
2019-06-07,11870.650390625,11897.5,11769.5,11865.2001953125,0.0022712730870713127,0.0022686976453037896,5.4501953125,128.0,0.010782896959132893,11682.735009765625,313.2801483277602,0.5998317539826165,0.0,0.0,0.0
2019-06-10,11922.7001953125,11975.0498046875,11871.75,11934.900390625,0.004384747505377318,0.004375162508348263,-12.2001953125,103.2998046875,0.008664128343016886,11714.925,302.4915446074747,0.6868793492463343,0.0,0.0,0.0
2019-06-11,11965.599609375,12000.349609375,11904.349609375,11959.849609375,0.0035981290613484873,0.003591671280959742,5.75,96.0,0.008022999526474577,11755.794970703126,275.94576336407147,0.7603111427192548,0.0,0.0,0.0
2019-06-12,11906.2001953125,11962.4501953125,11866.349609375,11962.4501953125,-0.004964181988503125,-0.0049765444699523915,-56.25,96.1005859375,0.008071474052261865,11790.002490234376,247.20649407541882,0.4700430929726069,0.0,0.0,0.0
2019-06-13,11914.0498046875,11931.349609375,11817.0498046875,11873.900390625,0.0006592875347493088,0.0006590703001973485,40.1494140625,114.2998046875,0.009593698747383911,11827.85498046875,198.30191319901058,0.4346646122987585,0.0,0.0,0.0
2019-06-14,11823.2998046875,11911.849609375,11797.7001953125,11910.099609375,-0.007617057296864349,-0.00764621523730026,-86.7998046875,114.1494140625,0.009654615542882876,11856.164990234374,146.0676212769816,-0.22499979981568582,0.0,0.0,0.0
2019-06-17,11672.150390625,11844.0498046875,11657.75,11844.0,-0.012784029548381648,-0.012866448437943826,-171.849609375,186.2998046875,0.015961052458434297,11869.414990234374,111.00385529858285,-1.777096832166447,0.0,0.0,0.0
2019-06-18,11691.5,11727.2001953125,11641.150390625,11677.0498046875,0.0016577587443133979,0.0016563861789982873,14.4501953125,86.0498046875,0.007360031192533037,11862.577490234375,117.68365739422153,-1.4537064365810137,0.0,0.0,0.0
2019-06-19,11691.4501953125,11802.5,11625.099609375,11744.4501953125,-4.259905700743083e-06,-4.259914774167141e-06,-53.0,177.400390625,0.015173514633464875,11861.69501953125,118.95442231979492,-1.431176923889943,0.0,0.0,0.0
2019-06-20,11831.75,11843.5,11635.0498046875,11653.650390625,0.012000205478679637,0.011928773907426743,178.099609375,208.4501953125,0.01761786678323156,11866.3875,115.61827932991245,-0.29958498085898605,0.0,0.0,0.0
2019-06-21,11724.099609375,11827.9501953125,11705.099609375,11827.599609375,-0.009098433505187353,-0.009140077037704798,-103.5,122.8505859375,0.010478466580006228,11869.739990234375,110.06766653513733,-1.3231895019131859,0.0,0.0,0.0
2019-06-24,11699.650390625,11754.0,11670.2001953125,11725.7998046875,-0.002085381356743965,-0.0020875587921609646,-26.1494140625,83.7998046875,0.007162590495409101,11862.517529296874,116.39603380792718,-1.3992499000492762,0.0,0.0,0.0
2019-06-25,11796.4501953125,11814.400390625,11651.0,11681.0,0.008273734808782462,0.00823969509310694,115.4501953125,163.400390625,0.013851657737675157,11856.1025390625,116.32116774687918,-0.512824491925722,0.0,0.0,0.0
2019-06-26,11847.5498046875,11871.849609375,11757.5498046875,11768.150390625,0.004331778503613437,0.0043224233576614314,79.3994140625,114.2998046875,0.009647547937910091,11852.042529296876,115.06233764736324,-0.039046004985095854,0.0,0.0,0.0
2019-06-27,11841.5498046875,11911.150390625,11821.0498046875,11860.849609375,-0.0005064338279993086,-0.0005065621089227406,-19.2998046875,90.1005859375,0.007608850819664966,11851.0650390625,115.06438613586874,-0.08269486932093817,0.0,0.0,0.0
2019-06-28,11788.849609375,11871.7001953125,11775.5,11861.150390625,-0.004450447465215945,-0.004460380187531091,-72.30078125,96.2001953125,0.00816026995848666,11843.2125,113.60138401916383,-0.4785407422133956,0.0,0.0,0.0
2019-07-01,11865.599609375,11884.650390625,11830.7998046875,11839.900390625,0.006510389269786421,0.006489288220080564,25.69921875,53.8505859375,0.004538378818627312,11840.352490234374,112.20368345860092,0.2250115001789669,0.0,0.0,0.0
2019-07-02,11910.2998046875,11917.4501953125,11814.7001953125,11890.2998046875,0.003767209141051886,0.003760130979735517,20.0,102.75,0.00862698686724586,11831.439990234376,97.57742723880612,0.808176815936402,0.0,0.0,0.0
2019-07-03,11916.75,11945.2001953125,11887.0498046875,11932.150390625,0.0005415644793391738,0.0005414178862205623,-15.400390625,58.150390625,0.004879718935531919,11826.194970703125,89.28173284494702,1.014261556214852,0.0,0.0,0.0
2019-07-04,11946.75,11969.25,11923.650390625,11928.7998046875,0.0025174649128327786,0.0025143014062712723,17.9501953125,45.599609375,0.0038169049636930545,11831.344970703125,93.23095674362092,1.2378402338424064,0.0,0.0,0.0
2019-07-05,11811.150390625,11981.75,11797.900390625,11964.75,-0.011350334557515662,-0.011415241213692496,-153.599609375,183.849609375,0.01556576652524288,11828.369970703125,92.85929002658456,-0.18543734367552095,0.0,0.0,0.0
2019-07-08,11558.599609375,11771.900390625,11523.2998046875,11770.400390625,-0.02138240331360608,-0.021614318798492883,-211.80078125,248.6005859375,0.021507846481321487,11810.16494140625,107.87017096170534,-2.332112110219588,1.0,0.0,0.0
2019-07-09,11555.900390625,11582.5498046875,11461.0,11531.599609375,-0.00023352472109261502,-0.0002335519922360358,24.30078125,121.5498046875,0.010518419212587725,11789.67998046875,115.43541260172235,-2.0251982002294384,1.0,1.0,1.0
2019-07-10,11498.900390625,11593.7001953125,11475.650390625,11536.150390625,-0.004932545113165099,-0.0049447502653284115,-37.25,118.0498046875,0.010266182041523332,11769.314990234376,128.93541998870606,-2.0972871506763804,1.0,1.0,1.0
2019-07-11,11582.900390625,11599.0,11519.5,11561.4501953125,0.007305046321514741,0.007278493704286908,21.4501953125,79.5,0.00686356588755144,11752.75751953125,130.6223459033649,-1.3003680781534155,1.0,1.0,1.0
2019-07-12,11552.5,11639.5498046875,11538.599609375,11601.150390625,-0.0026245922523520093,-0.002628042532973005,-48.650390625,100.9501953125,0.00873838522505951,11739.217529296875,136.81373837591556,-1.3647571619148477,1.0,1.0,1.0
2019-07-15,11588.349609375,11618.400390625,11532.2998046875,11614.75,0.0031031905972733753,0.003098385639232596,-26.400390625,86.1005859375,0.007429926507208967,11735.027490234375,140.21674589992008,-1.046079624213123,1.0,1.0,1.0
2019-07-16,11662.599609375,11670.0498046875,11573.9501953125,11596.650390625,0.006407297199588324,0.006386857732255645,65.94921875,96.099609375,0.008239981873145175,11733.582470703124,140.83648127027448,-0.5040090514041138,1.0,1.0,1.0
2019-07-17,11687.5,11706.650390625,11651.150390625,11670.75,0.0021350634900458854,0.00213278748103271,16.75,55.5,0.004748663101604278,11733.3849609375,140.9014325035726,-0.32565290588039864,0.0,1.0,1.0
2019-07-18,11596.900390625,11677.150390625,11582.400390625,11675.599609375,-0.007751838235294128,-0.007782039913567366,-78.69921875,94.75,0.008170286611808483,11721.64248046875,142.05367777562884,-0.8781334760003764,0.0,0.0,0.0
2019-07-19,11419.25,11640.349609375,11399.2998046875,11627.9501953125,-0.01531878214359883,-0.015437326885714045,-208.7001953125,241.0498046875,0.02110907499945268,11706.4,157.3119948193535,-1.8253534978673647,0.0,0.0,0.0
2019-07-22,11346.2001953125,11398.150390625,11301.25,11392.849609375,-0.006397075524881224,-0.00641762449493666,-46.6494140625,96.900390625,0.00854033852364361,11688.727490234374,176.76124256788643,-1.9377963740570798,0.0,0.0,0.0
2019-07-23,11331.0498046875,11398.150390625,11302.7998046875,11372.25,-0.0013352832106081625,-0.001336175495625011,-41.2001953125,95.3505859375,0.008414982510981,11665.457470703124,191.82578032901168,-1.7432884435140157,0.0,0.0,0.0
2019-07-24,11271.2998046875,11359.75,11229.7998046875,11322.4501953125,-0.005273121293252303,-0.005287073265915101,-51.150390625,129.9501953125,0.01152929986463996,11636.644970703124,205.80329321131964,-1.7752153540151876,0.0,0.0,0.0
2019-07-25,11252.150390625,11361.400390625,11239.349609375,11290.400390625,-0.0016989534831232112,-0.001700398341321937,-38.25,122.05078125,0.010846884996461614,11607.175,216.82219517508344,-1.637399755538485,0.0,0.0,0.0
2019-07-26,11284.2998046875,11307.599609375,11210.0498046875,11247.4501953125,0.0028571795564771296,0.0028531055771835413,36.849609375,97.5498046875,0.008644737057320809,11581.947509765625,223.81143671407133,-1.3299039112928919,0.0,0.0,0.0
2019-07-29,11189.2001953125,11310.9501953125,11152.400390625,11307.5,-0.008427603929443195,-0.008463316975262767,-118.2998046875,158.5498046875,0.01416989614270387,11548.1275390625,229.72016797404603,-1.5624546460829314,0.0,0.0,0.0
2019-07-30,11085.400390625,11267.4501953125,11072.650390625,11213.7001953125,-0.009276785013729971,-0.009320082365343962,-128.2998046875,194.7998046875,0.017572644904395474,11506.882568359375,235.25802941200592,-1.791574038037341,0.0,0.0,0.0
2019-07-31,11118.0,11145.2998046875,10999.400390625,11034.0498046875,0.00294076968140633,0.002936454076975709,83.9501953125,145.8994140625,0.013122811122728908,11466.945068359375,229.75029121826742,-1.518801419180227,0.0,0.0,0.0
2019-08-01,10980.0,11076.75,10881.0,11060.2001953125,-0.012412304371289817,-0.012489980449893174,-80.2001953125,195.75,0.017827868852459017,11418.607568359375,225.14219822738897,-1.948135764031187,0.0,0.0,0.0
2019-08-02,10997.349609375,11080.150390625,10848.9501953125,10930.2998046875,0.0015801101434427256,0.001578863082899198,67.0498046875,231.2001953125,0.021023265016091412,11377.917529296876,224.00023427476367,-1.6989621513299966,0.0,0.0,0.0
2019-08-05,10862.599609375,10895.7998046875,10782.599609375,10895.7998046875,-0.012252952282714391,-0.012328638591802651,-33.2001953125,113.2001953125,0.010421096181691372,11343.117529296875,247.3046000252247,-1.9430205498517317,0.0,0.0,0.0
2019-08-06,10948.25,11018.5498046875,10813.7998046875,10815.400390625,0.007884888857643269,0.007853965566277007,132.849609375,204.75,0.018701618980202315,11312.735009765625,256.9265314233866,-1.4186351551408842,0.0,0.0,0.0
2019-08-07,10855.5,10975.650390625,10835.900390625,10958.099609375,-0.00847167355513434,-0.00850776214660283,-102.599609375,139.75,0.012873658514117267,11280.564990234376,272.21525059058837,-1.561503219647577,0.0,0.0,0.0
2019-08-08,11032.4501953125,11058.0498046875,10842.9501953125,10899.2001953125,0.016300510829763803,0.016169083798241606,133.25,215.099609375,0.0194969934662739,11253.04248046875,267.8300911400471,-0.8236277119470617,0.0,0.0,0.0
2019-08-09,11109.650390625,11181.4501953125,11062.7998046875,11087.900390625,0.006997556657477588,0.006973187375465333,21.75,118.650390625,0.010679939192787239,11230.9,259.96020882570804,-0.4664160331410266,0.0,0.0,0.0
2019-08-13,10925.849609375,11145.900390625,10901.599609375,11139.400390625,-0.01654424529912324,-0.016682629759426824,-213.55078125,244.30078125,0.02235988870287726,11197.775,254.15982314900566,-1.0698991967175653,0.0,0.0,0.0
2019-08-14,11029.400390625,11078.150390625,10935.599609375,11003.25,0.009477595331455646,0.009432964697282421,26.150390625,142.55078125,0.012924617495178458,11166.1150390625,231.65174944865583,-0.5901731748751704,0.0,0.0,0.0
2019-08-16,11047.7998046875,11068.650390625,10924.2998046875,11043.650390625,0.0016682152620135504,0.00166682533651526,4.1494140625,144.3505859375,0.013066003049426466,11134.130029296875,197.52195449315337,-0.4370664761337596,0.0,0.0,0.0
2019-08-19,11053.900390625,11146.900390625,11037.849609375,11094.7998046875,0.0005521991749806165,0.0005520467691192048,-40.8994140625,109.05078125,0.009865366739009862,11106.980029296876,165.24646110181092,-0.32121497984257913,0.0,0.0,0.0
2019-08-20,11017.0,11076.2998046875,10985.2998046875,11063.900390625,-0.0033382235519596737,-0.0033438078514244876,-46.900390625,91.0,0.008259961877099029,11086.867529296875,148.91097361053528,-0.4691899300827054,0.0,0.0,0.0
2019-08-21,10918.7001953125,11034.2001953125,10906.650390625,11018.150390625,-0.008922556475220111,-0.008962600859057328,-99.4501953125,127.5498046875,0.011681775523267717,11065.492529296875,140.15106346701245,-1.0473865153290496,0.0,0.0,0.0
2019-08-22,10741.349609375,10908.25,10718.2998046875,10905.2998046875,-0.016242829527789215,-0.016376190359974212,-163.9501953125,189.9501953125,0.01768401571686228,11036.00751953125,143.3370597454176,-2.055699417021628,1.0,0.0,0.0
2019-08-23,10829.349609375,10862.5498046875,10637.150390625,10699.599609375,0.008192639025843995,0.008159261534645986,129.75,225.3994140625,0.020813753567192166,11013.910009765625,139.15984275040478,-1.3262475491701273,1.0,1.0,1.0
2019-08-26,11057.849609375,11070.2998046875,10756.5498046875,11000.2998046875,0.021100066785376237,0.020880542984676998,57.5498046875,313.75,0.02837350941488645,11004.194970703125,127.98608981039301,0.4192224229317587,0.0,1.0,1.0
2019-08-27,11105.349609375,11141.75,11049.5,11106.5498046875,0.004295591066795668,0.004286391351556263,-1.2001953125,92.25,0.008306807371658401,10995.2474609375,112.71779591375198,0.9767947247810473,0.0,0.0,0.0
2019-08-28,11046.099609375,11129.650390625,10987.650390625,11101.2998046875,-0.005335266523260329,-0.005349549884040612,-55.2001953125,142.0,0.012855216322644995,10988.092431640625,103.95978922585981,0.5579770617690465,0.0,0.0,0.0
2019-08-29,10948.2998046875,11021.099609375,10922.400390625,10996.0498046875,-0.0088537862364102,-0.008893213897011299,-47.75,98.69921875,0.009015027037142522,10981.23740234375,101.70129210138273,-0.32386606871636603,0.0,0.0,0.0
2019-08-30,11023.25,11042.599609375,10874.7998046875,10987.7998046875,0.006845829640179435,0.00682250334649108,35.4501953125,167.7998046875,0.015222353179643027,10976.49990234375,97.0979092424553,0.48147378271053975,0.0,0.0,0.0
2019-09-03,10797.900390625,10967.5,10772.7001953125,10960.9501953125,-0.02044311880570615,-0.020654971620241963,-163.0498046875,194.7998046875,0.01804052618012942,10967.394921875,104.9710729882317,-1.6146784673621692,0.0,0.0,0.0
2019-09-04,10844.650390625,10858.75,10746.349609375,10790.400390625,0.004329545403159107,0.004320199886309888,54.25,112.400390625,0.01036459328575203,10959.7599609375,108.18178687063092,-1.064038352871292,0.0,0.0,0.0
2019-09-05,10847.900390625,10920.099609375,10816.0,10860.9501953125,0.000299686931614751,0.00029964203445609783,-13.0498046875,104.099609375,0.009596291044944073,10959.025,108.92399750165859,-1.0202031868441803,0.0,0.0,0.0
2019-09-06,10946.2001953125,10957.0498046875,10867.4501953125,10883.7998046875,0.009061643373168504,0.00902083303672415,62.400390625,89.599609375,0.008185453196203127,10958.922509765625,108.93563341146746,-0.11678744644620671,0.0,0.0,0.0
2019-09-09,11003.0498046875,11028.849609375,10889.7998046875,10936.7001953125,0.005193547382711383,0.005180107429441778,66.349609375,139.0498046875,0.012637387556699256,10966.3,106.53265565472834,0.3449628140934232,0.0,0.0,0.0
2019-09-11,11035.7001953125,11054.7998046875,11011.650390625,11028.5,0.0029673946046386845,0.0029630005796600876,7.2001953125,43.1494140625,0.003909984260067888,10966.4625,106.64129207686982,0.649257843412025,0.0,0.0,0.0
2019-09-12,10982.7998046875,11081.75,10964.9501953125,11058.2998046875,-0.00479356902496042,-0.004805095025496559,-75.5,116.7998046875,0.010634793200696366,10960.119970703125,101.31621169332395,0.22385197398640805,0.0,0.0,0.0
2019-09-13,11075.900390625,11084.4501953125,10945.75,10986.7998046875,0.008476944640087414,0.008441217109748283,89.1005859375,138.7001953125,0.012522701579178189,10967.622509765624,104.16065688457086,1.0395276306616184,0.0,0.0,0.0
2019-09-16,11003.5,11052.7001953125,10968.2001953125,10994.849609375,-0.006536749886833726,-0.006558207998363749,8.650390625,84.5,0.007679374744399509,10966.327490234375,103.51113660913798,0.3591160428079366,0.0,0.0,0.0
2019-09-17,10817.599609375,11000.099609375,10796.5,11000.099609375,-0.01689465993774708,-0.017039002763312223,-182.5,203.599609375,0.018821144868271123,10954.81748046875,106.7237433915674,-1.2857295549529204,0.0,0.0,0.0
2019-09-18,10840.650390625,10885.150390625,10804.849609375,10872.7998046875,0.002130859163064436,0.002128592102631135,-32.1494140625,80.30078125,0.007407376712327533,10944.15498046875,106.9559953438879,-0.9677306027676001,0.0,0.0,0.0
2019-09-19,10704.7998046875,10845.2001953125,10670.25,10845.2001953125,-0.012531589991591652,-0.012610772583449698,-140.400390625,174.9501953125,0.016343154333058284,10928.544970703126,117.97929547731364,-1.8964782346801683,0.0,0.0,0.0
2019-09-20,11274.2001953125,11381.900390625,10691.0,10746.7998046875,0.05319112930777714,0.051824725995144275,527.400390625,690.900390625,0.06128154358233387,10946.319970703125,140.96001136238795,2.326051349176198,0.0,0.0,0.0
2019-09-23,11600.2001953125,11694.849609375,11471.349609375,11542.7001953125,0.028915576657539077,0.028505409421526316,57.5,223.5,0.019266908866824008,10989.2625,195.50071394759516,3.1249895868731397,0.0,0.0,0.0
2019-09-24,11588.2001953125,11655.0498046875,11539.2001953125,11590.7001953125,-0.0010344649056013289,-0.0010350003337080292,-2.5,115.849609375,0.009997204692913564,11027.205029296874,232.89387391275235,2.4088017284035046,0.0,0.0,0.0
2019-09-25,11440.2001953125,11564.9501953125,11416.099609375,11564.849609375,-0.012771612287114875,-0.01285387045749521,-124.6494140625,148.8505859375,0.013011187164232487,11046.32255859375,250.56440415395076,1.5719616601117234,0.0,0.0,0.0
2019-09-26,11571.2001953125,11610.849609375,11466.349609375,11469.849609375,0.01145084856589107,0.011385783826013008,101.3505859375,144.5,0.012487900784789552,11069.615087890625,276.6366983241527,1.8131546192549495,0.0,0.0,0.0
2019-09-27,11512.400390625,11593.599609375,11499.75,11556.349609375,-0.005081564893442914,-0.005094519950938459,-43.94921875,93.849609375,0.008152045289479805,11092.930126953124,293.6757449253849,1.4283449379806692,0.0,0.0,0.0
2019-09-30,11474.4501953125,11508.25,11390.7998046875,11491.150390625,-0.003296462425282254,-0.003301907727659163,-16.7001953125,117.4501953125,0.010235801568991978,11119.237646484375,303.44177805866343,1.170611875202805,0.0,0.0,0.0
2019-10-01,11359.900390625,11554.2001953125,11247.900390625,11515.400390625,-0.009983032105041145,-0.01003319671254013,-155.5,306.2998046875,0.026963247401383946,11136.070166015625,307.15156507401764,0.7287289080081248,0.0,0.0,0.0
2019-10-03,11314.0,11370.400390625,11257.349609375,11322.25,-0.004040562773145462,-0.004048747902700529,-8.25,113.05078125,0.009992114305285488,11161.875146484375,298.8118474290315,0.5090991365452959,0.0,0.0,0.0
2019-10-04,11174.75,11400.2998046875,11158.349609375,11388.4501953125,-0.012307760296977222,-0.012384128036227408,-213.7001953125,241.9501953125,0.021651508562831382,11178.380126953125,289.3338821311534,-0.01254649792961159,0.0,0.0,0.0
2019-10-07,11126.400390625,11233.849609375,11112.650390625,11196.2001953125,-0.0043266837625002275,-0.004336070945390455,-69.7998046875,121.19921875,0.010892940618254339,11192.305126953124,279.1127612159112,-0.2361222612718264,0.0,0.0,0.0
2019-10-09,11313.2998046875,11321.599609375,11090.150390625,11152.9501953125,0.01679783285706482,0.016658309554353663,160.349609375,231.44921875,0.020458153036314163,11210.660107421874,274.10223836908216,0.37445771284589097,0.0,0.0,0.0
2019-10-10,11234.5498046875,11293.349609375,11208.5498046875,11280.5,-0.006960833829169011,-0.006985173448092334,-45.9501953125,84.7998046875,0.007548126641631707,11222.235107421875,269.72674006676766,0.04565619731501831,0.0,0.0,0.0
2019-10-11,11305.0498046875,11362.900390625,11189.400390625,11257.7001953125,0.006275284833450412,0.006255677219734019,47.349609375,173.5,0.015347123895735545,11235.702587890624,266.6293812409683,0.2600884286424633,0.0,0.0,0.0
2019-10-14,11341.150390625,11420.4501953125,11290.0498046875,11335.900390625,0.003193315072573366,0.0031882272704231176,5.25,130.400390625,0.011497986194839072,11253.6201171875,260.7148044678451,0.3357318876316263,0.0,0.0,0.0
2019-10-15,11428.2998046875,11462.349609375,11342.099609375,11360.849609375,0.007684353972992053,0.007654979710518189,67.4501953125,120.25,0.01052212508029213,11271.240087890625,259.97888586023976,0.6041248937473638,0.0,0.0,0.0
2019-10-16,11464.0,11481.0498046875,11411.099609375,11464.9501953125,0.003123841334461419,0.0031189722795879394,-0.9501953125,69.9501953125,0.006101726736959177,11294.265087890624,255.3697028275342,0.6646634672399154,0.0,0.0,0.0
2019-10-17,11586.349609375,11599.099609375,11439.650390625,11466.2998046875,0.010672506051552677,0.010615956850818441,120.0498046875,159.44921875,0.013761816631269522,11332.702587890624,237.0448079427262,1.0700382922778924,0.0,0.0,0.0
2019-10-18,11661.849609375,11684.7001953125,11553.150390625,11580.2998046875,0.006516288783389612,0.006495149556810502,81.5498046875,131.5498046875,0.01128035509750929,11373.762548828125,217.6572108849154,1.323581513222639,0.0,0.0,0.0
2019-10-22,11588.349609375,11714.349609375,11573.650390625,11657.150390625,-0.006302602285396697,-0.006322547531982618,-68.80078125,140.69921875,0.012141437175503752,11417.9400390625,155.53337908657002,1.0956462935049476,0.0,0.0,0.0
2019-10-23,11604.099609375,11651.599609375,11554.400390625,11596.2001953125,0.001359123648397631,0.0013582008758651655,7.8994140625,97.19921875,0.008376282695080655,11434.435009765624,156.9737775552559,1.0808467646747721,0.0,0.0,0.0
2019-10-24,11582.599609375,11679.599609375,11534.650390625,11661.650390625,-0.0018527934715960592,-0.001854512016487498,-79.05078125,144.94921875,0.012514394318929712,11433.55498046875,156.04212197286944,0.955156383557532,0.0,0.0,0.0
2019-10-25,11583.900390625,11646.900390625,11490.75,11646.150390625,0.00011230477560042473,0.00011229846989121649,-62.25,156.150390625,0.013479949357245382,11433.339990234375,155.82064727572384,0.9662416568210551,0.0,0.0,0.0
2019-10-29,11786.849609375,11809.400390625,11627.349609375,11643.9501953125,0.017519938181983052,0.017368233407476515,142.8994140625,182.05078125,0.015445245106478734,11450.6724609375,174.75322537928986,1.9237249996837025,0.0,0.0,0.0
2019-10-30,11844.099609375,11883.9501953125,11784.4501953125,11883.900390625,0.004857107869982835,0.004845350178432992,-39.80078125,99.5,0.00840080742999176,11464.317431640626,194.22848559217255,1.9553371719728818,0.0,0.0,0.0
2019-10-31,11877.4501953125,11945.0,11855.099609375,11890.4501953125,0.0028157974888274317,0.0028118405572833054,-13.0,89.900390625,0.007568997482345131,11482.569921875,215.0242372106605,1.8364454098755103,0.0,0.0,0.0
2019-11-01,11890.599609375,11918.2998046875,11843.349609375,11886.599609375,0.0011070906504571099,0.0011064782775295006,4.0,74.9501953125,0.006303315036645118,11503.377392578124,233.5353358085664,1.658088337921973,0.0,0.0,0.0
2019-11-04,11941.2998046875,11989.150390625,11905.349609375,11928.900390625,0.004263888868356602,0.004254824252091804,12.3994140625,83.80078125,0.007017726932632946,11532.44736328125,250.31826408518754,1.6333304439467948,0.0,0.0,0.0
2019-11-05,11917.2001953125,11978.9501953125,11861.900390625,11974.599609375,-0.002018173043904281,-0.002020212299297299,-57.3994140625,117.0498046875,0.009821921489037355,11562.607373046874,258.8078336901222,1.3701008088116433,0.0,0.0,0.0
2019-11-06,11966.0498046875,12002.900390625,11850.25,11911.5,0.004099084396871566,0.004090706038353768,54.5498046875,152.650390625,0.01275695765240771,11602.17236328125,256.8711622158663,1.4165756804590584,0.0,0.0,0.0
2019-11-07,12012.0498046875,12021.400390625,11946.849609375,12021.099609375,0.003844209304726398,0.003836839214212366,-9.0498046875,74.55078125,0.006206333012447868,11646.454833984375,246.67204824918645,1.4821094376035806,0.0,0.0,0.0
2019-11-08,11908.150390625,12034.150390625,11888.75,11987.150390625,-0.008649599006986697,-0.008687223905779385,-79.0,145.400390625,0.012210157401057868,11676.19736328125,240.16384957397992,0.9658115813649951,0.0,0.0,0.0
2019-11-11,11913.4501953125,11932.650390625,11853.9501953125,11879.2001953125,0.0004450569159482054,0.0004449579074941643,34.25,78.7001953125,0.006605995242542383,11710.1423828125,221.72598920350313,0.9169327115433482,0.0,0.0,0.0
2019-11-13,11840.4501953125,11946.7998046875,11823.2001953125,11908.2998046875,-0.006127528029514329,-0.006146378372844679,-67.849609375,123.599609375,0.010438759281630329,11736.91240234375,201.6554280671126,0.5134391568884078,0.0,0.0,0.0
2019-11-14,11872.099609375,11895.650390625,11802.650390625,11858.75,0.002672990768123773,0.0026694246816312177,13.349609375,93.0,0.007833492226308563,11763.45986328125,180.66922073376318,0.6013185071177274,0.0,0.0,0.0
2019-11-15,11895.4501953125,11973.650390625,11879.25,11904.2001953125,0.001966845520657623,0.001964913812506188,-8.75,94.400390625,0.007935840096426047,11786.8173828125,164.53502068276234,0.6602412790250496,0.0,0.0,0.0
2019-11-18,11884.5,11946.2001953125,11867.599609375,11915.150390625,-0.0009205364347466549,-0.0009209603886071214,-30.650390625,78.6005859375,0.0066137057459295726,11807.8423828125,147.05056526406787,0.5213010711644767,0.0,0.0,0.0
2019-11-19,11940.099609375,11958.849609375,11881.75,11919.4501953125,0.004678329704657314,0.004667420332106962,20.6494140625,77.099609375,0.006457199847349996,11825.5298828125,140.11827303222478,0.8176644208007853,0.0,0.0,0.0
2019-11-20,11999.099609375,12038.599609375,11966.0498046875,12004.75,0.004941332311304558,0.004929163997457979,-5.650390625,72.5498046875,0.0060462707244147065,11842.3923828125,139.67590649608135,1.1219345590350311,0.0,0.0,0.0
2019-11-21,11968.400390625,12028.2001953125,11956.900390625,12025.650390625,-0.002558460196964596,-0.0025617386493080496,-57.25,71.2998046875,0.0059573378530476005,11861.394921875,128.7175969925442,0.8313196583074635,0.0,0.0,0.0
2019-11-22,11914.400390625,11968.099609375,11883.5,11967.2998046875,-0.004511881140131235,-0.004522090396049399,-52.8994140625,84.599609375,0.0071006182939401885,11876.9099609375,113.92300005194788,0.3290856953416252,0.0,0.0,0.0
2019-11-25,12073.75,12084.5,11919.75,11922.4501953125,0.013374538722098483,0.013285889135891809,151.2998046875,164.75,0.013645304896987266,11901.46748046875,99.11623466432098,1.7381866867191185,0.0,0.0,0.0
2019-11-26,12037.7001953125,12132.4501953125,12006.349609375,12110.2001953125,-0.0029858001604721185,-0.0029902665544935493,-72.5,126.1005859375,0.010475471551169199,11924.157470703125,70.36383431541526,1.6136517532629704,0.0,0.0,0.0
2019-11-27,12100.7001953125,12114.900390625,12055.150390625,12068.5,0.005233557820665036,0.005219910352766259,32.2001953125,59.75,0.004937730795375429,11939.85,73.07497581868007,2.201166589662855,0.0,0.0,0.0
2019-11-28,12151.150390625,12158.7998046875,12099.9501953125,12132.099609375,0.004169196368656758,0.004160529350791835,19.05078125,58.849609375,0.004843130689947212,11955.2025390625,83.42181917890534,2.34888010704097,0.0,0.0,0.0
2019-11-29,12056.0498046875,12147.400390625,12017.400390625,12146.2001953125,-0.007826467690735917,-0.00785725523266999,-90.150390625,130.0,0.01078296806218027,11964.13251953125,84.21609153313162,1.0914456309111586,0.0,0.0,0.0
2019-12-02,12048.2001953125,12137.150390625,12023.7001953125,12137.0498046875,-0.0006510929783939412,-0.000651305031476376,-88.849609375,113.4501953125,0.009416360408473224,11972.012548828125,84.34672782161005,0.9032673637975522,0.0,0.0,0.0
2019-12-03,11994.2001953125,12068.599609375,11956.400390625,12067.650390625,-0.004481997238144242,-0.004492071500914214,-73.4501953125,112.19921875,0.009354456064010756,11974.657568359375,84.16216671824924,0.23220204178616818,0.0,0.0,0.0
2019-12-04,12043.2001953125,12054.7001953125,11935.2998046875,11969.9501953125,0.004085307832292884,0.0040769856204158446,73.25,119.400390625,0.00991434076396683,11980.957568359376,84.35048367243026,0.7379048020025535,0.0,0.0,0.0
2019-12-05,12018.400390625,12081.2001953125,11998.75,12071.25,-0.00205923710353606,-0.002061360247465576,-52.849609375,82.4501953125,0.006860330213063595,11983.57509765625,84.67516013964148,0.4112810995729767,0.0,0.0,0.0
2019-12-06,11921.5,12057.0498046875,11888.849609375,12047.349609375,-0.008062669529681155,-0.00809534862199821,-125.849609375,168.2001953125,0.014108979181520782,11979.047607421875,85.48940149788783,-0.6731548754999392,0.0,0.0,0.0
2019-12-09,11937.5,11981.9501953125,11888.0498046875,11939.099609375,0.001342112989137334,0.0013412131605239934,-1.599609375,93.900390625,0.007866001308900524,11980.515087890624,84.45398496574468,-0.5093316544870156,0.0,0.0,0.0
2019-12-10,11856.7998046875,11953.2001953125,11844.7001953125,11950.5,-0.006760225785340301,-0.006783179618895446,-93.7001953125,108.5,0.009150867163760774,11977.682568359374,87.70895174229294,-1.3782260678140683,0.0,0.0,0.0
2019-12-11,11910.150390625,11923.2001953125,11832.2998046875,11867.349609375,0.0044995771891509495,0.004489484356039674,42.80078125,90.900390625,0.007632178238198543,11981.167578125,83.24008050751272,-0.8531609660515656,0.0,0.0,0.0
2019-12-12,11971.7998046875,12005.5,11934.0,11944.2998046875,0.005176207859728388,0.005162857346029799,27.5,71.5,0.005972368496506643,11986.152587890625,79.25449878637318,-0.18109739412790005,0.0,0.0,0.0
2019-12-13,12086.7001953125,12098.849609375,12023.599609375,12026.400390625,0.009597587037832866,0.009551822783961173,60.2998046875,75.25,0.006225851455237028,11995.715087890625,79.27244998092074,1.1477519295010217,0.0,0.0,0.0
2019-12-16,12053.9501953125,12134.650390625,12046.2998046875,12131.349609375,-0.0027095898360001147,-0.002713267419203363,-77.3994140625,88.3505859375,0.007329596066512493,12004.18759765625,75.73679100428946,0.6570465555298216,0.0,0.0,0.0
2019-12-17,12165.0,12182.75,12070.349609375,12082.4501953125,0.009212731336046609,0.009170552980705609,82.5498046875,112.400390625,0.009239653976572133,12015.4326171875,82.14541597275095,1.820763593943137,0.0,0.0,0.0
2019-12-18,12221.650390625,12237.7001953125,12163.4501953125,12197.0,0.004656834412248179,0.004646024904610523,24.650390625,74.25,0.006075284239594661,12026.56015625,94.03025223353966,2.0747603004452393,0.0,0.0,0.0
2019-12-19,12259.7001953125,12268.349609375,12191.150390625,12223.400390625,0.003113311498149862,0.003108475179285728,36.2998046875,77.19921875,0.006296990751822556,12041.125146484375,106.30666143234214,2.0560804551955068,0.0,0.0,0.0
2019-12-20,12271.7998046875,12293.900390625,12252.75,12266.4501953125,0.000986941701855537,0.0009864549951019103,5.349609375,41.150390625,0.003353248201562223,12058.9951171875,113.66755222874734,1.8721674156556718,0.0,0.0,0.0
2019-12-23,12262.75,12287.150390625,12213.25,12235.4501953125,-0.0007374472230261553,-0.0007377192709850936,27.2998046875,73.900390625,0.006026412560396322,12068.4451171875,122.47410722420427,1.586497646043663,0.0,0.0,0.0
2019-12-24,12214.5498046875,12283.7001953125,12202.099609375,12269.25,-0.003930618769240168,-0.003938363953434116,-54.7001953125,81.6005859375,0.00668060528159496,12077.28759765625,126.45693507413212,1.0854462584498317,0.0,0.0,0.0
2019-12-26,12126.5498046875,12221.5498046875,12118.849609375,12211.849609375,-0.007204522590446127,-0.007230600491364134,-85.2998046875,102.7001953125,0.008469036697709466,12078.580078125,126.84034252303513,0.37818982201020424,0.0,0.0,0.0
2019-12-27,12245.7998046875,12258.4501953125,12157.900390625,12172.900390625,0.009833794601157297,0.009785757510884093,72.8994140625,100.5498046875,0.008210962639533852,12083.312548828126,131.3751235067833,1.2368190531214576,0.0,0.0,0.0
2019-12-30,12255.849609375,12286.4501953125,12213.7998046875,12274.900390625,0.0008206736062803532,0.0008203370378256411,-19.05078125,72.650390625,0.0059278134882976,12093.3025390625,136.68227090177382,1.1892330237131712,0.0,0.0,0.0
2019-12-31,12168.4501953125,12247.099609375,12151.7998046875,12247.099609375,-0.007131240742024536,-0.007156789574995062,-78.6494140625,95.2998046875,0.007831712597567368,12099.3150390625,137.23755165512682,0.5037626758580961,0.0,0.0,0.0
2020-01-01,12182.5,12222.2001953125,12165.2998046875,12202.150390625,0.001154609211690083,0.0011539431631088094,-19.650390625,56.900390625,0.0046706661707367125,12108.730029296876,136.10107169787642,0.5420234373090194,0.0,0.0,0.0
2020-01-02,12282.2001953125,12289.900390625,12195.25,12198.5498046875,0.008183886337984836,0.008150579934013252,83.650390625,94.650390625,0.007706305801880945,12120.680029296875,140.46693223605683,1.149880355785006,0.0,0.0,0.0
2020-01-03,12226.650390625,12265.599609375,12191.349609375,12261.099609375,-0.004522789386603554,-0.004533048142335533,-34.44921875,74.25,0.006072799796167599,12131.092529296875,140.2044394245206,0.6815608815266425,0.0,0.0,0.0
2020-01-06,11993.0498046875,12179.099609375,11974.2001953125,12170.599609375,-0.019105853072941215,-0.01929072847314149,-177.5498046875,204.8994140625,0.017084846423502283,12134.67001953125,135.40566897203368,-1.0458957584190918,0.0,0.0,0.0
2020-01-07,12052.9501953125,12152.150390625,12005.349609375,12079.099609375,0.004994592001242859,0.004982160403270252,-26.1494140625,146.80078125,0.012179655509328507,12140.442529296875,128.86036594008132,-0.678970087862845,0.0,0.0,0.0
2020-01-08,12025.349609375,12044.9501953125,11929.599609375,11939.099609375,-0.0022899444111396106,-0.0022925703434345888,86.25,115.3505859375,0.009592285437387394,12148.87001953125,113.98698389528315,-1.0836360954135371,0.0,0.0,0.0
2020-01-09,12215.900390625,12224.0498046875,12132.5498046875,12153.150390625,0.015845758122611686,0.015721524760104574,62.75,91.5,0.007490237892756639,12164.15751953125,99.92088284768583,0.517838409941027,0.0,0.0,0.0
2020-01-10,12256.7998046875,12311.2001953125,12213.2001953125,12271.0,0.0033480474426501594,0.003342455210374022,-14.2001953125,98.0,0.007995561774821582,12178.40751953125,90.96538563513373,0.8617814854397943,0.0,0.0,0.0
2020-01-13,12329.5498046875,12337.75,12285.7998046875,12296.7001953125,0.0059354808073293075,0.005917935234497193,32.849609375,51.9501953125,0.00421347057560442,12190.55,94.2293637046375,1.4751219707181344,0.0,0.0,0.0
2020-01-14,12362.2998046875,12374.25,12308.7001953125,12333.099609375,0.0026562202609821117,0.0026526987425187607,29.2001953125,65.5498046875,0.005302395648311734,12205.96748046875,95.9135579541024,1.6299293609101706,0.0,0.0,0.0
2020-01-15,12343.2998046875,12355.150390625,12278.75,12349.400390625,-0.0015369308543056182,-0.0015381131440847836,-6.1005859375,76.400390625,0.0061896244791839325,12214.882470703125,100.10023744402994,1.2828874062978912,0.0,0.0,0.0
2020-01-16,12355.5,12389.0498046875,12315.7998046875,12347.099609375,0.000988406301843714,0.0009879181499700635,8.400390625,73.25,0.005928533851321274,12221.574951171875,104.93426315647898,1.2762756872692258,0.0,0.0,0.0
2020-01-17,12352.349609375,12385.4501953125,12321.400390625,12328.400390625,-0.000254978804985595,-0.00025501131760789477,23.94921875,64.0498046875,0.0051852325033683025,12226.207421875,108.68401165298249,1.1606324203670306,0.0,0.0,0.0
2020-01-20,12224.5498046875,12430.5,12216.900390625,12430.5,-0.010346193941151438,-0.01040008785925209,-205.9501953125,213.599609375,0.017473004142295308,12223.844921875,108.15304156366017,0.006517457135829372,0.0,0.0,0.0
2020-01-21,12169.849609375,12230.0498046875,12162.2998046875,12195.2998046875,-0.004474618385662321,-0.004484659455009181,-25.4501953125,67.75,0.005567036748573214,12219.19990234375,108.38889342234543,-0.45530765570649534,0.0,0.0,0.0
2020-01-22,12106.900390625,12225.0498046875,12087.900390625,12218.349609375,-0.005172555189302153,-0.005185979163736476,-111.44921875,137.1494140625,0.011328202069681013,12213.817431640626,111.26663784179974,-0.9609083467376959,0.0,0.0,0.0
2020-01-23,12180.349609375,12189.0,12094.099609375,12123.75,0.0060667236352978104,0.0060483951593072694,56.599609375,94.900390625,0.007791269845978546,12216.507421875,109.68489909489772,-0.3296516913300567,0.0,0.0,0.0
2020-01-24,12248.25,12272.150390625,12149.650390625,12174.5498046875,0.005574584704263197,0.005559104211847819,73.7001953125,122.5,0.010001428775539363,12216.629931640626,109.72070094515684,0.28818689715789686,0.0,0.0,0.0
2020-01-27,12119.0,12216.599609375,12107.0,12197.099609375,-0.010552527912150667,-0.010608600656474901,-78.099609375,109.599609375,0.009043618233765162,12209.787451171875,111.40042562360648,-0.8149650296545742,0.0,0.0,0.0
2020-01-28,12055.7998046875,12163.5498046875,12024.5,12148.099609375,-0.005214967844912932,-0.005228613250633523,-92.2998046875,139.0498046875,0.011533851502198558,12204.154931640625,116.33887949835146,-1.2751981761628328,0.0,0.0,0.0
2020-01-29,12129.5,12169.599609375,12103.7998046875,12114.900390625,0.006113256399948197,0.006094646255253335,14.599609375,65.7998046875,0.005424774697019663,12201.504931640626,117.45636043578789,-0.6130356106171878,0.0,0.0,0.0
2020-01-30,12035.7998046875,12150.2998046875,12010.599609375,12147.75,-0.0077249841553650445,-0.007754976405079576,-111.9501953125,139.7001953125,0.011607055416299956,12189.184912109375,121.40292665857517,-1.2634383012301165,0.0,0.0,0.0
2020-01-31,11962.099609375,12103.5498046875,11945.849609375,12100.400390625,-0.006123414854723341,-0.006142239847635705,-138.30078125,157.7001953125,0.013183320693041744,12175.957373046875,131.12859463110325,-1.6309010576488578,0.0,0.0,0.0
2020-02-03,11707.900390625,11749.849609375,11614.5,11627.4501953125,-0.021250384719316173,-0.02147942474929971,80.4501953125,135.349609375,0.01156053646334231,12161.69990234375,163.55525528288675,-2.7745944997845116,1.0,0.0,0.0
2020-02-04,11979.650390625,11986.150390625,11783.400390625,11786.25,0.02321082268667074,0.02294554852001912,193.400390625,202.75,0.016924533971264095,12158.034912109375,166.90731622065377,-1.0687639435083134,1.0,1.0,1.0
2020-02-05,12089.150390625,12098.150390625,11953.349609375,12005.849609375,0.009140500467834434,0.009098978920125088,83.30078125,144.80078125,0.011977746704374806,12161.224951171875,164.83471030505217,-0.43725353970343683,0.0,1.0,1.0
2020-02-06,12137.9501953125,12160.599609375,12084.650390625,12120.0,0.004036661230167438,0.00402853577236436,17.9501953125,75.94921875,0.006257170076322317,12157.32744140625,164.39484747321907,-0.11787015464038433,0.0,0.0,0.0
2020-02-07,12098.349609375,12154.7001953125,12073.9501953125,12151.150390625,-0.0032625431230384194,-0.003267876820959125,-52.80078125,80.75,0.006674464088674285,12149.404931640625,163.1621669953474,-0.3129115235830449,0.0,0.0,0.0
2020-02-10,12031.5,12103.5498046875,11990.75,12102.349609375,-0.005525514763038308,-0.005540836887552729,-70.849609375,112.7998046875,0.009375373368865063,12134.50244140625,159.41070348897097,-0.6461450777888096,0.0,0.0,0.0
2020-02-11,12107.900390625,12172.2998046875,12099.0,12108.400390625,0.006350030388978967,0.0063299538920958175,-0.5,73.2998046875,0.006053882367933514,12121.782470703125,150.15846938699048,-0.09244953105074555,0.0,0.0,0.0
2020-02-12,12201.2001953125,12231.75,12144.2998046875,12151.0,0.0077056964194832656,0.0076761591804553895,50.2001953125,87.4501953125,0.0071673436967370574,12114.677490234375,142.28055742858493,0.608113340584524,0.0,0.0,0.0
2020-02-13,12174.650390625,12225.650390625,12139.7998046875,12219.5498046875,-0.0021759994314084485,-0.002178370358219195,-44.8994140625,85.8505859375,0.007051585317276019,12105.635009765625,131.50891943584352,0.5247961975160481,0.0,0.0,0.0
2020-02-14,12113.4501953125,12246.7001953125,12091.2001953125,12190.150390625,-0.005026854435148831,-0.005039531569823334,-76.7001953125,155.5,0.012836970267989651,12093.6900390625,118.08486219112093,0.16733860617983745,0.0,0.0,0.0
2020-02-17,12045.7998046875,12159.599609375,12037.0,12131.7998046875,-0.00558473346026378,-0.005600386389670753,-86.0,122.599609375,0.010177789052022233,12084.7525390625,114.3651301888833,-0.3405997467118346,0.0,0.0,0.0
2020-02-18,11992.5,12030.75,11908.0498046875,12028.25,-0.004424762618648104,-0.004434580853707973,-35.75,122.7001953125,0.01023141090785908,12075.88505859375,114.29524382279146,-0.7295584295969018,0.0,0.0,0.0
2020-02-19,12125.900390625,12134.7001953125,12042.099609375,12090.599609375,0.011123651500938081,0.011062238693018929,35.30078125,92.6005859375,0.0076365946407652395,12076.83505859375,114.64503227167704,0.42797608460678077,0.0,0.0,0.0
2020-02-20,12080.849609375,12152.0,12071.4501953125,12119.0,-0.003715252459506435,-0.003722171151700223,-38.150390625,80.5498046875,0.006667561247099013,12071.86005859375,112.04604949973233,0.08023085884230308,0.0,0.0,0.0
2020-02-24,11829.400390625,12012.5498046875,11813.400390625,12012.5498046875,-0.02081386879900149,-0.02103353072205037,-183.1494140625,199.1494140625,0.0168351232933437,12050.917578125,116.4007497624531,-1.9030563630566364,0.0,0.0,0.0
2020-02-25,11797.900390625,11883.0498046875,11779.900390625,11877.5,-0.002662856861702312,-0.002666408571566386,-79.599609375,103.1494140625,0.008743031441803486,12034.86259765625,128.07497586322833,-1.8501834994238329,0.0,0.0,0.0
2020-02-26,11678.5,11783.25,11639.599609375,11738.5498046875,-0.010120477938589723,-0.010172038146389433,-60.0498046875,143.650390625,0.012300414490302693,12015.997607421876,150.63007434460047,-2.240572534338484,1.0,0.0,0.0
2020-02-27,11633.2998046875,11663.849609375,11536.7001953125,11661.25,-0.003870376787472707,-0.0038778860778288546,-27.9501953125,127.1494140625,0.010929780560737089,11991.18759765625,170.5043679097063,-2.0989948665612816,1.0,1.0,1.0
2020-02-28,11201.75,11384.7998046875,11175.0498046875,11382.0,-0.03709607866493836,-0.0378016423222764,-180.25,209.75,0.018724752828799072,11949.485107421875,244.82029583387964,-3.054220259292731,1.0,1.0,1.0
2020-03-02,11132.75,11433.0,11036.25,11387.349609375,-0.006159751824491688,-0.0061788013630017435,-254.599609375,396.75,0.03563809481035683,11908.017626953126,305.33059211106166,-2.539108910092861,1.0,1.0,1.0
2020-03-03,11303.2998046875,11342.25,11152.5498046875,11217.5498046875,0.015319647408546855,0.015203486470954998,85.75,189.7001953125,0.01678272704346309,11887.78759765625,331.5640998344821,-1.7628198989592911,1.0,1.0,1.0
2020-03-04,11251.0,11356.599609375,11082.150390625,11351.349609375,-0.004626950146523701,-0.0046376876143074345,-100.349609375,274.44921875,0.024393317816194117,11851.355078125,359.77137447133276,-1.6687127457185646,1.0,1.0,1.0
2020-03-05,11269.0,11389.5,11244.599609375,11306.0498046875,0.0015998577904186018,0.0015985793812774052,-37.0498046875,144.900390625,0.01285831845106043,11810.34755859375,377.54273993672905,-1.4338709272610373,1.0,1.0,1.0
2020-03-06,10989.4501953125,11035.099609375,10827.400390625,10942.650390625,-0.024806975302821943,-0.02511985353017798,46.7998046875,207.69921875,0.01889987352038714,11752.92255859375,410.95705179986726,-1.8577911242488037,1.0,1.0,1.0
2020-03-09,10451.4501953125,10751.5498046875,10294.4501953125,10742.0498046875,-0.048956043335951605,-0.05019499598647564,-290.599609375,457.099609375,0.04373552003146992,11670.577587890624,494.5878055740321,-2.464936213223397,1.0,1.0,1.0
2020-03-11,10458.400390625,10545.099609375,10334.0,10334.2998046875,0.0006649981756232659,0.0006647771623133455,124.1005859375,211.099609375,0.020184693785890193,11591.922607421875,555.5036264974847,-2.0405307233435455,1.0,1.0,1.0
2020-03-12,9590.150390625,10040.75,9508.0,10039.9501953125,-0.08301938801064712,-0.08666894981793948,-449.7998046875,532.75,0.055551787855255955,11466.035107421874,699.1350665395863,-2.683150662262852,1.0,1.0,1.0
2020-03-13,9955.2001953125,10159.400390625,8555.150390625,9107.599609375,0.03806507612689369,0.03735847654239177,847.6005859375,1604.25,0.16114693512194525,11353.735107421875,753.1315537993493,-1.856959657385402,1.0,1.0,1.0
2020-03-16,9197.400390625,9602.2001953125,9165.099609375,9587.7998046875,-0.07612100106679087,-0.07917416945110371,-390.3994140625,437.1005859375,0.04752436203419402,11204.872607421876,867.834941854795,-2.313195885506029,1.0,1.0,1.0
2020-03-17,8967.0498046875,9403.7998046875,8915.599609375,9285.400390625,-0.02504518409052825,-0.02536415171509603,-318.3505859375,488.2001953125,0.05444379209952584,11047.552587890625,973.2462806205432,-2.1376940499341988,1.0,1.0,1.0
2020-03-18,8468.7998046875,9127.5498046875,8407.0498046875,9088.4501953125,-0.05556454027271507,-0.05716792711513327,-619.650390625,720.5,0.08507699043744092,10868.702587890624,1100.4946278624425,-2.1807492035327796,1.0,1.0,1.0
2020-03-19,8263.4501953125,8575.4501953125,7832.5498046875,8063.2998046875,-0.024247781753128472,-0.02454659954775134,200.150390625,742.900390625,0.08990196262650865,10682.25009765625,1210.476393308939,-1.9982214570345787,1.0,1.0,1.0
2020-03-20,8745.4501953125,8883.0,8178.2001953125,8284.4501953125,0.058329146858465686,0.05669138794443699,461.0,704.7998046875,0.08059045434450793,10513.227587890626,1234.066968957918,-1.4324809244922,1.0,1.0,1.0
2020-03-23,7610.25,8159.25,7583.60009765625,7945.7001953125,-0.12980466070471242,-0.13903756461051203,-335.4501953125,575.64990234375,0.0756413918522716,10289.697607421875,1335.8622569981565,-2.0057813546157943,1.0,1.0,1.0
2020-03-24,7801.0498046875,8036.9501953125,7511.10009765625,7848.2998046875,0.02507142402516349,0.024762292138464665,-47.25,525.85009765625,0.06740760677367767,10088.280078125,1393.9216588094175,-1.640859985912752,1.0,1.0,1.0
2020-03-25,8317.849609375,8376.75,7714.75,7735.14990234375,0.06624746894667499,0.06414544603118057,582.69970703125,662.0,0.07958787800802068,9914.2775390625,1386.4650049073828,-1.151437594195998,1.0,1.0,1.0
2020-03-26,8641.4501953125,8749.0498046875,8304.900390625,8451.0,0.038904356430389475,0.03816665439616388,190.4501953125,444.1494140625,0.0513975552741629,9762.425048828125,1348.8756324852548,-0.8310438905700069,1.0,1.0,1.0
2020-03-27,8660.25,9038.900390625,8522.900390625,8949.099609375,0.0021755381634551707,0.002173175106963937,-288.849609375,516.0,0.05958257556075171,9613.77255859375,1294.5739025768326,-0.736553206190682,1.0,1.0,1.0
2020-03-30,8281.099609375,8576.0,8244.0,8385.9501953125,-0.04378053643081892,-0.04476782787370225,-104.8505859375,332.0,0.04009129411076569,9467.7400390625,1270.522998308354,-0.9339779219010287,1.0,1.0,1.0
2020-03-31,8597.75,8678.2998046875,8358.0,8529.349609375,0.03823772271336057,0.03752477847769833,68.400390625,320.2998046875,0.037253909998255355,9340.9900390625,1221.1654990089423,-0.6086317044378422,1.0,1.0,1.0
2020-04-01,8253.7998046875,8588.099609375,8198.349609375,8584.099609375,-0.04000467509668226,-0.040826864424490454,-330.2998046875,389.75,0.04722067523114058,9188.5150390625,1151.6580454736265,-0.8116256713950128,1.0,1.0,1.0
2020-04-03,8083.7998046875,8356.5498046875,8055.7998046875,8356.5498046875,-0.020596574186770744,-0.02081164185069997,-272.75,300.75,0.037204038603925606,9030.155029296875,1067.8311147142579,-0.8862405408205504,1.0,1.0,1.0
2020-04-07,8792.2001953125,8819.400390625,8360.9501953125,8446.2998046875,0.08763210467115035,0.08400295216282225,345.900390625,458.4501953125,0.05214282945432925,8906.3150390625,929.1329103845845,-0.1228186435703429,0.0,1.0,1.0
2020-04-08,8748.75,9131.7001953125,8653.900390625,8688.900390625,-0.004941902407507137,-0.004954153987953298,59.849609375,477.7998046875,0.05461349389198457,8794.280029296875,789.2971267660338,-0.057684270920159035,0.0,0.0,0.0
2020-04-09,9111.900390625,9128.349609375,8904.5498046875,8973.0498046875,0.04150883161880259,0.0406704613937413,138.8505859375,223.7998046875,0.024561265498222726,8727.3025390625,692.1271248814749,0.5556751610166424,0.0,0.0,0.0
2020-04-13,8993.849609375,9112.0498046875,8912.400390625,9103.9501953125,-0.01295567073707915,-0.013040327423561648,-110.1005859375,199.6494140625,0.02219843812535954,8654.075,565.1670131545236,0.601193278210844,0.0,0.0,0.0
2020-04-15,8925.2998046875,9261.2001953125,8874.099609375,9196.400390625,-0.007621853562688519,-0.007651048328648555,-271.1005859375,387.1005859375,0.04337115776594952,8620.832470703124,525.3613165224108,0.5795389276084773,0.0,0.0,0.0
2020-04-16,8992.7998046875,9053.75,8821.900390625,8851.25,0.007562771164790316,0.007534316783542481,141.5498046875,231.849609375,0.025781693622730077,8572.712451171876,432.59300749534793,0.9710914097938623,0.0,0.0,0.0
2020-04-17,9266.75,9324.0,9091.349609375,9323.4501953125,0.03046328187687486,0.03000848934711599,-56.7001953125,232.650390625,0.02510593148892546,8576.179931640625,438.10657929517504,1.5762604375181097,0.0,0.0,0.0
2020-04-20,9261.849609375,9390.849609375,9230.7998046875,9390.2001953125,-0.0005288143766692954,-0.0005289542483047096,-128.3505859375,160.0498046875,0.017280544538910987,8590.919921875,456.5216559502243,1.4696557737299394,0.0,0.0,0.0
2020-04-21,8981.4501953125,9044.400390625,8909.400390625,9016.9501953125,-0.030274667144095657,-0.030742409586860843,-35.5,135.0,0.015030980194095796,8616.55244140625,463.6405410602422,0.7870272799522906,0.0,0.0,0.0
2020-04-22,9187.2998046875,9209.75,8946.25,9026.75,0.02291941778872575,0.022660713376927297,160.5498046875,263.5,0.028680897064615036,8662.744921875,472.5454545909612,1.1100622759487928,0.0,0.0,0.0
2020-04-23,9313.900390625,9343.599609375,9170.150390625,9232.349609375,0.01377995587701486,0.013685875581327233,81.55078125,173.44921875,0.01862261903988012,8691.167431640624,494.37315053553084,1.2596415446708602,0.0,0.0,0.0
2020-04-24,9154.400390625,9296.900390625,9141.2998046875,9163.900390625,-0.017124941572334906,-0.017273269224786485,-9.5,155.6005859375,0.016997354201029942,8768.374951171874,433.50916254868616,0.8904666217055385,0.0,0.0,0.0
2020-04-27,9282.2998046875,9377.099609375,9250.349609375,9259.7001953125,0.013971358975458648,0.01387465918374464,22.599609375,126.75,0.013655021133447132,8842.437451171874,383.1565177076119,1.1479965319323793,0.0,0.0,0.0
2020-04-28,9380.900390625,9404.400390625,9260.0,9389.7998046875,0.010622430648890235,0.010566409007242056,-8.8994140625,144.400390625,0.015393020351149828,8895.589990234375,380.27798069322614,1.2761990570843205,0.0,0.0,0.0
2020-04-29,9553.349609375,9599.849609375,9392.349609375,9408.599609375,0.018383013524196468,0.01821608855026957,144.75,207.5,0.021720130476160296,8941.1849609375,402.23704477145196,1.5219002237482302,0.0,0.0,0.0
2020-04-30,9859.900390625,9889.0498046875,9731.5,9753.5,0.03208830345213909,0.03158422875946422,106.400390625,157.5498046875,0.015978843441187465,9001.16748046875,445.28250636537365,1.92851256871884,0.0,0.0,0.0
2020-05-04,9293.5,9533.5,9266.9501953125,9533.5,-0.05744483901313502,-0.059160835126554547,-240.0,266.5498046875,0.0286813154018938,9051.7875,415.67741379664494,0.5814905789378508,0.0,0.0,0.0
2020-05-05,9205.599609375,9450.900390625,9190.75,9429.400390625,-0.009458265521601117,-0.009503278972569803,-223.80078125,260.150390625,0.028260015823419297,9082.17998046875,402.7537180511154,0.30643945263488664,0.0,0.0,0.0
2020-05-06,9270.900390625,9346.900390625,9116.5,9226.7998046875,0.007093593467121684,0.0070685522845568985,44.1005859375,230.400390625,0.024851997208166263,9133.035009765625,353.9013829453805,0.3895587514012424,0.0,0.0,0.0
2020-05-07,9199.0498046875,9277.849609375,9175.900390625,9234.0498046875,-0.007750119504051356,-0.0077803077564110755,-35.0,101.94921875,0.011082581452929018,9188.797509765625,253.49679719876994,0.04044348897171938,0.0,0.0,0.0
2020-05-08,9251.5,9382.650390625,9238.2001953125,9376.9501953125,0.0057016970693835045,0.005685503917787226,-125.4501953125,144.4501953125,0.015613705378857482,9211.7625,235.86863588954688,0.16847301401534218,0.0,0.0,0.0
2020-05-11,9239.2001953125,9439.900390625,9219.9501953125,9348.150390625,-0.0013294930214019507,-0.001330377581346701,-108.9501953125,219.9501953125,0.023806194330986737,9236.285009765625,209.18280054023134,0.013936067111381354,0.0,0.0,0.0
2020-05-12,9196.5498046875,9240.849609375,9043.9501953125,9168.849609375,-0.004616242718351149,-0.004626930470959459,27.7001953125,196.8994140625,0.02141013948101928,9240.51748046875,207.38224479575686,-0.21201272955914094,0.0,0.0,0.0
2020-05-13,9383.5498046875,9584.5,9351.099609375,9584.2001953125,0.02033371253039773,0.02012974293547344,-200.650390625,233.400390625,0.024873357682655035,9260.002490234376,201.2017066873552,0.6140470500337399,0.0,0.0,0.0
2020-05-14,9142.75,9281.099609375,9119.75,9213.9501953125,-0.025661909373274727,-0.025996919937107583,-71.2001953125,161.349609375,0.017647820335785186,9270.875,187.57713333957867,-0.6830523407565356,0.0,0.0,0.0
2020-05-15,9136.849609375,9182.400390625,9050.0,9182.400390625,-0.0006453627874545287,-0.0006455711236580218,-45.55078125,132.400390625,0.014490814261531525,9278.077490234375,178.90278334138,-0.7894113116724708,0.0,0.0,0.0
2020-05-18,8823.25,9158.2998046875,8806.75,9158.2998046875,-0.034322509703259896,-0.03492536149006188,-335.0498046875,351.5498046875,0.03984357291105885,9255.902490234375,205.83885280998047,-2.101899055149599,1.0,0.0,0.0
2020-05-19,8879.099609375,9030.349609375,8855.2998046875,8961.7001953125,0.00632982284022332,0.006309873650596998,-82.6005859375,175.0498046875,0.019714814833552897,9236.764990234375,222.38458838466173,-1.6083190991666916,1.0,1.0,1.0
2020-05-20,9066.5498046875,9093.7998046875,8875.349609375,8889.150390625,0.021111396826158035,0.020891638839326522,177.3994140625,218.4501953125,0.024094082094994834,9241.019970703124,218.01359995944523,-0.8002719373840858,1.0,1.0,1.0
2020-05-21,9106.25,9178.5498046875,9056.099609375,9079.4501953125,0.004378754451001221,0.004369195599480915,26.7998046875,122.4501953125,0.013446829958819493,9236.96748046875,219.81060038645742,-0.5946823321483581,1.0,1.0,1.0
2020-05-22,9039.25,9149.599609375,8968.5498046875,9067.900390625,-0.0073575840768702605,-0.00738478460081561,-28.650390625,181.0498046875,0.020029294984373704,9223.2349609375,223.3028611746737,-0.8239256764094102,1.0,1.0,1.0
2020-05-26,9029.0498046875,9161.650390625,8996.650390625,9099.75,-0.0011284338094974533,-0.00112907097030296,-70.7001953125,165.0,0.01827434819490518,9216.967431640625,227.06400984084934,-0.8275975883841656,1.0,1.0,1.0
2020-05-27,9314.9501953125,9334.0,9004.25,9082.2001953125,0.03166450477176164,0.0311735219299972,232.75,329.75,0.03540008192056012,9218.599951171875,227.67500236585454,0.42319201993813377,0.0,1.0,1.0
2020-05-28,9490.099609375,9511.25,9336.5,9364.9501953125,0.018803043536468778,0.018628451492543274,125.1494140625,174.75,0.018413926849341965,9224.059912109375,233.01870668439594,1.14170961229286,0.0,0.0,0.0
2020-05-29,9580.2998046875,9598.849609375,9376.900390625,9422.2001953125,0.009504662651105722,0.009459777532853096,158.099609375,221.94921875,0.023167251889278404,9225.407421875,235.09186069323277,1.509590258743979,0.0,0.0,0.0
2020-06-01,9826.150390625,9931.599609375,9706.9501953125,9726.849609375,0.025662097319460564,0.025338352659720637,99.30078125,224.6494140625,0.02286240339623084,9223.719921875,230.37147464867482,2.6150393388275606,0.0,0.0,0.0
2020-06-02,9979.099609375,9995.599609375,9824.0498046875,9880.849609375,0.015565527970742954,0.015445627746472025,98.25,171.5498046875,0.017190910142467684,9257.99990234375,285.6733672229999,2.5242104787050414,0.0,0.0,0.0
2020-06-03,10061.5498046875,10176.2001953125,10035.5498046875,10108.2998046875,0.008262288035990828,0.008228342186278518,-46.75,140.650390625,0.01397899859914955,9300.797412109376,336.92809634922065,2.2579072532722724,0.0,0.0,0.0
2020-06-04,10029.099609375,10123.849609375,9944.25,10054.25,-0.003225168681009971,-0.003230380747065696,-25.150390625,179.599609375,0.01790784979412448,9338.707373046875,374.00233998447095,1.845956996838018,0.0,0.0,0.0
2020-06-05,10142.150390625,10177.7998046875,10040.75,10093.7998046875,0.011272276241460544,0.01120921756965851,48.3505859375,137.0498046875,0.013512894150552469,9385.86240234375,412.8987238064273,1.831654942667754,0.0,0.0,0.0
2020-06-08,10167.4501953125,10328.5,10120.25,10326.75,0.002494520758722585,0.0024914146063167966,-159.2998046875,208.25,0.020482028040423497,9431.659912109375,446.6306463686618,1.6474245311768922,0.0,0.0,0.0
2020-06-09,10046.650390625,10291.150390625,10021.4501953125,10181.150390625,-0.011881032349997822,-0.011952175882067815,-134.5,269.7001953125,0.026844787548710752,9472.032421875,464.45630390007875,1.2371841310471732,0.0,0.0,0.0
2020-06-10,10116.150390625,10148.75,10036.849609375,10072.599609375,0.006917728526201428,0.006893910822071789,43.55078125,111.900390625,0.011061558626955775,9518.012451171875,480.97420490135113,1.243596711336743,0.0,0.0,0.0
2020-06-11,9902.0,10112.0498046875,9885.0498046875,10094.099609375,-0.021169158460066062,-0.021396438367806456,-192.099609375,227.0,0.02292466168450818,9543.9349609375,487.2756830169855,0.7348305108219779,0.0,0.0,0.0
2020-06-12,9972.900390625,9996.0498046875,9544.349609375,9544.9501953125,0.00716020911179549,0.007134696525776951,427.9501953125,451.7001953125,0.04529276114470367,9585.44248046875,486.65986811094837,0.796157512761907,0.0,0.0,0.0
2020-06-15,9813.7001953125,9943.349609375,9726.349609375,9919.349609375,-0.015963279394844432,-0.016092064938005003,-105.6494140625,217.0,0.022111945105440428,9619.285009765625,477.2662504178803,0.4073516310374998,0.0,0.0,0.0
2020-06-16,9914.0,10046.150390625,9728.5,10014.7998046875,0.010220386061458031,0.010168511071378764,-100.7998046875,317.650390625,0.03204058812033488,9673.822509765625,442.5748115494273,0.5426822403053809,0.0,0.0,0.0
2020-06-17,9881.150390625,10003.599609375,9833.7998046875,9876.7001953125,-0.0033134566648174157,-0.0033189583187083734,4.4501953125,169.7998046875,0.01718421418305727,9723.925048828125,402.80411106382087,0.3903270534693326,0.0,0.0,0.0
2020-06-18,10091.650390625,10111.2001953125,9845.0498046875,9863.25,0.021303187551898528,0.021079446670088396,228.400390625,266.150390625,0.026373326494965574,9775.180078125,379.2867295286747,0.8343827712961783,0.0,0.0,0.0
2020-06-19,10244.400390625,10272.400390625,10072.650390625,10119.0,0.015136275444292302,0.015022865002949488,125.400390625,199.75,0.01949845695047199,9832.08759765625,358.4499508037421,1.1502660051821278,0.0,0.0,0.0
2020-06-22,10311.2001953125,10393.650390625,10277.599609375,10318.75,0.006520616350433883,0.006499449097502718,-7.5498046875,116.05078125,0.01125482766814643,9895.685107421876,321.28897776241365,1.2932752651038306,0.0,0.0,0.0
2020-06-23,10471.0,10484.7001953125,10301.75,10347.9501953125,0.015497691991291696,0.015378829255110686,123.0498046875,182.9501953125,0.01747208435798873,9967.7826171875,275.0382745411911,1.8296267443211267,0.0,0.0,0.0
2020-06-24,10305.2998046875,10553.150390625,10281.9501953125,10529.25,-0.015824677233549855,-0.015951224257763807,-223.9501953125,271.2001953125,0.026316575010184667,10017.30009765625,237.96981897939045,1.2102362739377117,0.0,0.0,0.0
2020-06-25,10288.900390625,10361.7998046875,10194.5,10235.5498046875,-0.001591357298992957,-0.0015926248529521327,53.3505859375,167.2998046875,0.016260222019443358,10057.24013671875,210.24863602374262,1.101839509104302,0.0,0.0,0.0
2020-06-26,10383.0,10409.849609375,10311.25,10378.900390625,0.00914574014738645,0.00910417112670767,4.099609375,98.599609375,0.00949625439420206,10097.375146484375,190.05765303638077,1.5028326876211107,0.0,0.0,0.0
2020-06-29,10312.400390625,10337.9501953125,10223.599609375,10311.9501953125,-0.006799538608783573,-0.006822760798075913,0.4501953125,114.3505859375,0.011088648772933224,10121.687646484375,184.5574154534101,1.0333518361865466,0.0,0.0,0.0
2020-06-30,10302.099609375,10401.0498046875,10267.349609375,10382.599609375,-0.0009988732845714887,-0.0009993724909477652,-80.5,133.7001953125,0.012977955987809675,10137.837646484375,185.55294753014286,0.8852565538682204,0.0,0.0,0.0
2020-07-01,10430.0498046875,10447.0498046875,10299.599609375,10323.7998046875,0.012419817334717198,0.012343324106810436,106.25,147.4501953125,0.014137055725873192,10156.262646484374,195.60251431236486,1.3997118552673864,0.0,0.0,0.0
2020-07-02,10551.7001953125,10598.2001953125,10485.5498046875,10493.0498046875,0.011663452514898642,0.011595958752537541,58.650390625,112.650390625,0.010676041636877055,10182.39267578125,211.94480126677772,1.742470290962212,0.0,0.0,0.0
2020-07-03,10607.349609375,10631.2998046875,10562.650390625,10614.9501953125,0.005273976044848361,0.005260117338821228,-7.6005859375,68.6494140625,0.006471872483756564,10205.65263671875,231.8847053732557,1.7323133580960133,0.0,0.0,0.0
2020-07-06,10763.650390625,10811.400390625,10695.099609375,10723.849609375,0.014735139974255018,0.014627632603289031,39.80078125,116.30078125,0.010804957150159436,10235.462646484375,262.9557845887763,2.0086561129150744,0.0,0.0,0.0
2020-07-07,10799.650390625,10813.7998046875,10689.7001953125,10802.849609375,0.003344590235981215,0.003339009534036716,-3.19921875,124.099609375,0.011491076552138099,10273.112646484375,287.2809408924578,1.832832148575189,0.0,0.0,0.0
2020-07-08,10705.75,10847.849609375,10676.5498046875,10818.650390625,-0.00869476207364206,-0.008732782060989626,-112.900390625,171.2998046875,0.016000729018284567,10302.592626953125,300.283461339347,1.3425893362514283,0.0,0.0,0.0
2020-07-09,10813.4501953125,10836.849609375,10733.0,10755.5498046875,0.010060032721901813,0.01000976742529668,57.900390625,103.849609375,0.009603744179634503,10348.16513671875,305.40714114448775,1.5234910907784718,0.0,0.0,0.0
2020-07-10,10768.0498046875,10819.400390625,10713.0,10764.099609375,-0.004198511095439339,-0.00420734959083762,3.9501953125,106.400390625,0.009881119845738664,10387.922607421875,305.74011070456527,1.2433016930282317,0.0,0.0,0.0
2020-07-13,10802.7001953125,10894.0498046875,10756.0498046875,10851.849609375,0.003217889149241815,0.003212722824094239,-49.1494140625,138.0,0.012774583900780739,10437.372607421876,287.40822877891344,1.27111039737018,0.0,0.0,0.0
2020-07-14,10607.349609375,10755.650390625,10562.900390625,10750.849609375,-0.01808349601540049,-0.018249000734889463,-143.5,192.75,0.018171362979272736,10472.040087890626,261.61471473777186,0.5172091394782632,0.0,0.0,0.0
2020-07-15,10618.2001953125,10827.4501953125,10577.75,10701.0,0.0010229309240368245,0.001022408086719745,-82.7998046875,249.7001953125,0.02351624481734036,10508.892578125,223.07102271374958,0.4900126240411168,0.0,0.0,0.0
2020-07-16,10739.9501953125,10755.2998046875,10595.2001953125,10706.2001953125,0.011466161662100571,0.011400923444823241,33.75,160.099609375,0.014906922887303165,10541.307568359374,205.67410218842656,0.9658125395444342,0.0,0.0,0.0
2020-07-17,10901.7001953125,10933.4501953125,10749.650390625,10752.0,0.01506059125586967,0.014948306530616993,149.7001953125,183.7998046875,0.01685973760006077,10574.17255859375,208.233385211877,1.5728872504545421,0.0,0.0,0.0
2020-07-20,11022.2001953125,11037.900390625,10953.0,10999.4501953125,0.011053321760931656,0.010992680250840313,22.75,84.900390625,0.007702671800599872,10609.72255859375,221.2595476421325,1.8642252554266958,0.0,0.0,0.0
2020-07-21,11162.25,11179.5498046875,11113.25,11126.099609375,0.012706156865764484,0.012626110991777935,36.150390625,66.2998046875,0.005939645204819817,10644.28505859375,250.5059362835181,2.0676753177618363,0.0,0.0,0.0
2020-07-22,11132.599609375,11238.099609375,11056.5498046875,11231.2001953125,-0.0026563094918139463,-0.002659843741967638,-98.6005859375,181.5498046875,0.016307943432602483,10685.650048828125,259.7194952402713,1.7208933820443217,0.0,0.0,0.0
2020-07-23,11215.4501953125,11239.7998046875,11103.150390625,11135.0,0.007442159858846331,0.007414603621325298,80.4501953125,136.6494140625,0.01218403289059343,10731.9775390625,267.7374288022942,1.805771641315834,0.0,0.0,0.0
2020-07-24,11194.150390625,11225.400390625,11090.2998046875,11149.9501953125,-0.0018991484351116306,-0.0019009541040186228,44.2001953125,135.1005859375,0.012068855716879195,10772.53505859375,273.46735194268507,1.5417391839871777,0.0,0.0,0.0
2020-07-27,11131.7998046875,11225.0,11087.849609375,11225.0,-0.005569925698846956,-0.0055854955772852745,-93.2001953125,137.150390625,0.012320594426001733,10813.505029296875,262.04458581289043,1.2146588505282034,0.0,0.0,0.0
2020-07-28,11300.5498046875,11317.75,11151.400390625,11154.099609375,0.0151592736988444,0.015045520083450243,146.4501953125,166.349609375,0.014720488139966226,10863.4275390625,254.48729719172007,1.7176584860960258,0.0,0.0,0.0
2020-07-29,11202.849609375,11341.400390625,11149.75,11276.900390625,-0.008645614328603224,-0.008683204468886633,-74.05078125,191.650390625,0.017107289422560772,10902.067529296875,243.6608955585992,1.23442901819996,0.0,0.0,0.0
2020-07-30,11102.150390625,11299.9501953125,11084.9501953125,11254.2998046875,-0.008988714680747911,-0.009029356907451743,-152.1494140625,215.0,0.019365617689844364,10929.5900390625,232.85054165843502,0.741077733096395,0.0,0.0,0.0
2020-07-31,11073.4501953125,11150.400390625,11026.650390625,11139.5,-0.002585102372305803,-0.002588449519166038,-66.0498046875,123.75,0.011175378749830345,10952.895068359376,221.9723172027052,0.5431088365989047,0.0,0.0,0.0
2020-08-03,10891.599609375,11058.0498046875,10882.25,11057.5498046875,-0.016422215545293994,-0.016558554850121334,-165.9501953125,175.7998046875,0.016140861856157422,10959.292529296876,218.04001535145713,-0.31046099411047096,0.0,0.0,0.0
2020-08-04,11095.25,11112.25,10908.099609375,10946.650390625,0.018697932161379383,0.01852527473195631,148.599609375,204.150390625,0.018399800871994772,10974.072509765625,216.6633797709851,0.559289208736892,0.0,0.0,0.0
2020-08-05,11101.650390625,11225.650390625,11064.0498046875,11155.75,0.0005768586219327965,0.0005766923029565639,-54.099609375,161.6005859375,0.01455644703727715,10993.867529296875,208.80104771550097,0.5161988529625744,0.0,0.0,0.0
2020-08-06,11200.150390625,11256.7998046875,11127.2998046875,11185.7001953125,0.008872554668374333,0.00883342483924069,14.4501953125,129.5,0.011562344743906027,11013.2025390625,209.1190828511577,0.8939779622864995,0.0,0.0,0.0
2020-08-07,11214.0498046875,11231.900390625,11142.0498046875,11186.650390625,0.0012410024488720417,0.0012402330418245548,27.3994140625,89.8505859375,0.008012322711456323,11035.5025390625,205.34681656256004,0.8694912763383646,0.0,0.0,0.0
2020-08-10,11270.150390625,11337.2998046875,11238.0,11270.25,0.005002705259437024,0.004990233307851035,-0.099609375,99.2998046875,0.008810867756485475,11058.875048828126,204.05316452590617,1.035393605817131,0.0,0.0,0.0
2020-08-11,11322.5,11373.599609375,11299.150390625,11322.25,0.004644978776729314,0.004634224153283686,0.25,74.44921875,0.006575333958931331,11094.632568359375,182.26167906469763,1.2502212906737167,0.0,0.0,0.0
2020-08-12,11308.400390625,11322.0,11242.650390625,11289.0,-0.0012452735151247118,-0.0012460495124746427,19.400390625,79.349609375,0.007016873000073749,11129.142578125,149.7466516140568,1.1970739283172926,0.0,0.0,0.0
2020-08-13,11300.4501953125,11359.2998046875,11269.9501953125,11334.849609375,-0.0007030344733010008,-0.0007032817179241128,-34.3994140625,89.349609375,0.007906730070989808,11157.167578125,123.16542365324821,1.1633347488081458,0.0,0.0,0.0
2020-08-14,11178.400390625,11366.25,11111.4501953125,11353.2998046875,-0.010800437378868932,-0.010859185489107238,-174.8994140625,254.7998046875,0.022793941510736472,11171.002587890625,107.50368630920482,0.06881440989006543,0.0,0.0,0.0
2020-08-17,11247.099609375,11267.099609375,11144.5,11248.900390625,0.0061457110453491115,0.006126903182347498,-1.80078125,122.599609375,0.010900553354467254,11182.24755859375,102.77810184307016,0.6309909369631218,0.0,0.0,0.0
2020-08-18,11385.349609375,11401.7001953125,11253.150390625,11259.7998046875,0.012292057935075373,0.012217124027310865,125.5498046875,148.5498046875,0.013047452189362735,11193.4025390625,112.171226033544,1.7111970431267314,0.0,0.0,0.0
2020-08-19,11408.400390625,11460.349609375,11394.099609375,11452.150390625,0.002024600213507588,0.002022553472584474,-43.75,66.25,0.005807124376038011,11207.192578125,120.91516630712225,1.664041150875455,0.0,0.0,0.0
2020-08-20,11312.2001953125,11361.4501953125,11289.7998046875,11317.4501953125,-0.008432399987605033,-0.0084681538079335,-5.25,71.650390625,0.006333904049425343,11212.030078125,123.17711995318874,0.8132201599255376,0.0,0.0,0.0
2020-08-21,11371.599609375,11418.5,11362.2001953125,11409.650390625,0.005250916093857194,0.005237178104313519,-38.05078125,56.2998046875,0.004950913382589129,11220.9025390625,128.11339457802302,1.1762788021413633,0.0,0.0,0.0
2020-08-24,11466.4501953125,11497.25,11410.650390625,11412.0,0.008341006471886514,0.008306412509926262,54.4501953125,86.599609375,0.007552434092497261,11237.63505859375,137.38202700868246,1.6655390934382435,0.0,0.0,0.0
2020-08-25,11472.25,11525.900390625,11423.349609375,11513.099609375,0.0005058064691958464,0.000505678592222556,-40.849609375,102.55078125,0.008939029505981825,11246.220068359375,146.577528104049,1.5420503713241538,0.0,0.0,0.0
2020-08-26,11549.599609375,11561.75,11461.849609375,11512.849609375,0.0067423225064831005,0.006719694702452173,36.75,99.900390625,0.00864968431839916,11263.557568359374,160.97741492881408,1.7769079043921567,0.0,0.0,0.0
2020-08-27,11559.25,11617.349609375,11540.599609375,11609.2998046875,0.0008355606212675504,0.0008352117348219679,-50.0498046875,76.75,0.006639704133053615,11286.412548828124,169.0990940694301,1.6134767171481823,0.0,0.0,0.0
2020-08-28,11647.599609375,11686.0498046875,11589.400390625,11602.9501953125,0.007643195654994939,0.007614134421611744,44.6494140625,96.6494140625,0.008297796739570972,11315.12001953125,179.46064220252302,1.8526602031689114,0.0,0.0,0.0
2020-08-31,11387.5,11794.25,11325.849609375,11777.5498046875,-0.022330747801946216,-0.0225838540823065,-390.0498046875,468.400390625,0.04113285537870472,11339.9150390625,149.6469149237512,0.31798156989568216,0.0,0.0,0.0
2020-09-01,11470.25,11553.5498046875,11366.900390625,11464.2998046875,0.007266739846322645,0.007240464307211334,5.9501953125,186.6494140625,0.016272480029859857,11358.6650390625,140.5973636199737,0.7936490277236458,0.0,0.0,0.0
2020-09-02,11535.0,11554.75,11430.400390625,11478.5498046875,0.005645038251127943,0.005629164732428894,56.4501953125,124.349609375,0.010780200205895102,11380.33251953125,132.03521245265887,1.171410850148826,0.0,0.0,0.0
2020-09-03,11527.4501953125,11584.9501953125,11507.650390625,11566.2001953125,-0.0006545127600779965,-0.0006547270470620276,-38.75,77.2998046875,0.006705715780835301,11396.697509765625,128.77037949360596,1.0153941151766774,0.0,0.0,0.0
2020-09-04,11333.849609375,11452.0498046875,11303.650390625,11354.400390625,-0.016794744948559814,-0.01693737589976223,-20.55078125,148.3994140625,0.013093469489814717,11402.6875,122.45868837600615,-0.5621315362584571,0.0,0.0,0.0
2020-09-07,11355.0498046875,11381.150390625,11251.7001953125,11359.599609375,0.0018705202595032944,0.001868773014980915,-4.5498046875,129.4501953125,0.011400231398286022,11406.932470703125,119.04650704318112,-0.43581846544061564,0.0,0.0,0.0
2020-09-08,11317.349609375,11437.25,11290.4501953125,11378.5498046875,-0.0033201259317187093,-0.003325649779789579,-61.2001953125,146.7998046875,0.012971217622003551,11406.674951171875,119.24416934945353,-0.7490960965571498,0.0,0.0,0.0
2020-09-09,11278.0,11298.150390625,11185.150390625,11218.599609375,-0.003476927967516641,-0.003482986529093653,59.400390625,113.0,0.010019507004788084,11405.154931640625,120.74710657400266,-1.053068145883028,0.0,0.0,0.0
2020-09-10,11449.25,11464.0498046875,11327.400390625,11363.2998046875,0.015184429863450921,0.01507030028649042,85.9501953125,136.6494140625,0.01193522842653449,11412.594921875,118.51973749109429,0.3092740407710997,0.0,0.0,0.0
2020-09-11,11464.4501953125,11493.5,11419.900390625,11447.7998046875,0.0013276149365679668,0.0013267344350831917,16.650390625,73.599609375,0.006419811514824572,11426.897412109374,105.2921503801834,0.3566532079317603,0.0,0.0,0.0
2020-09-14,11440.0498046875,11568.900390625,11383.5498046875,11540.150390625,-0.0021283524468515003,-0.002130620607789219,-100.1005859375,185.3505859375,0.016201903759330977,11436.544921875,96.41646189723586,0.0363514979032899,0.0,0.0,0.0
2020-09-15,11521.7998046875,11535.9501953125,11442.25,11487.2001953125,0.007145947910690342,0.007120536611649034,34.599609375,93.7001953125,0.008132426955932635,11443.367431640625,97.42555878915427,0.8050492501317462,0.0,0.0,0.0
2020-09-16,11604.5498046875,11618.099609375,11516.75,11538.4501953125,0.0071820376506051,0.007156369643982706,66.099609375,101.349609375,0.008733609754861942,11453.17490234375,103.40935119936007,1.4638415248531906,0.0,0.0,0.0
2020-09-17,11516.099609375,11587.2001953125,11498.5,11539.400390625,-0.007622027291120936,-0.007651223391398827,-23.30078125,88.7001953125,0.0077022775350337495,11463.369873046875,98.72430687036564,0.5341109803623553,0.0,0.0,0.0
2020-09-18,11504.9501953125,11584.099609375,11446.099609375,11584.099609375,-0.0009681588767627147,-0.0009686278452831663,-79.1494140625,138.0,0.011994836801312343,11470.03740234375,96.682145943472,0.3611089992682004,0.0,0.0,0.0
2020-09-21,11250.5498046875,11535.25,11218.5,11503.7998046875,-0.02211225483867385,-0.022360395533691877,-253.25,316.75,0.028154179617784304,11459.2423828125,108.44173746824124,-1.9244673038009739,0.0,0.0,0.0
2020-09-22,11153.650390625,11302.2001953125,11084.650390625,11301.75,-0.00861286032635733,-0.008650165364363744,-148.099609375,217.5498046875,0.019504807580337784,11443.31240234375,128.05726106276035,-2.261972568480816,1.0,0.0,0.0
2020-09-23,11131.849609375,11259.5498046875,11024.400390625,11258.75,-0.0019545871070447696,-0.0019564998051874198,-126.900390625,235.1494140625,0.02112402002488987,11422.42490234375,143.00550744039555,-2.031916799357262,1.0,1.0,1.0
2020-09-24,10805.5498046875,11015.2998046875,10790.2001953125,11011.0,-0.029312272096516434,-0.02975046086629724,-205.4501953125,225.099609375,0.02083185154330145,11384.739892578125,194.9320404581635,-2.9712410875570336,1.0,1.0,1.0
2020-09-25,11050.25,11072.599609375,10854.849609375,10910.400390625,0.022645788482354545,0.02239317919403798,139.849609375,217.75,0.019705436528585325,11354.872412109375,198.27127048272592,-1.5363920923476122,1.0,1.0,1.0
2020-09-28,11227.5498046875,11239.349609375,11099.849609375,11140.849609375,0.016044868187371275,0.015917509782938703,86.7001953125,139.5,0.012424794583566112,11346.87490234375,200.1033576216855,-0.5963173185821592,1.0,1.0,1.0
2020-09-29,11222.400390625,11305.400390625,11181.0,11288.599609375,-0.0004586409458945395,-0.00045874615382283734,-66.19921875,124.400390625,0.011085007333094437,11334.482421875,199.7349215441276,-0.5611539053036233,1.0,1.0,1.0
2020-09-30,11247.5498046875,11295.400390625,11184.5498046875,11244.4501953125,0.002241001317642377,0.0022384940193966077,3.099609375,110.8505859375,0.009855531903606437,11320.109912109376,194.82858037059833,-0.372430509342385,0.0,1.0,1.0
2020-10-01,11416.9501953125,11428.599609375,11347.0498046875,11364.4501953125,0.015061092732783665,0.014948800566928164,52.5,81.5498046875,0.00714287119523235,11314.584912109374,190.14992336621077,0.5383398604162457,0.0,0.0,0.0
2020-10-05,11503.349609375,11578.0498046875,11452.2998046875,11487.7998046875,0.0075676439490797165,0.007539152980994381,15.5498046875,125.75,0.010931598557824954,11323.059912109375,194.7748151395657,0.9256314638853024,0.0,0.0,0.0
2020-10-06,11662.400390625,11680.2998046875,11564.2998046875,11603.4501953125,0.013826475474619793,0.013731761801546099,58.9501953125,116.0,0.009946494384916538,11338.42744140625,209.0344634942985,1.549854238402115,0.0,0.0,0.0
2020-10-07,11738.849609375,11763.0498046875,11629.349609375,11679.25,0.006555187284725372,0.006533795478530655,59.599609375,133.7001953125,0.011389548359638494,11359.50244140625,227.25168712665277,1.6692820755928242,0.0,0.0,0.0
2020-10-08,11834.599609375,11905.7001953125,11791.150390625,11835.400390625,0.008156676606839941,0.008123590712403974,-0.80078125,114.5498046875,0.009679229417846737,11387.332421875,249.7164467251036,1.7911002393541449,0.0,0.0,0.0
2020-10-09,11914.2001953125,11938.599609375,11805.2001953125,11852.0498046875,0.0067260903253916204,0.00670357110102055,62.150390625,133.3994140625,0.01119667387450686,11410.579931640625,276.03915640770623,1.824452263315987,0.0,0.0,0.0
2020-10-12,11930.9501953125,12022.0498046875,11867.2001953125,11973.5498046875,0.0014058853909966196,0.0014048980594053501,-42.599609375,154.849609375,0.012978816174745092,11433.904931640625,299.53971663916394,1.6593634702226576,0.0,0.0,0.0
2020-10-13,11934.5,11988.2001953125,11888.900390625,11934.650390625,0.0002975290843887368,0.0002974848313881938,-0.150390625,99.2998046875,0.00832039923645733,11458.62744140625,319.7935525056814,1.4880617663024827,0.0,0.0,0.0
2020-10-14,11971.0498046875,11997.2001953125,11822.150390625,11917.400390625,0.0030625333853533387,0.0030578533826602027,53.6494140625,175.0498046875,0.014622761373773234,11481.08994140625,339.6271222387311,1.4426405643093698,0.0,0.0,0.0
2020-10-15,11680.349609375,12025.4501953125,11661.2998046875,12023.4501953125,-0.02428360085835335,-0.024583309443990238,-343.1005859375,364.150390625,0.031176326291870744,11484.879931640626,341.4951535420252,0.5723937095649567,0.0,0.0,0.0
2020-10-16,11762.4501953125,11789.75,11667.849609375,11727.400390625,0.007028949362235082,0.007004361448563385,35.0498046875,121.900390625,0.01036352023607964,11497.1974609375,347.0777260437709,0.7642459151687222,0.0,0.0,0.0
2020-10-19,11873.0498046875,11898.25,11820.400390625,11879.2001953125,0.009402769621849272,0.009358838750109354,-6.150390625,77.849609375,0.0065568333878516065,11515.60244140625,357.12492460361074,1.000902873631676,0.0,0.0,0.0
2020-10-20,11896.7998046875,11949.25,11837.25,11861.0,0.002000328507897331,0.0019983305148122575,35.7998046875,112.0,0.009414296435909637,11547.91494140625,361.09501593330276,0.9661857624357008,0.0,0.0,0.0
2020-10-21,11937.650390625,12018.650390625,11775.75,11958.5498046875,0.0034337457642519276,0.003427863919924764,-20.8994140625,242.900390625,0.020347420361359975,11587.11494140625,358.58779916431,0.9775442723809195,0.0,0.0,0.0
2020-10-22,11896.4501953125,11939.5498046875,11823.4501953125,11890.0,-0.0034512817819539743,-0.0034572511936285335,6.4501953125,116.099609375,0.00975918088748408,11625.344970703125,348.10086699414893,0.7788122648195871,0.0,0.0,0.0
2020-10-23,11930.349609375,11974.5498046875,11908.75,11957.900390625,0.0028495402835257977,0.002845488039808009,-27.55078125,65.7998046875,0.005515329126297673,11681.5849609375,295.58283582004776,0.8416072189961298,0.0,0.0,0.0
2020-10-26,11767.75,11942.849609375,11711.7001953125,11937.400390625,-0.013629073304543216,-0.01372280171939824,-169.650390625,231.1494140625,0.019642617667990907,11717.4599609375,255.78725867939647,0.19660885112942036,0.0,0.0,0.0
2020-10-27,11889.400390625,11899.0498046875,11723.0,11807.099609375,0.010337608346965288,0.010284540688903391,82.30078125,176.0498046875,0.014807290435463706,11750.552490234375,230.64720754417837,0.601992549005953,0.0,0.0,0.0
2020-10-28,11729.599609375,11929.400390625,11684.849609375,11922.599609375,-0.013440608945763599,-0.013531751526031222,-193.0,244.55078125,0.02084903060583077,11775.912451171875,194.5840885919588,-0.23800939805511168,0.0,0.0,0.0
2020-10-29,11670.7998046875,11744.150390625,11606.4501953125,11633.2998046875,-0.005012942184360991,-0.0050255491286022155,37.5,137.7001953125,0.011798693972729583,11797.074951171875,152.57801063478033,-0.8276103873620072,0.0,0.0,0.0
2020-10-30,11642.400390625,11748.9501953125,11535.4501953125,11678.4501953125,-0.002433373422367602,-0.0024363388871728973,-36.0498046875,213.5,0.01833814272286324,11808.3474609375,129.616628520412,-1.280291519744069,0.0,0.0,0.0
2020-11-02,11669.150390625,11725.650390625,11557.400390625,11697.349609375,0.002297636149117599,0.00229500061940095,-28.19921875,168.25,0.014418359037961506,11816.6375,113.36633152926404,-1.3009780539377236,0.0,0.0,0.0
2020-11-03,11813.5,11836.2001953125,11723.2998046875,11734.4501953125,0.01237019016319918,0.01229430453308261,79.0498046875,112.900390625,0.009556895977060144,11824.19248046875,107.42580812230777,-0.0995336284235898,0.0,0.0,0.0
2020-11-04,11908.5,11929.650390625,11756.400390625,11783.349609375,0.008041647267956087,0.008009485529747545,125.150390625,173.25,0.014548431792417181,11832.675,107.02952622989325,0.7084493659920815,0.0,0.0,0.0
2020-11-05,12120.2998046875,12131.099609375,12027.599609375,12062.400390625,0.017785598915690537,0.017629285844443805,57.8994140625,103.5,0.008539392726900337,11846.960009765626,124.87765892751261,2.1888606598602163,0.0,0.0,0.0
2020-11-06,12263.5498046875,12280.400390625,12131.849609375,12156.650390625,0.011819014571289532,0.011749715515175936,106.8994140625,148.55078125,0.012113195902969252,11864.427490234375,155.4649599185843,2.56728149328403,0.0,0.0,0.0
2020-11-09,12461.0498046875,12474.0498046875,12367.349609375,12399.400390625,0.016104635537461442,0.015976331587139476,61.6494140625,106.7001953125,0.008562697123027495,11890.932470703125,204.77206294686292,2.7841558354193916,0.0,0.0,0.0
2020-11-10,12631.099609375,12643.900390625,12475.25,12556.400390625,0.01364650710436388,0.013554232066476922,74.69921875,168.650390625,0.01335199593389518,11925.762451171875,263.4175263199957,2.6776394420555443,0.0,0.0,0.0
2020-11-11,12749.150390625,12769.75,12571.099609375,12680.599609375,0.009346041508720315,0.009302637490367565,68.55078125,198.650390625,0.015581461080816506,11964.66748046875,321.51219986961297,2.43997867102521,0.0,0.0,0.0
2020-11-12,12690.7998046875,12741.150390625,12624.849609375,12702.150390625,-0.004576821525331454,-0.004587327240413277,-11.3505859375,116.30078125,0.00916418059065457,12015.189990234376,352.39129113041395,1.9172148445720036,0.0,0.0,0.0
2020-11-13,12719.9501953125,12735.9501953125,12607.7001953125,12659.7001953125,0.002296970330761372,0.0022943363271255195,60.25,128.25,0.01008258664780481,12063.064990234376,380.19261388844575,1.7277695070395669,0.0,0.0,0.0
2020-11-17,12874.2001953125,12934.0498046875,12797.099609375,12932.5,0.012126619808373373,0.012053681426341886,-58.2998046875,136.9501953125,0.010637569187588337,12113.122509765624,417.8958252456763,1.821213899658956,0.0,0.0,0.0
2020-11-18,12938.25,12948.849609375,12819.349609375,12860.099609375,0.004975051165572175,0.004962716492027381,78.150390625,129.5,0.01000908159913435,12165.19501953125,452.93838498943205,1.706755280824317,0.0,0.0,0.0
2020-11-19,12771.7001953125,12963.0,12745.75,12839.5,-0.01287266861341374,-0.012956239372488106,-67.7998046875,217.25,0.01701026462238251,12206.897509765626,468.99671458900093,1.2042785545775767,0.0,0.0,0.0
2020-11-20,12859.0498046875,12892.4501953125,12730.25,12813.400390625,0.00683930941371913,0.006816027431926412,45.6494140625,162.2001953125,0.012613699905989421,12255.027490234375,484.59400412980114,1.2464502435142264,0.0,0.0,0.0
2020-11-23,12926.4501953125,12968.849609375,12825.7001953125,12960.2998046875,0.005241475198302092,0.0052277864790618534,-33.849609375,143.1494140625,0.011074147341271625,12304.83251953125,500.39865852624035,1.2422448885295183,0.0,0.0,0.0
2020-11-24,13055.150390625,13079.099609375,12978.0,13002.599609375,0.0099563448098976,0.009907106958531581,52.55078125,101.099609375,0.007744040194864425,12369.2025390625,510.3779207735704,1.3439998550933026,0.0,0.0,0.0
2020-11-25,12858.400390625,13145.849609375,12833.650390625,13130.0,-0.015070680468092346,-0.015185397205090293,-271.599609375,312.19921875,0.024279786697078046,12417.6525390625,508.422907501745,0.8668921975373189,0.0,0.0,0.0
2020-11-26,12987.0,13018.0,12790.400390625,12906.4501953125,0.010001213639976747,0.009951532476185488,80.5498046875,227.599609375,0.017525187447062447,12480.52255859375,496.4648773650752,1.0201677188008054,0.0,0.0,0.0
2020-11-27,12968.9501953125,13035.2998046875,12914.2998046875,13012.0498046875,-0.001389836350773832,-0.0013908030691388337,-43.099609375,121.0,0.009329976457441734,12545.430078125,469.1381241432564,0.9027620979662127,0.0,0.0,0.0
2020-12-01,13109.0498046875,13128.400390625,12962.7998046875,13062.2001953125,0.010802694687318537,0.01074476242399418,46.849609375,165.6005859375,0.01263253923089719,12618.762548828125,433.8549700341886,1.1300717744935358,0.0,0.0,0.0
2020-12-02,13113.75,13128.5,12983.5498046875,13121.400390625,0.0003585458429504751,0.0003584815807498976,-7.650390625,144.9501953125,0.01105329866075684,12690.992529296875,384.93187980295437,1.0982656747462274,0.0,0.0,0.0
2020-12-03,13133.900390625,13216.599609375,13107.900390625,13215.2998046875,0.0015365849299400214,0.0015354055912646832,-81.3994140625,108.69921875,0.008276232917647957,12757.012548828125,336.72414641195905,1.1192777405864407,0.0,0.0,0.0
2020-12-04,13258.5498046875,13280.0498046875,13152.849609375,13177.400390625,0.009490662358873525,0.009445908959648398,81.1494140625,127.2001953125,0.009593824150174323,12824.5150390625,289.71076452029155,1.4981658218453928,0.0,0.0,0.0
2020-12-07,13355.75,13366.650390625,13241.9501953125,13264.849609375,0.007331133249439903,0.007304391112653887,90.900390625,124.7001953125,0.009336817124646688,12886.287548828124,262.0454804480014,1.7915304258225235,0.0,0.0,0.0
2020-12-08,13392.9501953125,13435.4501953125,13311.0498046875,13393.849609375,0.002785331809333158,0.002781459960611745,-0.8994140625,124.400390625,0.009288497964290186,12942.757568359375,241.6844745889343,1.8627287818914677,0.0,0.0,0.0
2020-12-09,13529.099609375,13548.900390625,13449.599609375,13458.099609375,0.010165752285866914,0.010114428562528128,71.0,99.30078125,0.007339792308217573,12996.16005859375,247.57076820314532,2.152675595141118,0.0,0.0,0.0
2020-12-10,13478.2998046875,13503.5498046875,13399.2998046875,13488.5,-0.0037548548058806697,-0.0037619219695161584,-10.2001953125,104.25,0.007734655075986943,13038.520068359376,254.21050277879297,1.729982559811105,0.0,0.0,0.0
2020-12-11,13513.849609375,13579.349609375,13402.849609375,13512.2998046875,0.002637558535026452,0.0026340862816878062,1.5498046875,176.5,0.01306067516672349,13076.755029296875,265.6473455888932,1.64539411869207,0.0,0.0,0.0
2020-12-14,13558.150390625,13597.5,13472.4501953125,13571.4501953125,0.0032781762806703973,0.0032728147749187795,-13.2998046875,125.0498046875,0.009223220062079242,13120.12255859375,270.0844837325739,1.6218178326192423,0.0,0.0,0.0
2020-12-15,13567.849609375,13589.650390625,13447.0498046875,13547.2001953125,0.0007153791977927426,0.0007151234360649028,20.6494140625,142.6005859375,0.010510183267285556,13162.517529296874,270.5104200306026,1.4983972892144817,0.0,0.0,0.0
2020-12-16,13682.7001953125,13692.349609375,13606.4501953125,13663.099609375,0.008464907059269056,0.008429280641864136,19.6005859375,85.8994140625,0.006277957774148112,13202.942529296875,285.17043546519716,1.6823541515900773,0.0,0.0,0.0
2020-12-17,13740.7001953125,13773.25,13673.5498046875,13713.5498046875,0.004238929390550483,0.004229970438016461,27.150390625,99.7001953125,0.007255830772474878,13243.0650390625,301.92768605290206,1.6481931907457057,0.0,0.0,0.0
2020-12-18,13760.5498046875,13772.849609375,13658.599609375,13764.400390625,0.0014445849987885229,0.0014435425896574643,-3.8505859375,114.25,0.008302720575967175,13292.50751953125,301.64118748260296,1.5516524419704616,0.0,0.0,0.0
2020-12-21,13328.400390625,13777.5,13131.4501953125,13741.900390625,-0.0314049525779333,-0.03190866215630266,-413.5,646.0498046875,0.04847166844882015,13315.975048828124,283.8781171693024,0.04376998805253229,0.0,0.0,0.0
2020-12-22,13466.2998046875,13492.0498046875,13192.900390625,13373.650390625,0.010346283876607965,0.010293127415086657,92.6494140625,299.1494140625,0.02221467057776099,13342.967529296875,270.2284572868387,0.4564000276984589,0.0,0.0,0.0
2020-12-23,13601.099609375,13619.4501953125,13432.2001953125,13473.5,0.010010159185716239,0.009960389402299756,127.599609375,187.25,0.013767269219242527,13370.264990234375,267.18172422178367,0.8639611104126752,0.0,0.0,0.0
2020-12-24,13749.25,13771.75,13626.900390625,13672.150390625,0.01089253037474136,0.01083363406633502,77.099609375,144.849609375,0.010535091686819282,13414.807470703125,251.13207045109138,1.3317396248760227,0.0,0.0,0.0
2020-12-28,13873.2001953125,13885.2998046875,13811.5498046875,13815.150390625,0.009015051389166695,0.008974658395164679,58.0498046875,73.75,0.005316004884361056,13459.11748046875,249.85428785686827,1.6572968124563907,0.0,0.0,0.0
2020-12-29,13932.599609375,13967.599609375,13859.900390625,13910.349609375,0.004281594241144937,0.004272454296258275,22.25,107.69921875,0.007730016060859963,13507.299951171875,243.1813799294883,1.7488989425359889,0.0,0.0,0.0
2020-12-30,13981.9501953125,13997.0,13864.9501953125,13980.900390625,0.003542094606974411,0.003535836164182277,1.0498046875,132.0498046875,0.009444305182246334,13550.944970703125,246.25600797737002,1.7502323218403766,0.0,0.0,0.0
2020-12-31,13981.75,14024.849609375,13936.4501953125,13970.0,-1.4318125132972703e-05,-1.4318227638304822e-05,11.75,88.3994140625,0.006322485673288394,13594.344970703125,241.59347528369747,1.6035409434876273,0.0,0.0,0.0
2021-01-01,14018.5,14049.849609375,13991.349609375,13996.099609375,0.0026284263414808606,0.002624978069994666,22.400390625,58.5,0.004173057031779434,13638.574951171875,233.70620251691042,1.6256523991939604,0.0,0.0,0.0
2021-01-04,14132.900390625,14147.9501953125,13953.75,14104.349609375,0.00816067272711063,0.008127554493474463,28.55078125,194.2001953125,0.01374100078150426,13682.29248046875,240.55498042916236,1.873201333650804,0.0,0.0,0.0
2021-01-05,14199.5,14215.599609375,14048.150390625,14075.150390625,0.004712380865514287,0.00470131235786493,124.349609375,167.44921875,0.01179261373639917,13724.47998046875,253.89027853533025,1.8709657662813912,0.0,0.0,0.0
2021-01-06,14146.25,14244.150390625,14039.900390625,14240.9501953125,-0.0037501320469031096,-0.0037571814216639365,-94.7001953125,204.25,0.01443845542104798,13762.144970703124,257.9626776659077,1.4889945815895793,0.0,0.0,0.0
2021-01-07,14137.349609375,14256.25,14123.099609375,14253.75,-0.0006291696120880319,-0.0006293676223474675,-116.400390625,133.150390625,0.009418341789942228,13792.557470703125,264.80579732305426,1.302056609626414,0.0,0.0,0.0
2021-01-08,14347.25,14367.2998046875,14221.650390625,14258.400390625,0.014847223590326086,0.014738082534464191,88.849609375,145.6494140625,0.010151730405652652,13836.00498046875,281.3026367056594,1.817419934339936,0.0,0.0,0.0
2021-01-11,14484.75,14498.2001953125,14383.099609375,14474.0498046875,0.009583718134137165,0.00953808562855032,10.7001953125,115.1005859375,0.007946328789761646,13884.55,305.51474542326713,1.964553295679624,0.0,0.0,0.0
2021-01-12,14563.4501953125,14590.650390625,14432.849609375,14473.7998046875,0.005433314024232416,0.0054186068221036155,89.650390625,157.80078125,0.010835398146298528,13934.814990234376,330.6519333138696,1.901199242290217,0.0,0.0,0.0
2021-01-13,14564.849609375,14653.349609375,14435.7001953125,14639.7998046875,9.609083312889233e-05,9.608621670051523e-05,-74.9501953125,217.6494140625,0.014943471432921969,13984.664990234374,347.15860925717953,1.6712378828284151,0.0,0.0,0.0
2021-01-14,14595.599609375,14617.7998046875,14471.5,14550.0498046875,0.002111247340323086,0.002109021789565324,45.5498046875,146.2998046875,0.01002355563340674,14030.3099609375,364.92623653560094,1.5490518133309166,0.0,0.0,0.0
2021-01-15,14433.7001953125,14617.4501953125,14357.849609375,14594.349609375,-0.011092344158201595,-0.01115432296065278,-160.6494140625,259.6005859375,0.017985726627591177,14064.9599609375,368.8595096248106,0.9996766377260223,0.0,0.0,0.0
2021-01-18,14281.2998046875,14459.150390625,14222.7998046875,14453.2998046875,-0.010558650142566628,-0.010614788200058034,-172.0,236.3505859375,0.016549655085311178,14090.9974609375,364.59550590620887,0.5219547160270109,0.0,0.0,0.0
2021-01-19,14521.150390625,14546.0498046875,14350.849609375,14371.650390625,0.016794730817062842,0.01665525875641371,149.5,195.2001953125,0.013442474601635088,14150.6349609375,329.11463358513,1.1257944554193209,0.0,0.0,0.0
2021-01-20,14644.7001953125,14666.4501953125,14517.5498046875,14538.2998046875,0.008508265623863087,0.008472274336760961,106.400390625,148.900390625,0.01016752740849282,14209.55498046875,304.7317089597152,1.4279617186187683,0.0,0.0,0.0
2021-01-21,14590.349609375,14753.5498046875,14517.25,14730.9501953125,-0.0037112802046228577,-0.003718184091801354,-140.6005859375,236.2998046875,0.0161956232039612,14259.01748046875,280.0585189911372,1.1830817719804305,0.0,0.0,0.0
2021-01-22,14371.900390625,14619.900390625,14357.75,14583.400390625,-0.014972171647596122,-0.015085386074712022,-211.5,262.150390625,0.01824048201697839,14290.15,253.78375574754725,0.3221261754291398,0.0,0.0,0.0
2021-01-25,14238.900390625,14491.099609375,14218.599609375,14477.7998046875,-0.009254169343308138,-0.009297255190251277,-238.8994140625,272.5,0.019137713764710094,14308.435009765624,234.6116892738708,-0.296381733390334,0.0,0.0,0.0
2021-01-27,13967.5,14237.9501953125,13929.2998046875,14237.9501953125,-0.019060488041877988,-0.019244480891583437,-270.4501953125,308.650390625,0.022097754832647216,14310.180029296875,231.7818598969688,-1.4784592264864993,0.0,0.0,0.0
2021-01-28,13817.5498046875,13898.25,13713.25,13810.400390625,-0.010735650281904374,-0.010793693167934581,7.1494140625,185.0,0.01338877026788354,14301.960009765626,246.48391864145006,-1.965281174317815,0.0,0.0,0.0
2021-01-29,13634.599609375,13966.849609375,13596.75,13946.599609375,-0.013240422354072856,-0.013328858232496075,-312.0,370.099609375,0.02714414944172791,14284.602490234374,280.14487838277876,-2.3202383160160305,1.0,0.0,0.0
2021-02-01,14281.2001953125,14336.349609375,13661.75,13758.599609375,0.047423511101338356,0.04633334971971787,522.6005859375,674.599609375,0.04723689887047609,14297.7375,273.08109220415525,-0.06055821937000308,0.0,1.0,1.0
2021-02-02,14647.849609375,14731.7001953125,14469.150390625,14481.099609375,0.02567357148195737,0.025349539675742865,166.75,262.5498046875,0.017924119354656768,14323.4849609375,280.8859065133044,1.1547914684076062,0.0,0.0,0.0
2021-02-03,14789.9501953125,14868.849609375,14574.150390625,14754.900390625,0.009701122671723184,0.009654368913945022,35.0498046875,294.69921875,0.019925639698462366,14353.007470703125,297.69526362963455,1.467751684329715,0.0,0.0,0.0
2021-02-04,14895.650390625,14913.7001953125,14714.75,14789.0498046875,0.0071467580293813615,0.007121340982025425,106.6005859375,198.9501953125,0.013356261062471965,14390.477490234374,316.8479271079234,1.5943702236011659,0.0,0.0,0.0
2021-02-05,14924.25,15014.650390625,14864.75,14952.599609375,0.0019199973566108586,0.0019181565175802602,-28.349609375,149.900390625,0.010044081989044676,14429.822509765625,332.24422898746394,1.4881447053006012,0.0,0.0,0.0
2021-02-08,15115.7998046875,15159.900390625,15041.0498046875,15064.2998046875,0.01283480273296811,0.012753134705385865,51.5,118.8505859375,0.00786267266523626,14468.25,365.01993571217497,1.7740121602511736,0.0,0.0,0.0
2021-02-09,15109.2998046875,15257.099609375,15064.2998046875,15164.150390625,-0.0004300136336804483,-0.00043010611605642915,-54.8505859375,192.7998046875,0.01276034013354384,14499.477490234374,392.20838949682735,1.5548426060836689,0.0,0.0,0.0
2021-02-10,15106.5,15168.25,14977.2001953125,15119.0498046875,-0.00018530340410816137,-0.00018532057490518592,-12.5498046875,191.0498046875,0.01264686093320756,14526.62998046875,415.005368442816,1.3972590805440417,0.0,0.0,0.0
2021-02-11,15173.2998046875,15188.5,15065.400390625,15073.25,0.004421924647502795,0.004412176664707947,100.0498046875,123.099609375,0.00811290958193357,14557.052490234375,439.5314610859933,1.4020550723047278,0.0,0.0,0.0
2021-02-12,15163.2998046875,15243.5,15081.0,15186.2001953125,-0.0006590524229219685,-0.0006592696934370658,-22.900390625,162.5,0.010716664716328147,14585.4375,460.0060612131026,1.256205849035105,0.0,0.0,0.0
2021-02-15,15314.7001953125,15340.150390625,15243.400390625,15270.2998046875,0.00998465984153385,0.009935142462115996,44.400390625,96.75,0.006317459615018327,14629.4875,486.15017009820065,1.4094671512180899,0.0,0.0,0.0
2021-02-16,15313.4501953125,15431.75,15242.2001953125,15371.4501953125,-8.162092525865194e-05,-8.162425642763527e-05,-58.0,189.5498046875,0.012377994656326491,14681.09501953125,501.7758645059099,1.2602343406929677,0.0,0.0,0.0
2021-02-17,15208.900390625,15314.2998046875,15170.75,15279.900390625,-0.006827318687430917,-0.006850731452785171,-71.0,143.5498046875,0.009438539342133262,14715.48251953125,513.6631892657647,0.9605863947522633,0.0,0.0,0.0
2021-02-18,15118.9501953125,15250.75,15078.0498046875,15238.7001953125,-0.005914312869584326,-0.005931871684390037,-119.75,172.7001953125,0.011422763689376012,14739.19501953125,521.1161070231535,0.7287342890830621,0.0,0.0,0.0
2021-02-19,14981.75,15144.0498046875,14898.2001953125,15074.7998046875,-0.009074717063029758,-0.009116143118184506,-93.0498046875,245.849609375,0.016409939384584578,14758.7650390625,522.5794420653294,0.4267005989677327,0.0,0.0,0.0
2021-02-22,14675.7001953125,15010.099609375,14635.0498046875,14999.0498046875,-0.020428174591586412,-0.02063971564030592,-323.349609375,375.0498046875,0.025555837179563876,14773.955029296874,515.1043322068502,-0.19074744249077313,0.0,0.0,0.0
2021-02-23,14707.7998046875,14854.5,14651.849609375,14782.25,0.0021872625461001327,0.002184873969705697,-74.4501953125,202.650390625,0.01377843003821779,14797.4,499.9166616052621,-0.1792302641500047,0.0,0.0,0.0
2021-02-24,14982.0,15008.7998046875,14504.5,14729.150390625,0.01864318245786234,0.01847152850052029,252.849609375,504.2998046875,0.033660379434488054,14848.125,461.251121234435,0.29024319689828315,0.0,0.0,0.0
2021-02-25,15097.349609375,15176.5,15065.349609375,15079.849609375,0.007699213013950157,0.007669725331353619,17.5,111.150390625,0.007362245261643736,14912.114990234375,394.7305967153088,0.469268459759712,0.0,0.0,0.0
2021-02-26,14529.150390625,14919.4501953125,14467.75,14888.599609375,-0.03763569324758598,-0.03836220275630364,-359.44921875,451.7001953125,0.031089236684063895,14956.842529296875,274.82414634694277,-1.556239305595619,0.0,0.0,0.0
2021-03-01,14761.5498046875,14806.7998046875,14638.5498046875,14702.5,0.015995389118723446,0.01586881087701919,59.0498046875,168.25,0.011397854712150384,14980.860009765625,230.00547068360538,-0.9534999512242368,0.0,0.0,0.0
2021-03-02,14919.099609375,14959.099609375,14760.7998046875,14865.2998046875,0.010672985341787733,0.010616431079728933,53.7998046875,198.2998046875,0.013291673752408662,14994.422509765625,216.96317981416908,-0.3471690470942586,0.0,0.0,0.0
2021-03-03,15245.599609375,15273.150390625,14995.7998046875,15064.400390625,0.021884698711632122,0.02164866615239294,181.19921875,277.3505859375,0.01819217302328656,15017.20498046875,218.28127617823938,1.046331746382828,0.0,0.0,0.0
2021-03-04,15080.75,15202.349609375,14980.2001953125,15026.75,-0.010812930524138231,-0.010871815118793142,54.0,222.1494140625,0.014730660879763937,15026.4599609375,216.7750414109448,0.25044414112038516,0.0,0.0,0.0
2021-03-05,14938.099609375,15092.349609375,14862.099609375,14977.9501953125,-0.009459104528952489,-0.009504125991607463,-39.8505859375,230.25,0.015413607220526059,15027.15244140625,216.45323282713386,-0.41141835059756277,0.0,0.0,0.0
2021-03-08,14956.2001953125,15111.150390625,14919.900390625,15002.4501953125,0.0012117060677612201,0.001210972544447202,-46.25,191.25,0.012787338862978087,15019.1724609375,215.95446674904576,-0.29159973661567196,0.0,0.0,0.0
2021-03-09,15098.400390625,15126.849609375,14925.4501953125,15049.900390625,0.00950777560179139,0.009462861169810146,48.5,201.3994140625,0.013339122612455971,15018.627490234376,215.72869039828478,0.3697834545944962,0.0,0.0,0.0
2021-03-10,15174.7998046875,15218.4501953125,15100.849609375,15202.150390625,0.005060099883821945,0.005047340602462587,-27.3505859375,117.6005859375,0.007749728988264685,15022.04248046875,217.72428968057875,0.7016090140556152,0.0,0.0,0.0
2021-03-12,15030.9501953125,15336.2998046875,14953.599609375,15321.150390625,-0.009479506235763657,-0.009524722735275023,-290.2001953125,382.7001953125,0.0254608118807983,15014.925,214.82684076040118,0.07459587105492935,0.0,0.0,0.0
2021-03-15,14929.5,15048.400390625,14745.849609375,15048.400390625,-0.006749419963093084,-0.006772300308835674,-118.900390625,302.55078125,0.020265298988579657,15003.235009765625,212.67841912097592,-0.34669718756788087,0.0,0.0,0.0
2021-03-16,14910.4501953125,15051.599609375,14890.650390625,14996.099609375,-0.001275984104457617,-0.0012767988653300596,-85.6494140625,160.94921875,0.010794390286122862,14983.022509765626,200.373026614245,-0.3621860470912625,0.0,0.0,0.0
2021-03-17,14721.2998046875,14956.5498046875,14696.0498046875,14946.5498046875,-0.012685759862868795,-0.01276691115553913,-225.25,260.5,0.017695448326991655,14953.414990234374,192.57559839111016,-1.2053198197803932,0.0,0.0,0.0
2021-03-18,14557.849609375,14875.2001953125,14478.599609375,14855.5,-0.011102973071742905,-0.011165071153974405,-297.650390625,396.6005859375,0.027243074807016564,14920.862451171875,201.91552240212593,-1.7978451457234437,0.0,0.0,0.0
2021-03-19,14744.0,14788.25,14350.099609375,14471.150390625,0.012786942826028547,0.012705880170274957,272.849609375,438.150390625,0.029717199581185568,14902.11494140625,199.952609564196,-0.7907620798291483,0.0,0.0,0.0
2021-03-22,14736.400390625,14763.900390625,14597.849609375,14736.2998046875,-0.000515437423697751,-0.0005155703072306843,0.1005859375,166.05078125,0.011268069328221983,14889.8474609375,202.32199760744632,-0.7584299884692974,0.0,0.0,0.0
2021-03-23,14814.75,14878.599609375,14707.0,14768.5498046875,0.00531673999743143,0.005302656033791128,46.2001953125,171.599609375,0.01158302430854385,14896.799951171875,196.8920968792827,-0.4167254677681722,0.0,0.0,0.0
2021-03-24,14549.400390625,14752.349609375,14535.0,14712.4501953125,-0.017911176994211853,-0.018073523592070435,-163.0498046875,217.349609375,0.014938733111987942,14888.87998046875,207.7795313148779,-1.6338451997434142,0.0,0.0,0.0
2021-03-25,14324.900390625,14575.599609375,14264.400390625,14570.900390625,-0.015430189146808937,-0.015550473459416195,-246.0,311.19921875,0.021724354813222005,14856.025,241.4961026084079,-2.1993092378647274,1.0,0.0,0.0
2021-03-26,14507.2998046875,14572.900390625,14414.25,14506.2998046875,0.012733031929623273,0.012652648509180619,1.0,158.650390625,0.01093590073693369,14826.522509765626,246.45387527050272,-1.2952634837969312,1.0,1.0,1.0
2021-03-30,14845.099609375,14876.2998046875,14617.599609375,14628.5,0.02328481586755049,0.023017860602701366,216.599609375,258.7001953125,0.017426639235827376,14842.319970703125,236.30649990251788,0.011762853214030524,0.0,1.0,1.0
2021-03-31,14690.7001953125,14813.75,14670.25,14811.849609375,-0.010400699094332388,-0.010455164345430578,-121.1494140625,143.5,0.00976808444064415,14838.777490234375,238.1052652263034,-0.6218984480714345,0.0,0.0,0.0
2021-04-01,14867.349609375,14883.2001953125,14692.4501953125,14798.400390625,0.012024574166918489,0.011952853344086897,68.94921875,190.75,0.012830128100284771,14836.189990234376,237.46678984264227,0.13121674471311226,0.0,0.0,0.0
2021-04-05,14637.7998046875,14849.849609375,14459.5,14837.7001953125,-0.015439860548026041,-0.015560296479187625,-199.900390625,390.349609375,0.02666723241084342,14805.8,220.6080650137091,-0.7615324276655948,0.0,0.0,0.0
2021-04-06,14683.5,14779.099609375,14573.900390625,14737.0,0.003122067245233451,0.0031172037135109875,-53.5,205.19921875,0.01397481654578268,14785.9375,212.27587040995354,-0.4825678010513848,0.0,0.0,0.0
2021-04-07,14819.0498046875,14879.7998046875,14649.849609375,14716.4501953125,0.009231436965811968,0.0091890876818974,102.599609375,229.9501953125,0.015517202407927876,14779.985009765625,209.43461891485822,0.18652501255179646,0.0,0.0,0.0
2021-04-08,14873.7998046875,14984.150390625,14821.099609375,14875.650390625,0.0036945688638336804,0.003687760707936765,-1.8505859375,163.05078125,0.010962281554886487,14775.864990234375,206.5766412268009,0.4740846490267125,0.0,0.0,0.0
2021-04-09,14834.849609375,14918.4501953125,14785.650390625,14882.650390625,-0.0026187118170183377,-0.0026221466406612408,-47.80078125,132.7998046875,0.008951880752709224,14762.687451171874,192.87047949957594,0.37414828018449753,0.0,0.0,0.0
2021-04-12,14310.7998046875,14652.5,14248.7001953125,14644.650390625,-0.03532558930400764,-0.03596463281723922,-333.8505859375,403.7998046875,0.028216438647631382,14719.487451171875,192.46632904574165,-2.123424125719395,1.0,0.0,0.0
2021-04-13,14504.7998046875,14528.900390625,14274.900390625,14364.900390625,0.013556195506029933,0.013465132344700306,139.8994140625,254.0,0.017511444723140205,14693.179931640625,183.39811475214526,-1.0271650131611916,1.0,1.0,1.0
2021-04-15,14581.4501953125,14597.5498046875,14353.2001953125,14522.400390625,0.005284484560774683,0.005270570669209097,59.0498046875,244.349609375,0.01675756568119343,14675.77744140625,176.16408728670558,-0.5354510533139074,1.0,1.0,1.0
2021-04-16,14617.849609375,14697.7001953125,14559.0,14599.599609375,0.002496282165007191,0.0024931716281266104,18.25,138.7001953125,0.009488413071615276,14661.147412109374,167.59058893546,-0.2583546188924038,0.0,1.0,1.0
2021-04-19,14359.4501953125,14382.2998046875,14191.400390625,14306.599609375,-0.017676978554819645,-0.01783508230882999,52.8505859375,190.8994140625,0.013294340066363907,14643.054931640625,179.83935050261096,-1.5769893270605844,0.0,0.0,0.0
2021-04-20,14296.400390625,14526.9501953125,14207.2998046875,14526.7001953125,-0.004390823034999047,-0.0044004910090830246,-230.2998046875,319.650390625,0.02235880234822003,14629.982470703126,195.2047894904132,-1.7088826608658003,0.0,0.0,0.0
2021-04-22,14406.150390625,14424.75,14151.400390625,14219.150390625,0.007676757575422188,0.007647441212800463,187.0,273.349609375,0.018974507551502866,14613.089990234375,199.39209878730597,-1.037852557187436,0.0,0.0,0.0
2021-04-23,14341.349609375,14461.150390625,14273.2998046875,14326.349609375,-0.004498133053794207,-0.004508280094204329,15.0,187.8505859375,0.013098529152005422,14593.337451171876,205.9919640581462,-1.2232896702987213,0.0,0.0,0.0
2021-04-26,14485.0,14557.5,14421.2998046875,14449.4501953125,0.010016518287169873,0.009966685459202936,35.5498046875,136.2001953125,0.009402843998101484,14576.849951171875,200.45971235833892,-0.45819656274715675,0.0,0.0,0.0
2021-04-27,14653.0498046875,14667.5498046875,14484.849609375,14493.7998046875,0.011601643402658013,0.011534860370141113,159.25,182.7001953125,0.012468407447441715,14582.032421875,201.05165721993762,0.35322953212373803,0.0,0.0,0.0
2021-04-28,14864.5498046875,14890.25,14694.9501953125,14710.5,0.014433855260107098,0.014330678808834763,154.0498046875,195.2998046875,0.013138628969840221,14609.014892578125,200.938812909795,1.2717050947448822,0.0,0.0,0.0
2021-04-29,14894.900390625,15044.349609375,14814.4501953125,14979.0,0.0020418099664161193,0.002039728305535653,-84.099609375,229.8994140625,0.015434773515316759,14628.394921875,209.1366428559783,1.2743126460795697,0.0,0.0,0.0
2021-04-30,14631.099609375,14855.4501953125,14601.7001953125,14747.349609375,-0.017710812045177438,-0.017869525228607498,-116.25,253.75,0.017343194071169302,14617.694921875,202.8456979119469,0.0660831737521946,0.0,0.0,0.0
2021-05-03,14634.150390625,14673.849609375,14416.25,14481.0498046875,0.00020851346320172048,0.0002084917272909865,153.1005859375,257.599609375,0.017602635103437552,14614.867431640625,202.16750279590335,0.09538110090740926,0.0,0.0,0.0
2021-05-04,14496.5,14723.400390625,14461.5,14687.25,-0.00940610742344028,-0.009450624224999165,-190.75,261.900390625,0.01806645677404891,14596.324951171875,194.65886648306025,-0.5128199551113797,0.0,0.0,0.0
2021-05-05,14617.849609375,14637.900390625,14506.599609375,14604.150390625,0.0083709591539336,0.008336116981918119,13.69921875,131.30078125,0.008982222745388738,14595.32744140625,194.48618657901432,0.1158034324437697,0.0,0.0,0.0
2021-05-06,14724.7998046875,14743.900390625,14611.5,14668.349609375,0.0073164109749706,0.007289775876840782,56.4501953125,132.400390625,0.008991659810739946,14597.392431640625,195.68719234401658,0.6510767082952174,0.0,0.0,0.0
2021-05-07,14823.150390625,14863.0498046875,14765.5,14816.849609375,0.006679247748155426,0.006657040403640492,6.30078125,97.5498046875,0.006580909058926908,14597.5974609375,195.93364773507764,1.151169961335431,0.0,0.0,0.0
2021-05-10,14942.349609375,14966.900390625,14892.5,14928.25,0.008041422748121585,0.008009262800994111,14.099609375,74.400390625,0.004979162753515039,14601.024951171876,201.5389798203917,1.6935912770190031,0.0,0.0,0.0
2021-05-11,14850.75,14900.0,14771.400390625,14789.7001953125,-0.006130201191218876,-0.006149068019026527,61.0498046875,128.599609375,0.008659469008299244,14601.819970703125,202.53878581919233,1.2290486895635686,0.0,0.0,0.0
2021-05-12,14696.5,14824.0498046875,14649.7001953125,14823.5498046875,-0.0103866808073666,-0.0104409988264523,-127.0498046875,174.349609375,0.011863342249855408,14621.10498046875,191.42822955598402,0.3938552830276289,0.0,0.0,0.0
2021-05-14,14677.7998046875,14749.650390625,14591.900390625,14749.400390625,-0.0012724250884564858,-0.001273235308628596,-71.6005859375,157.75,0.010747523613833524,14629.75498046875,189.79788883628703,0.25313676834515336,0.0,0.0,0.0
2021-05-17,14923.150390625,14938.0,14725.349609375,14756.25,0.01671576048197254,0.016577589783995917,166.900390625,212.650390625,0.014249698291494195,14646.839990234375,200.3091159585018,1.3794199982784014,0.0,0.0,0.0
2021-05-18,15108.099609375,15137.25,15043.7001953125,15067.2001953125,0.012393443335275034,0.012317273309973075,40.8994140625,93.5498046875,0.006192029911521745,14671.352490234374,225.04430414427495,1.940716166096028,0.0,0.0,0.0
2021-05-19,15030.150390625,15133.400390625,15008.849609375,15058.599609375,-0.005159432408138875,-0.005172788238334181,-28.44921875,124.55078125,0.008286728875826025,14704.8875,226.0897343831492,1.4386451092634907,0.0,0.0,0.0
2021-05-20,14906.0498046875,15069.7998046875,14884.900390625,15042.599609375,-0.00825677606093067,-0.008291052039504188,-136.5498046875,184.8994140625,0.012404320157601697,14735.369970703125,208.5331887978409,0.8184780320500357,0.0,0.0,0.0
2021-05-21,15175.2998046875,15190.0,14985.849609375,14987.7998046875,0.01806313567497475,0.01790193553229923,187.5,204.150390625,0.013452807737079433,14773.82744140625,215.43211308765007,1.8635678661235962,0.0,0.0,0.0
2021-05-24,15197.7001953125,15256.25,15145.4501953125,15211.349609375,0.001476108604989923,0.0014750202275935762,-13.6494140625,110.7998046875,0.007290563918458828,14816.644970703124,209.98410110775842,1.8146860767036264,0.0,0.0,0.0
2021-05-25,15208.4501953125,15293.849609375,15163.400390625,15291.75,0.0007073438653115716,0.0007070938155468382,-83.2998046875,130.44921875,0.008577416967194109,14852.81748046875,212.14779726783237,1.6763441309492888,0.0,0.0,0.0
2021-05-26,15301.4501953125,15319.900390625,15194.9501953125,15257.0498046875,0.006115021504864648,0.0060964006336564555,44.400390625,124.9501953125,0.008165905434948753,14885.2375,228.8955294956941,1.8183522248315924,0.0,0.0,0.0
2021-05-27,15337.849609375,15384.5498046875,15272.5,15323.9501953125,0.002378821196545866,0.0023759962804964516,13.8994140625,112.0498046875,0.007305444214227493,14908.902490234375,250.12620084131123,1.7149227777731435,0.0,0.0,0.0
2021-05-28,15435.650390625,15469.650390625,15394.75,15421.2001953125,0.006376433707514062,0.006356190262519319,14.4501953125,74.900390625,0.004852428548815249,14935.939990234376,276.38131308663054,1.8080469870044802,0.0,0.0,0.0
2021-05-31,15582.7998046875,15606.349609375,15374.0,15437.75,0.009533088035724946,0.00948793489109113,145.0498046875,232.349609375,0.0149106458587183,14983.525,301.885240735986,1.9851079941056036,0.0,0.0,0.0
2021-06-01,15574.849609375,15660.75,15528.2998046875,15629.650390625,-0.0005101904286871628,-0.000510320620107419,-54.80078125,132.4501953125,0.00850410749602192,15030.5599609375,317.46659151865475,1.7144785088528487,0.0,0.0,0.0
2021-06-02,15576.2001953125,15597.4501953125,15459.849609375,15520.349609375,8.67158252806366e-05,8.67120656808025e-05,55.8505859375,137.6005859375,0.008834027825278562,15084.544970703126,313.6484199816998,1.567536111414368,0.0,0.0,0.0
2021-06-03,15690.349609375,15705.099609375,15611.0,15655.5498046875,0.0073284506253876724,0.007301728008600275,34.7998046875,94.099609375,0.005997292075555499,15138.169970703126,321.24864801964,1.718854358067574,0.0,0.0,0.0
2021-06-04,15670.25,15733.599609375,15622.349609375,15712.5,-0.001281017305247989,-0.0012818385093088212,-42.25,111.25,0.007099440021697165,15185.44248046875,326.73453276067823,1.483796387957422,0.0,0.0,0.0
2021-06-07,15751.650390625,15773.4501953125,15678.099609375,15725.099609375,0.0051945814919991395,0.0051811361952536165,26.55078125,95.3505859375,0.006053371143524767,15231.86748046875,338.30723110405756,1.5364227021100028,0.0,0.0,0.0
2021-06-08,15740.099609375,15778.7998046875,15680.0,15773.900390625,-0.0007333060957773752,-0.0007335750962069031,-33.80078125,98.7998046875,0.006276949138787762,15271.75498046875,349.2279391196583,1.3410857965341036,0.0,0.0,0.0
2021-06-09,15635.349609375,15800.4501953125,15566.900390625,15766.2998046875,-0.006654976944212576,-0.0066772200430738555,-130.9501953125,233.5498046875,0.014937293410277367,15310.9849609375,343.46676457708185,0.9443843826837152,0.0,0.0,0.0
2021-06-10,15737.75,15751.25,15648.5,15692.099609375,0.0065492869160790335,0.006527933518834105,45.650390625,102.75,0.006528887547457546,15363.0474609375,323.77262182575794,1.1573014943312625,0.0,0.0,0.0
2021-06-11,15799.349609375,15835.5498046875,15749.7998046875,15796.4501953125,0.003914130633349666,0.003906490354253145,2.8994140625,85.75,0.0054274386047586266,15419.124951171874,294.6583229463821,1.290391713361899,0.0,0.0,0.0
2021-06-14,15811.849609375,15823.0498046875,15606.5,15791.400390625,0.0007911718082738162,0.0007908589968395644,20.44921875,216.5498046875,0.013695412620109005,15463.559912109375,282.6937710604019,1.2320388099078698,0.0,0.0,0.0
2021-06-15,15869.25,15901.599609375,15842.400390625,15866.9501953125,0.003630213545097627,0.003623640223476974,2.2998046875,59.19921875,0.003730435827149991,15501.617431640625,283.55492556821537,1.2965127219097907,0.0,0.0,0.0
2021-06-16,15767.5498046875,15880.849609375,15742.599609375,15847.5,-0.006408632752808119,-0.006429256198967984,-79.9501953125,138.25,0.008768007820650736,15538.48740234375,266.4499046372955,0.8596828085022631,0.0,0.0,0.0
2021-06-17,15691.400390625,15769.349609375,15616.75,15648.2998046875,-0.0048295020472909345,-0.004841201776747716,43.1005859375,152.599609375,0.009725047196308389,15577.754931640626,222.60204896412722,0.5105319538307056,0.0,0.0,0.0
2021-06-18,15683.349609375,15761.5,15450.900390625,15756.5,-0.000513069646403852,-0.0005132013116724437,-73.150390625,310.599609375,0.019804417876990613,15603.157421875,202.32284628004894,0.39635754920628796,0.0,0.0,0.0
2021-06-21,15746.5,15765.150390625,15505.650390625,15525.849609375,0.004026588209654625,0.0040185031994205474,220.650390625,259.5,0.016479852665671736,15630.597412109375,180.47431939502638,0.6422109709522423,0.0,0.0,0.0
2021-06-22,15772.75,15895.75,15752.099609375,15840.5,0.0016670371193598932,0.0016656491552922152,-67.75,143.650390625,0.009107504438033952,15658.81240234375,153.02665598154672,0.7445604618713567,0.0,0.0,0.0
2021-06-23,15686.9501953125,15862.9501953125,15673.9501953125,15862.7998046875,-0.005439749231269109,-0.005454598542621072,-175.849609375,189.0,0.012048231023036975,15678.08740234375,127.85260165640257,0.06932039593975811,0.0,0.0,0.0
2021-06-24,15790.4501953125,15821.400390625,15702.7001953125,15737.2998046875,0.006597840798329813,0.006576170313444658,53.150390625,118.7001953125,0.00751721412906498,15700.717431640625,101.87731120164197,0.8807924219188502,0.0,0.0,0.0
2021-06-25,15860.349609375,15870.7998046875,15772.2998046875,15839.349609375,0.0044266891189239654,0.004416920149496724,21.0,98.5,0.0062104557860298976,15721.952392578125,86.87685441593524,1.5930274838713512,0.0,0.0,0.0
2021-06-28,15814.7001953125,15915.650390625,15792.150390625,15915.349609375,-0.0028782098242977616,-0.0028823598351750412,-100.6494140625,123.5,0.007809190087372354,15733.547412109376,82.70238062752466,0.9812629647098132,0.0,0.0,0.0
2021-06-29,15748.4501953125,15835.900390625,15724.0498046875,15807.5,-0.0041891404314852165,-0.004197939462444536,-59.0498046875,111.8505859375,0.007102323374702111,15742.22744140625,73.80066810791855,0.08431839529081386,0.0,0.0,0.0
2021-06-30,15721.5,15839.099609375,15708.75,15776.900390625,-0.0017112919035373597,-0.0017127578361914226,-55.400390625,130.349609375,0.008291168741850333,15749.492431640625,62.95077959050365,-0.4446717232529358,0.0,0.0,0.0
2021-07-01,15680.0,15755.5498046875,15667.0498046875,15755.0498046875,-0.002639697229908089,-0.0026431873739428875,-75.0498046875,88.5,0.0056441326530612245,15748.974951171875,63.502665206838344,-1.0861741148534818,0.0,0.0,0.0
2021-07-02,15722.2001953125,15738.349609375,15635.9501953125,15705.849609375,0.002691338986766656,0.0026877238189711517,16.3505859375,102.3994140625,0.006513046061646633,15751.5724609375,61.131226301650564,-0.480478920544838,0.0,0.0,0.0
2021-07-05,15834.349609375,15845.9501953125,15762.0498046875,15793.400390625,0.007133188273225066,0.007107867426692256,40.94921875,83.900390625,0.005298631942250746,15755.707421875,63.87224170377476,1.2312420137800173,0.0,0.0,0.0
2021-07-06,15818.25,15914.2001953125,15801.0,15813.75,-0.0010167521731027085,-0.0010172694162285671,4.5,113.2001953125,0.007156303340287326,15759.61494140625,65.24294599288804,0.8987187457804615,0.0,0.0,0.0
2021-07-07,15879.650390625,15893.5498046875,15779.7001953125,15819.599609375,0.0038816171589777237,0.003874103121228537,60.05078125,113.849609375,0.007169528709663176,15771.82998046875,63.60184157095822,1.6952403813018275,0.0,0.0,0.0
2021-07-08,15727.900390625,15885.75,15682.900390625,15855.400390625,-0.0095562557277451,-0.009602209739377547,-127.5,202.849609375,0.012897437314386443,15771.3375,63.91697074205596,-0.679586483381619,0.0,0.0,0.0
2021-07-09,15689.7998046875,15730.849609375,15632.75,15688.25,-0.0024224839292732447,-0.0024254228908178565,1.5498046875,98.099609375,0.006252444938506587,15765.860009765625,66.04857197064187,-1.1515798571986324,0.0,0.0,0.0
2021-07-12,15692.599609375,15789.2001953125,15644.75,15766.7998046875,0.00017844744498685117,0.00017843152513541638,-74.2001953125,144.4501953125,0.009204988268878231,15759.897509765626,67.05334804468231,-1.0036471310243966,0.0,0.0,0.0
2021-07-13,15812.349609375,15820.7998046875,15744.599609375,15794.0,0.007630985495128417,0.0076020168050800795,18.349609375,76.2001953125,0.0048190305169651445,15757.052490234375,63.26978621507885,0.8739893470265313,0.0,0.0,0.0
2021-07-14,15853.9501953125,15877.349609375,15764.2001953125,15808.7001953125,0.0026308921169333477,0.00262743737830436,45.25,113.1494140625,0.00713698558835858,15761.372509765624,66.8714286286931,1.3844131558923003,0.0,0.0,0.0
2021-07-15,15924.2001953125,15952.349609375,15855.0,15872.150390625,0.004431072328003882,0.0044212840314639245,52.0498046875,97.349609375,0.006113312328468223,15773.0125,73.93843158523336,2.044778230631197,0.0,0.0,0.0
2021-07-16,15923.400390625,15962.25,15882.599609375,15958.349609375,-5.0225736783704455e-05,-5.022699813825734e-05,-34.94921875,79.650390625,0.005002096830517096,15785.0150390625,77.99015000318599,1.7743952480774359,0.0,0.0,0.0
2021-07-19,15752.400390625,15836.900390625,15707.5,15754.5,-0.010738912280361723,-0.010796990571541962,-2.099609375,129.400390625,0.008214645858164721,15785.31005859375,77.84781806803005,-0.42274361421396206,0.0,0.0,0.0
2021-07-20,15632.099609375,15728.4501953125,15578.5498046875,15703.9501953125,-0.0076369809214345,-0.007666291987629491,-71.8505859375,149.900390625,0.009589267876408656,15778.2775390625,85.06094806848911,-1.7185081169069523,0.0,0.0,0.0
2021-07-22,15824.0498046875,15834.7998046875,15726.400390625,15736.599609375,0.012279233123449584,0.012204454864528006,87.4501953125,108.3994140625,0.006850295303695849,15785.13251953125,82.80812770920289,0.46996938866818083,0.0,0.0,0.0
2021-07-23,15856.0498046875,15899.7998046875,15768.400390625,15856.7998046875,0.002022238326785386,0.0020201963552988087,-0.75,131.3994140625,0.008287020770056776,15788.4125,84.31530812500624,0.8021948349784866,0.0,0.0,0.0
2021-07-26,15824.4501953125,15893.349609375,15797.0,15849.2998046875,-0.0019929055322251976,-0.001994894010794567,-24.849609375,96.349609375,0.006088654467347028,15786.617529296875,83.07627499751261,0.4553967545699192,0.0,0.0,0.0
2021-07-27,15746.4501953125,15881.5498046875,15701.0,15860.5,-0.004929081202650898,-0.004941269190283573,-114.0498046875,180.5498046875,0.011466063934920848,15783.205029296874,83.26355029462702,-0.4414276577724317,0.0,0.0,0.0
2021-07-28,15709.400390625,15767.5,15513.4501953125,15761.5498046875,-0.002352898858342667,-0.0023556712745251398,-52.1494140625,254.0498046875,0.016171833320838328,15781.2525390625,84.56904348007133,-0.8496270677867082,0.0,0.0,0.0
2021-07-29,15778.4501953125,15817.349609375,15737.7998046875,15762.7001953125,0.004395444954646832,0.0043858132000563635,15.75,79.5498046875,0.005041674163355591,15784.100048828124,83.40196266664508,-0.06774245275505748,0.0,0.0,0.0
2021-07-30,15763.0498046875,15862.7998046875,15744.849609375,15800.599609375,-0.000976039499086867,-0.000976516135808173,-37.5498046875,117.9501953125,0.007482701429860663,15788.2525390625,79.94185033535024,-0.315263335402871,0.0,0.0,0.0
2021-08-02,15885.150390625,15892.900390625,15834.650390625,15874.900390625,0.007746000136419795,0.007716153904229494,10.25,58.25,0.0036669467123444815,15796.400048828125,81.1502610433562,1.093654421511447,0.0,0.0,0.0
2021-08-03,16130.75,16146.900390625,15914.349609375,15951.5498046875,0.015460955882416139,0.015342653128218075,179.2001953125,232.55078125,0.014416613068208236,15811.220068359375,110.28169519474189,2.8973977147919303,0.0,0.0,0.0
2021-08-04,16258.7998046875,16290.2001953125,16176.150390625,16195.25,0.007938242467802281,0.007906900379200192,63.5498046875,114.0498046875,0.007014650900284708,15833.24755859375,148.97067664788827,2.8566175281568906,0.0,0.0,0.0
2021-08-05,16294.599609375,16349.4501953125,16210.2998046875,16288.9501953125,0.0022018725316477195,0.002199451962862978,5.6494140625,139.150390625,0.008539663076160562,15853.99501953125,181.18561822067343,2.4317856691424544,0.0,0.0,0.0
2021-08-06,16238.2001953125,16336.75,16223.2998046875,16304.400390625,-0.003461233501561467,-0.0034672374282357825,-66.2001953125,113.4501953125,0.0069866237605107125,15879.510009765625,197.67461353327118,1.8145485610700476,0.0,0.0,0.0
2021-08-09,16258.25,16320.75,16179.0498046875,16281.349609375,0.0012347307242392969,0.0012339690711517842,-23.099609375,141.7001953125,0.00871558718266111,15907.93251953125,209.47642009486424,1.6723480395077575,0.0,0.0,0.0
2021-08-10,16280.099609375,16359.25,16202.25,16274.7998046875,0.0013439090538649445,0.0013430068163520583,5.2998046875,157.0,0.009643675638789737,15937.30751953125,218.68137227312025,1.5675413332216626,0.0,0.0,0.0
2021-08-11,16282.25,16338.75,16162.5498046875,16327.2998046875,0.00013208706805212245,0.00013207834532344713,-45.0498046875,176.2001953125,0.010821612204240815,15960.8025390625,229.5235139509772,1.400499039963965,0.0,0.0,0.0
2021-08-12,16364.400390625,16375.5,16286.900390625,16303.650390625,0.005045395484346349,0.005032710127087298,60.75,88.599609375,0.0054141677825090264,15986.325048828125,244.88296431238032,1.5439021773461983,0.0,0.0,0.0
2021-08-13,16529.099609375,16543.599609375,16376.2998046875,16385.69921875,0.010064482340847336,0.010014172717061967,143.400390625,167.2998046875,0.0101215316406352,16016.57001953125,272.59331758942824,1.8801986577517913,0.0,0.0,0.0
2021-08-16,16563.05078125,16589.400390625,16480.75,16518.400390625,0.002054024277023725,0.0020519176533692787,44.650390625,108.650390625,0.006559805440432287,16048.5525390625,297.47518526855356,1.7295501193587708,0.0,0.0,0.0
2021-08-17,16614.599609375,16628.55078125,16495.400390625,16545.25,0.0031122785775283823,0.0031074454639570138,69.349609375,133.150390625,0.008014059547355458,16091.6625,314.2972149603823,1.6638299179358518,0.0,0.0,0.0
2021-08-18,16568.849609375,16701.849609375,16535.849609375,16691.94921875,-0.00275360231817956,-0.002757400455017452,-123.099609375,166.0,0.010018800575392619,16138.5,311.99751231247274,1.3793366690180366,0.0,0.0,0.0
2021-08-20,16450.5,16509.55078125,16376.0498046875,16382.5,-0.007142898400624986,-0.007168531033199722,68.0,133.5009765625,0.00811531421917267,16169.822509765625,310.20787498927166,0.9048045290406701,0.0,0.0,0.0
2021-08-23,16496.44921875,16592.5,16395.69921875,16592.25,0.0027931806783987323,0.002789286998064274,-95.80078125,196.80078125,0.011929887373963763,16201.84248046875,309.1648950671,0.9529113524267053,0.0,0.0,0.0
2021-08-24,16624.599609375,16647.099609375,16495.30078125,16561.400390625,0.007768362083601765,0.007738343720985011,63.19921875,151.798828125,0.009130976486158324,16241.849951171875,309.52955928902776,1.2365528484009092,0.0,0.0,0.0
2021-08-25,16634.650390625,16712.44921875,16617.5,16654.0,0.0006045728309951315,0.0006043901504665573,-19.349609375,94.94921875,0.005707917901509474,16286.2599609375,298.22180911290553,1.1682258608913527,0.0,0.0,0.0
2021-08-26,16636.900390625,16683.69921875,16603.400390625,16627.94921875,0.00013525983096518424,0.00013525068417903375,8.951171875,80.298828125,0.0048265497923067995,16332.6349609375,275.00790761369774,1.1063879301787238,0.0,0.0,0.0
2021-08-27,16705.19921875,16722.05078125,16565.599609375,16642.55078125,0.004105261588480014,0.004096857993577663,62.6484375,156.451171875,0.009365417905306895,16378.972412109375,253.98899892024315,1.284413136110142,0.0,0.0,0.0
2021-08-30,16931.05078125,16951.5,16764.849609375,16775.849609375,0.013519836521704187,0.013429259014094868,155.201171875,186.650390625,0.011024146878804637,16437.3724609375,238.73750980331798,2.067870778744465,0.0,0.0,0.0
2021-08-31,17132.19921875,17153.5,16915.849609375,16947.5,0.011880446175423387,0.011810427696351353,184.69921875,237.650390625,0.013871563573981102,16499.72490234375,249.52532226739547,2.5347099471070087,0.0,0.0,0.0
2021-09-01,17076.25,17225.75,17055.05078125,17185.599609375,-0.00326573477436376,-0.0032710789243950112,-109.349609375,170.69921875,0.009996294195154088,16546.99990234375,265.02582195626366,1.996975591848525,0.0,0.0,0.0
2021-09-02,17234.150390625,17245.5,17059.69921875,17095.400390625,0.009246783727399066,0.009204293951085803,138.75,185.80078125,0.010780965527089258,16595.767431640626,297.0101981901351,2.1493637689023193,0.0,0.0,0.0
2021-09-03,17323.599609375,17340.099609375,17212.19921875,17262.44921875,0.005190230833697296,0.005176808010644206,61.150390625,127.900390625,0.007383014703005733,16647.217431640624,329.44783713992075,2.053078215982059,0.0,0.0,0.0
2021-09-06,17377.80078125,17429.55078125,17345.55078125,17399.349609375,0.0031287476677577253,0.003123863322045117,-21.548828125,84.0,0.0048337531922124964,16704.1974609375,352.7116107550308,1.9097849341294841,0.0,0.0,0.0
2021-09-07,17362.099609375,17436.5,17287.0,17401.55078125,-0.0009035189246697772,-0.0009039273439216094,-39.451171875,149.5,0.008610709727714879,16759.38994140625,365.39423755020084,1.649477758624872,0.0,0.0,0.0
2021-09-08,17353.5,17383.400390625,17254.19921875,17375.75,-0.0004953092983268625,-0.0004954320044973781,-22.25,129.201171875,0.007445251498256836,16813.0599609375,370.09132210683384,1.4602883309609007,0.0,0.0,0.0
2021-09-09,17369.25,17379.650390625,17302.69921875,17312.849609375,0.0009075978909154347,0.0009071862729865194,56.400390625,76.951171875,0.004430310570404594,16867.4099609375,367.84535095742064,1.3642690814395775,0.0,0.0,0.0
2021-09-13,17355.30078125,17378.349609375,17269.150390625,17363.55078125,-0.000803098507419775,-0.0008034211637875494,-8.25,109.19921875,0.006291980768663752,16916.95498046875,363.2324533169947,1.2067913997725996,0.0,0.0,0.0
2021-09-14,17380.0,17438.55078125,17367.05078125,17420.349609375,0.001423151293159064,0.0014221395731308123,-40.349609375,71.5,0.004113924050632912,16959.5,365.2393458368383,1.1512998388400575,0.0,0.0,0.0
2021-09-15,17519.44921875,17532.69921875,17386.900390625,17387.650390625,0.00802354538262362,0.007991527890878581,131.798828125,145.798828125,0.008322112545008573,17007.319921875,373.1256357602086,1.3725384905049018,0.0,0.0,0.0
2021-09-16,17629.5,17644.599609375,17510.44921875,17539.19921875,0.006281634763507293,0.006261987530756848,90.30078125,134.150390625,0.0076094268484642215,17058.06494140625,385.7057596003468,1.4815310489162739,0.0,0.0,0.0
2021-09-17,17585.150390625,17792.94921875,17537.650390625,17709.650390625,-0.002515647600612625,-0.002518817158814708,-124.5,255.298828125,0.014517864360210702,17108.87998046875,384.80711453743777,1.2376860826202638,0.0,0.0,0.0
2021-09-20,17396.900390625,17622.75,17361.80078125,17443.849609375,-0.010705054879733056,-0.01076276621795277,-46.94921875,260.94921875,0.014999753570505163,17156.2,356.7515474528256,0.6747003407373526,0.0,0.0,0.0
2021-09-21,17562.0,17578.349609375,17326.099609375,17450.5,0.00949017386246398,0.009445425055689747,111.5,252.25,0.014363398246213415,17209.4775390625,331.725495970342,1.0626932967763725,0.0,0.0,0.0
2021-09-22,17546.650390625,17610.44921875,17524.0,17580.900390625,-0.0008740239935656202,-0.0008744061752431491,-34.25,86.44921875,0.004926821748052207,17255.580078125,309.48928609069935,0.9404859088230232,0.0,0.0,0.0
2021-09-23,17822.94921875,17843.900390625,17646.55078125,17670.849609375,0.015746528367181822,0.01562383807742847,152.099609375,197.349609375,0.011072780770052656,17314.99501953125,297.8555023711142,1.7053712124675273,0.0,0.0,0.0
2021-09-24,17853.19921875,17947.650390625,17819.400390625,17897.44921875,0.0016972499684944076,0.0016958112674268218,-44.25,128.25,0.007183586450170105,17375.8099609375,275.44436804844247,1.7331603517431255,0.0,0.0,0.0
2021-09-27,17855.099609375,17943.5,17802.900390625,17932.19921875,0.00010644538279747096,0.00010643971788971012,-77.099609375,140.599609375,0.00787447913766758,17433.30498046875,246.59882742353776,1.7104486396515166,0.0,0.0,0.0
2021-09-28,17748.599609375,17912.849609375,17576.099609375,17906.44921875,-0.0059646824901542495,-0.005982542262753364,-157.849609375,336.75,0.018973327891296,17474.182421875,225.84819891530427,1.2150514762480304,0.0,0.0,0.0
2021-09-29,17711.30078125,17781.75,17608.150390625,17657.94921875,-0.0021015082285871234,-0.002103719495544819,53.3515625,173.599609375,0.009801629565163308,17503.1375,216.63034781093097,0.9609146795613257,0.0,0.0,0.0
2021-09-30,17618.150390625,17742.150390625,17585.349609375,17718.900390625,-0.005259376020738893,-0.005273255224157625,-100.75,156.80078125,0.008899957020087484,17530.23251953125,193.03090425420262,0.45546007999822347,0.0,0.0,0.0
2021-10-01,17532.05078125,17557.150390625,17452.900390625,17531.900390625,-0.004886983449795879,-0.004898963801205104,0.150390625,104.25,0.00594625245504606,17545.1275390625,180.03787859167198,-0.07263336979302946,0.0,0.0,0.0
2021-10-04,17691.25,17750.900390625,17581.349609375,17615.55078125,0.009080467581137563,0.009039488024266832,75.69921875,169.55078125,0.009583877976400763,17563.51005859375,174.92523610485856,0.7302545032992028,0.0,0.0,0.0
2021-10-05,17822.30078125,17833.44921875,17640.900390625,17661.349609375,0.007407660919946268,0.007380358946066971,160.951171875,192.548828125,0.010803814304804659,17585.73505859375,178.29361004015686,1.3268323110568534,0.0,0.0,0.0
2021-10-06,17646.0,17884.599609375,17613.150390625,17861.5,-0.009892144870289554,-0.009941397212065623,-215.5,271.44921875,0.015383045378556047,17599.930078125,170.69096323433803,0.26990252443389773,0.0,0.0,0.0
2021-10-07,17790.349609375,17857.55078125,17763.80078125,17810.55078125,0.008180302016037588,0.00814702470131476,-20.201171875,93.75,0.005269710942082693,17621.77255859375,165.3644506256413,1.0194273929097377,0.0,0.0,0.0
2021-10-08,17895.19921875,17941.849609375,17840.349609375,17886.849609375,0.005893622760496431,0.005876323303578524,8.349609375,101.5,0.005671912268719067,17648.07001953125,164.91241629773145,1.4985481673653112,0.0,0.0,0.0
2021-10-11,17945.94921875,18041.94921875,17839.099609375,17867.55078125,0.0028359561343596074,0.0028319423974920437,78.3984375,202.849609375,0.011303364726066533,17677.60244140625,162.5942491928807,1.6504075554690725,0.0,0.0,0.0
2021-10-12,17991.94921875,18008.650390625,17864.94921875,17915.80078125,0.0025632525445875576,0.002559973015762186,76.1484375,143.701171875,0.007986970734957627,17708.19990234375,161.21634671595572,1.7600530106676076,0.0,0.0,0.0
2021-10-13,18161.75,18197.80078125,18050.75,18097.849609375,0.00943759784921161,0.00939334195098345,63.900390625,147.05078125,0.008096729734194117,17740.31494140625,184.00183843010618,2.290385042831155,0.0,0.0,0.0
2021-10-14,18338.55078125,18350.75,18248.69921875,18272.849609375,0.009734787740718787,0.009687709975996201,65.701171875,102.05078125,0.005564822567895628,17775.76748046875,225.21865079852492,2.4988307974755766,0.0,0.0,0.0
2021-10-18,18477.05078125,18543.150390625,18445.30078125,18500.099609375,0.007552396132719963,0.007524019573498294,-23.048828125,97.849609375,0.005295737427657831,17820.3625,269.4472363500538,2.437168367898421,0.0,0.0,0.0
2021-10-19,18418.75,18604.44921875,18377.69921875,18602.349609375,-0.003155307734996393,-0.0031602962146704853,-183.599609375,226.75,0.012310824567356634,17871.45498046875,281.5346161036435,1.9439706104551333,0.0,0.0,0.0
2021-10-20,18266.599609375,18458.30078125,18209.349609375,18439.900390625,-0.008260625212080042,-0.008294933244362599,-173.30078125,248.951171875,0.013628763820236709,17906.6849609375,284.8385437002095,1.263574247227963,0.0,0.0,0.0
2021-10-21,18178.099609375,18384.19921875,18048.0,18382.69921875,-0.004844908296702255,-0.004856682911584848,-204.599609375,336.19921875,0.018494739602846703,17938.257421875,277.7381896054756,0.8635549466232643,0.0,0.0,0.0
2021-10-22,18114.900390625,18314.25,18034.349609375,18230.69921875,-0.003476668084567369,-0.0034827257394313984,-115.798828125,279.900390625,0.015451389993281817,17952.85498046875,279.0280611906222,0.5807495112312243,0.0,0.0,0.0
2021-10-25,18125.400390625,18241.400390625,17968.5,18229.5,0.000579633328010587,0.0005794654054989729,-104.099609375,272.900390625,0.015056240675717831,17966.4650390625,280.54575511312675,0.5665220330937174,0.0,0.0,0.0
2021-10-26,18268.400390625,18310.44921875,18099.30078125,18154.5,0.007889480889700096,0.00785852166355233,113.900390625,211.1484375,0.01155812402756168,17987.130078125,287.05714765095075,0.9798408254303893,0.0,0.0,0.0
2021-10-27,18210.94921875,18342.05078125,18167.900390625,18295.849609375,-0.0031448386638428527,-0.0031497940609639214,-84.900390625,174.150390625,0.009562949659191553,18010.24755859375,285.4492469826298,0.7031080385665306,0.0,0.0,0.0
2021-10-28,17857.25,18190.69921875,17799.44921875,18187.650390625,-0.0194223384240636,-0.019613430387588483,-330.400390625,391.25,0.021909868540788757,18017.54501953125,279.2017001517387,-0.5741190667683448,0.0,0.0,0.0
2021-10-29,17671.650390625,17915.849609375,17613.099609375,17833.05078125,-0.010393515763905459,-0.010447905544470225,-161.400390625,302.75,0.01713195956845163,18020.22001953125,275.4042110857802,-1.2656655740012692,0.0,0.0,0.0
2021-11-01,17929.650390625,17954.099609375,17697.099609375,17783.150390625,0.014599655057507821,0.014494106171593095,146.5,257.0,0.014333798730084517,18040.1,251.63585743555376,-0.43892635374227496,0.0,0.0,0.0
2021-11-02,17888.94921875,18012.25,17847.599609375,17970.900390625,-0.002270048271341696,-0.002272628736845954,-81.951171875,164.650390625,0.009204028062890607,18049.9849609375,240.86330227974454,-0.6685773244131255,0.0,0.0,0.0
2021-11-03,17829.19921875,17988.75,17757.94921875,17947.94921875,-0.0033400508475575075,-0.003345641269055336,-118.75,230.80078125,0.012945100810095799,18050.3298828125,240.5247942321875,-0.9193674388887954,0.0,0.0,0.0
2021-11-04,17916.80078125,17947.55078125,17900.599609375,17935.05078125,0.004913376165984751,0.0049013449265533065,-18.25,46.951171875,0.002620510907512829,18063.869921875,223.59174142560133,-0.657757481055878,0.0,0.0,0.0
2021-11-08,18068.55078125,18087.80078125,17836.099609375,18040.19921875,0.008469704042186388,0.008434037348294714,28.3515625,251.701171875,0.013930346430229147,18077.77998046875,214.13360614513638,-0.043100190506733756,0.0,0.0,0.0
2021-11-09,18044.25,18112.599609375,17983.05078125,18084.349609375,-0.001344921435271762,-0.0013458266538282125,-40.099609375,129.548828125,0.007179507495462543,18085.23251953125,209.99856423125257,-0.1951561891924227,0.0,0.0,0.0
2021-11-10,18017.19921875,18061.25,17915.0,17973.44921875,-0.0014991358050348014,-0.0015002606334366785,43.75,146.25,0.00811724387483054,18088.79501953125,208.1071847590279,-0.3440332964196017,0.0,0.0,0.0
2021-11-11,17873.599609375,17971.349609375,17798.19921875,17967.44921875,-0.007970140510272006,-0.00800207185820445,-93.849609375,173.150390625,0.009687494092358416,18082.8775390625,212.63918420644026,-0.9841926852217626,0.0,0.0,0.0
2021-11-12,18102.75,18123.0,17905.900390625,17977.599609375,0.012820606684330382,0.012739118453093435,125.150390625,217.099609375,0.01199263147173772,18079.9275390625,211.89533540344152,0.10770629232609619,0.0,0.0,0.0
2021-11-15,18109.44921875,18210.150390625,18071.30078125,18140.94921875,0.0003700663573213969,0.00036999789965571825,-31.5,138.849609375,0.0076672464025708265,18068.4724609375,203.19218307902747,0.20166503057138863,0.0,0.0,0.0
2021-11-16,17999.19921875,18132.650390625,17958.80078125,18127.05078125,-0.006087981951756416,-0.006106589273008452,-127.8515625,173.849609375,0.009658741328553029,18044.5798828125,179.31149528545257,-0.2530828488728934,0.0,0.0,0.0
2021-11-17,17898.650390625,18022.650390625,17879.25,17939.349609375,-0.005586294529162039,-0.005601956226916921,-40.69921875,143.400390625,0.00801179907397435,18018.57490234375,158.72296195754978,-0.7555586806074278,0.0,0.0,0.0
2021-11-18,17764.80078125,17945.599609375,17688.5,17890.55078125,-0.007478195643460861,-0.007506297537132803,-125.75,257.099609375,0.014472417255945691,17993.4849609375,157.10565342813732,-1.455607578069145,0.0,0.0,0.0
2021-11-22,17416.55078125,17805.25,17280.44921875,17796.25,-0.019603372100156835,-0.01979806684873854,-379.69921875,524.80078125,0.03013230276427527,17955.40751953125,197.18201434416275,-2.732788485164406,1.0,0.0,0.0
2021-11-23,17503.349609375,17553.69921875,17216.099609375,17281.75,0.004983697932798847,0.004971320417088634,221.599609375,337.599609375,0.01928771446090397,17924.82998046875,217.5162243359936,-1.93769624486813,1.0,1.0,1.0
2021-11-24,17415.05078125,17600.599609375,17354.0,17550.05078125,-0.0050446817378146935,-0.005057449101021469,-135.0,246.599609375,0.01416014299771682,17889.3125,239.8869649699333,-1.9770216310396127,1.0,1.0,1.0
2021-11-25,17536.25,17564.349609375,17351.69921875,17417.30078125,0.006959452503032093,0.006935347288237329,118.94921875,212.650390625,0.01212633206215696,17852.70498046875,234.8025658483433,-1.3477492433926115,1.0,1.0,1.0
2021-11-26,17026.44921875,17355.400390625,16985.69921875,17338.75,-0.029071254187753914,-0.029502195657113865,-312.30078125,369.701171875,0.02171334534436427,17793.47998046875,283.931078614628,-2.7014681360747415,1.0,1.0,1.0
2021-11-29,17053.94921875,17160.69921875,16782.400390625,17055.80078125,0.0016151341742889347,0.0016138312478338214,-1.8515625,378.298828125,0.022182476520399074,17753.31494140625,327.85545720328344,-2.1331526051817873,1.0,1.0,1.0
2021-11-30,16983.19921875,17324.650390625,16931.400390625,17051.150390625,-0.004148599194972014,-0.0041572285072535705,-67.951171875,393.25,0.02315523682757247,17718.8923828125,370.27768329406297,-1.986868767022711,1.0,1.0,1.0
2021-12-01,17166.900390625,17213.05078125,17064.25,17104.400390625,0.01081664117042136,0.010758559762450211,62.5,148.80078125,0.008667888661558347,17680.7548828125,386.35901872302594,-1.3299922281764396,1.0,1.0,1.0
2021-12-02,17401.650390625,17420.349609375,17149.30078125,17183.19921875,0.013674571102433752,0.013581917861660867,218.451171875,271.048828125,0.015576041469665739,17656.38994140625,387.9008259222391,-0.6567130920012976,1.0,1.0,1.0
2021-12-03,17196.69921875,17489.80078125,17180.80078125,17424.900390625,-0.01177768586739425,-0.011847592241934006,-228.201171875,309.0,0.017968564552381622,17624.76494140625,398.70340288253175,-1.0736445176074152,1.0,1.0,1.0
2021-12-06,16912.25,17216.75,16891.69921875,17209.05078125,-0.01654091957599968,-0.016679248094838027,-296.80078125,325.05078125,0.019219842495824032,17574.53740234375,422.53994904876305,-1.5673959440633145,1.0,1.0,1.0
2021-12-07,17176.69921875,17251.650390625,16987.75,17044.099609375,0.015636548581649423,0.015515557382479443,132.599609375,263.900390625,0.015363859334331688,17529.94482421875,414.6473583287117,-0.8519181380837704,1.0,1.0,1.0
2021-12-08,17469.75,17484.599609375,17308.94921875,17315.25,0.017060948527881648,0.016917044993306308,154.5,175.650390625,0.010054545178093562,17501.21982421875,396.65226014853886,-0.07933857280169435,0.0,1.0,1.0
2021-12-09,17516.849609375,17543.25,17379.599609375,17524.400390625,0.002696066593683266,0.002692438725331353,-7.55078125,163.650390625,0.009342455651238478,17476.20234375,377.7230510197038,0.10761129222923801,0.0,0.0,0.0
2021-12-10,17511.30078125,17534.349609375,17405.25,17476.05078125,-0.00031677089480919296,-0.00031682107730694167,35.25,129.099609375,0.007372359768569091,17458.08740234375,366.1724970058664,0.14532325431693324,0.0,0.0,0.0
2021-12-13,17368.25,17639.5,17355.94921875,17619.099609375,-0.008169055116863166,-0.0082026046847206,-250.849609375,283.55078125,0.016325811826177077,17421.36240234375,333.4879493798265,-0.15926333303054085,0.0,0.0,0.0
2021-12-14,17324.900390625,17376.19921875,17225.80078125,17283.19921875,-0.002495911181322197,-0.0024990311601760175,41.701171875,150.3984375,0.008681056404883281,17382.1349609375,291.83048836581656,-0.19612265542575646,0.0,0.0,0.0
2021-12-15,17221.400390625,17351.19921875,17192.19921875,17323.650390625,-0.005974060321640162,-0.005991976410169169,-102.25,159.0,0.009232698642008031,17343.24501953125,254.7397431258857,-0.47831024484481843,0.0,0.0,0.0
2021-12-16,17248.400390625,17379.349609375,17184.94921875,17373.0,0.0015678167505297491,0.0015665890089298405,-124.599609375,194.400390625,0.011270632999142471,17310.73251953125,219.12908021199874,-0.2844539339367809,0.0,0.0,0.0
2021-12-17,16985.19921875,17298.150390625,16966.44921875,17276.0,-0.01525945397337003,-0.015377077556357827,-290.80078125,331.701171875,0.019528836112138993,17271.75244140625,202.84016729554355,-1.412704527297763,0.0,0.0,0.0
2021-12-20,16614.19921875,16840.099609375,16410.19921875,16824.25,-0.021842546279377872,-0.022084626281366433,-210.05078125,429.900390625,0.025875480663541985,17231.63486328125,247.19050993248933,-2.4978129002601293,1.0,0.0,0.0
2021-12-21,16770.849609375,16936.400390625,16688.25,16773.150390625,0.00942870544420904,0.009384532645495392,-2.30078125,248.150390625,0.014796530671068836,17195.00986328125,258.80557122914644,-1.6389146952740827,1.0,1.0,1.0
2021-12-22,16955.44921875,16971.0,16819.5,16865.55078125,0.011007170994593363,0.010947032985081793,89.8984375,151.5,0.008935180545524288,17172.02978515625,258.643807835442,-0.8373700040174399,1.0,1.0,1.0
2021-12-23,17072.599609375,17118.650390625,17015.55078125,17066.80078125,0.006909306212627531,0.006885546336514033,5.798828125,103.099609375,0.006038893415996552,17148.847265625,244.68208998395914,-0.3116192781212556,0.0,1.0,1.0
2021-12-24,17003.75,17155.599609375,16909.599609375,17149.5,-0.004032754879180422,-0.0040409083631890875,-145.75,246.0,0.014467396897743144,17147.7123046875,245.3314996731749,-0.5868072582578343,0.0,0.0,0.0
2021-12-27,17086.25,17112.05078125,16833.19921875,16937.75,0.004851870910828504,0.004840138519222991,148.5,278.8515625,0.016320231911624846,17149.32734375,244.78747834068116,-0.2576820684520956,0.0,0.0,0.0
2021-12-28,17233.25,17250.25,17161.150390625,17177.599609375,0.008603409174043453,0.008566610759914585,55.650390625,89.099609375,0.00517021510016973,17161.8298828125,242.22819495057402,0.2948464244720659,0.0,0.0,0.0
2021-12-29,17213.599609375,17285.94921875,17176.650390625,17220.099609375,-0.0011402602889762914,-0.00114091088034896,-6.5,109.298828125,0.006349562590352854,17164.16484375,242.5045657561001,0.20385086553264517,0.0,0.0,0.0
2021-12-30,17203.94921875,17264.05078125,17146.349609375,17201.44921875,-0.0005606259494814747,-0.0005607831589689821,2.5,117.701171875,0.006841520535687323,17154.27978515625,236.2636738109313,0.21022882101417628,0.0,0.0,0.0
2021-12-31,17354.05078125,17400.80078125,17238.5,17244.5,0.008724831757606522,0.008686990360265219,109.55078125,162.30078125,0.009352328358135044,17162.14736328125,240.33540319103395,0.798481686096885,0.0,0.0,0.0
2022-01-03,17625.69921875,17646.650390625,17383.30078125,17387.150390625,0.015653315812207858,0.015532066331647875,238.548828125,263.349609375,0.01494122906028329,17197.81982421875,253.85886626646405,1.6855010850088827,0.0,0.0,0.0
2022-01-04,17805.25,17827.599609375,17593.55078125,17681.400390625,0.01018687423526421,0.01013533773365083,123.849609375,234.048828125,0.013144933551901827,17229.24736328125,287.75114338824244,2.001738828684998,0.0,0.0,0.0
2022-01-05,17925.25,17944.69921875,17748.849609375,17820.099609375,0.0067395852346920915,0.006716975758933995,105.150390625,195.849609375,0.010925906716782193,17252.02236328125,323.5833765047731,2.080538388562185,0.0,0.0,0.0
2022-01-06,17745.900390625,17797.94921875,17655.55078125,17768.5,-0.010005417462796928,-0.01005580805311726,-22.599609375,142.3984375,0.00802430050690625,17263.47490234375,337.21589617695906,1.430613128712323,0.0,0.0,0.0
2022-01-07,17812.69921875,17905.0,17704.55078125,17797.599609375,0.003764183651131514,0.0037571168401497185,15.099609375,200.44921875,0.011253163615933244,17278.54482421875,355.1326130827051,1.504098398326641,0.0,0.0,0.0
2022-01-10,18003.30078125,18017.44921875,17879.150390625,17913.30078125,0.010700318921871732,0.010643475643964555,90.0,138.298828125,0.007681859554834237,17310.29736328125,390.230969971705,1.7758801102306117,0.0,0.0,0.0
2022-01-11,18055.75,18081.25,17964.400390625,17997.75,0.002913311252602302,0.0029090757855369247,58.0,116.849609375,0.0064716009789125345,17346.83984375,424.39451086430296,1.670403688318836,0.0,0.0,0.0
2022-01-12,18212.349609375,18227.94921875,18128.80078125,18170.400390625,0.008673115731830494,0.008635720331115329,41.94921875,99.1484375,0.005444022305005736,17396.3873046875,464.8925397318446,1.7551632580685315,0.0,0.0,0.0
2022-01-13,18257.80078125,18272.25,18163.80078125,18257.0,0.0024956237305924223,0.002492514833041471,0.80078125,108.44921875,0.005939884000781344,17446.85732421875,501.3437202006666,1.6175398720595626,0.0,0.0,0.0
2022-01-14,18255.75,18286.94921875,18119.650390625,18185.0,-0.00011232356375068253,-0.00011232987251458901,70.75,167.298828125,0.009164171733563398,17510.38486328125,519.9204989889304,1.4336136739525212,0.0,0.0,0.0
2022-01-17,18308.099609375,18321.55078125,18228.75,18235.650390625,0.0028675682661627455,0.0028634646353713476,72.44921875,92.80078125,0.005068837467023592,17595.0798828125,503.9718225264837,1.414800777924504,0.0,0.0,0.0
2022-01-18,18113.05078125,18350.94921875,18085.900390625,18337.19921875,-0.010653690567923424,-0.010710847446216868,-224.1484375,265.048828125,0.014633030698471255,17662.18994140625,477.08696486295804,0.9450286280055012,0.0,0.0,0.0
2022-01-19,17938.400390625,18129.19921875,17884.900390625,18129.19921875,-0.00964224043394124,-0.009689027834056424,-190.798828125,244.298828125,0.013618763256765965,17711.3375,450.3289780922902,0.5042155883170023,0.0,0.0,0.0
2022-01-20,17757.0,17943.69921875,17648.44921875,17921.0,-0.010112406160797005,-0.010163883876396832,-164.0,295.25,0.016627245593287154,17745.55751953125,424.5000996798027,0.026955189120997695,0.0,0.0,0.0
2022-01-21,17617.150390625,17707.599609375,17485.849609375,17613.69921875,-0.007875745304668613,-0.00790692279190989,3.451171875,221.75,0.012587166203565174,17776.2275390625,388.7363705984458,-0.4092160149373376,0.0,0.0,0.0
2022-01-24,17149.099609375,17599.400390625,16997.849609375,17575.150390625,-0.02656790518738339,-0.02692721026213864,-426.05078125,601.55078125,0.03507768891383351,17779.37001953125,383.07799692329047,-1.6452795911493114,0.0,0.0,0.0
2022-01-25,17277.94921875,17309.150390625,16836.80078125,17001.55078125,0.007513491221694313,0.0074854055398087425,276.3984375,472.349609375,0.02733829133277039,17781.60498046875,379.84083408462067,-1.3259652899944558,0.0,0.0,0.0
2022-01-27,17110.150390625,17182.5,16866.75,17062.0,-0.00971173291462768,-0.009759199363728934,48.150390625,315.75,0.01845395819390377,17776.43251953125,388.58638564821996,-1.714630654892324,0.0,0.0,0.0
2022-01-28,17101.94921875,17373.5,17077.099609375,17208.30078125,-0.0004793161771092791,-0.0004794310858279706,-106.3515625,296.400390625,0.017331380583216597,17771.33251953125,397.0720865529775,-1.685797928009076,0.0,0.0,0.0
2022-01-31,17339.849609375,17410.0,17264.150390625,17301.05078125,0.0139107178709299,0.01381485185545943,38.798828125,145.849609375,0.008411238428281675,17770.6224609375,397.86945528063814,-1.0826989753678173,0.0,0.0,0.0
2022-02-01,17576.849609375,17622.400390625,17244.55078125,17529.44921875,0.013667938611870323,0.013575374822651254,47.400390625,377.849609375,0.021497004171524888,17768.17998046875,398.9544112671366,-0.47957953513048757,0.0,0.0,0.0
2022-02-02,17780.0,17794.599609375,17674.80078125,17706.19921875,0.011557838585399605,0.01149155699474709,73.80078125,119.798828125,0.006737841851799775,17766.91748046875,398.87087156710356,0.032798884209946824,0.0,0.0,0.0
2022-02-03,17560.19921875,17781.150390625,17511.150390625,17767.75,-0.012362248664229525,-0.01243929691182117,-207.55078125,270.0,0.015375679776554357,17748.66494140625,399.5959552013074,-0.4716407165865925,0.0,0.0,0.0
2022-02-04,17516.30078125,17617.80078125,17462.55078125,17590.19921875,-0.0024998826581151823,-0.002503012582150695,-73.8984375,155.25,0.008863172763405872,17737.1849609375,402.96344891085533,-0.5481494172350186,0.0,0.0,0.0
2022-02-07,17213.599609375,17536.75,17119.400390625,17456.30078125,-0.017281112927623465,-0.017432174227495423,-242.701171875,417.349609375,0.024245341988069706,17707.22998046875,419.0028565500343,-1.1781074123412432,0.0,0.0,0.0
2022-02-08,17266.75,17306.44921875,17043.650390625,17279.849609375,0.0030876976246183574,0.003082940476216172,-13.099609375,262.798828125,0.015219935895579654,17670.40244140625,423.95033370947806,-0.9521220041847255,0.0,0.0,0.0
2022-02-09,17463.80078125,17477.150390625,17339.0,17370.099609375,0.01141215233034587,0.0113475249468573,93.701171875,138.150390625,0.007910671471546164,17640.80498046875,416.2245810023713,-0.42526128272501595,0.0,0.0,0.0
2022-02-10,17605.849609375,17639.44921875,17427.150390625,17554.099609375,0.008133901085124018,0.00810099920504003,51.75,212.298828125,0.012058425627579613,17610.47998046875,393.8862805041247,-0.011755603896189808,0.0,0.0,0.0
2022-02-11,17374.75,17454.75,17303.0,17451.0,-0.01312629691281364,-0.013213208134273142,-76.25,151.75,0.008733938617821839,17566.32744140625,366.01244642861286,-0.5234178325780405,0.0,0.0,0.0
2022-02-14,16842.80078125,17099.5,16809.650390625,17076.150390625,-0.03061622289529342,-0.031094690696753635,-233.349609375,289.849609375,0.01720910988258383,17495.67998046875,362.28101892497835,-1.8021347106621388,0.0,0.0,0.0
2022-02-15,17352.44921875,17375.0,16839.25,16933.25,0.03025912638397754,0.02981034961442144,419.19921875,535.75,0.030874604111856507,17447.8974609375,308.52187596312945,-0.3093726883694521,0.0,0.0,0.0
2022-02-16,17322.19921875,17490.599609375,17257.69921875,17408.44921875,-0.0017432697608654735,-0.001744791023833279,-86.25,232.900390625,0.013445197557415373,17408.3548828125,266.6189879406277,-0.3231415163937394,0.0,0.0,0.0
2022-02-17,17304.599609375,17442.900390625,17235.849609375,17396.55078125,-0.001016014719190439,-0.001016531212017758,-91.951171875,207.05078125,0.011965072057363723,17376.66484375,236.23803281051127,-0.30505348151457445,0.0,0.0,0.0
2022-02-18,17276.30078125,17380.80078125,17219.19921875,17236.05078125,-0.0016353356196504576,-0.0016366742405402451,40.25,161.6015625,0.009353944721510432,17352.6298828125,219.35602900954223,-0.3479690159743893,0.0,0.0,0.0
2022-02-21,17206.650390625,17351.05078125,17070.69921875,17192.25,-0.004031556958107085,-0.004039705592356217,14.400390625,280.3515625,0.016293209668091405,17332.1048828125,212.39705647427627,-0.5906602203910134,0.0,0.0,0.0
2022-02-22,17092.19921875,17148.55078125,16843.80078125,16847.94921875,-0.006651566067580439,-0.00667378632095619,244.25,304.75,0.017829771119546266,17329.25986328125,215.3381181208155,-1.1008763641105497,0.0,0.0,0.0
2022-02-23,17063.25,17220.69921875,17027.849609375,17194.5,-0.0016937094155936583,-0.0016951453630000418,-131.25,192.849609375,0.011302044415630081,17318.52490234375,223.2373382505445,-1.1435134657323722,0.0,0.0,0.0
2022-02-24,16247.9501953125,16705.25,16203.25,16548.900390625,-0.04778103847083648,-0.04896026903082192,-300.9501953125,502.0,0.030896204996050884,17275.414892578126,325.44739100730163,-3.1570838349187276,1.0,0.0,0.0
2022-02-25,16658.400390625,16748.80078125,16478.30078125,16515.650390625,0.025261660109649586,0.024947858168202962,142.75,270.5,0.016238053694052866,17253.237451171874,351.92581899516887,-1.690234215395942,1.0,1.0,1.0
2022-02-28,16793.900390625,16815.900390625,16356.2998046875,16481.599609375,0.008134034290366632,0.008101131335537446,312.30078125,459.6005859375,0.027367113966810633,17225.939990234376,365.7558648811016,-1.1812239832430886,1.0,1.0,1.0
2022-03-02,16605.94921875,16678.5,16478.650390625,16593.099609375,-0.011191633122935585,-0.011254730666993663,12.849609375,199.849609375,0.01203481997580404,17177.394970703124,380.85004085031824,-1.5004481834300603,1.0,1.0,1.0
2022-03-03,16498.05078125,16768.94921875,16442.94921875,16723.19921875,-0.00649757722841704,-0.006518778370608893,-225.1484375,326.0,0.0197599100840748,17113.297509765624,381.96819481368027,-1.6107276387651435,1.0,1.0,1.0
2022-03-04,16245.349609375,16456.0,16133.7998046875,16339.4501953125,-0.015317032007332254,-0.015435549523985674,-94.1005859375,322.2001953125,0.019833380201713977,17047.555029296876,412.9014971528882,-1.9428493852732087,1.0,1.0,1.0
2022-03-07,15863.150390625,15944.599609375,15711.4501953125,15867.9501953125,-0.02352668473994779,-0.023807855961420165,-4.7998046875,233.1494140625,0.014697547985190225,16964.897509765626,474.93554898494347,-2.3197823820418075,1.0,1.0,1.0
2022-03-08,16013.4501953125,16028.75,15671.4501953125,15747.75,0.009474776509483585,0.009430172336242727,265.7001953125,357.2998046875,0.02231248109118232,16904.8900390625,515.9096751385209,-1.7278990620027592,1.0,1.0,1.0
2022-03-09,16345.349609375,16418.05078125,15990.0,16078.0,0.020726290088294297,0.020514423015661167,267.349609375,428.05078125,0.026187924484924338,16858.82001953125,522.9867157547125,-0.9818039248191411,1.0,1.0,1.0
2022-03-10,16594.900390625,16757.30078125,16447.900390625,16757.099609375,0.01526738719047449,0.015152013456311012,-162.19921875,309.400390625,0.01864430537948817,16815.375,505.8962576350008,-0.4358099235714653,0.0,1.0,1.0
2022-03-11,16630.44921875,16694.400390625,16470.900390625,16528.80078125,0.0021421537513466316,0.0021398626113986923,101.6484375,223.5,0.013439204020298797,16766.60498046875,471.5297940408348,-0.2887532525822935,0.0,0.0,0.0
2022-03-14,16871.30078125,16887.94921875,16606.5,16633.69921875,0.014482565042708062,0.014378694372337426,237.6015625,281.44921875,0.016682129161184178,16741.43251953125,450.31651890777994,0.28839328842241985,0.0,0.0,0.0
2022-03-15,16663.0,16927.75,16555.0,16900.650390625,-0.012346456503312231,-0.012423307208470636,-237.650390625,372.75,0.022369921382704196,16732.44248046875,449.98094090705814,-0.1543231593959766,0.0,0.0,0.0
2022-03-16,16975.349609375,16987.900390625,16837.849609375,16876.650390625,0.018745100484606647,0.018571576221107083,98.69921875,150.05078125,0.008839333781210093,16713.5875,430.0954244425665,0.608614029582529,0.0,0.0,0.0
2022-03-17,17287.05078125,17344.599609375,17175.75,17202.900390625,0.018361988356508263,0.01819544269851146,84.150390625,168.849609375,0.009767404024643626,16711.830078125,427.54190613389295,1.345413618811108,0.0,0.0,0.0
2022-03-21,17117.599609375,17353.349609375,17096.400390625,17329.5,-0.009802202470463706,-0.009850560325581039,-211.900390625,256.94921875,0.015010820711641927,16702.480078125,415.7791856910248,0.9984134500626098,0.0,0.0,0.0
2022-03-22,17315.5,17334.400390625,17006.30078125,17120.400390625,0.011561223252155806,0.011494902983443505,195.099609375,328.099609375,0.018948318522422108,16704.4400390625,418.708584136809,1.4593920069664503,0.0,0.0,0.0
2022-03-23,17245.650390625,17442.400390625,17199.599609375,17405.05078125,-0.0040339354552280104,-0.004042093720190609,-159.400390625,242.80078125,0.01407895763571725,16706.3900390625,421.2536457808219,1.280132188679213,0.0,0.0,0.0
2022-03-24,17222.75,17291.75,17091.150390625,17094.94921875,-0.0013278937068936791,-0.0013287761390126268,127.80078125,200.599609375,0.011647362318735394,16712.917578125,428.49582436048365,1.1898188801160599,0.0,0.0,0.0
2022-03-25,17153.0,17294.900390625,17076.55078125,17289.0,-0.004049875890900112,-0.004058098847076208,-136.0,218.349609375,0.012729528908937212,16717.405078125,432.80612758908967,1.0064435184904714,0.0,0.0,0.0
2022-03-28,17222.0,17235.099609375,17003.900390625,17181.849609375,0.004022619949862971,0.004014550846285441,40.150390625,231.19921875,0.013424643987341773,16766.107568359374,432.0021463506368,1.055301311560149,0.0,0.0,0.0
2022-03-29,17325.30078125,17343.650390625,17235.69921875,17297.19921875,0.005998187274997013,0.00598026976240216,28.1015625,107.951171875,0.0062308396972725714,16799.452587890624,448.66759711020467,1.1720217745749388,0.0,0.0,0.0
2022-03-30,17498.25,17522.5,17387.19921875,17468.150390625,0.009982465582194733,0.009932969892759297,30.099609375,135.30078125,0.007732246438929607,16834.670068359374,475.07513083950204,1.3967894519505133,0.0,0.0,0.0
2022-03-31,17464.75,17559.80078125,17435.19921875,17519.19921875,-0.001914477162001882,-0.001916312115762529,-54.44921875,124.6015625,0.007134460126826894,16877.610107421875,491.8301896203449,1.193785792269791,0.0,0.0,0.0
2022-04-01,17670.44921875,17703.69921875,17422.69921875,17436.900390625,0.011777965258592316,0.01170914487476482,233.548828125,281.0,0.015902255597544896,16936.230029296876,513.5964237133982,1.4295644509059902,0.0,0.0,0.0
2022-04-04,18053.400390625,18114.650390625,17791.400390625,17809.099609375,0.021671841339984343,0.0214403456403388,244.30078125,323.25,0.01790521414280832,17026.632568359375,543.8239809462532,1.8880517561565602,0.0,0.0,0.0
2022-04-05,17957.400390625,18095.44921875,17921.55078125,18080.599609375,-0.005317557796472028,-0.005331746328175393,-123.19921875,173.8984375,0.009683942759932387,17131.345068359376,508.48017767745586,1.624557570835367,0.0,0.0,0.0
2022-04-06,17807.650390625,17901.0,17779.849609375,17842.75,-0.008339180323571727,-0.008374145812508964,-35.099609375,121.150390625,0.006803277690625638,17221.055078125,456.48727170959194,1.2850200845757243,0.0,0.0,0.0
2022-04-07,17639.55078125,17787.5,17623.69921875,17723.30078125,-0.00943974110495216,-0.009484577848941177,-83.75,163.80078125,0.009285995050628637,17285.76513671875,415.7278150105717,0.8510030644022543,0.0,0.0,0.0
2022-04-08,17784.349609375,17842.75,17600.55078125,17698.150390625,0.008208759390795572,0.008175250776633796,86.19921875,242.19921875,0.013618671701231343,17345.23759765625,396.31962208055074,1.1079744409664911,0.0,0.0,0.0
2022-04-11,17674.94921875,17779.05078125,17650.94921875,17740.900390625,-0.006151497975913078,-0.006170496392137639,-65.951171875,128.1015625,0.007247633977024775,17397.46259765625,364.7316192865378,0.7607967240036672,0.0,0.0,0.0
2022-04-12,17530.30078125,17595.30078125,17442.349609375,17584.849609375,-0.008183810641252287,-0.008217481851263662,-54.548828125,152.951171875,0.008724959929871426,17430.41259765625,343.8665288816213,0.29048533429125134,0.0,0.0,0.0
2022-04-13,17475.650390625,17663.650390625,17457.400390625,17599.900390625,-0.0031174816283502382,-0.0031223510971550208,-124.25,206.25,0.011802135851301136,17471.0451171875,292.6057104543006,0.01573883650578987,0.0,0.0,0.0
2022-04-18,17173.650390625,17237.75,17067.849609375,17183.44921875,-0.017281188010147552,-0.017432250630348714,-9.798828125,169.900390625,0.00989308543964233,17480.96015625,277.91586770747114,-1.1057654539843245,0.0,0.0,0.0
2022-04-19,16958.650390625,17275.650390625,16824.69921875,17258.94921875,-0.012519178806467801,-0.012598203971631295,-300.298828125,450.951171875,0.026591218138696502,17464.54013671875,298.8857963270062,-1.6925854366805224,0.0,0.0,0.0
2022-04-20,17136.55078125,17186.900390625,16978.94921875,17045.25,0.010490244596548015,0.010435603778864927,91.30078125,207.951171875,0.012134949123048163,17465.4876953125,297.75590463154265,-1.104720037271942,0.0,0.0,0.0
2022-04-21,17392.599609375,17414.69921875,17215.5,17234.599609375,0.014941678252146096,0.014831150992767859,158.0,199.19921875,0.011453102079267504,17469.34267578125,296.2069105198176,-0.2590860094100137,0.0,0.0,0.0
2022-04-22,17171.94921875,17315.30078125,17149.19921875,17242.75,-0.012686452605167986,-0.012767612798961313,-70.80078125,166.1015625,0.00967284263330072,17465.6576171875,299.57559275045935,-0.9804149788736358,0.0,0.0,0.0
2022-04-25,16953.94921875,17054.30078125,16888.69921875,17009.05078125,-0.012695122564301942,-0.012776394201003337,-55.1015625,165.6015625,0.009767727882354107,17452.217578125,316.59320247446504,-1.5738441491496924,0.0,0.0,0.0
2022-04-26,17200.80078125,17223.849609375,17064.44921875,17121.30078125,0.014560121616207233,0.014455140840464372,79.5,159.400390625,0.009267033125501742,17454.6076171875,314.38819970532967,-0.8073039515331294,0.0,0.0,0.0
2022-04-27,17038.400390625,17110.69921875,16958.44921875,17073.349609375,-0.009441443610115341,-0.00948629657994312,-34.94921875,152.25,0.008935697982762053,17445.42763671875,324.0691587338038,-1.2559888379507536,0.0,0.0,0.0
2022-04-28,17245.05078125,17322.5,17071.05078125,17189.5,0.012128508890934642,0.012055547873445796,55.55078125,251.44921875,0.014580949742600515,17441.41513671875,326.1250965087512,-0.6021135986493521,0.0,0.0,0.0
2022-04-29,17102.55078125,17377.650390625,17053.25,17329.25,-0.008263240381694681,-0.008297570200330234,-226.69921875,324.400390625,0.018967953656401308,17421.63017578125,334.39371287695536,-0.954202732419973,0.0,0.0,0.0
2022-05-02,17069.099609375,17092.25,16917.25,16924.44921875,-0.0019559171203674675,-0.0019578324241160947,144.650390625,175.0,0.010252444710316373,17401.84765625,343.2932970700308,-0.9692820970143218,0.0,0.0,0.0
2022-05-04,16677.599609375,17132.849609375,16623.94921875,17096.599609375,-0.022936183451936376,-0.023203310190181764,-419.0,508.900390625,0.030514006964103585,17352.20517578125,372.91570834890956,-1.809002815657937,0.0,0.0,0.0
2022-05-05,16682.650390625,16945.69921875,16651.849609375,16854.75,0.00030284821366977077,0.00030280236440618743,-172.099609375,293.849609375,0.017614084242880978,17283.66767578125,363.096151396121,-1.6552565562738983,0.0,0.0,0.0
2022-05-06,16411.25,16484.19921875,16340.900390625,16415.55078125,-0.0162684216398562,-0.016402205362178027,-4.30078125,143.298828125,0.00873174365907533,17206.36015625,376.45194468310194,-2.112115948608862,1.0,0.0,0.0
2022-05-09,16301.849609375,16403.69921875,16142.099609375,16227.7001953125,-0.006666182687180999,-0.0066885009232451696,74.1494140625,261.599609375,0.016047234862512607,17131.0701171875,399.7250930505236,-2.074476989883872,1.0,1.0,1.0
2022-05-10,16240.0498046875,16404.55078125,16197.2998046875,16248.900390625,-0.003790968888092272,-0.003798172823006312,-8.8505859375,207.2509765625,0.012761720503017143,17061.095068359376,427.5546941105204,-1.920328030499043,1.0,1.0,1.0
2022-05-11,16167.099609375,16318.75,15992.599609375,16270.0498046875,-0.0044919933245182175,-0.004502112641840228,-102.9501953125,326.150390625,0.0201737107153018,16980.232568359374,436.4095845420284,-1.8632335030810139,1.0,1.0,1.0
2022-05-12,15808.0,16041.9501953125,15735.75,16021.099609375,-0.022211752141785834,-0.022462147872579268,-213.099609375,306.2001953125,0.019369951626549847,16886.885107421876,477.7048298537046,-2.258476448212343,1.0,1.0,1.0
2022-05-13,15782.150390625,16083.599609375,15740.849609375,15977.0,-0.0016352232651188903,-0.0016365617019766783,-194.849609375,342.75,0.021717572796898593,16799.477587890626,512.4497285024246,-1.985223409598923,1.0,1.0,1.0
2022-05-16,15842.2998046875,15977.9501953125,15739.650390625,15845.099609375,0.0038112305721171857,0.003803986233609079,-2.7998046875,238.2998046875,0.015041995646174469,16717.81005859375,528.9054090772736,-1.6553248253476212,1.0,1.0,1.0
2022-05-17,16259.2998046875,16284.25,15900.7998046875,15912.599609375,0.026321935902047233,0.025981475212963467,346.7001953125,383.4501953125,0.023583438396403308,16672.092529296875,526.9433754760274,-0.7833720733968207,1.0,1.0,1.0
2022-05-18,16240.2998046875,16399.80078125,16211.2001953125,16318.150390625,-0.0011685620062508173,-0.0011692453072036017,-77.8505859375,188.6005859375,0.011613122184053738,16636.175,530.8506217246793,-0.7457374619367334,1.0,1.0,1.0
2022-05-19,15809.400390625,15984.75,15775.2001953125,15917.400390625,-0.026532725334179386,-0.026891070897403772,-108.0,209.5498046875,0.013254759795429267,16569.81748046875,547.6917685496037,-1.388403356613313,1.0,1.0,1.0
2022-05-20,16266.150390625,16283.0498046875,16003.849609375,16043.7998046875,0.028891038794289337,0.02848156086057151,222.3505859375,279.2001953125,0.017164491204594855,16513.49501953125,515.6068509961091,-0.4797155593033714,0.0,1.0,1.0
2022-05-23,16214.7001953125,16414.69921875,16185.75,16290.9501953125,-0.0031630222318707046,-0.0031680351601504043,-76.25,228.94921875,0.014119855192647152,16465.632568359375,495.2967319515494,-0.5066303830799787,0.0,0.0,0.0
2022-05-24,16125.150390625,16262.7998046875,16078.599609375,16225.5498046875,-0.005522754266735541,-0.005538061057189644,-100.3994140625,184.2001953125,0.011423161387666322,16424.192626953125,486.8906603933261,-0.6141876619414901,0.0,0.0,0.0
2022-05-25,16025.7998046875,16223.349609375,16006.9501953125,16196.349609375,-0.006161219184365629,-0.006180277818558741,-170.5498046875,216.3994140625,0.013503189650428791,16365.442578125,458.3008113015152,-0.7410913641478347,0.0,0.0,0.0
2022-05-26,16170.150390625,16204.4501953125,15903.7001953125,16105.0,0.009007387318995308,0.008967062770830264,65.150390625,300.75,0.018599084902411696,16322.030078125,431.54111575300544,-0.35194720029163984,0.0,0.0,0.0
2022-05-27,16352.4501953125,16370.599609375,16221.9501953125,16296.599609375,0.011273847198922216,0.011210771015034579,55.8505859375,148.6494140625,0.009090345011728639,16277.400048828125,373.2819120882629,0.2010548704718083,0.0,0.0,0.0
2022-05-30,16661.400390625,16695.5,16506.150390625,16527.900390625,0.018893205092962884,0.018716945110386057,133.5,189.349609375,0.011364567499472783,16255.342529296875,332.79519384493227,1.2201434060292646,0.0,0.0,0.0
2022-05-31,16584.55078125,16690.75,16521.900390625,16578.44921875,-0.004612433983534836,-0.004623104079880039,6.1015625,168.849609375,0.010181138554919218,16231.115087890625,284.58078950165356,1.2419520445434766,0.0,0.0,0.0
2022-06-01,16522.75,16649.19921875,16438.849609375,16594.400390625,-0.0037264067061659745,-0.003733367056413342,-71.650390625,210.349609375,0.012730907952671316,16223.372607421876,273.6922843050327,1.0938466655657173,0.0,0.0,0.0
2022-06-02,16628.0,16646.400390625,16443.05078125,16481.650390625,0.006370004993115463,0.006349802260260305,146.349609375,203.349609375,0.012229348651371182,16220.640087890624,269.0998420362588,1.5137872583904661,0.0,0.0,0.0
2022-06-03,16584.30078125,16793.849609375,16567.900390625,16761.650390625,-0.002628050201467391,-0.0026315095876877827,-177.349609375,225.94921875,0.013624283696389258,16229.292626953125,278.180120307402,1.2761808928135272,0.0,0.0,0.0
2022-06-06,16569.55078125,16610.94921875,16444.55078125,16530.69921875,-0.0008893953501298846,-0.0008897910968418909,38.8515625,166.3984375,0.010042422977953961,16242.677685546874,288.1179681043283,1.1345113178944954,0.0,0.0,0.0
2022-06-07,16416.349609375,16487.25,16347.099609375,16469.599609375,-0.009245946006475991,-0.009288955076891798,-53.25,140.150390625,0.008537244512931384,16251.49267578125,290.7185524160225,0.567067124625185,0.0,0.0,0.0
2022-06-08,16356.25,16514.30078125,16293.349609375,16474.94921875,-0.0036609606157923524,-0.003667678332650513,-118.69921875,220.951171875,0.013508669277799007,16260.9501953125,290.9052361042785,0.3275974195711576,0.0,0.0,0.0
2022-06-09,16478.099609375,16492.80078125,16243.849609375,16263.849609375,0.00744972774168895,0.007422115570615706,214.25,248.951171875,0.015108002608101875,16294.45517578125,274.09464229241104,0.6700037332281522,0.0,0.0,0.0
2022-06-10,16201.7998046875,16324.7001953125,16172.599609375,16283.9501953125,-0.016767698414100085,-0.01690986774485526,-82.150390625,152.1005859375,0.009387882073045632,16315.437646484375,247.5940150089814,-0.45896845201509895,0.0,0.0,0.0
2022-06-13,15774.400390625,15886.150390625,15684.0,15877.5498046875,-0.026379749115209128,-0.026733937520215956,-103.1494140625,202.150390625,0.012815091896940913,16312.04267578125,254.784171559011,-2.1101871512129042,1.0,0.0,0.0
2022-06-14,15732.099609375,15858.0,15659.4501953125,15674.25,-0.00268160945598539,-0.0026852114114221596,57.849609375,198.5498046875,0.012620680622259798,16285.682666015626,285.9002084817075,-1.9362807029084244,1.0,1.0,1.0
2022-06-15,15692.150390625,15783.650390625,15678.900390625,15729.25,-0.0025393443813560568,-0.0025425739848417965,-37.099609375,104.75,0.006675312012213511,16258.2751953125,315.2473735279346,-1.7958113285829975,1.0,1.0,1.0
2022-06-16,15360.599609375,15863.150390625,15335.099609375,15832.25,-0.021128447854290244,-0.021354848179315097,-471.650390625,528.05078125,0.03437696409505499,16235.83515625,361.46623807191656,-2.4213479840982113,1.0,1.0,1.0
2022-06-17,15293.5,15400.400390625,15183.400390625,15272.650390625,-0.00436829362663993,-0.004377862497838008,20.849609375,217.0,0.014189034557164809,16187.20263671875,418.15843624168394,-2.1372345007580207,1.0,1.0,1.0
2022-06-20,15350.150390625,15382.5,15191.099609375,15334.5,0.0037042135956451006,0.0036973698916184226,15.650390625,191.400390625,0.012468958658665421,16143.975146484376,457.9589217917395,-1.7333972941362936,1.0,1.0,1.0
2022-06-21,15638.7998046875,15707.25,15419.849609375,15455.9501953125,0.018804337854487096,0.018629721921802747,182.849609375,287.400390625,0.01837739431505837,16119.6576171875,471.71702137419516,-1.0193777004255147,1.0,1.0,1.0
2022-06-22,15413.2998046875,15565.400390625,15385.9501953125,15545.650390625,-0.014419265085317434,-0.01452423294963793,-132.3505859375,179.4501953125,0.011642555298763832,16089.0326171875,497.3189315901389,-1.3587514361043864,1.0,1.0,1.0
2022-06-23,15556.650390625,15628.4501953125,15367.5,15451.5498046875,0.009300447519609234,0.009257464658604653,105.1005859375,260.9501953125,0.01677418909341551,16058.3576171875,510.79030119657915,-0.9822176055167808,1.0,1.0,1.0
2022-06-24,15699.25,15749.25,15619.4501953125,15657.400390625,0.009166472588529428,0.009124715461734611,41.849609375,129.7998046875,0.008267898446581844,16025.697607421875,511.8779776259068,-0.6377449737844567,1.0,1.0,1.0
2022-06-27,15832.0498046875,15927.4501953125,15815.5,15926.2001953125,0.008458990377725017,0.008423413606869335,-94.150390625,111.9501953125,0.007071111870766991,15984.230078125,490.8291877179424,-0.31004731838594496,0.0,1.0,1.0
2022-06-28,15850.2001953125,15892.099609375,15710.150390625,15757.4501953125,0.0011464333961117568,0.0011457767431705531,92.75,181.94921875,0.011479300987239847,15947.512548828125,470.60812072388745,-0.206780013413154,0.0,0.0,0.0
2022-06-29,15799.099609375,15861.599609375,15687.7998046875,15701.7001953125,-0.0032239710103227903,-0.003229179201912245,97.3994140625,173.7998046875,0.011000614527701898,15911.330029296874,451.4836852859279,-0.2485813409864366,0.0,0.0,0.0
2022-06-30,15780.25,15890.0,15728.849609375,15774.5,-0.001193081241402827,-0.0011937935294284723,5.75,161.150390625,0.010212157007968821,15868.942529296875,419.30675666764813,-0.2115218223568361,0.0,0.0,0.0
2022-07-01,15752.0498046875,15793.9501953125,15511.0498046875,15703.7001953125,-0.0017870563085186086,-0.0017886549985601772,48.349609375,282.900390625,0.017959592188491837,15827.32998046875,384.4229690537133,-0.19582642516538049,0.0,0.0,0.0
2022-07-04,15835.349609375,15852.349609375,15661.7998046875,15710.5,0.005288188249805481,0.005274254882250374,124.849609375,190.5498046875,0.012033192154765488,15790.619921875,342.59531081696144,0.13056129517165815,0.0,0.0,0.0
2022-07-05,15810.849609375,16025.75,15785.4501953125,15909.150390625,-0.0015471713984448465,-0.0015483695040555473,-98.30078125,240.2998046875,0.015198411889580866,15760.344921875,309.5497136180321,0.16315533588999157,0.0,0.0,0.0
2022-07-06,15989.7998046875,16011.349609375,15800.900390625,15818.2001953125,0.011318189707300252,0.01125461822453212,171.599609375,210.44921875,0.013161466767601783,15742.022412109374,282.0444041792932,0.8785049052794387,0.0,0.0,0.0
2022-07-07,16132.900390625,16150.5,16045.9501953125,16113.75,0.00894949203151052,0.00890968266712923,19.150390625,104.5498046875,0.006480533701692909,15724.762451171875,242.40567361031535,1.683697965375333,0.0,0.0,0.0
2022-07-08,16220.599609375,16275.5,16157.900390625,16273.650390625,0.005436047866567373,0.005421325887187373,-53.05078125,117.599609375,0.007250016165064027,15725.70244140625,244.38126818386078,2.0251027079391877,0.0,0.0,0.0
2022-07-11,16216.0,16248.5498046875,16115.5,16136.150390625,-0.00028356592763323363,-0.00028360614005298526,79.849609375,133.0498046875,0.008204847353693883,15747.782421875,267.83651489381015,1.7481469183193195,0.0,0.0,0.0
2022-07-12,16058.2998046875,16158.75,16031.150390625,16126.2001953125,-0.0097249750439381,-0.009772571447684876,-67.900390625,127.599609375,0.007946022363946214,15764.092431640625,276.61928440105805,1.0635822939239348,0.0,0.0,0.0
2022-07-13,15966.650390625,16140.0,15950.150390625,16128.2001953125,-0.005707292501522909,-0.0057236413300785416,-161.5498046875,189.849609375,0.011890384315452435,15777.817431640626,279.65513522823727,0.6752350849207917,0.0,0.0,0.0
2022-07-14,15938.650390625,16070.849609375,15858.2001953125,16018.849609375,-0.0017536552323109689,-0.0017551946856914542,-80.19921875,212.6494140625,0.013341745307844814,15806.719970703125,263.68065740742145,0.5003416679063609,0.0,0.0,0.0
2022-07-15,16049.2001953125,16066.9501953125,15927.2998046875,16010.7998046875,0.0069359576863876615,0.006912014580365188,38.400390625,139.650390625,0.00870139252582741,15844.50498046875,239.28292815957138,0.8554526493726481,0.0,0.0,0.0
2022-07-18,16278.5,16287.9501953125,16142.2001953125,16151.400390625,0.014287304158276504,0.014186202470718856,127.099609375,145.75,0.008953527659182357,15890.9224609375,228.12088682155604,1.6990006678593914,0.0,0.0,0.0
2022-07-19,16340.5498046875,16359.5,16187.0498046875,16187.0498046875,0.003811764271124396,0.003804517906147779,153.5,172.4501953125,0.010553512419945038,15926.0099609375,240.91054273416947,1.7207210570581832,0.0,0.0,0.0
2022-07-20,16520.849609375,16588.0,16490.94921875,16562.80078125,0.01103388850696918,0.010973459265845803,-41.951171875,97.05078125,0.005874442510204021,15981.387451171875,244.12562307002233,2.209772785908637,0.0,0.0,0.0
2022-07-21,16605.25,16626.94921875,16483.900390625,16523.55078125,0.005108719746296009,0.005095714512164849,81.69921875,143.048828125,0.00861467476400536,16033.817431640626,260.1794855314216,2.196301400136188,0.0,0.0,0.0
2022-07-22,16719.44921875,16752.25,16610.900390625,16661.25,0.006877295960614926,0.006853755230166662,58.19921875,141.349609375,0.008454202499474905,16084.827392578125,289.49040416965016,2.192203323602973,0.0,0.0,0.0
2022-07-25,16631.0,16706.05078125,16564.25,16662.55078125,-0.005290199311757782,-0.005304241963650273,-31.55078125,141.80078125,0.008526293142324575,16124.77490234375,307.34697736807846,1.6470801242011086,0.0,0.0,0.0
2022-07-26,16483.849609375,16636.099609375,16463.30078125,16632.900390625,-0.00884795806776506,-0.008887333683346772,-149.05078125,172.798828125,0.01048291705031831,16156.457373046875,310.19933505814663,1.0554253324455256,0.0,0.0,0.0
2022-07-27,16641.80078125,16653.44921875,16438.75,16475.349609375,0.0095821774414373,0.00953655956008488,166.451171875,214.69921875,0.012901201112315772,16198.592431640625,316.2773026546511,1.4013283466418132,0.0,0.0,0.0
2022-07-28,16929.599609375,16947.650390625,16746.25,16774.849609375,0.017293731123692924,0.017145896529526243,154.75,201.400390625,0.011896346946886549,16256.059912109375,339.8069257429985,1.9821246897570133,0.0,0.0,0.0
2022-07-29,17158.25,17172.80078125,17018.150390625,17079.5,0.013505953826479233,0.013415561413115864,78.75,154.650390625,0.009013179702184081,16326.369921875,373.81088701128743,2.2254035584037983,0.0,0.0,0.0
2022-08-01,17340.05078125,17356.25,17154.80078125,17243.19921875,0.010595531668439406,0.010539792401854702,96.8515625,201.44921875,0.01161756798127889,16401.60498046875,418.5311824048447,2.2422362782840217,0.0,0.0,0.0
2022-08-02,17345.44921875,17390.150390625,17215.849609375,17310.150390625,0.000311327663805816,0.0003112792114048116,35.298828125,174.30078125,0.010048790264917739,16478.3349609375,444.3978126494515,1.9512118042230202,0.0,0.0,0.0
2022-08-03,17388.150390625,17407.5,17225.849609375,17349.25,0.002461808358865669,0.002458783072766921,38.900390625,181.650390625,0.01044679201319415,16548.252490234376,472.59792641650546,1.777193367645912,0.0,0.0,0.0
2022-08-04,17382.0,17490.69921875,17161.25,17463.099609375,-0.0003537116074355806,-0.00035377417814128954,-81.099609375,329.44921875,0.0189534701846738,16610.707470703124,496.73842807986847,1.5527136329643152,0.0,0.0,0.0
2022-08-05,17397.5,17474.400390625,17348.75,17423.650390625,0.0008917270739845495,0.0008913297215996853,-26.150390625,125.650390625,0.007222324507831585,16669.552490234375,517.3737256012928,1.4070051758418982,0.0,0.0,0.0
2022-08-08,17525.099609375,17548.80078125,17359.75,17401.5,0.007334364671648164,0.007307599012140524,123.599609375,189.05078125,0.010787429770092026,16735.007470703124,539.3172969606288,1.4649857201400953,0.0,0.0,0.0
2022-08-10,17534.75,17566.099609375,17442.80078125,17566.099609375,0.0005506610997998429,0.0005505095416120064,-31.349609375,123.298828125,0.007031684405252427,16808.82998046875,542.8511174286655,1.3372359312249966,0.0,0.0,0.0
2022-08-11,17659.0,17719.30078125,17631.94921875,17711.650390625,0.007085929368824795,0.007060942140366637,-52.650390625,87.3515625,0.004946574692791211,16893.4474609375,536.5278046809944,1.4268646142536423,0.0,0.0,0.0
2022-08-12,17698.150390625,17724.650390625,17597.849609375,17659.650390625,0.0022170219505635025,0.0022145679837284517,38.5,126.80078125,0.007164634634202705,16981.4224609375,515.5731080830926,1.390157706929871,0.0,0.0,0.0
2022-08-16,17825.25,17839.099609375,17764.05078125,17797.19921875,0.007181519343531395,0.007155855032733008,28.05078125,75.048828125,0.004210253888444762,17070.224951171876,499.25132809604264,1.512314552487033,0.0,0.0,0.0
2022-08-17,17944.25,17965.94921875,17833.349609375,17868.150390625,0.006675923198833145,0.006653737907021656,76.099609375,132.599609375,0.007389531987962718,17153.512451171875,499.1646241500088,1.5841217717994631,0.0,0.0,0.0
2022-08-18,17956.5,17968.44921875,17852.05078125,17898.650390625,0.0006826699360520383,0.0006824370229270742,57.849609375,116.3984375,0.0064822452872218975,17234.3099609375,491.370645041487,1.4697459979554255,0.0,0.0,0.0
2022-08-19,17758.44921875,17992.19921875,17710.75,17966.55078125,-0.011029475746944017,-0.011090751389954998,-208.1015625,281.44921875,0.015848749813854014,17296.18994140625,474.42878418675974,0.9743491389042297,0.0,0.0,0.0
2022-08-22,17490.69921875,17690.05078125,17467.349609375,17682.900390625,-0.0150773300473388,-0.015192148554208883,-192.201171875,222.701171875,0.012732548258348913,17340.46240234375,447.08444948334716,0.33603677466273846,0.0,0.0,0.0
2022-08-23,17577.5,17625.55078125,17345.19921875,17357.349609375,0.00496268217550444,0.004950408657946044,220.150390625,280.3515625,0.01594945598065709,17383.36494140625,424.97817193307475,0.4568118350895513,0.0,0.0,0.0
2022-08-24,17604.94921875,17623.650390625,17499.25,17525.44921875,0.001561611079505143,0.001560393032835227,79.5,124.400390625,0.007066216952929829,17432.06240234375,388.46121655941334,0.4450555397460359,0.0,0.0,0.0
2022-08-25,17522.44921875,17726.5,17487.44921875,17679.0,-0.004686182219266755,-0.004697196795508722,-156.55078125,239.05078125,0.013642543817116748,17483.9923828125,318.0754658093107,0.12090475396978896,0.0,0.0,0.0
2022-08-26,17558.900390625,17685.849609375,17519.349609375,17619.30078125,0.002080255529346653,0.002078094793881999,-60.400390625,166.5,0.009482370552594354,17529.84736328125,248.84353235069713,0.11675218989740939,0.0,0.0,0.0
2022-08-29,17312.900390625,17380.150390625,17166.19921875,17188.650390625,-0.014009988924553851,-0.014109055185943692,124.25,213.951171875,0.012357904628785096,17549.01240234375,212.25129305818592,-1.1124173064708833,0.0,0.0,0.0
2022-08-30,17759.30078125,17777.650390625,17401.5,17414.94921875,0.02578426378902554,0.025457455427431688,344.3515625,376.150390625,0.021180472995993956,17579.06494140625,195.93560459714092,0.919872833803377,0.0,0.0,0.0
2022-09-01,17542.80078125,17695.599609375,17468.44921875,17485.69921875,-0.012190795272107646,-0.012265712506503565,57.1015625,227.150390625,0.012948353769586304,17589.20244140625,188.00285611768703,-0.24681359163609712,0.0,0.0,0.0
2022-09-02,17539.44921875,17643.849609375,17476.44921875,17598.400390625,-0.0001910505934481499,-0.00019106884593758132,-58.951171875,167.400390625,0.009544221630748008,17598.90244140625,179.58055718653972,-0.33106714662041214,0.0,0.0,0.0
2022-09-05,17665.80078125,17683.150390625,17540.349609375,17546.44921875,0.007203850071011875,0.00717802628935595,119.3515625,142.80078125,0.008083459279217326,17612.7849609375,173.0437772210722,0.306372301644623,0.0,0.0,0.0
2022-09-06,17655.599609375,17764.650390625,17587.650390625,17695.69921875,-0.0005774531254664206,-0.000577619915734608,-40.099609375,177.0,0.010025148050254507,17626.46494140625,164.43962041417421,0.17717547568747138,0.0,0.0,0.0
2022-09-07,17624.400390625,17650.75,17484.30078125,17519.400390625,-0.0017671004916441913,-0.0017686636555011566,105.0,166.44921875,0.009444248601985906,17637.8099609375,155.38958088262524,-0.0862964571777021,0.0,0.0,0.0
2022-09-08,17798.75,17807.650390625,17691.94921875,17748.150390625,0.009892512965589573,0.009843902383512463,50.599609375,115.701171875,0.0065005223330290044,17651.49248046875,156.98245981475495,0.9380507841768981,0.0,0.0,0.0
2022-09-09,17833.349609375,17925.94921875,17786.0,17923.349609375,0.0019439347917691308,0.0019420477956010656,-90.0,139.94921875,0.007847612580669008,17666.4224609375,159.47471064196503,1.0467311573448463,0.0,0.0,0.0
2022-09-12,17936.349609375,17980.55078125,17889.150390625,17890.849609375,0.005775695663245095,0.005759080279283832,45.5,91.400390625,0.005095818971839548,17680.28994140625,170.47471113561468,1.502039019529723,0.0,0.0,0.0
2022-09-13,18070.05078125,18088.30078125,18015.44921875,18044.44921875,0.007454201929980142,0.007426556664034913,25.6015625,72.8515625,0.004031619134993957,17698.8849609375,191.5106067147432,1.9380953706932567,0.0,0.0,0.0
2022-09-14,18003.75,18091.55078125,17771.150390625,17771.150390625,-0.0036690976717561608,-0.003675845320864187,232.599609375,320.400390625,0.0177963141359439,17707.8099609375,201.60297011780017,1.4679349162841127,0.0,0.0,0.0
2022-09-15,17877.400390625,18096.150390625,17861.5,18046.349609375,-0.007017960667916379,-0.0070427023794097186,-168.94921875,234.650390625,0.013125531984395889,17704.46748046875,197.99853427183228,0.8734050016695126,0.0,0.0,0.0
2022-09-16,17530.849609375,17820.05078125,17497.25,17796.80078125,-0.019384853148544656,-0.019575203370476822,-265.951171875,322.80078125,0.018413299323346847,17683.1849609375,192.27568385167513,-0.7922756976384634,0.0,0.0,0.0
2022-09-19,17622.25,17667.19921875,17429.69921875,17540.650390625,0.0052136885924867205,0.005200144374609497,81.599609375,237.5,0.013477280143001036,17676.375,191.88122463936304,-0.28207553970810256,0.0,0.0,0.0
2022-09-20,17816.25,17919.30078125,17744.400390625,17770.400390625,0.011008809885230342,0.010948654031257964,45.849609375,174.900390625,0.00981690258191258,17692.6525390625,189.08923503781412,0.6536462052574472,0.0,0.0,0.0
2022-09-21,17718.349609375,17838.69921875,17663.599609375,17766.349609375,-0.005495005437451739,-0.005510158516157929,-48.0,175.099609375,0.009882388215342168,17699.69501953125,187.18810394101132,0.09965691970270374,0.0,0.0,0.0
2022-09-22,17629.80078125,17722.75,17532.44921875,17609.650390625,-0.004997577656902563,-0.005010107310831895,20.150390625,190.30078125,0.01079426725300223,17700.93759765625,186.60765154037816,-0.38121060856316963,0.0,0.0,0.0
2022-09-23,17327.349609375,17642.150390625,17291.650390625,17593.849609375,-0.017155677232420508,-0.01730454089090743,-266.5,350.5,0.020228136899272883,17691.1826171875,200.97559256882485,-1.8103342956329587,0.0,0.0,0.0
2022-09-26,17016.30078125,17196.400390625,16978.30078125,17156.30078125,-0.017951321762256445,-0.018114401349380974,-140.0,218.099609375,0.012817098861776151,17664.05263671875,250.33438432884438,-2.587546481900179,1.0,0.0,0.0
2022-09-27,17007.400390625,17176.44921875,16942.349609375,17110.900390625,-0.0005230508522044985,-0.0005231876910193474,-103.5,234.099609375,0.013764573303280545,17648.77763671875,280.4035189575717,-2.287336651402005,1.0,1.0,1.0
2022-09-28,16858.599609375,17037.599609375,16820.400390625,16870.55078125,-0.00874917846539458,-0.008787677246935572,-11.951171875,217.19921875,0.012883586050007166,17603.742578125,329.71274218316347,-2.2599762563500003,1.0,1.0,1.0
2022-09-29,16818.099609375,17026.05078125,16788.599609375,16993.599609375,-0.0024023347691036756,-0.0024052250050792126,-175.5,237.451171875,0.014118787341623092,17567.50751953125,373.6562406329446,-2.0056079055091134,1.0,1.0,1.0
2022-09-30,17094.349609375,17187.099609375,16747.69921875,16798.05078125,0.01642575596626905,0.016292312526781774,296.298828125,439.400390625,0.025704422845313813,17545.2525390625,388.38032050138037,-1.1609829486350065,1.0,1.0,1.0
2022-10-03,16887.349609375,17114.650390625,16855.55078125,17102.099609375,-0.012109264448790458,-0.012183178897324074,-214.75,259.099609375,0.015342822607945597,17506.32998046875,413.8364327624553,-1.4957126103226566,1.0,1.0,1.0
2022-10-04,17274.30078125,17287.30078125,17117.30078125,17147.44921875,0.02291367093271912,0.022655095268550494,126.8515625,170.0,0.009841208750082821,17487.2650390625,415.3779481203848,-0.5126999610262827,1.0,1.0,1.0
2022-10-06,17331.80078125,17428.80078125,17315.650390625,17379.25,0.0033286441360573793,0.0033231164632058175,-47.44921875,113.150390625,0.006528484376961514,17472.63505859375,415.44651059514825,-0.3389949698746981,0.0,1.0,1.0
2022-10-07,17314.650390625,17337.349609375,17216.94921875,17287.19921875,-0.0009895331040011834,-0.0009900230150986376,27.451171875,120.400390625,0.006953671481013019,17448.430078125,409.5061749333886,-0.32668539741008673,0.0,0.0,0.0
2022-10-10,17241.0,17280.150390625,17064.69921875,17094.349609375,-0.00425364584114718,-0.004262718329192525,146.650390625,215.451171875,0.01249644289049359,17418.81259765625,401.5451162729045,-0.4428209694260199,0.0,0.0,0.0
2022-10-11,16983.55078125,17261.80078125,16950.30078125,17256.05078125,-0.014932383199930399,-0.015044993668578569,-272.5,311.5,0.01834127645108813,17371.17265625,393.3491911660292,-0.9854396137206979,0.0,0.0,0.0
2022-10-12,17123.599609375,17142.349609375,16960.05078125,17025.55078125,0.008246145339619648,0.008212331644389038,98.048828125,182.298828125,0.010646057621272178,17323.85009765625,360.39608521492664,-0.5556400207894272,0.0,0.0,0.0
2022-10-13,17014.349609375,17112.349609375,16956.94921875,17087.349609375,-0.006380083772817624,-0.0064005234917517235,-73.0,155.400390625,0.009133489918378868,17274.380078125,328.6657592622701,-0.7911699391310765,0.0,0.0,0.0
2022-10-14,17185.69921875,17348.55078125,17169.75,17322.30078125,0.010070888003887335,0.010020514532698735,-136.6015625,178.80078125,0.01040404460558254,17239.79501953125,296.7109808418603,-0.18231816236717976,0.0,0.0,0.0
2022-10-17,17311.80078125,17328.55078125,17098.55078125,17144.80078125,0.007337586960815656,0.007310797834822186,167.0,230.0,0.01328573514137868,17228.842578125,289.35351287846584,0.28670190418542923,0.0,0.0,0.0
2022-10-18,17486.94921875,17527.80078125,17434.05078125,17438.75,0.010117285874136073,0.010066448739082915,48.19921875,93.75,0.00536114097589296,17222.0775390625,281.13660063964596,0.94214584328352,0.0,0.0,0.0
2022-10-19,17512.25,17607.599609375,17472.849609375,17568.150390625,0.0014468379208691928,0.0014457922593648584,-55.900390625,134.75,0.007694613770360748,17206.8775390625,254.25394681147986,1.2010529817416018,0.0,0.0,0.0
2022-10-20,17563.94921875,17584.150390625,17421.0,17423.099609375,0.0029521745492440132,0.0029478254394111857,140.849609375,163.150390625,0.0092889354548368,17199.15751953125,239.84214672954687,1.5209657860096593,0.0,0.0,0.0
2022-10-21,17576.30078125,17670.150390625,17520.75,17622.849609375,0.0007032337856462956,0.0007029866326317706,-46.548828125,149.400390625,0.008500104344161938,17196.48251953125,235.0365212500302,1.6159967808351816,0.0,0.0,0.0
2022-10-24,17730.75,17777.55078125,17707.400390625,17736.349609375,0.008787356376761757,0.008748972260095097,-5.599609375,70.150390625,0.003956425454366003,17216.6525390625,262.5562708438808,1.9580467809248763,0.0,0.0,0.0
2022-10-25,17656.349609375,17811.5,17637.0,17808.30078125,-0.004196122026705051,-0.004204950452158822,-151.951171875,174.5,0.009883130084111251,17248.65498046875,275.53676548006655,1.4796378559352183,0.0,0.0,0.0
2022-10-27,17736.94921875,17783.900390625,17654.5,17771.400390625,0.004564907874966551,0.0045545202832827395,-34.451171875,129.400390625,0.007295526926818332,17285.132421875,289.8370762741892,1.5588647342259783,0.0,0.0,0.0
2022-10-28,17786.80078125,17838.900390625,17723.69921875,17756.400390625,0.002810605244745412,0.0028066628790527496,30.400390625,115.201171875,0.006476778668170591,17331.54248046875,292.2479225774285,1.5577811358458276,0.0,0.0,0.0
2022-10-31,18012.19921875,18022.80078125,17899.900390625,17910.19921875,0.012672230395564199,0.012592609626880552,102.0,122.900390625,0.006823175178801346,17391.2474609375,303.58770833595895,2.045378454931839,0.0,0.0,0.0
2022-11-01,18145.400390625,18175.80078125,18060.150390625,18130.69921875,0.007395053222392978,0.007367843877008389,14.701171875,115.650390625,0.006373537543142444,17443.8,338.4568196245135,2.0729391459842983,0.0,0.0,0.0
2022-11-02,18082.849609375,18178.75,18048.650390625,18177.900390625,-0.003447197631545107,-0.0034531529072475455,-95.05078125,130.099609375,0.007194640899272327,17503.575,340.57178776226874,1.7008884182131774,0.0,0.0,0.0
2022-11-03,18052.69921875,18106.30078125,17959.19921875,17968.349609375,-0.0016673473084335422,-0.001668738878993079,84.349609375,147.1015625,0.008148452523222483,17542.494921875,357.0691547078263,1.4288669019660254,0.0,0.0,0.0
2022-11-04,18117.150390625,18135.099609375,18017.150390625,18053.400390625,0.003570168155688336,0.0035638102334325083,63.75,117.94921875,0.0065103626236405615,17581.76240234375,375.39224608925787,1.4262095018178673,0.0,0.0,0.0
2022-11-07,18202.80078125,18255.5,18064.75,18211.75,0.004727586225111935,0.0047164462855731094,-8.94921875,190.75,0.010479156603003872,17626.169921875,394.19249342011443,1.462815423936676,0.0,0.0,0.0
2022-11-09,18157.0,18296.400390625,18117.5,18288.25,-0.002516139235956394,-0.0025193100341803654,-131.25,178.900390625,0.00985297078950267,17671.969921875,400.25246102873535,1.2118103580884139,0.0,0.0,0.0
2022-11-10,18028.19921875,18103.099609375,17969.400390625,18044.349609375,-0.007093725904609771,-0.007119006002546902,-16.150390625,133.69921875,0.007416116114966592,17724.20234375,372.9154341491493,0.8151898451014922,0.0,0.0,0.0
2022-11-11,18349.69921875,18362.30078125,18259.349609375,18272.349609375,0.017833173247033374,0.01767602773148285,77.349609375,102.951171875,0.005610510049658086,17785.50732421875,369.75163662830965,1.525867200145486,0.0,0.0,0.0
2022-11-14,18329.150390625,18399.44921875,18311.400390625,18376.400390625,-0.0011198455015547504,-0.0011204729970374992,-47.25,88.048828125,0.004803759380469443,17851.24736328125,341.2082008922819,1.4006199912370259,0.0,0.0,0.0
2022-11-15,18403.400390625,18427.94921875,18282.0,18362.75,0.004050924260950772,0.00404274135870096,40.650390625,145.94921875,0.00793055716074889,17912.132421875,324.4279594417703,1.5142590348726506,0.0,0.0,0.0
2022-11-16,18409.650390625,18442.150390625,18344.150390625,18398.25,0.0003396111515991951,0.000339553496785159,11.400390625,98.0,0.005323295006726792,17967.02490234375,310.0661116886722,1.427519717877704,0.0,0.0,0.0
2022-11-17,18343.900390625,18417.599609375,18312.94921875,18358.69921875,-0.00357149639481924,-0.0035778894143715548,-14.798828125,104.650390625,0.005704914897950688,18009.8724609375,299.25548712177186,1.1161965078741567,0.0,0.0,0.0
2022-11-18,18307.650390625,18394.599609375,18209.80078125,18382.94921875,-0.00197613371355454,-0.001978088841936149,-75.298828125,184.798828125,0.0100940767483539,18049.64248046875,281.99790756843146,0.9149284559625378,0.0,0.0,0.0
2022-11-21,18159.94921875,18262.30078125,18133.349609375,18246.400390625,-0.008067729540576885,-0.008100449774708418,-86.451171875,128.951171875,0.007100855311966344,18079.44248046875,258.48164035562763,0.31146018019107546,0.0,0.0,0.0
2022-11-22,18244.19921875,18261.849609375,18137.69921875,18179.150390625,0.00463933015368867,0.004628601630860599,65.048828125,124.150390625,0.0068049240822478894,18112.83740234375,231.8269779943002,0.5666373152199728,0.0,0.0,0.0
2022-11-23,18267.25,18325.400390625,18246.0,18325.19921875,0.0012634580983039712,0.0012626606067816233,-57.94921875,79.400390625,0.004346597907457335,18139.66240234375,215.7718168000406,0.5913079824251879,0.0,0.0,0.0
2022-11-24,18484.099609375,18529.69921875,18294.25,18326.099609375,0.011870949889830174,0.011801042862214367,158.0,235.44921875,0.012737932803098609,18181.04990234375,196.73376241347927,1.5404051816704594,0.0,0.0,0.0
2022-11-25,18512.75,18534.900390625,18445.099609375,18528.44921875,0.0015500019600884762,0.0015488019469054911,-15.69921875,89.80078125,0.004850753197120903,18219.83994140625,180.36300927811297,1.624002946979512,0.0,0.0,0.0
2022-11-28,18562.75,18614.25,18365.599609375,18430.55078125,0.0027008413120686026,0.0026972005940332764,132.19921875,248.650390625,0.013395126833308643,18258.63740234375,165.12276481667016,1.8417363468562071,0.0,0.0,0.0
2022-11-29,18618.05078125,18678.099609375,18552.150390625,18552.44921875,0.00297912654375021,0.0029746977400658824,65.6015625,125.94921875,0.006764898228596617,18288.92998046875,172.92201080073136,1.9032903865576452,0.0,0.0,0.0
2022-11-30,18758.349609375,18816.05078125,18616.55078125,18625.69921875,0.007535634625419174,0.007507383568474861,132.650390625,199.5,0.010635263984007121,18319.57744140625,198.56155378271131,2.209753900540604,0.0,0.0,0.0
2022-12-01,18812.5,18887.599609375,18778.19921875,18871.94921875,0.002886735334004964,0.0028825767148602448,-59.44921875,109.400390625,0.005815303156146179,18356.0599609375,218.77893430980706,2.0863070775184815,0.0,0.0,0.0
2022-12-02,18696.099609375,18781.94921875,18639.19921875,18752.400390625,-0.006187396179402005,-0.006206617442539312,-56.30078125,142.75,0.007635282384162054,18388.22998046875,219.12760513756058,1.4049787506826459,0.0,0.0,0.0
2022-12-05,18701.05078125,18728.599609375,18591.349609375,18719.55078125,0.00026482378562620035,0.0002647887259970962,-18.5,137.25,0.007339159794037309,18417.425,220.0056177986245,1.2891751769248412,0.0,0.0,0.0
2022-12-06,18642.75,18654.900390625,18577.900390625,18600.650390625,-0.0031175136590962937,-0.0031223832280691255,42.099609375,77.0,0.004130291936543696,18439.4224609375,219.41033416063857,0.9266999197660161,0.0,0.0,0.0
2022-12-07,18560.5,18668.30078125,18528.400390625,18638.849609375,-0.004411902750398933,-0.004421663914122268,-78.349609375,139.900390625,0.0075375335052935,18459.5974609375,210.4423550919949,0.4794782828693859,0.0,0.0,0.0
2022-12-08,18609.349609375,18625.0,18536.94921875,18570.849609375,0.002631912360927746,0.0026284549446723396,38.5,88.05078125,0.004731534583328042,18488.65498046875,186.50076693643297,0.6471535259015228,0.0,0.0,0.0
2022-12-09,18496.599609375,18664.69921875,18410.099609375,18662.400390625,-0.006058782405979346,-0.006077211303593385,-165.80078125,254.599609375,0.013764671061266645,18496.0,183.61051633467252,0.003265659216964858,0.0,0.0,0.0
2022-12-12,18497.150390625,18521.55078125,18345.69921875,18402.150390625,2.977743269738653e-05,2.977698935843848e-05,95.0,175.8515625,0.009506954248970571,18504.4,179.36950156106394,-0.04041717968722471,0.0,0.0,0.0
2022-12-13,18608.0,18617.25,18490.19921875,18524.400390625,0.0059927938646799905,0.005974908495510217,83.599609375,127.05078125,0.006827750497098022,18514.62998046875,179.1403349645944,0.5212115939701819,0.0,0.0,0.0
2022-12-14,18660.30078125,18696.099609375,18632.900390625,18671.25,0.002810661073194387,0.002806718551028224,-10.94921875,63.19921875,0.003386827441361664,18527.1625,180.1741729861755,0.7389420972128838,0.0,0.0,0.0
2022-12-15,18414.900390625,18652.900390625,18387.69921875,18614.400390625,-0.013150934355333654,-0.01323817358829901,-199.5,265.201171875,0.014401444821825565,18530.7125,177.04558587558407,-0.6541372313929733,0.0,0.0,0.0
2022-12-16,18269.0,18440.94921875,18255.150390625,18319.099609375,-0.00792295301794177,-0.007954506384605002,-50.099609375,185.798828125,0.010170169583721057,18528.77998046875,179.79808638188942,-1.4448428550956827,0.0,0.0,0.0
2022-12-19,18420.44921875,18431.650390625,18244.55078125,18288.099609375,0.008289956688926514,0.008255783729645224,132.349609375,187.099609375,0.010157168652790134,18541.80498046875,160.02073814776287,-0.7583752151342473,0.0,0.0,0.0
2022-12-20,18385.30078125,18404.900390625,18202.650390625,18340.30078125,-0.0019081205394395617,-0.0019099433205291773,45.0,202.25,0.011000635910523799,18548.86005859375,148.93569586051447,-1.098187216964632,0.0,0.0,0.0
2022-12-21,18199.099609375,18473.349609375,18162.75,18435.150390625,-0.01012771964355863,-0.01017935391694218,-236.05078125,310.599609375,0.0170667569298318,18545.4525390625,156.31461383630386,-2.2157424772210166,1.0,0.0,0.0
2022-12-22,18127.349609375,18318.75,18068.599609375,18288.80078125,-0.003942502735851727,-0.0039502948868902,-161.451171875,250.150390625,0.013799611968405389,18527.6150390625,181.93886497567112,-2.1999995973429,1.0,1.0,1.0
2022-12-23,17806.80078125,18050.44921875,17779.5,17977.650390625,-0.01768316025411787,-0.01784137526808462,-170.849609375,270.94921875,0.015216052680013189,18492.317578125,243.1554918468952,-2.8192527821112936,1.0,1.0,1.0
2022-12-26,18014.599609375,18084.099609375,17774.25,17830.400390625,0.011669632893506865,0.01160206785899442,184.19921875,309.849609375,0.01719991651736466,18464.91005859375,264.73398367826434,-1.7009922298680717,1.0,1.0,1.0
2022-12-27,18132.30078125,18149.25,17967.44921875,18089.80078125,0.006533654614990558,0.006512402811413872,42.5,181.80078125,0.010026349300249534,18440.62255859375,272.1238840833472,-1.1330199051889027,1.0,1.0,1.0
2022-12-28,18122.5,18173.099609375,18068.349609375,18084.75,-0.0005405150382313817,-0.0005406611691443354,37.75,104.75,0.005780107601048421,18408.830078125,270.18638836380507,-1.059750196369839,1.0,1.0,1.0
2022-12-29,18191.0,18229.69921875,17992.80078125,18045.69921875,0.00377983170092433,0.0037727060871833766,145.30078125,236.8984375,0.013022837529547578,18377.755078125,256.7202480372463,-0.7274653228673412,1.0,1.0,1.0
2022-12-30,18105.30078125,18265.25,18080.30078125,18259.099609375,-0.00471107793689185,-0.004722210041123311,-153.798828125,184.94921875,0.010215197249942125,18348.21513671875,252.11070770355278,-0.9635225638824683,1.0,1.0,1.0
2023-01-02,18197.44921875,18215.150390625,18086.5,18131.69921875,0.005089583355357918,0.005076675205536103,65.75,128.650390625,0.0070696936190619095,18323.03505859375,239.86761843703675,-0.5235631247854898,1.0,1.0,1.0
2023-01-03,18232.55078125,18251.94921875,18149.80078125,18163.19921875,0.00192892762485819,0.001927069632871597,69.3515625,102.1484375,0.005602531358642778,18302.52509765625,228.35217536138978,-0.30643157349172623,0.0,1.0,1.0
2023-01-04,18042.94921875,18243.0,18020.599609375,18230.650390625,-0.010399069487028845,-0.010453517612292944,-187.701171875,222.400390625,0.012326166189831338,18276.64755859375,226.89961262351574,-1.0299635911301293,0.0,0.0,0.0
2023-01-05,17992.150390625,18120.30078125,17892.599609375,18101.94921875,-0.0028154392892826285,-0.0028194100932680756,-109.798828125,227.701171875,0.012655584070353597,18245.78759765625,221.16753475615678,-1.146810300665927,0.0,0.0,0.0
2023-01-06,17859.44921875,18047.400390625,17795.55078125,18008.05078125,-0.007375503705446151,-0.0074028372147649955,-148.6015625,251.849609375,0.01410175679497395,18213.930078125,228.89196911160667,-1.5486819426248866,0.0,0.0,0.0
2023-01-09,18101.19921875,18141.400390625,17936.150390625,17952.55078125,0.013536251708490266,0.01344545509952314,148.6484375,205.25,0.011339027736206186,18194.13251953125,220.05917525560096,-0.4223105020424906,0.0,0.0,0.0
2023-01-10,17914.150390625,18127.599609375,17856.0,18121.30078125,-0.010333504750958511,-0.010387266093937284,-207.150390625,271.599609375,0.015161177251092858,18159.4400390625,205.59632251026127,-1.1930643770403973,0.0,0.0,0.0
2023-01-11,17895.69921875,17976.349609375,17824.349609375,17924.25,-0.0010299775022909463,-0.0010305082936186098,-28.55078125,152.0,0.008493660859070757,18121.2099609375,176.6045342045783,-1.2769249849852036,0.0,0.0,0.0
2023-01-12,17858.19921875,17945.80078125,17761.650390625,17920.849609375,-0.00209547554088918,-0.0020976741216788596,-62.650390625,184.150390625,0.01031181186687925,18093.37490234375,171.6819030416907,-1.369833858007965,0.0,0.0,0.0
2023-01-13,17956.599609375,17999.349609375,17774.25,17867.5,0.005510095918388247,0.0054949708747303715,89.099609375,225.099609375,0.01253575923458678,18077.7548828125,169.05347121159187,-0.7166683568766169,0.0,0.0,0.0
2023-01-16,17894.849609375,18049.650390625,17853.650390625,18033.150390625,-0.003438847072569362,-0.0034447734977776498,-138.30078125,196.0,0.010952872154752104,18051.47490234375,153.07456561804239,-1.023196063541792,0.0,0.0,0.0
2023-01-17,18053.30078125,18072.05078125,17886.94921875,17922.80078125,0.008854568511824201,0.008815596703469526,130.5,185.1015625,0.010253059246220771,18034.87490234375,131.44081048339905,0.1401838503466824,0.0,0.0,0.0
2023-01-18,18165.349609375,18183.75,18032.44921875,18074.30078125,0.006206556323560042,0.00618737497867869,91.048828125,151.30078125,0.008329087218443339,18033.18740234375,129.4226019877908,1.0211679026799283,0.0,0.0,0.0
2023-01-19,18107.849609375,18155.19921875,18063.75,18119.80078125,-0.003165367099256078,-0.0031703874707042848,-11.951171875,91.44921875,0.005050252830830552,18032.21240234375,128.74759060112277,0.5874844467232336,0.0,0.0,0.0
2023-01-20,18027.650390625,18145.44921875,18016.19921875,18115.599609375,-0.004428975305189153,-0.004438812272184146,-87.94921875,129.25,0.00716954218655219,18043.2548828125,117.36461072344723,-0.13295738886971417,0.0,0.0,0.0
2023-01-23,18118.55078125,18162.599609375,18063.44921875,18118.44921875,0.005042276095628795,0.005029606393094338,0.1015625,99.150390625,0.005472313532250376,18048.45244140625,118.32663100037715,0.5924138906948668,0.0,0.0,0.0
2023-01-24,18118.30078125,18201.25,18078.650390625,18183.94921875,-1.3798013043020418e-05,-1.379810823647804e-05,-65.6484375,122.599609375,0.00676661740276848,18047.75244140625,117.84492194996267,0.5986540503943398,0.0,0.0,0.0
2023-01-25,17891.94921875,18100.599609375,17846.150390625,18093.349609375,-0.01249297962501228,-0.012571672991636754,-201.400390625,254.44921875,0.01422143644826289,18036.22490234375,121.37173227126995,-1.1887091079106433,0.0,0.0,0.0
2023-01-27,17604.349609375,17884.75,17493.55078125,17877.19921875,-0.016074246906178757,-0.016204838949638832,-272.849609375,391.19921875,0.022221736527072333,18006.8923828125,149.60366134650803,-2.6907280865616103,1.0,0.0,0.0
2023-01-30,17648.94921875,17709.150390625,17405.55078125,17541.94921875,0.0025334426073457816,0.002530238851503625,107.0,303.599609375,0.01720213513065469,17984.0748046875,167.53163293815007,-2.0003719898153465,1.0,1.0,1.0
2023-01-31,17662.150390625,17735.69921875,17537.55078125,17731.44921875,0.0007479862801675896,0.0007477066778470427,-69.298828125,198.1484375,0.011218817251447277,17957.30986328125,174.27285905892643,-1.6936628815875983,1.0,1.0,1.0
2023-02-01,17616.30078125,17972.19921875,17353.400390625,17811.599609375,-0.0025959245256645946,-0.0025992997802722563,-195.298828125,618.798828125,0.0351264908455481,17926.49736328125,177.49588381667013,-1.747626904698494,1.0,1.0,1.0
2023-02-02,17610.400390625,17653.900390625,17445.94921875,17517.099609375,-0.0003349392530399564,-0.00033499535771969267,93.30078125,207.951171875,0.01180842952246015,17904.869921875,188.56693963041724,-1.5616180218396067,1.0,1.0,1.0
2023-02-03,17854.05078125,17870.30078125,17584.19921875,17721.75,0.013835596307890219,0.013740758205234283,132.30078125,286.1015625,0.016024462235789017,17897.96494140625,187.729291861447,-0.23392279234005825,0.0,1.0,1.0
2023-02-06,17764.599609375,17823.69921875,17698.349609375,17818.55078125,-0.005010133160870178,-0.005022725956678951,-53.951171875,125.349609375,0.007056146050646063,17893.2224609375,189.93856096800633,-0.6771813522593038,0.0,0.0,0.0
2023-02-07,17721.5,17811.150390625,17652.55078125,17790.099609375,-0.0024261514654264627,-0.0024290993398515346,-68.599609375,158.599609375,0.008949558974973902,17874.2375,187.01001646036124,-0.8167343273421592,0.0,0.0,0.0
2023-02-08,17871.69921875,17898.69921875,17744.150390625,17750.30078125,0.008475536424681795,0.00843982073038998,121.3984375,154.548828125,0.008647685160393473,17872.11494140625,186.77392438982812,-0.002225806721186574,0.0,0.0,0.0
2023-02-09,17893.44921875,17916.900390625,17779.80078125,17885.5,0.0012170079483646568,0.0012162679944837883,7.94921875,137.099609375,0.0076620000816465,17872.00244140625,186.75964823023207,0.11483624833835097,0.0,0.0,0.0
2023-02-10,17856.5,17876.94921875,17801.0,17847.55078125,-0.0020649578680046465,-0.00206709283308457,8.94921875,75.94921875,0.004253309369137289,17871.91748046875,186.766644477901,-0.08254943227067647,0.0,0.0,0.0
2023-02-13,17770.900390625,17880.69921875,17719.75,17859.099609375,-0.00479375070002519,-0.0048052775756446476,-88.19921875,160.94921875,0.00905689724280422,17862.63251953125,186.95101944983742,-0.49067466535459453,0.0,0.0,0.0
2023-02-14,17929.849609375,17954.55078125,17800.05078125,17840.349609375,0.0089443537049958,0.008904589905162998,89.5,154.5,0.008616915555120798,17864.38251953125,187.43166278636912,0.34928511474802854,0.0,0.0,0.0
2023-02-15,18015.849609375,18034.099609375,17853.80078125,17896.599609375,0.004796470794436125,0.004785004379327248,119.25,180.298828125,0.01000778936515861,17862.5099609375,185.62327103764122,0.8260798744700824,0.0,0.0,0.0
2023-02-16,18035.849609375,18134.75,18000.650390625,18094.75,0.0011101336008929596,0.00110951785824931,-58.900390625,134.099609375,0.007435170079556179,17856.0349609375,176.5398784259357,1.0185497466111457,0.0,0.0,0.0
2023-02-17,17944.19921875,18034.25,17884.599609375,17974.849609375,-0.005081567689351307,-0.005094522761127012,-30.650390625,149.650390625,0.008339764221332842,17847.85244140625,167.83191646289774,0.574067074810831,0.0,0.0,0.0
2023-02-20,17844.599609375,18004.349609375,17818.400390625,17965.55078125,-0.005550518480140765,-0.005565979846782634,-120.951171875,185.94921875,0.010420475820163993,17838.69990234375,162.41457518787604,0.03632498514635237,0.0,0.0,0.0
2023-02-21,17826.69921875,17924.900390625,17800.30078125,17905.80078125,-0.001003126492992057,-0.0010036299610954843,-79.1015625,124.599609375,0.006989494120366769,17824.10732421875,148.45875303317212,0.017458684505266685,0.0,0.0,0.0
2023-02-22,17554.30078125,17772.5,17529.44921875,17755.349609375,-0.015280363131582653,-0.015398310946496917,-201.048828125,243.05078125,0.013845654365772633,17795.90732421875,143.10485779386462,-1.6883182492433175,0.0,0.0,0.0
2023-02-23,17511.25,17620.05078125,17455.400390625,17574.650390625,-0.002452434977984641,-0.0024554471223785586,-63.400390625,164.650390625,0.009402549254050967,17776.87236328125,154.52135913135191,-1.7190009509006239,0.0,0.0,0.0
2023-02-24,17465.80078125,17599.75,17421.80078125,17591.349609375,-0.002595429723749043,-0.002598803690668268,-125.548828125,177.94921875,0.010188437448630079,17769.944921875,165.38659618753624,-1.838989057372729,0.0,0.0,0.0
2023-02-27,17392.69921875,17451.599609375,17299.0,17428.599609375,-0.004185411445805309,-0.004194194796816341,-35.900390625,152.599609375,0.008773773837846385,17757.132421875,184.11851946619274,-1.9793402867978065,0.0,0.0,0.0
2023-02-28,17303.94921875,17440.44921875,17255.19921875,17383.25,-0.0051027157362857345,-0.005115779048087727,-79.30078125,185.25,0.010705648615708436,17739.22236328125,209.51459946060814,-2.077531330283678,1.0,0.0,0.0
2023-03-01,17450.900390625,17467.75,17345.25,17360.099609375,0.008492348770636093,0.008456491641293511,90.80078125,122.5,0.007019695102139809,17730.95234375,217.7254379744329,-1.2862619808250668,1.0,1.0,1.0
2023-03-02,17321.900390625,17445.80078125,17306.0,17421.5,-0.007392168719804415,-0.007419626196212839,-99.599609375,139.80078125,0.008070753098526263,17716.52734375,235.00415169178387,-1.6792339636729778,1.0,1.0,1.0
2023-03-03,17594.349609375,17644.75,17427.69921875,17451.25,0.015728598629827895,0.015606186138582535,143.099609375,217.05078125,0.012336391288618383,17703.54228515625,234.1788051576964,-0.46627907127513185,0.0,1.0,1.0
2023-03-06,17711.44921875,17799.94921875,17671.94921875,17680.349609375,0.006655523618366965,0.006633473404126094,31.099609375,128.0,0.007226963667348826,17700.884765625,233.7506338267298,0.0451953988404199,0.0,0.0,0.0
2023-03-08,17754.400390625,17766.5,17602.25,17665.75,0.0024250512391459367,0.0024221155475668,88.650390625,164.25,0.009251227661100302,17702.52978515625,234.01896346002687,0.221651291424552,0.0,0.0,0.0
2023-03-09,17589.599609375,17772.349609375,17573.599609375,17772.05078125,-0.009282249899975281,-0.009325598438082557,-182.451171875,198.75,0.011299290740766445,17688.4248046875,231.77672420471106,-0.42638101669439027,0.0,0.0,0.0
2023-03-10,17412.900390625,17451.5,17324.349609375,17443.80078125,-0.010045664635585094,-0.010096462811863625,-30.900390625,127.150390625,0.007302079939161485,17664.39736328125,234.29860405164519,-1.0734036324041112,0.0,0.0,0.0
2023-03-13,17154.30078125,17529.900390625,17113.44921875,17421.900390625,-0.014851035931626178,-0.014962416687813755,-267.599609375,416.451171875,0.024276779169582336,17629.28740234375,255.63767473921914,-1.8580462429033342,0.0,0.0,0.0
2023-03-14,17043.30078125,17224.650390625,16987.099609375,17160.55078125,-0.006470680525861194,-0.006491706128142258,-117.25,237.55078125,0.013938073633678922,17592.907421875,284.56040115904904,-1.9314234812236164,0.0,0.0,0.0
2023-03-15,16972.150390625,17211.349609375,16938.900390625,17166.44921875,-0.004174683738684903,-0.004183422059139645,-194.298828125,272.44921875,0.016052722399896614,17545.0224609375,304.7404141834616,-1.8798690414839963,0.0,0.0,0.0
2023-03-16,16985.599609375,17062.44921875,16850.150390625,16994.650390625,0.0007924286811309411,0.0007921148752918237,-9.05078125,212.298828125,0.012498753827202202,17493.5099609375,308.0219276812451,-1.6489421885837547,0.0,0.0,0.0
2023-03-17,17100.05078125,17145.80078125,16958.150390625,17111.80078125,0.006738129621978839,0.0067155298897271865,-11.75,187.650390625,0.010973674465970381,17446.72001953125,291.95930774446674,-1.1873888897718174,0.0,0.0,0.0
2023-03-20,16988.400390625,17066.599609375,16828.349609375,17066.599609375,-0.0065292432199922645,-0.006550651968001941,-78.19921875,238.25,0.014024275065442746,17398.930078125,284.3698730052179,-1.4436469066203286,0.0,0.0,0.0
2023-03-21,17107.5,17127.69921875,17016.0,17060.400390625,0.007010642946744028,0.006986182644570191,47.099609375,111.69921875,0.006529254347508403,17362.07509765625,271.02171562163056,-0.9393162354992141,0.0,0.0,0.0
2023-03-22,17151.900390625,17207.25,17107.849609375,17177.44921875,0.0025953757489405316,0.002592013577443892,-25.548828125,99.400390625,0.0057952989675319555,17328.33515625,251.43093611555113,-0.7017225817586521,0.0,0.0,0.0
2023-03-23,17076.900390625,17205.400390625,17045.30078125,17097.400390625,-0.004372693304643627,-0.0043822814890137705,-20.5,160.099609375,0.009375214805544724,17304.46513671875,251.51082618926185,-0.9047910562804493,0.0,0.0,0.0
2023-03-24,16945.05078125,17109.44921875,16917.349609375,17076.19921875,-0.007720933328590696,-0.007750894050448838,-131.1484375,192.099609375,0.011336620459559887,17276.15517578125,258.7709655464289,-1.2795268349835078,0.0,0.0,0.0
2023-03-27,16985.69921875,17091.0,16918.55078125,16984.30078125,0.0023988383407489433,0.002395965721106003,1.3984375,172.44921875,0.010152612296327402,17252.15009765625,262.4941273901846,-1.0150736763347972,0.0,0.0,0.0
2023-03-28,16951.69921875,17061.75,16913.75,17031.75,-0.002001683861354908,-0.0020036899079230227,-80.05078125,148.0,0.008730688179996705,17230.10009765625,268.5196059261194,-1.0367990744886215,0.0,0.0,0.0
2023-03-29,17080.69921875,17126.150390625,16940.599609375,16977.30078125,0.007609856589321451,0.0075810476927372725,103.3984375,185.55078125,0.010863184163228828,17218.93759765625,269.9247164414829,-0.5121367940242709,0.0,0.0,0.0
2023-03-31,17359.75,17381.599609375,17204.650390625,17210.349609375,0.016337198944623932,0.016205182818433635,149.400390625,176.94921875,0.010193074137012342,17214.380078125,266.5504468912603,0.5453748945853564,0.0,0.0,0.0
2023-04-03,17398.05078125,17428.05078125,17312.75,17427.94921875,0.002206297973761151,0.002203867672376198,-29.8984375,115.30078125,0.006627224089623905,17218.18759765625,268.7023435844168,0.6693770556461183,0.0,0.0,0.0
2023-04-05,17557.05078125,17570.55078125,17402.69921875,17422.30078125,0.009138954817361267,0.00909744726853034,134.75,167.8515625,0.009560350687101536,17216.32265625,266.07071453334584,1.2805923628145066,0.0,0.0,0.0
2023-04-06,17599.150390625,17638.69921875,17502.849609375,17533.849609375,0.002397874785437182,0.002395004471214228,65.30078125,135.849609375,0.007719100431539386,17210.70771484375,256.0689758523269,1.516945481147481,0.0,0.0,0.0
2023-04-10,17624.05078125,17694.099609375,17597.94921875,17634.900390625,0.0014148632219350699,0.0014138632460749291,-10.849609375,96.150390625,0.005455635132831844,17204.190234375,242.81857005438434,1.7291121794390052,0.0,0.0,0.0
2023-04-11,17722.30078125,17748.75,17655.150390625,17704.80078125,0.005574768321964241,0.005559286811614234,17.5,93.599609375,0.005281459249017338,17210.82529296875,255.39175003122674,2.0027095167275784,0.0,0.0,0.0
2023-04-12,17812.400390625,17825.75,17717.25,17759.55078125,0.005083967961446945,0.005071088231309614,52.849609375,108.5,0.006091262133154473,17230.80029296875,285.83692574093936,2.03472695540872,0.0,0.0,0.0
2023-04-13,17828.0,17842.150390625,17729.650390625,17807.30078125,0.0008757724412713497,0.0008753891763391581,20.69921875,112.5,0.006310298407000224,17264.48525390625,314.5969850577754,1.7912274206641319,0.0,0.0,0.0
2023-04-17,17706.849609375,17863.0,17574.05078125,17863.0,-0.006795512150830185,-0.00681870678285114,-156.150390625,288.94921875,0.016318499627229796,17297.6626953125,324.8645707158259,1.2595615248559477,0.0,0.0,0.0
2023-04-18,17660.150390625,17766.599609375,17610.19921875,17766.599609375,-0.0026373533282438855,-0.0026408372714739102,-106.44921875,156.400390625,0.008856118841888578,17332.0626953125,325.00806998654525,1.0094755349492797,0.0,0.0,0.0
2023-04-19,17618.75,17666.150390625,17579.849609375,17653.349609375,-0.002344283016240789,-0.0023470351496987078,-34.599609375,86.30078125,0.0048982351897836115,17363.72021484375,320.2863550559459,0.7962555417376516,0.0,0.0,0.0
2023-04-20,17624.44921875,17684.44921875,17584.349609375,17638.599609375,0.0003234746363958152,0.00032342232975522987,-14.150390625,100.099609375,0.005679587948116287,17389.94013671875,319.02746892697917,0.7350748912625029,0.0,0.0,0.0
2023-04-21,17624.05078125,17663.19921875,17553.94921875,17639.75,-2.260708945023282e-05,-2.260734499433094e-05,-15.69921875,109.25,0.0061989154114461395,17421.72265625,308.40532522399826,0.6560461459381313,0.0,0.0,0.0
2023-04-24,17743.400390625,17754.5,17612.5,17707.55078125,0.006771973756565242,0.006749146939408538,35.849609375,142.0,0.00800297557817767,17453.51767578125,307.0817883215005,0.9439918805613269,0.0,0.0,0.0
2023-04-25,17769.25,17807.44921875,17716.849609375,17761.55078125,0.0014568576938982503,0.0014557975062981768,7.69921875,90.599609375,0.005098673797430955,17484.38515625,306.19422426551796,0.9303403564626986,0.0,0.0,0.0
2023-04-26,17813.599609375,17827.75,17711.19921875,17767.30078125,0.0024958627615121465,0.002492753268886545,46.298828125,116.55078125,0.006542797851404568,17521.2201171875,298.81742282417036,0.9784553036572533,0.0,0.0,0.0
2023-04-27,17915.05078125,17931.599609375,17797.900390625,17813.099609375,0.005695152810193838,0.005678996739265909,101.951171875,133.69921875,0.007462955052850334,17569.7201171875,278.40066543360314,1.2404089032066654,0.0,0.0,0.0
2023-04-28,18065.0,18089.150390625,17885.30078125,17950.400390625,0.008370013603697934,0.008335179280697748,114.599609375,203.849609375,0.011284229691392195,17623.68515625,263.439688838412,1.6752025698781143,0.0,0.0,0.0
2023-05-02,18147.650390625,18180.25,18101.75,18124.80078125,0.004575166931912511,0.004564732669242972,22.849609375,78.5,0.004325628845073672,17683.48271484375,237.31706858688702,1.9558967188713072,0.0,0.0,0.0
2023-05-03,18089.849609375,18116.349609375,18042.400390625,18113.80078125,-0.00318502836487633,-0.003190111363585117,-23.951171875,73.94921875,0.004087884661665517,17733.940234375,207.86322857437207,1.7122286488139353,0.0,0.0,0.0
2023-05-04,18255.80078125,18267.44921875,18066.69921875,18081.0,0.009173717607303677,0.009131894646700034,174.80078125,200.75,0.010996504749667539,17778.7427734375,219.2223172018986,2.1761379676191424,0.0,0.0,0.0
2023-05-05,18069.0,18216.94921875,18055.44921875,18117.30078125,-0.010232406865540389,-0.010285117822267788,-48.30078125,161.5,0.008937960042060988,17812.290234375,208.99814715585916,1.228287279664546,0.0,0.0,0.0
2023-05-08,18264.400390625,18286.94921875,18100.30078125,18120.599609375,0.010814123118324304,0.010756068652657526,143.80078125,186.6484375,0.010219248018446061,17847.65771484375,222.9188578167064,1.8694814779820645,0.0,0.0,0.0
2023-05-09,18265.94921875,18344.19921875,18229.650390625,18303.400390625,8.480038171931881e-05,8.479678637020549e-05,-37.451171875,114.548828125,0.006271167556264506,17880.99765625,233.41226058382426,1.6492345412239076,0.0,0.0,0.0
2023-05-10,18315.099609375,18326.75,18211.94921875,18313.599609375,0.0026908205008338015,0.0026872067245805376,1.5,114.80078125,0.00626809483423375,17915.55009765625,244.2701017336332,1.6356873349749617,0.0,0.0,0.0
2023-05-11,18297.0,18389.69921875,18270.400390625,18357.80078125,-0.0009882342854272697,-0.0009887229108728535,-60.80078125,119.298828125,0.006520130520030606,17944.28505859375,253.9513566686634,1.3889074901318497,0.0,0.0,0.0
2023-05-12,18314.80078125,18342.75,18194.55078125,18273.75,0.0009728797753729701,0.0009724068345624825,41.05078125,148.19921875,0.008091773452524842,17969.405078125,264.83386718832156,1.3041976345094517,0.0,0.0,0.0
2023-05-15,18398.849609375,18458.900390625,18287.900390625,18339.30078125,0.004589120522186851,0.004578622613795238,59.548828125,171.0,0.009294059336887464,17997.94755859375,279.16570371313514,1.4360720011409707,0.0,0.0,0.0
2023-05-16,18286.5,18432.349609375,18264.349609375,18432.349609375,-0.006106338807060685,-0.0061250587396132535,-145.849609375,168.0,0.00918710524157165,18026.930078125,277.4376249573883,0.9355974046954476,0.0,0.0,0.0
2023-05-17,18181.75,18309.0,18115.349609375,18300.44921875,-0.005728269488420423,-0.005744738948538704,-118.69921875,193.650390625,0.010650811424917844,18053.01005859375,265.39936545750976,0.48508006484612504,0.0,0.0,0.0
2023-05-18,18129.94921875,18297.19921875,18104.849609375,18287.5,-0.002849053652701161,-0.0028531199312594804,-157.55078125,192.349609375,0.010609495208959105,18078.57001953125,245.22505713956082,0.20951855335692773,0.0,0.0,0.0
2023-05-19,18203.400390625,18218.099609375,18060.400390625,18186.150390625,0.0040513721791914925,0.004043187469679982,17.25,157.69921875,0.008663173657995089,18107.517578125,221.85449726855254,0.43218782436460984,0.0,0.0,0.0
2023-05-22,18314.400390625,18335.25,18178.849609375,18201.099609375,0.006097761825706316,0.0060792457091855085,113.30078125,156.400390625,0.008539749447929519,18142.03505859375,194.71979415458958,0.8851967658429695,0.0,0.0,0.0
2023-05-23,18348.0,18419.75,18324.19921875,18362.900390625,0.001834600568861644,0.0018329197446846867,-14.900390625,95.55078125,0.0052076946397427515,18172.2650390625,175.56451665767722,1.0009708355826625,0.0,0.0,0.0
2023-05-24,18285.400390625,18392.599609375,18262.94921875,18294.80078125,-0.0034117947119577385,-0.003417628155656871,-9.400390625,129.650390625,0.007090377451700335,18198.07255859375,149.1542852660245,0.5854865777104259,0.0,0.0,0.0
2023-05-25,18321.150390625,18338.099609375,18202.400390625,18268.900390625,0.001955111686716471,0.0019532029433287895,52.25,135.69921875,0.007406697497523834,18223.45009765625,120.77411053400981,0.8089506313626644,0.0,0.0,0.0
2023-05-26,18499.349609375,18508.55078125,18333.150390625,18368.349609375,0.009726420827874671,0.009679423693686186,131.0,175.400390625,0.009481435527663715,18252.6650390625,112.64323651286068,2.189963445202816,0.0,0.0,0.0
2023-05-29,18598.650390625,18641.19921875,18581.25,18619.150390625,0.005367798508963517,0.005353443226476252,-20.5,59.94921875,0.0032233101591187785,18279.34755859375,128.00699724882642,2.4944170154274814,0.0,0.0,0.0
2023-05-30,18633.849609375,18662.44921875,18575.5,18606.650390625,0.0018925684396833287,0.0018907797884415813,27.19921875,86.94921875,0.004666197300758207,18303.65751953125,146.50994424486703,2.2537179407555303,0.0,0.0,0.0
2023-05-31,18534.400390625,18603.900390625,18483.849609375,18594.19921875,-0.0053370195013254795,-0.005351312266430236,-59.798828125,120.05078125,0.0064771872151161486,18325.88505859375,146.08672473816625,1.4273393588977703,0.0,0.0,0.0
2023-06-01,18487.75,18580.30078125,18464.55078125,18579.400390625,-0.0025169624936233204,-0.0025201353688439534,-91.650390625,115.75,0.006260902489486282,18337.48251953125,149.3994509733265,1.0058101250691813,0.0,0.0,0.0
2023-06-02,18534.099609375,18573.69921875,18478.400390625,18550.849609375,0.002507044360454902,0.002503906967370625,-16.75,95.298828125,0.0051418105078487614,18360.7375,141.39218646323957,1.2261081302400894,0.0,0.0,0.0
2023-06-05,18593.849609375,18640.150390625,18582.80078125,18612.0,0.003223787573137793,0.0032186023111129003,-18.150390625,57.349609375,0.003084332216287497,18377.2099609375,148.5857602747442,1.4580108352033196,0.0,0.0,0.0
2023-06-06,18599.0,18622.75,18531.599609375,18600.80078125,0.00027699431442118616,0.00027695595857881204,-1.80078125,91.150390625,0.004900822120812947,18393.8625,154.02367598295365,1.3318569284290036,0.0,0.0,0.0
2023-06-07,18726.400390625,18738.94921875,18636.0,18665.599609375,0.006849851638528914,0.006826497990157328,60.80078125,102.94921875,0.005497544461429944,18414.4275390625,169.6221810271335,1.8392220267029507,0.0,0.0,0.0
2023-06-08,18634.55078125,18777.900390625,18615.599609375,18725.349609375,-0.0049048192636628185,-0.004916887367083021,-90.798828125,162.30078125,0.0087096696429788,18431.305078125,174.05836739686595,1.167687059028804,0.0,0.0,0.0
2023-06-09,18563.400390625,18676.650390625,18555.400390625,18655.900390625,-0.00381819725413457,-0.003825505177262602,-92.5,121.25,0.006531669707519448,18443.73505859375,174.17713640239933,0.6870323769406185,0.0,0.0,0.0
2023-06-12,18601.5,18633.599609375,18559.75,18595.05078125,0.0020524046550352004,0.0020503013499982166,6.44921875,73.849609375,0.003970088937720076,18453.867578125,177.29510579016866,0.8326931598987655,0.0,0.0,0.0
2023-06-13,18716.150390625,18728.900390625,18631.80078125,18631.80078125,0.0061635024393194016,0.00614458574708609,84.349609375,97.099609375,0.005188011815914752,18475.35009765625,181.91784305633047,1.32367605575769,0.0,0.0,0.0
2023-06-14,18755.900390625,18769.69921875,18690.0,18744.599609375,0.0021238341844009856,0.002121582036807868,11.30078125,79.69921875,0.004249287802244731,18504.0576171875,178.41597562577718,1.4115483355915033,0.0,0.0,0.0
2023-06-15,18688.099609375,18794.099609375,18669.05078125,18774.44921875,-0.0036149041015322014,-0.0036214536561356998,-86.349609375,125.048828125,0.006691361387129406,18531.96513671875,159.4646826087395,0.9791163165535456,0.0,0.0,0.0
2023-06-16,18826.0,18864.69921875,18710.5,18723.30078125,0.0073790483520230765,0.007351956368470602,102.69921875,154.19921875,0.008190758459046,18563.0951171875,152.56938193216956,1.7231824595670557,0.0,0.0,0.0
2023-06-19,18755.44921875,18881.44921875,18719.150390625,18873.30078125,-0.0037475183921172883,-0.003754557931873424,-117.8515625,162.298828125,0.008653422599057149,18585.14755859375,146.48436950720406,1.1625927102609617,0.0,0.0,0.0
2023-06-20,18816.69921875,18839.69921875,18660.650390625,18752.349609375,0.003265717567498605,0.0032603966930515953,64.349609375,179.048828125,0.009515421703004416,18608.58251953125,144.0191870586871,1.4450623105791,0.0,0.0,0.0
2023-06-21,18856.849609375,18875.900390625,18794.849609375,18849.400390625,0.0021337637466720683,0.0021314905059401927,7.44921875,81.05078125,0.004298214332138717,18637.15498046875,132.77427373563702,1.6546475663175404,0.0,0.0,0.0
2023-06-22,18771.25,18886.599609375,18759.5,18853.599609375,-0.004539443817404343,-0.004549778379793411,-82.349609375,127.099609375,0.006770972064993008,18659.6599609375,113.07757888824209,0.9868449621899581,0.0,0.0,0.0
2023-06-23,18665.5,18756.400390625,18647.099609375,18741.849609375,-0.005633615236065759,-0.005649543898520234,-76.349609375,109.30078125,0.005855764980847018,18667.96748046875,106.59777763068819,-0.02314757890448661,0.0,0.0,0.0
2023-06-26,18691.19921875,18722.05078125,18646.69921875,18682.349609375,0.0013768299134766515,0.0013758829522746805,8.849609375,75.3515625,0.00403139261521601,18672.594921875,105.43274937134913,0.1764565278429167,0.0,0.0,0.0
2023-06-27,18817.400390625,18829.25,18714.25,18748.55078125,0.00675190341711196,0.006729211402828641,68.849609375,115.0,0.006111364886368366,18681.7724609375,109.7816273178024,1.2354337697589068,0.0,0.0,0.0
2023-06-28,18972.099609375,19011.25,18861.349609375,18908.150390625,0.00822107281232487,0.008187463868637099,63.94921875,149.900390625,0.00790109654236304,18703.657421875,121.82394629812389,2.20352562576718,0.0,0.0,0.0
2023-06-30,19189.05078125,19201.69921875,19024.599609375,19076.849609375,0.01143527476356887,0.011370386219451868,112.201171875,177.099609375,0.009229201141520118,18738.7224609375,153.2764896238682,2.938013007849928,0.0,0.0,0.0
2023-07-03,19322.55078125,19345.099609375,19234.400390625,19246.5,0.00695709243369369,0.006933003527425256,76.05078125,110.69921875,0.005729016836504788,18778.14501953125,193.89120618108146,2.8077898551536746,0.0,0.0,0.0
2023-07-04,19389.0,19434.150390625,19300.0,19406.599609375,0.003438946519135566,0.0034330468644171055,-17.599609375,134.150390625,0.00691889167182423,18817.9025390625,231.9083301908262,2.462600030225616,0.0,0.0,0.0
2023-07-05,19398.5,19421.599609375,19339.599609375,19405.94921875,0.0004899685388621844,0.0004898485434720244,-7.44921875,82.0,0.004227130963734309,18857.8775390625,259.45926322228377,2.0836506441257288,0.0,0.0,0.0
2023-07-06,19497.30078125,19512.19921875,19373.0,19385.69921875,0.00509321758125636,0.005080291021865595,111.6015625,139.19921875,0.0071394097219787435,18896.42255859375,293.8782909229625,2.0446499153411963,0.0,0.0,0.0
2023-07-07,19331.80078125,19523.599609375,19303.599609375,19422.80078125,-0.00848835445771845,-0.008524585713268293,-91.0,220.0,0.011380212453532988,18931.28505859375,302.4108427558186,1.3244092672287138,0.0,0.0,0.0
2023-07-10,19355.900390625,19435.849609375,19327.099609375,19400.349609375,0.0012466303397029588,0.0012458539412885826,-44.44921875,108.75,0.0056184418087144574,18970.91005859375,303.58821463837273,1.2681333249047333,0.0,0.0,0.0
2023-07-11,19439.400390625,19515.099609375,19406.44921875,19427.099609375,0.004313930032438185,0.004304651710725516,12.30078125,108.650390625,0.005589184256804474,19012.805078125,307.71362488564966,1.3863387188608556,0.0,0.0,0.0
2023-07-12,19384.30078125,19507.69921875,19361.75,19497.44921875,-0.002834429471475497,-0.00283845407345589,-113.1484375,145.94921875,0.007529248560318121,19046.21259765625,310.07211643890156,1.0903533909356522,0.0,0.0,0.0
2023-07-13,19413.75,19567.0,19385.80078125,19495.19921875,0.0015192303855748879,0.0015180775225879406,-81.44921875,181.19921875,0.009333550640654175,19079.105078125,312.5374831926585,1.0707353193495588,0.0,0.0,0.0
2023-07-14,19564.5,19595.349609375,19433.5,19493.44921875,0.007765114931427508,0.007735121594226721,71.05078125,161.849609375,0.008272616697334458,19122.92509765625,316.2471519291699,1.3962968508966973,0.0,0.0,0.0
2023-07-17,19711.44921875,19731.849609375,19562.94921875,19612.150390625,0.007511013251041421,0.007482946045497489,99.298828125,168.900390625,0.008568643976939957,19167.19755859375,333.9735312947884,1.6296251324056417,0.0,0.0,0.0
2023-07-18,19749.25,19819.44921875,19690.19921875,19787.5,0.001917706853032497,0.0019158704007220429,-38.25,129.25,0.006544552324771827,19216.88759765625,343.28861741190696,1.55077207731877,0.0,0.0,0.0
2023-07-19,19833.150390625,19851.69921875,19727.44921875,19802.94921875,0.004248282371482448,0.00423928389630214,30.201171875,124.25,0.0062647636685461815,19267.71015625,355.9320503006137,1.5886184846164886,0.0,0.0,0.0
2023-07-20,19979.150390625,19991.849609375,19758.400390625,19831.69921875,0.007361412439498949,0.007334449485705515,147.451171875,233.44921875,0.011684641948515664,19323.8251953125,375.6697689056064,1.7444182352537445,0.0,0.0,0.0
2023-07-21,19745.0,19887.400390625,19700.0,19800.44921875,-0.011719737128305097,-0.011788954585924888,-55.44921875,187.400390625,0.009491030165864776,19372.5126953125,363.1780154071321,1.0256328546482418,0.0,0.0,0.0
2023-07-24,19672.349609375,19782.75,19658.30078125,19748.44921875,-0.0036794322929856182,-0.0036862180542648424,-76.099609375,124.44921875,0.006326098367563213,19422.85517578125,328.1058128050508,0.7604084531778526,0.0,0.0,0.0
2023-07-25,19680.599609375,19729.349609375,19615.94921875,19729.349609375,0.0004193703428323481,0.00041928243166748923,-48.75,113.400390625,0.005762039413218939,19472.3251953125,283.5471890990665,0.734531753688916,0.0,0.0,0.0
2023-07-26,19778.30078125,19825.599609375,19716.69921875,19733.349609375,0.004964339187534694,0.0049520574860006375,44.951171875,108.900390625,0.005506053923916382,19520.37021484375,245.6044361241502,1.0501869203855407,0.0,0.0,0.0
2023-07-27,19659.900390625,19867.55078125,19603.55078125,19850.900390625,-0.0059863783008722304,-0.006004368496797154,-191.0,264.0,0.013428348809228493,19554.76025390625,210.42860512365786,0.49964754866366506,0.0,0.0,0.0
2023-07-28,19646.05078125,19695.900390625,19563.099609375,19659.75,-0.0007044597937843067,-0.0007047080421790248,-13.69921875,132.80078125,0.006759668023292691,19577.61025390625,192.6917160461906,0.3551814719805879,0.0,0.0,0.0
2023-07-31,19753.80078125,19772.75,19597.599609375,19666.349609375,0.005484562836559181,0.005469577389253641,87.451171875,175.150390625,0.008866667866330313,19599.17275390625,186.68306810610954,0.8282916544732477,0.0,0.0,0.0
2023-08-01,19733.55078125,19795.599609375,19704.599609375,19784.0,-0.0010251191770254131,-0.0010256449710540406,-50.44921875,91.0,0.004611435671600694,19616.40029296875,182.1089749136599,0.6432988178468082,0.0,0.0,0.0
2023-08-02,19526.55078125,19678.25,19423.55078125,19655.400390625,-0.010489749274959825,-0.010545154493387934,-128.849609375,254.69921875,0.01304373832344062,19622.80283203125,176.2000124095337,-0.5462658569940232,0.0,0.0,0.0
2023-08-03,19381.650390625,19537.650390625,19296.44921875,19463.75,-0.007420685416911321,-0.007448355676119346,-82.099609375,241.201171875,0.012444821107271143,19617.0203125,182.3266917106099,-1.2909241080761855,0.0,0.0,0.0
2023-08-04,19517.0,19538.849609375,19436.44921875,19462.80078125,0.006983389270114548,0.006959118337332752,54.19921875,102.400390625,0.005246728012758108,19626.2802734375,171.4575859885559,-0.6373603874534546,0.0,0.0,0.0
2023-08-07,19597.30078125,19620.44921875,19524.80078125,19576.849609375,0.004114401867602702,0.004105960861445235,20.451171875,95.6484375,0.004880694467449978,19638.35029296875,159.5020532082827,-0.25736039689185414,0.0,0.0,0.0
2023-08-08,19570.849609375,19634.400390625,19533.099609375,19627.19921875,-0.0013497354646058168,-0.0013506471779916257,-56.349609375,101.30078125,0.005176105446207814,19644.92275390625,153.46669934738657,-0.48266591284130567,0.0,0.0,0.0
2023-08-09,19632.55078125,19645.5,19467.5,19578.80078125,0.003152707884763739,0.0031477485221408875,53.75,178.0,0.009066575300546187,19657.33525390625,140.79405981679787,-0.1760335108491114,0.0,0.0,0.0
2023-08-10,19543.099609375,19623.599609375,19495.400390625,19605.55078125,-0.004556268458015711,-0.004566679886024027,-62.451171875,128.19921875,0.006559820157110681,19663.802734375,131.69258837052777,-0.9165521499235171,0.0,0.0,0.0
2023-08-11,19428.30078125,19557.75,19412.75,19554.25,-0.005874136161590715,-0.005891456761763215,-125.94921875,145.0,0.007463339261246028,19656.9927734375,140.33577109257075,-1.6296058403858245,0.0,0.0,0.0
2023-08-14,19434.55078125,19465.849609375,19257.900390625,19383.94921875,0.00032169565781225984,0.0003216439248586792,50.6015625,207.94921875,0.010699975579092086,19643.1478515625,148.1233025721161,-1.4082664016415638,0.0,0.0,0.0
2023-08-16,19465.0,19482.75,19317.19921875,19369.0,0.0015667570139761278,0.0015655309306883672,96.0,165.55078125,0.008505049126637555,19628.9353515625,151.01565455987634,-1.085552037901487,0.0,0.0,0.0
2023-08-17,19365.25,19461.55078125,19326.25,19450.55078125,-0.005124582584125403,-0.005137758290060533,-85.30078125,135.30078125,0.006986782058067931,19605.54033203125,153.9289778458637,-1.561046759316915,0.0,0.0,0.0
2023-08-18,19310.150390625,19373.80078125,19253.599609375,19301.75,-0.0028452826260957353,-0.0028493381372506382,8.400390625,120.201171875,0.006224766221052177,19572.09033203125,140.57797345513566,-1.8633071381545134,0.0,0.0,0.0
2023-08-21,19393.599609375,19425.94921875,19296.30078125,19320.650390625,0.0043215209131937105,0.0043122099570484,72.94921875,129.6484375,0.0066851146827496145,19554.5203125,139.78710106613474,-1.15118420725291,0.0,0.0,0.0
2023-08-22,19396.44921875,19443.5,19381.30078125,19417.099609375,0.00014693555773015454,0.00014692476375842436,-20.650390625,62.19921875,0.0032067322244668252,19540.72529296875,141.15406198172988,-1.022117764045809,0.0,0.0,0.0
2023-08-23,19444.0,19472.05078125,19366.599609375,19439.19921875,0.0024515199000461063,0.0024485198272942723,4.80078125,105.451171875,0.005423327086761983,19528.8953125,138.70773974095385,-0.6120445236765338,0.0,0.0,0.0
2023-08-24,19386.69921875,19584.44921875,19369.0,19535.150390625,-0.002946964680621278,-0.0029513155310064644,-148.451171875,215.44921875,0.011113249157011038,19509.315234375,128.94428749301528,-0.9509224333155717,0.0,0.0,0.0
2023-08-25,19265.80078125,19339.55078125,19229.69921875,19297.400390625,-0.006236153774081932,-0.0062556798015631025,-31.599609375,109.8515625,0.005701894447435091,19489.61025390625,134.70506393735658,-1.6614777953732252,0.0,0.0,0.0
2023-08-28,19306.05078125,19366.849609375,19249.69921875,19298.349609375,0.002089194238900971,0.0020870149074536447,7.701171875,117.150390625,0.006068066014763425,19472.61025390625,135.37551519330665,-1.2303515330553934,0.0,0.0,0.0
2023-08-29,19342.650390625,19377.900390625,19309.099609375,19374.849609375,0.0018957584743610756,0.0018939637920959618,-32.19921875,68.80078125,0.0035569469468024082,19452.052734375,120.86819558464231,-0.9051375609672858,0.0,0.0,0.0
2023-08-30,19347.44921875,19452.80078125,19334.75,19433.44921875,0.0002480956863764039,0.00024806491573087567,-86.0,118.05078125,0.006101619904271134,19432.74765625,103.0636792504779,-0.82762849260115,0.0,0.0,0.0
2023-08-31,19253.80078125,19388.19921875,19223.650390625,19375.55078125,-0.004840350603388277,-0.004852103039648143,-121.75,164.548828125,0.008546303662040754,19419.11015625,107.92874045790032,-1.5316529619326265,0.0,0.0,0.0
2023-09-01,19435.30078125,19458.55078125,19255.69921875,19258.150390625,0.009426710188917609,0.009382556025202547,177.150390625,202.8515625,0.010437274153004049,19421.79267578125,107.61496457185987,0.1255225564817307,0.0,0.0,0.0
2023-09-04,19528.80078125,19545.150390625,19432.849609375,19525.05078125,0.004810833701642592,0.004799298621963187,3.75,112.30078125,0.005750521115347865,19422.38271484375,108.19523496790971,0.9835744285579179,0.0,0.0,0.0
2023-09-05,19574.900390625,19587.05078125,19525.75,19564.650390625,0.0023605960187407238,0.002357814188949651,10.25,61.30078125,0.0031316011845127327,19421.2626953125,106.39009429573855,1.4440977454670227,0.0,0.0,0.0
2023-09-06,19611.05078125,19636.44921875,19491.5,19581.19921875,0.0018467726478093027,0.0018450694598145603,29.8515625,144.94921875,0.007391201030828242,19423.27275390625,109.693510126827,1.711842634323958,0.0,0.0,0.0
2023-09-07,19727.05078125,19737.0,19550.05078125,19598.650390625,0.005915032360780392,0.005897607236551244,128.400390625,186.94921875,0.009476795128833445,19427.99775390625,120.66873789165132,2.478297466012042,0.0,0.0,0.0
2023-09-08,19819.94921875,19867.150390625,19727.05078125,19774.80078125,0.004709190366575022,0.004698136818212182,45.1484375,140.099609375,0.007068615960048145,19441.840234375,147.47045558405247,2.563964306460652,0.0,0.0,0.0
2023-09-11,19996.349609375,20008.150390625,19865.349609375,19890.0,0.008900143420050854,0.008860770587058942,106.349609375,142.80078125,0.007141342496985045,19470.24267578125,192.54070338618394,2.7324452665913634,0.0,0.0,0.0
2023-09-12,19993.19921875,20110.349609375,19914.650390625,20110.150390625,-0.0001575482868895195,-0.00015756069892455075,-116.951171875,195.69921875,0.00978828933823005,19498.17509765625,224.89433277957733,2.201140931278738,0.0,0.0,0.0
2023-09-13,20070.0,20096.900390625,19944.099609375,19989.5,0.003841345269944396,0.003833986143147051,80.5,152.80078125,0.007613392189835575,19528.42509765625,258.39113957913037,2.0959499742362335,0.0,0.0,0.0
2023-09-14,20103.099609375,20167.650390625,20043.44921875,20127.94921875,0.001649208239910216,0.0016478497893743786,-24.849609375,124.201171875,0.006178210041653441,19565.317578125,285.15528722992053,1.885926915380627,0.0,0.0,0.0
2023-09-15,20192.349609375,20222.44921875,20129.69921875,20156.44921875,0.004439613877174287,0.004429787863222843,35.900390625,92.75,0.0045933237980852705,19609.4275390625,310.6955118361254,1.8761843930978903,0.0,0.0,0.0
2023-09-18,20133.30078125,20195.349609375,20115.69921875,20155.94921875,-0.002924316846098174,-0.0029286010148227575,-22.6484375,79.650390625,0.003956151626124706,19646.41259765625,327.2377140060625,1.4878730743875377,0.0,0.0,0.0
2023-09-20,19901.400390625,20050.650390625,19878.849609375,19980.75,-0.011518249945432046,-0.011585098803333688,-79.349609375,171.80078125,0.008632597600062889,19671.66015625,326.4154768776762,0.7038276388502708,0.0,0.0,0.0
2023-09-21,19742.349609375,19848.75,19709.94921875,19840.55078125,-0.007991939166498319,-0.00802404589005525,-98.201171875,138.80078125,0.007030611046624766,19686.57763671875,322.2545116199616,0.1730680894920178,0.0,0.0,0.0
2023-09-22,19674.25,19798.650390625,19657.5,19744.849609375,-0.003449417659114995,-0.0034553806166447805,-70.599609375,141.150390625,0.007174372117107386,19700.95517578125,314.4922446874737,-0.08491521248096179,0.0,0.0,0.0
2023-09-25,19674.55078125,19734.150390625,19601.55078125,19678.19921875,1.5288066889551644e-05,1.5287950028248088e-05,-3.6484375,132.599609375,0.0067396511792974945,19721.39267578125,297.5501801331806,-0.15742519298857582,0.0,0.0,0.0
2023-09-26,19664.69921875,19699.349609375,19637.44921875,19682.80078125,-0.0005007261720755274,-0.0005008515772894238,-18.1015625,61.900390625,0.0031477923936908676,19739.32509765625,281.5801192780132,-0.2650253828203261,0.0,0.0,0.0
2023-09-27,19716.44921875,19730.69921875,19554.0,19637.05078125,0.002631619198663282,0.002628162551917123,79.3984375,176.69921875,0.008962020330819108,19758.0150390625,265.8299923993598,-0.156362417714152,0.0,0.0,0.0
2023-09-28,19523.55078125,19766.650390625,19492.099609375,19761.80078125,-0.009783629666773708,-0.009831803841213342,-238.25,274.55078125,0.014062543454629815,19766.8201171875,254.17614278796427,-0.95708957288111,0.0,0.0,0.0
2023-09-29,19638.30078125,19726.25,19551.05078125,19581.19921875,0.005877516917168757,0.005860311697675281,57.1015625,175.19921875,0.008921302341864243,19786.0451171875,226.34871651047737,-0.6527288434200615,0.0,0.0,0.0
2023-10-03,19528.75,19623.19921875,19479.650390625,19622.400390625,-0.005578424654468894,-0.005594042173129665,-93.650390625,143.548828125,0.0073506408820329,19790.717578125,219.5909640271293,-1.1929797716659962,0.0,0.0,0.0
2023-10-04,19436.099609375,19457.80078125,19333.599609375,19446.30078125,-0.004744307271330683,-0.004755597219883326,-10.201171875,124.201171875,0.006390231289774394,19786.08251953125,226.28666705806177,-1.5466351363354944,0.0,0.0,0.0
2023-10-05,19545.75,19576.94921875,19487.30078125,19521.849609375,0.005641584105285702,0.005625729970019748,23.900390625,89.6484375,0.0045865949119373774,19784.625,227.80725915930927,-1.0485837935170927,0.0,0.0,0.0
2023-10-06,19653.5,19675.75,19589.400390625,19621.19921875,0.0055127073660514725,0.005497568008546022,32.30078125,86.349609375,0.0043935995814994785,19786.7474609375,226.2977147813034,-0.5888148763069497,0.0,0.0,0.0
2023-10-09,19512.349609375,19588.94921875,19480.5,19539.44921875,-0.00718194675884698,-0.007207861089913015,-27.099609375,108.44921875,0.005557978455751631,19776.01240234375,234.232016813034,-1.1256479645957502,0.0,0.0,0.0
2023-10-10,19689.849609375,19717.80078125,19565.44921875,19565.599609375,0.00909680297624016,0.0090556762901256,124.25,152.3515625,0.0077375686215226495,19769.507421875,234.75355542893573,-0.3393252654020627,0.0,0.0,0.0
2023-10-11,19811.349609375,19839.19921875,19756.94921875,19767.0,0.006170692128707245,0.00615173136873013,44.349609375,82.25,0.004151660619884179,19760.257421875,228.91707813425757,0.22319080741557207,0.0,0.0,0.0
2023-10-12,19794.0,19843.30078125,19772.650390625,19822.69921875,-0.0008757409120068171,-0.0008761245971014768,-28.69921875,70.650390625,0.0035692831476710116,19750.2974609375,222.49189328562474,0.1964230625085978,0.0,0.0,0.0
2023-10-13,19751.05078125,19805.400390625,19635.30078125,19654.55078125,-0.0021698099802970328,-0.002172167428733089,96.5,170.099609375,0.00861218024594815,19734.35,209.41706470204838,0.07974890333680672,0.0,0.0,0.0
2023-10-16,19731.75,19781.30078125,19691.849609375,19737.25,-0.0009772027556287366,-0.0009776805295215437,-5.5,89.451171875,0.004533362315810812,19715.78251953125,190.6208819050099,0.08376564156652144,0.0,0.0,0.0
2023-10-17,19811.5,19849.75,19775.650390625,19843.19921875,0.004041709427698992,0.004033563661320618,-31.69921875,74.099609375,0.0037402321568281048,19696.7400390625,156.47152346331757,0.733423938090582,0.0,0.0,0.0
2023-10-18,19671.099609375,19840.94921875,19659.94921875,19820.44921875,-0.007086812741337156,-0.007112043473065063,-149.349609375,181.0,0.009201315818345898,19673.62998046875,118.00402965795632,-0.02144309055449995,0.0,0.0,0.0
2023-10-19,19624.69921875,19681.80078125,19512.349609375,19545.19921875,-0.0023588102112444,-0.002361596586600212,79.5,169.451171875,0.008634586955253893,19659.794921875,105.44660710984101,-0.33282913587197466,0.0,0.0,0.0
2023-10-20,19542.650390625,19593.80078125,19518.69921875,19542.150390625,-0.004180896084593599,-0.004189660467809165,0.5,75.1015625,0.003842956866077271,19649.8099609375,106.66581555287672,-1.004628987807036,0.0,0.0,0.0
2023-10-23,19281.75,19556.849609375,19257.849609375,19521.599609375,-0.013350307425555652,-0.01344022395196905,-239.849609375,299.0,0.015506891231345703,19630.1849609375,134.4271148203524,-2.5919991022878457,1.0,0.0,0.0
2023-10-25,19122.150390625,19347.30078125,19074.150390625,19286.44921875,-0.008277236732921023,-0.008311683270009834,-164.298828125,273.150390625,0.014284501745102748,19602.56494140625,175.3516502739267,-2.7397207270691055,1.0,1.0,1.0
2023-10-26,18857.25,19041.69921875,18837.849609375,19027.25,-0.013853064912347501,-0.013949914095014037,-170.0,203.849609375,0.010810145136485967,19562.19248046875,240.968528764249,-2.9254545565924515,1.0,1.0,1.0
2023-10-27,19047.25,19076.150390625,18926.650390625,18928.75,0.010075700327460302,0.010025278863763394,118.5,149.5,0.007848902072477654,19528.73251953125,263.80116539472124,-1.825172071589666,1.0,1.0,1.0
2023-10-30,19140.900390625,19158.5,18940.0,19053.400390625,0.004916740769664862,0.004904693073893485,87.5,218.5,0.011415345962879514,19509.6,277.70638471676796,-1.3276598222652833,1.0,1.0,1.0
2023-10-31,19079.599609375,19233.69921875,19056.44921875,19232.94921875,-0.0032026069828995363,-0.003207746304394414,-153.349609375,177.25,0.009290027234790922,19481.66494140625,291.82050909196965,-1.3777829847611374,1.0,1.0,1.0
2023-11-01,18989.150390625,19096.05078125,18973.69921875,19064.05078125,-0.004740624572936891,-0.004751896973195711,-74.900390625,122.3515625,0.006443235215010216,19454.6849609375,311.5175228723349,-1.494408937320943,1.0,1.0,1.0
2023-11-02,19133.25,19175.25,19064.150390625,19120.0,0.007588523257266999,0.007559875254064636,13.25,111.099609375,0.005806625083297401,19439.54248046875,319.72103783068223,-0.9579991437127646,1.0,1.0,1.0
2023-11-03,19230.599609375,19276.25,19210.900390625,19241.0,0.005087980838331285,0.005075080802081226,-10.400390625,65.349609375,0.0033982096607711484,19423.7849609375,321.9693019315407,-0.6000117104442991,1.0,1.0,1.0
2023-11-06,19411.75,19423.0,19309.69921875,19345.849609375,0.00941990339899168,0.009375812778954773,65.900390625,113.30078125,0.005836711334629799,19411.6974609375,317.39681989648693,0.00016553115597649098,0.0,1.0,1.0
2023-11-07,19406.69921875,19423.5,19329.099609375,19404.05078125,-0.000260191958478706,-0.0002602258142791332,2.6484375,94.400390625,0.004864319767155148,19406.41494140625,316.51142088943806,0.0008981582495588913,0.0,0.0,0.0
2023-11-08,19443.5,19464.400390625,19401.5,19449.599609375,0.0018962926582819506,0.0018944969651071763,-6.099609375,62.900390625,0.003235034362383316,19394.0974609375,309.61910348191407,0.15955907922646978,0.0,0.0,0.0
2023-11-09,19395.30078125,19463.900390625,19378.349609375,19457.400390625,-0.002478937369815082,-0.0024820150223140987,-62.099609375,85.55078125,0.004410902528137353,19373.29501953125,293.6757123814932,0.07493218128355955,0.0,0.0,0.0
2023-11-10,19425.349609375,19451.30078125,19329.44921875,19351.849609375,0.001549283945833313,0.0015480850435944918,73.5,121.8515625,0.006272811812930892,19354.8625,276.9747186847987,0.2544893256312541,0.0,0.0,0.0
2023-11-13,19443.55078125,19494.400390625,19414.75,19486.75,0.0009369804014345284,0.0009365417093074231,-43.19921875,79.650390625,0.004096494077707723,19339.4875,261.9519386965937,0.3972609699618685,0.0,0.0,0.0
2023-11-15,19675.44921875,19693.19921875,19579.650390625,19651.400390625,0.011926753508604282,0.011856190289938534,24.048828125,113.548828125,0.005771092027560521,19336.6724609375,257.7840246787494,1.3141883335659854,0.0,0.0,0.0
2023-11-16,19765.19921875,19875.25,19627.0,19674.69921875,0.004561522280999375,0.004551150068331243,90.5,248.25,0.012559954354747958,19334.357421875,253.46714376546456,1.699793474114585,0.0,0.0,0.0
2023-11-17,19731.80078125,19806.0,19667.44921875,19674.75,-0.0016897597201204206,-0.0016911889743673853,57.05078125,138.55078125,0.007021699782295434,19337.39248046875,258.0338572092597,1.5285137580274792,0.0,0.0,0.0
2023-11-20,19694.0,19756.44921875,19670.5,19731.150390625,-0.0019157289123818977,-0.0019175662679732529,-37.150390625,85.94921875,0.004364233713313699,19340.85751953125,262.5213363829806,1.3451953480594994,0.0,0.0,0.0
2023-11-21,19783.400390625,19829.099609375,19754.05078125,19770.900390625,0.0045394734754240496,0.004529201141300913,12.5,75.048828125,0.0037935252101840033,19352.89501953125,277.36138224691524,1.5521460399649345,0.0,0.0,0.0
2023-11-22,19811.849609375,19825.55078125,19703.849609375,19784.0,0.0014380348265852216,0.0014370018446946907,27.849609375,121.701171875,0.006142847552073624,19379.4,294.97411240721533,1.4660595326344998,0.0,0.0,0.0
2023-11-23,19802.0,19875.150390625,19786.75,19828.44921875,-0.0004971574875239915,-0.0004972811112830416,-26.44921875,88.400390625,0.004464215262347237,19413.39248046875,302.8364537542149,1.2832256972823002,0.0,0.0,0.0
2023-11-24,19794.69921875,19832.849609375,19768.849609375,19809.599609375,-0.00036868908443588033,-0.0003687570669664962,-14.900390625,64.0,0.0032331888094251876,19460.26494140625,284.20232367991497,1.1767471603096689,0.0,0.0,0.0
2023-11-28,19889.69921875,19916.849609375,19800.0,19844.650390625,0.004799264638990497,0.004787784883390938,45.048828125,116.849609375,0.005874880665105583,19502.38740234375,282.19018198264445,1.3725205238716334,0.0,0.0,0.0
2023-11-29,20096.599609375,20104.650390625,19956.30078125,19976.55078125,0.010402389113554511,0.010348656573869122,120.048828125,148.349609375,0.007381826391455566,19550.17236328125,298.2176805489785,1.8323100263131658,0.0,0.0,0.0
2023-11-30,20133.150390625,20158.69921875,20015.849609375,20108.5,0.0018187545137213768,0.0018171025823992028,24.650390625,142.849609375,0.007095243744939089,19602.84990234375,303.71975622112444,1.746019076530411,0.0,0.0,0.0
2023-12-01,20267.900390625,20291.55078125,20183.69921875,20194.099609375,0.0066929416105065975,0.00667064331563437,73.80078125,107.8515625,0.005321299218042693,19666.78740234375,302.32198757161,1.9883204430801305,0.0,0.0,0.0
2023-12-04,20686.80078125,20702.650390625,20507.75,20601.94921875,0.020668169003769332,0.020457480483773903,84.8515625,194.900390625,0.009421485356094928,19744.46494140625,353.30486545785766,2.6672031210850977,0.0,0.0,0.0
2023-12-05,20855.099609375,20864.05078125,20711.150390625,20808.900390625,0.008135565760247543,0.008102650447744338,46.19921875,152.900390625,0.007331558874754385,19825.68994140625,410.9785501444753,2.5047771169733104,0.0,0.0,0.0
2023-12-06,20937.69921875,20961.94921875,20852.150390625,20950.75,0.003960643244200535,0.003952820545223537,-13.05078125,109.798828125,0.0052440732373628535,19901.98740234375,467.8031700234219,2.2139905900047507,0.0,0.0,0.0
2023-12-07,20901.150390625,20941.25,20850.80078125,20932.400390625,-0.0017455990623970186,-0.0017471243957791426,-31.25,90.44921875,0.004327475620220889,19976.7099609375,502.5882163405406,1.8393595385474046,0.0,0.0,0.0
2023-12-08,20969.400390625,21006.099609375,20862.69921875,20934.099609375,0.003265370504707432,0.0032600507599202964,35.30078125,143.400390625,0.006838554653623355,20053.00498046875,532.3239128441166,1.7214996133840819,0.0,0.0,0.0
2023-12-11,20997.099609375,21026.099609375,20923.69921875,20965.30078125,0.001320935183362959,0.001320063516009915,31.798828125,102.400390625,0.004876882642366435,20133.094921875,548.4167689045466,1.5754527149595292,0.0,0.0,0.0
2023-12-12,20906.400390625,21037.900390625,20867.150390625,21018.55078125,-0.004319607014175553,-0.004328963470418101,-112.150390625,170.75,0.008167355298359682,20207.1474609375,547.8128976450628,1.2764448093380922,0.0,0.0,0.0
2023-12-13,20926.349609375,20950.0,20769.5,20929.75,0.0009542158562574343,0.0009537608817135473,-3.400390625,180.5,0.008625489078092055,20281.28740234375,539.3035308106731,1.1961023249033829,0.0,0.0,0.0
2023-12-14,21182.69921875,21210.900390625,21074.44921875,21110.400390625,0.012250087289956912,0.012175662163725103,72.298828125,136.451171875,0.006441632884737342,20356.64990234375,555.2633750840109,1.4876711727678227,0.0,0.0,0.0
2023-12-15,21456.650390625,21492.30078125,21235.30078125,21287.44921875,0.012932779200891975,0.012849864921501506,169.201171875,257.0,0.01197763841611971,20441.2224609375,588.2698856207957,1.7261259746721995,0.0,0.0,0.0
2023-12-18,21418.650390625,21482.80078125,21365.349609375,21434.80078125,-0.0017710126840955187,-0.0017725827811074615,-16.150390625,117.451171875,0.005483593491325144,20525.56494140625,601.9696121954482,1.4836055361026794,0.0,0.0,0.0
2023-12-19,21453.099609375,21505.05078125,21337.75,21477.650390625,0.0016083748565725031,0.001607082806947435,-24.55078125,167.30078125,0.007798443315710406,20613.519921875,602.5856393755386,1.3932952142206054,0.0,0.0,0.0
2023-12-20,21150.150390625,21593.0,21087.349609375,21543.5,-0.01412146609423337,-0.014222122733049722,-393.349609375,505.650390625,0.023907649888349456,20681.857421875,580.5874134536017,0.8065847758641157,0.0,0.0,0.0
2023-12-21,21255.05078125,21288.349609375,20976.80078125,21033.94921875,0.004959794076523361,0.004947534816775346,221.1015625,311.548828125,0.014657637440218713,20754.01748046875,555.9273286874502,0.9012568278738804,0.0,0.0,0.0
2023-12-22,21349.400390625,21390.5,21232.44921875,21295.849609375,0.004438926556610712,0.004429103580375731,53.55078125,158.05078125,0.007403054809886072,20831.3875,523.1719969264694,0.9901387950200338,0.0,0.0,0.0
2023-12-26,21441.349609375,21477.150390625,21329.44921875,21365.19921875,0.004306875934107168,0.004297627887901326,76.150390625,147.701171875,0.006888613569848199,20913.72001953125,479.1565031626173,1.1011633701331214,0.0,0.0,0.0
2023-12-27,21654.75,21675.75,21495.80078125,21497.650390625,0.0099527499207277,0.009903547502138933,157.099609375,179.94921875,0.00830991901314954,21001.97255859375,441.70511444669063,1.4778580099167837,0.0,0.0,0.0
2023-12-28,21778.69921875,21801.44921875,21678.0,21715.0,0.005723881307796219,0.0057075621422148105,63.69921875,123.44921875,0.005668346741467392,21086.0775390625,419.8430738832182,1.6497156265585036,0.0,0.0,0.0
2023-12-29,21731.400390625,21770.30078125,21676.900390625,21737.650390625,-0.0021717930740454694,-0.0021741548367498844,-6.25,93.400390625,0.004297946241204651,21165.9900390625,379.0394512490971,1.491692618536752,0.0,0.0,0.0
2024-01-01,21741.900390625,21834.349609375,21680.849609375,21727.75,0.00048317180721269004,0.0004830551173010514,14.150390625,153.5,0.007060100416345778,21239.6900390625,336.0937465450798,1.49425675641108,0.0,0.0,0.0
2024-01-02,21665.80078125,21755.599609375,21555.650390625,21751.349609375,-0.003500136051024061,-0.0035062758581720864,-85.548828125,199.94921875,0.009228794299772197,21288.6400390625,322.34199769406774,1.1700639224351452,0.0,0.0,0.0
2024-01-03,21517.349609375,21677.0,21500.349609375,21661.099609375,-0.00685186637566948,-0.006875448193459907,-143.75,176.650390625,0.00820967237284811,21321.7525390625,309.20993688708546,0.6325704544997367,0.0,0.0,0.0
2024-01-04,21658.599609375,21685.650390625,21564.55078125,21605.80078125,0.006564470186349425,0.006543017882762483,52.798828125,121.099609375,0.005591294523150131,21357.79755859375,304.05929508286886,0.9892874700616194,0.0,0.0,0.0
2024-01-05,21710.80078125,21749.599609375,21629.19921875,21705.75,0.002410182228605562,0.0024072823978970102,5.05078125,120.400390625,0.005545644853826895,21398.280078125,293.78626271486974,1.0637689462979145,0.0,0.0,0.0
2024-01-08,21513.0,21763.94921875,21492.900390625,21747.599609375,-0.00911070868564301,-0.009152465005292239,-234.599609375,271.048828125,0.012599304054525171,21425.46005859375,276.6667045190077,0.3164093834798048,0.0,0.0,0.0
2024-01-09,21544.849609375,21724.44921875,21517.849609375,21653.599609375,0.0014804820050666745,0.001479387172036867,-108.75,206.599609375,0.009589280645760484,21452.84755859375,258.5490414291432,0.355839844822883,0.0,0.0,0.0
2024-01-10,21618.69921875,21641.849609375,21448.650390625,21529.30078125,0.0034277152411805734,0.003421854015216792,89.3984375,193.19921875,0.008936671757865867,21488.4625,226.3716453351134,0.5753225787496496,0.0,0.0,0.0
2024-01-11,21647.19921875,21726.5,21593.75,21688.0,0.0013183031833516878,0.001317434984659037,-40.80078125,132.75,0.006132433053280023,21524.50498046875,185.9376735599395,0.659867556327666,0.0,0.0,0.0
2024-01-12,21894.55078125,21928.25,21715.150390625,21773.55078125,0.011426492637705898,0.011361703346499745,121.0,213.099609375,0.00973299756200039,21560.09755859375,185.19543505071317,1.8059474444640935,0.0,0.0,0.0
2024-01-15,22097.44921875,22115.55078125,21963.55078125,22053.150390625,0.009267074694848665,0.009224398809286917,44.298828125,152.0,0.006878621984614669,21592.1375,218.74810884168772,2.3100163993449803,0.0,0.0,0.0
2024-01-16,22032.30078125,22124.150390625,21969.80078125,22080.5,-0.0029482333845447517,-0.002952587985615914,-48.19921875,154.349609375,0.0070056055837053165,21622.82001953125,235.52646116399754,1.7385764626830125,0.0,0.0,0.0
2024-01-17,21571.94921875,21851.5,21550.44921875,21647.25,-0.020894393512082443,-0.021115770473744744,-75.30078125,301.05078125,0.013955659648425808,21628.7625,232.49879722681342,-0.2443594630495087,0.0,0.0,0.0
2024-01-18,21462.25,21539.400390625,21285.55078125,21414.19921875,-0.0050852715087356115,-0.0050982455047793645,48.05078125,253.849609375,0.011827725861687382,21644.36748046875,207.85175342481918,-0.8761892910113138,0.0,0.0,0.0
2024-01-19,21622.400390625,21670.599609375,21575.0,21615.19921875,0.00746195718645537,0.007434254509367264,7.201171875,95.599609375,0.004421322686099639,21662.7349609375,186.80308385315251,-0.21592025934758552,0.0,0.0,0.0
2024-01-23,21238.80078125,21750.25,21192.599609375,21716.69921875,-0.01774084294273448,-0.017900098054810153,-477.8984375,557.650390625,0.026256208924813867,21657.20498046875,197.87588782639588,-2.1144779377355496,1.0,0.0,0.0
2024-01-24,21453.94921875,21482.349609375,21137.19921875,21185.25,0.010129971071150878,0.010079006802925212,268.69921875,345.150390625,0.01608796530213424,21657.8349609375,197.17129856957436,-1.034053859089214,1.0,1.0,1.0
2024-01-25,21352.599609375,21459.0,21247.05078125,21454.599609375,-0.004724053755400193,-0.004735247364061254,-102.0,211.94921875,0.00992615525169789,21642.72744140625,208.66092597477592,-1.390427223860402,1.0,1.0,1.0
2024-01-29,21737.599609375,21763.25,21429.599609375,21433.099609375,0.018030591452244726,0.01786996821930258,304.5,333.650390625,0.015348998814068832,21640.6724609375,207.4502100912153,0.4672309003441353,0.0,1.0,1.0
2024-01-30,21522.099609375,21813.05078125,21501.80078125,21775.75,-0.009913698102483215,-0.009963166019046519,-253.650390625,311.25,0.014461878982495737,21630.207421875,207.91114330805314,-0.519971227996278,0.0,0.0,0.0
2024-01-31,21725.69921875,21741.349609375,21448.849609375,21487.25,0.009460025419002926,0.009415559590485083,238.44921875,292.5,0.013463318121773626,21629.39736328125,207.48418669297936,0.46414069912350586,0.0,0.0,0.0
2024-02-01,21697.44921875,21832.94921875,21658.75,21780.650390625,-0.0013003033741542103,-0.00130114950214822,-83.201171875,174.19921875,0.008028557504329336,21630.97978515625,207.89671421398046,0.3197233484187476,0.0,0.0,0.0
2024-02-02,21853.80078125,22126.80078125,21805.55078125,21812.75,0.007205988175093214,0.007180149098767169,41.05078125,321.25,0.014699960122068298,21647.80234375,211.79399645307916,0.9726358676348762,0.0,0.0,0.0
2024-02-05,21771.69921875,21964.30078125,21726.94921875,21921.05078125,-0.0037568550808078083,-0.0037639297855089193,-149.3515625,237.3515625,0.010901839131398182,21653.45732421875,213.59966493487516,0.5535677903207399,0.0,0.0,0.0
2024-02-06,21929.400390625,21951.400390625,21737.55078125,21825.19921875,0.007243402101531293,0.007217294659854949,104.201171875,213.849609375,0.009751730807305724,21664.3873046875,222.11169958023424,1.1931523032705753,0.0,0.0,0.0
2024-02-07,21930.5,22053.30078125,21860.150390625,22045.05078125,5.014315737827957e-05,5.014190025218764e-05,-114.55078125,193.150390625,0.008807386544994415,21685.2623046875,226.70651939688395,1.0817408161217146,0.0,0.0,0.0
2024-02-08,21717.94921875,22011.05078125,21665.30078125,22009.650390625,-0.009692017110872975,-0.009739290405751649,-291.701171875,345.75,0.015920011439270694,21693.91728515625,224.35587431011584,0.10711524121062745,0.0,0.0,0.0
2024-02-09,21782.5,21804.44921875,21629.900390625,21727.0,0.0029722318898448563,0.0029678235415700974,55.5,174.548828125,0.00801325964076667,21702.10732421875,224.45527200312875,0.35816791053199604,0.0,0.0,0.0
2024-02-12,21616.05078125,21831.69921875,21574.75,21800.80078125,-0.0076414194307357075,-0.007670764664605448,-184.75,256.94921875,0.011886964059729197,21700.54990234375,224.96380185471247,-0.37561207801921487,0.0,0.0,0.0
2024-02-13,21743.25,21766.80078125,21543.349609375,21664.30078125,0.005884480011507653,0.005867234081485647,78.94921875,223.451171875,0.010276806451427454,21692.98486328125,220.59821678869667,0.22785830933029352,0.0,0.0,0.0
2024-02-14,21840.05078125,21870.849609375,21530.19921875,21578.150390625,0.004451992284961959,0.004442111482625561,261.900390625,340.650390625,0.01559750909175785,21680.11494140625,202.52773213076074,0.7896984682595921,0.0,0.0,0.0
2024-02-15,21910.75,21953.849609375,21794.80078125,21906.55078125,0.0032371361888359207,0.003231907943473083,4.19921875,159.048828125,0.007258940388850222,21674.03740234375,193.00274039553204,1.2264727286832302,0.0,0.0,0.0
2024-02-16,22040.69921875,22068.650390625,21968.94921875,22020.30078125,0.005930843022260657,0.005913324803860001,20.3984375,99.701171875,0.004523503128711285,21697.47490234375,207.84402811767083,1.6513551989664719,0.0,0.0,0.0
2024-02-19,22122.25,22186.650390625,22021.05078125,22103.44921875,0.0037000088082788096,0.0036931806134258504,18.80078125,165.599609375,0.007485658528178643,21730.47490234375,220.53843075595597,1.7764481968667893,0.0,0.0,0.0
2024-02-20,22196.94921875,22215.599609375,22045.849609375,22099.19921875,0.0033766555730090353,0.003370967472487328,97.75,169.75,0.007647447328329713,21759.20234375,242.08737650019162,1.8082185090706464,0.0,0.0,0.0
2024-02-21,22055.05078125,22249.400390625,21997.94921875,22248.849609375,-0.006392700010330099,-0.006413220819374543,-193.798828125,251.451171875,0.011401069730874075,21800.01484375,217.2695352428163,1.1738228151267385,0.0,0.0,0.0
2024-02-22,22217.44921875,22252.5,21875.25,22081.55078125,0.0073633218581414805,0.007336344949249518,135.8984375,377.25,0.01697989702983666,21838.18984375,220.31776047969757,1.7214198899545843,0.0,0.0,0.0
2024-02-23,22212.69921875,22297.5,22186.099609375,22290.0,-0.0002137959201901074,-0.000213818777795819,-77.30078125,111.400390625,0.005015166753393285,21881.19482421875,203.8742163059855,1.626024126727777,0.0,0.0,0.0
2024-02-26,22122.05078125,22202.150390625,22075.150390625,22169.19921875,-0.004080928508836235,-0.004089278221713085,-47.1484375,127.0,0.005740878242067931,21900.4173828125,207.7107169202357,1.0670291919632258,0.0,0.0,0.0
2024-02-27,22198.349609375,22218.25,22085.650390625,22090.19921875,0.003448994348646428,0.003443060208267885,108.150390625,132.599609375,0.005973399451236653,21934.2298828125,197.68457961686815,1.3360664098049078,0.0,0.0,0.0
2024-02-28,21951.150390625,22229.150390625,21915.849609375,22214.099609375,-0.011135927809948543,-0.011198396451173726,-262.94921875,313.30078125,0.014272636088530738,21945.50244140625,191.49886924675994,0.029493381558677586,0.0,0.0,0.0
2024-02-29,21982.80078125,22060.55078125,21860.650390625,21935.19921875,0.0014418556686905948,0.0014408171929075416,47.6015625,199.900390625,0.009093490525352117,21959.77001953125,182.46182163124703,0.12622235990439068,0.0,0.0,0.0
2024-03-01,22338.75,22353.30078125,22047.75,22048.30078125,0.016192168700068565,0.0160624736924449,290.44921875,305.55078125,0.013678060824799955,21984.01748046875,199.1021385069487,1.7816610217818993,0.0,0.0,0.0
2024-03-04,22405.599609375,22440.900390625,22358.30078125,22403.5,0.0029925402887358565,0.0029880715530739466,2.099609375,82.599609375,0.0036865609854260938,22015.7125,213.46175936279312,1.8264962798903868,0.0,0.0,0.0
2024-03-05,22356.30078125,22416.900390625,22269.150390625,22371.25,-0.00220029050703785,-0.0022027147028049303,-14.94921875,147.75,0.006608875119622492,22037.05751953125,225.38749456497078,1.4164195858999868,0.0,0.0,0.0
2024-03-06,22474.05078125,22497.19921875,22224.349609375,22327.5,0.005266971542034149,0.0052531495595052715,146.55078125,272.849609375,0.012140651101609026,22064.23505859375,243.87520154550026,1.6804321229019696,0.0,0.0,0.0
2024-03-07,22493.55078125,22525.650390625,22430.0,22505.30078125,0.0008676673462120199,0.0008672911404987264,-11.75,95.650390625,0.004252347330806104,22103.01513671875,247.5508860293373,1.5775974418648113,0.0,0.0,0.0
2024-03-11,22332.650390625,22526.599609375,22307.25,22517.5,-0.007153178801771132,-0.007178885448103384,-184.849609375,219.349609375,0.009821924650156192,22130.52265625,240.5275459287704,0.8403517093832514,0.0,0.0,0.0
2024-03-12,22335.69921875,22452.55078125,22256.0,22334.44921875,0.0001365188668460693,0.00013650954899359894,1.25,196.55078125,0.00879984903651473,22166.505078125,211.6026470600197,0.7995842347709853,0.0,0.0,0.0
2024-03-13,21997.69921875,22446.75,21905.650390625,22432.19921875,-0.015132725270416536,-0.015248393356596964,-434.5,541.099609375,0.024598009273341975,22179.2275390625,191.51078867066687,-0.9478751644883396,0.0,0.0,0.0
2024-03-14,22146.650390625,22204.599609375,21917.5,21982.55078125,0.006771215952804832,0.006748394232673185,164.099609375,287.099609375,0.012963568048039149,22194.55751953125,174.44219264251552,-0.2746303986468724,0.0,0.0,0.0
2024-03-15,22023.349609375,22120.900390625,21931.69921875,22064.849609375,-0.005567468627318717,-0.005583024746448362,-41.5,189.201171875,0.008590935313239545,22200.1875,166.43364406536662,-1.0625128808424522,0.0,0.0,0.0
2024-03-18,22055.69921875,22123.69921875,21916.55078125,21990.099609375,0.0014688778023679294,0.001467800056624233,65.599609375,207.1484375,0.009392059414915256,22200.9375,165.70933671614128,-0.8764640793825152,0.0,0.0,0.0
2024-03-19,21817.44921875,21978.30078125,21793.099609375,21946.44921875,-0.010802196640288697,-0.010860963960358783,-129.0,185.201171875,0.008488672072436287,22185.6974609375,186.08974414038616,-1.9788744612905302,0.0,0.0,0.0
2024-03-20,21839.099609375,21930.900390625,21710.19921875,21843.900390625,0.0009923428906801757,0.0009918508439663014,-4.80078125,220.701171875,0.010105781640386781,22167.80498046875,201.51519677810091,-1.6311691443087821,0.0,0.0,0.0
2024-03-21,22011.94921875,22080.94921875,21941.30078125,21989.900390625,0.0079146856998078,0.007883528864675105,22.048828125,139.6484375,0.00634421041554312,22165.64990234375,203.00942911764753,-0.7571110576577098,0.0,0.0,0.0
2024-03-22,22096.75,22180.69921875,21883.30078125,21932.19921875,0.0038524885010076115,0.0038450866714008036,164.55078125,297.3984375,0.013458922126557072,22159.61494140625,203.1824886511821,-0.30940137520499617,0.0,0.0,0.0
2024-03-26,22004.69921875,22073.19921875,21947.55078125,21947.900390625,-0.00416580634029895,-0.004174507484794188,56.798828125,125.6484375,0.00571007293719044,22149.21494140625,205.63087660074945,-0.7027919398351908,0.0,0.0,0.0
2024-03-27,22123.650390625,22193.599609375,22052.849609375,22053.94921875,0.005405716783151604,0.005391158338500764,69.701171875,140.75,0.0063619699965808294,22149.294921875,205.62006577569295,-0.12471803835514349,0.0,0.0,0.0
2024-03-28,22326.900390625,22516.0,22163.599609375,22163.599609375,0.009187001078543977,0.009145057280234776,163.30078125,352.400390625,0.01578366833100451,22155.7224609375,209.21201693102415,0.818203142431993,0.0,0.0,0.0
2024-04-01,22462.0,22529.94921875,22427.75,22455.0,0.006050979178091831,0.006032745520934439,7.0,102.19921875,0.004549871727806963,22181.26494140625,214.05010792494383,1.311538972417563,0.0,0.0,0.0
2024-04-02,22453.30078125,22497.599609375,22388.150390625,22458.80078125,-0.0003872860275131451,-0.00038736104211539534,-5.5,109.44921875,0.004874526904364875,22204.78994140625,216.92570740668296,1.1456034548171556,0.0,0.0,0.0
2024-04-03,22434.650390625,22521.099609375,22346.5,22385.69921875,-0.0008306302403686683,-0.0008309754048160305,48.951171875,174.599609375,0.007782586594171387,22209.5849609375,221.06312181608754,1.0181048192866025,0.0,0.0,0.0
2024-04-04,22514.650390625,22619.0,22303.80078125,22592.099609375,0.003565912488363576,0.0035595696965144527,-77.44921875,315.19921875,0.013999738538300712,22215.0375,227.40616839504514,1.3175231469733941,0.0,0.0,0.0
2024-04-05,22513.69921875,22537.599609375,22427.599609375,22486.400390625,-4.224679746289706e-05,-4.22476898839797e-05,27.298828125,110.0,0.004885914079743462,22222.907421875,235.1441369020754,1.2366534020624955,0.0,0.0,0.0
2024-04-08,22666.30078125,22697.30078125,22550.349609375,22578.349609375,0.006778164752814453,0.006755296273493474,87.951171875,146.951171875,0.006483244588219743,22232.519921875,249.4456188307975,1.7389796678258804,0.0,0.0,0.0
2024-04-09,22642.75,22768.400390625,22612.25,22765.099609375,-0.0010390218270411866,-0.0010395619844089984,-122.349609375,156.150390625,0.006896264394784203,22239.9798828125,259.6837961254466,1.551002115638103,0.0,0.0,0.0
2024-04-10,22753.80078125,22775.69921875,22673.69921875,22720.25,0.0049044741142307835,0.004892486360835239,33.55078125,102.0,0.004482767559609289,22261.03740234375,283.5706090023265,1.7377096330254964,0.0,0.0,0.0
2024-04-12,22519.400390625,22726.44921875,22503.75,22677.400390625,-0.010301592814249916,-0.01035502147176367,-158.0,222.69921875,0.009889216181915367,22270.2224609375,289.038629394811,0.8620921369895366,0.0,0.0,0.0
2024-04-15,22272.5,22427.44921875,22259.55078125,22339.05078125,-0.010963897188301042,-0.011024443666037696,-66.55078125,167.8984375,0.007538374116062408,22283.9625,281.84390533817515,-0.04066967489060295,0.0,0.0,0.0
2024-04-16,22147.900390625,22213.75,22079.44921875,22125.30078125,-0.005594325260972033,-0.005610032105390299,22.599609375,134.30078125,0.00606381548053414,22284.025,281.8119900189872,-0.4830334201388308,0.0,0.0,0.0
2024-04-18,21995.849609375,22326.5,21961.69921875,22212.349609375,-0.0068652458503182245,-0.006888920065700564,-216.5,364.80078125,0.016584982518452744,22282.65,283.21440089715435,-1.012661749248935,0.0,0.0,0.0
2024-04-19,22147.0,22179.55078125,21777.650390625,21861.5,0.0068717686886063944,0.006848265696137249,285.5,401.900390625,0.018146944986905677,22287.2150390625,280.0822261213117,-0.5006209819318135,0.0,0.0,0.0
2024-04-22,22336.400390625,22375.650390625,22198.150390625,22336.900390625,0.008551965982977361,0.008515605079627573,-0.5,177.5,0.007946669870517724,22313.16259765625,257.39062790438595,0.09028220319421361,0.0,0.0,0.0
2024-04-23,22368.0,22447.55078125,22349.44921875,22447.05078125,0.0014147135985376202,0.0014137138340638612,-79.05078125,98.1015625,0.004385799467989985,22339.6076171875,232.04280616944072,0.1223583841326597,0.0,0.0,0.0
2024-04-24,22402.400390625,22476.44921875,22384.0,22421.55078125,0.0015379287654238016,0.001536747364098986,-19.150390625,92.44921875,0.004126755041334246,22359.13017578125,219.0882680148534,0.19750128674537562,0.0,0.0,0.0
2024-04-25,22570.349609375,22625.94921875,22305.25,22316.900390625,0.0074969296067168845,0.007468967297299811,253.44921875,320.69921875,0.014208872449932802,22382.81015625,214.78865713434016,0.873134809012291,0.0,0.0,0.0
2024-04-26,22419.94921875,22620.400390625,22385.55078125,22620.400390625,-0.006663626980883297,-0.006685928069119567,-200.451171875,234.849609375,0.010475028604373163,22403.57265625,195.52075919117195,0.08375868919365817,0.0,0.0,0.0
2024-04-29,22643.400390625,22655.80078125,22441.900390625,22475.55078125,0.00996662256880243,0.009917283345523465,167.849609375,213.900390625,0.00944647830868904,22429.56015625,190.84201822408278,1.1205091853719118,0.0,0.0,0.0
2024-04-30,22604.849609375,22783.349609375,22568.400390625,22679.650390625,-0.00170251731563964,-0.0017039682453004383,-74.80078125,214.94921875,0.009508986897256475,22443.4576171875,193.07994239712787,0.8358817088081921,0.0,0.0,0.0
2024-05-02,22648.19921875,22710.5,22567.849609375,22567.849609375,0.0019177127972140884,0.0019158763335262374,80.349609375,142.650390625,0.0062985312539507576,22452.767578125,198.43588583593447,0.9848603734234928,0.0,0.0,0.0
2024-05-03,22475.849609375,22794.69921875,22348.05078125,22766.349609375,-0.007609859296553445,-0.0076389620148829334,-290.5,446.6484375,0.019872371690621053,22453.89501953125,198.50312052974886,0.11060072902208988,0.0,0.0,0.0
2024-05-06,22442.69921875,22588.80078125,22409.44921875,22561.599609375,-0.0014749338156797576,-0.0014760226012829026,-118.900390625,179.3515625,0.00799153260273429,22454.2974609375,198.4702071467492,-0.05843820266144881,0.0,0.0,0.0
2024-05-07,22302.5,22499.05078125,22232.05078125,22489.75,-0.006246985595782073,-0.0062665796554610105,-187.25,267.0,0.011971752045734783,22443.68994140625,200.73124779503462,-0.7033779890135399,0.0,0.0,0.0
2024-05-08,22302.5,22368.650390625,22185.19921875,22231.19921875,0.0,0.0,71.30078125,183.451171875,0.008225587798453088,22433.12998046875,202.40276263531536,-0.6453962325806667,0.0,0.0,0.0
2024-05-09,21957.5,22307.75,21932.400390625,22224.80078125,-0.01546911781190452,-0.015590012996666094,-267.30078125,375.349609375,0.017094369093703744,22397.68994140625,220.65763153456422,-1.9949001461900393,0.0,0.0,0.0
2024-05-10,22055.19921875,22131.30078125,21950.30078125,21990.94921875,0.0044494691449390444,0.004439599522660019,64.25,181.0,0.00820668170823525,22368.31240234375,225.37578951546456,-1.3892937846913842,0.0,0.0,0.0
2024-05-13,22104.05078125,22131.650390625,21821.05078125,22027.94921875,0.0022149680905385605,0.002212518664983643,76.1015625,310.599609375,0.014051705384176437,22335.82490234375,213.39546244879517,-1.086124880229654,0.0,0.0,0.0
2024-05-14,22217.849609375,22270.05078125,22081.25,22112.900390625,0.005148324587705533,0.005135117275633606,104.94921875,188.80078125,0.008497707229521168,22320.74736328125,210.3739040564002,-0.48911843114659487,0.0,0.0,0.0
2024-05-15,22200.55078125,22297.55078125,22151.75,22255.599609375,-0.0007786004689536163,-0.0007789037357247285,-55.048828125,145.80078125,0.006567439821048922,22317.14990234375,211.85235504388444,-0.5503791594367545,0.0,0.0,0.0
2024-05-16,22403.849609375,22432.25,22054.55078125,22319.19921875,0.009157377676264788,0.00911570311987133,84.650390625,377.69921875,0.01685867497485566,22329.94736328125,208.79893731687906,0.3539397615879263,0.0,0.0,0.0
2024-05-17,22466.099609375,22502.150390625,22345.650390625,22415.25,0.0027785403439750667,0.0027746873362616406,50.849609375,156.5,0.006966051193625674,22353.45986328125,195.23296476594166,0.5769504459904684,0.0,0.0,0.0
2024-05-21,22529.05078125,22591.099609375,22404.55078125,22404.55078125,0.002802051667603722,0.002798133238882937,124.5,186.548828125,0.008280367865310015,22372.56240234375,192.6423814452451,0.8123258118605136,0.0,0.0,0.0
2024-05-22,22597.80078125,22629.5,22483.150390625,22576.599609375,0.0030516154749500313,0.0030469687473969323,21.201171875,146.349609375,0.0064762766426558725,22385.632421875,198.8279848298976,1.0670950548360383,0.0,0.0,0.0
2024-05-23,22967.650390625,22993.599609375,22577.44921875,22614.099609375,0.01636661960848307,0.01623413013834582,353.55078125,416.150390625,0.018118979675642636,22415.61494140625,237.48393492222425,2.324517022170539,0.0,0.0,0.0
2024-05-24,22957.099609375,23026.400390625,22908.0,22930.75,-0.0004593757337192361,-0.00045948127907615604,26.349609375,118.400390625,0.005157462947830256,22443.34990234375,266.480000997954,1.927910931804574,0.0,0.0,0.0
2024-05-27,22932.44921875,23110.80078125,22871.19921875,23038.94921875,-0.0010737589261899938,-0.0010743358183047916,-106.5,239.6015625,0.010448145342630794,22461.4548828125,287.0680862822298,1.640706015207985,0.0,0.0,0.0
2024-05-28,22888.150390625,22998.55078125,22858.5,22977.150390625,-0.0019317094176221072,-0.00193357757447097,-89.0,140.05078125,0.006118920876514552,22484.86494140625,302.1971608459708,1.3345110459998808,0.0,0.0,0.0
2024-05-29,22704.69921875,22825.5,22685.44921875,22762.75,-0.008015115627261094,-0.0080474093408375,-58.05078125,140.05078125,0.0061683610031857735,22487.9298828125,304.1939391731367,0.7126024158361784,0.0,0.0,0.0
2024-05-30,22488.650390625,22705.75,22417.0,22617.44921875,-0.009515599658179275,-0.00956116224385675,-128.798828125,288.75,0.012839810081283189,22482.119921875,302.9504287845299,0.021556228773797165,0.0,0.0,0.0
2024-05-31,22530.69921875,22653.75,22465.099609375,22568.099609375,0.0018697799732139142,0.0018680341105537352,-37.400390625,188.650390625,0.008373037551715463,22476.244921875,300.69109752178457,0.18109713697477908,0.0,0.0,0.0
2024-06-03,23263.900390625,23338.69921875,23062.30078125,23337.900390625,0.03254231769535276,0.03202403067452011,-74.0,276.3984375,0.011881001588683916,22515.6474609375,348.4731633506556,2.1472325802448116,0.0,0.0,0.0
2024-06-04,21884.5,23179.5,21281.44921875,23179.5,-0.05929359941641077,-0.06112419596275757,-1295.0,1898.05078125,0.08673036995362014,22487.7375,375.8977827853276,-1.6047913226040593,0.0,0.0,0.0
2024-06-05,22620.349609375,22670.400390625,21791.94921875,22128.349609375,0.033624236760035675,0.03307130264902321,492.0,878.451171875,0.03883455326927954,22503.62998046875,374.3700210383778,0.31177611012363426,0.0,0.0,0.0
2024-06-06,22821.400390625,22910.150390625,22642.599609375,22798.599609375,0.008888049244237806,0.008848783029735371,22.80078125,267.55078125,0.011723679382966765,22529.575,377.6636782941876,0.7727123559858909,0.0,0.0,0.0
2024-06-07,23290.150390625,23320.19921875,22789.05078125,22821.849609375,0.020539931466807104,0.02033183181806326,468.30078125,531.1484375,0.02280571093752162,22596.20751953125,388.8156436484199,1.7847606762479864,0.0,0.0,0.0
2024-06-10,23259.19921875,23411.900390625,23227.150390625,23319.150390625,-0.0013289382574128705,-0.0013298220789751808,-59.951171875,184.75,0.007943093752387958,22656.40751953125,393.8181320761988,1.5306347019647046,0.0,0.0,0.0
2024-06-11,23264.849609375,23389.44921875,23206.650390625,23283.75,0.0002429314342191624,0.00024290193115634738,-18.900390625,182.798828125,0.007857296788685788,22714.4474609375,393.66649097987,1.3981432533602292,0.0,0.0,0.0
2024-06-12,23322.94921875,23441.94921875,23295.94921875,23344.44921875,0.002497312914139238,0.002494199810096445,-21.5,146.0,0.006259928735025772,22769.70244140625,397.82934201806984,1.39066358086433,0.0,0.0,0.0
2024-06-13,23398.900390625,23481.05078125,23353.900390625,23480.94921875,0.0032564994745150067,0.0032512085635553246,-82.048828125,127.150390625,0.005434032732407548,22829.619921875,397.83955240961114,1.4309297939383223,0.0,0.0,0.0
2024-06-14,23465.599609375,23490.400390625,23334.25,23464.94921875,0.0028505279152657437,0.0028464728647632507,0.650390625,156.150390625,0.0066544385493825025,22882.707421875,408.72549213824703,1.4261214402130915,0.0,0.0,0.0
2024-06-18,23557.900390625,23579.05078125,23499.69921875,23570.80078125,0.003933450786960613,0.0039257349959185015,-12.900390625,79.3515625,0.0033683631047008926,22937.2974609375,422.8223503320412,1.467762830418356,0.0,0.0,0.0
2024-06-19,23516.0,23664.0,23412.900390625,23629.849609375,-0.0017786131162043084,-0.0017801967265448713,-113.849609375,251.099609375,0.010677819755698249,22986.644921875,430.19725574058646,1.2304938515093835,0.0,0.0,0.0
2024-06-20,23567.0,23624.0,23442.599609375,23586.150390625,0.0021687361796223215,0.0021663878659495613,-19.150390625,181.400390625,0.007697220292145797,23035.1048828125,438.5963731828431,1.2127211935830664,0.0,0.0,0.0
2024-06-21,23501.099609375,23667.099609375,23398.19921875,23661.150390625,-0.00279629951309035,-0.0028002164622532473,-160.05078125,268.900390625,0.011442034419433332,23061.77734375,450.34147079465,0.975531444727473,0.0,0.0,0.0
2024-06-24,23537.849609375,23558.099609375,23350.0,23382.30078125,0.00156375661610908,0.0015625352218749532,155.548828125,208.099609375,0.008841062919023623,23090.81484375,461.8136564237922,0.9679981512170168,0.0,0.0,0.0
2024-06-25,23721.30078125,23754.150390625,23562.05078125,23577.099609375,0.007793879853915442,0.007763664467508334,144.201171875,192.099609375,0.008098190362597698,23130.257421875,480.8700294231737,1.2291124903000983,0.0,0.0,0.0
2024-06-26,23868.80078125,23889.900390625,23670.44921875,23723.099609375,0.006218040121837909,0.006198787876631016,145.701171875,219.451171875,0.009194059386820498,23179.28994140625,504.30934733690043,1.3672378739058517,0.0,0.0,0.0
2024-06-27,24044.5,24087.44921875,23805.400390625,23881.55078125,0.007361040898544724,0.007334080659762657,162.94921875,282.048828125,0.01173028460250785,23246.27998046875,526.4493389533814,1.5162333019890741,0.0,0.0,0.0
2024-06-28,24010.599609375,24174.0,23985.80078125,24085.900390625,-0.0014099020825968367,-0.0014108969297394127,-75.30078125,188.19921875,0.007838172382688732,23322.37744140625,521.1421995915131,1.3206034140167486,0.0,0.0,0.0
2024-07-01,24141.94921875,24164.0,23992.69921875,23992.94921875,0.005470484349075377,0.00545557559691747,149.0,171.30078125,0.007095565469790573,23402.93994140625,516.8391694038826,1.4298631394290728,0.0,0.0,0.0
2024-07-02,24123.849609375,24236.349609375,24056.400390625,24228.75,-0.0007497161563467802,-0.0007499973340487516,-104.900390625,179.94921875,0.007459390672045485,23445.93740234375,539.9188503021228,1.255581661303197,0.0,0.0,0.0
2024-07-03,24286.5,24309.150390625,24207.099609375,24291.75,0.006742306607722792,0.006719678910168409,-5.25,102.05078125,0.004201955047042596,23566.03740234375,430.34340341910564,1.6741574099477956,0.0,0.0,0.0
2024-07-04,24302.150390625,24401.0,24281.0,24369.94921875,0.0006444070008029268,0.0006441994597673961,-67.798828125,120.0,0.004937834638958213,23650.12744140625,399.0005730648887,1.6341403828327652,0.0,0.0,0.0
2024-07-05,24323.849609375,24363.0,24168.849609375,24213.349609375,0.0008928929498506211,0.0008924945580705119,110.5,194.150390625,0.007981894056365558,23725.24990234375,375.5047859380983,1.5941200470609453,0.0,0.0,0.0
2024-07-08,24320.55078125,24344.599609375,24240.55078125,24329.44921875,-0.00013562113637344275,-0.0001356303337513403,-8.8984375,104.048828125,0.004278226634785621,23776.769921875,383.27249781630235,1.4187839265097197,0.0,0.0,0.0
2024-07-09,24433.19921875,24443.599609375,24331.900390625,24351.0,0.004631820986013446,0.00462112711188291,82.19921875,111.69921875,0.004571616584056753,23835.469921875,389.68033681650905,1.5338964797611967,0.0,0.0,0.0
2024-07-10,24324.44921875,24461.05078125,24141.80078125,24459.849609375,-0.004450911197766749,-0.004460845993233708,-135.400390625,319.25,0.013124654833043977,23888.44990234375,379.92521274120486,1.1475924781629117,0.0,0.0,0.0
2024-07-11,24315.94921875,24402.650390625,24193.75,24396.55078125,-0.0003494426502141934,-0.0003495037195243165,-80.6015625,208.900390625,0.008591085165777413,23938.09990234375,366.79137700328715,1.0301477627236122,0.0,0.0,0.0
2024-07-12,24502.150390625,24592.19921875,24331.150390625,24387.94921875,0.007657573644356042,0.007628403248955412,114.201171875,261.048828125,0.010654119086008156,23993.26240234375,364.3842089133676,1.3965698178820887,0.0,0.0,0.0
2024-07-15,24586.69921875,24635.05078125,24522.75,24587.599609375,0.003450669707641296,0.0034447298074261035,-0.900390625,112.30078125,0.0045675419970305975,24049.3173828125,365.1702701393154,1.4715925141783435,0.0,0.0,0.0
2024-07-16,24613.0,24661.25,24587.650390625,24615.900390625,0.0010697158254551198,0.0010691440871768358,-2.900390625,73.599609375,0.002990273813635071,24102.07236328125,366.65076392883736,1.393499446841228,0.0,0.0,0.0
2024-07-18,24800.849609375,24837.75,24504.44921875,24543.80078125,0.007632129743428306,0.007603152387120198,257.048828125,333.30078125,0.013439087228850764,24166.31484375,371.0929639395371,1.709907832497701,0.0,0.0,0.0
2024-07-19,24530.900390625,24854.80078125,24508.150390625,24853.80078125,-0.010884676251089243,-0.010944347737899481,-322.900390625,346.650390625,0.014131172729292877,24214.50986328125,351.2218455262111,0.9008281556909502,0.0,0.0,0.0
2024-07-22,24509.25,24595.19921875,24362.30078125,24445.75,-0.0008825762723847497,-0.0008829659721330775,63.5,232.8984375,0.009502471005844733,24264.9173828125,313.7949471290288,0.7786378315614966,0.0,0.0,0.0
2024-07-23,24479.05078125,24582.55078125,24074.19921875,24568.900390625,-0.0012321559717249908,-0.0012329157000276177,-89.849609375,508.3515625,0.020766800438576545,24311.97744140625,265.94525464429967,0.6282245572202864,0.0,0.0,0.0
2024-07-24,24413.5,24504.25,24307.25,24444.94921875,-0.002677831825905974,-0.00268142363114976,-31.44921875,197.0,0.008069305916808323,24346.58740234375,227.25612909536815,0.29443693299981405,0.0,0.0,0.0
2024-07-25,24406.099609375,24426.150390625,24210.80078125,24230.94921875,-0.0003031269840456652,-0.0003031729363163769,175.150390625,215.349609375,0.008823597904692594,24373.45234375,197.62920649954302,0.16519453881972762,0.0,0.0,0.0
2024-07-26,24834.849609375,24861.150390625,24410.900390625,24423.349609375,0.01756732976027453,0.01741480789992859,411.5,450.25,0.01812976551426482,24412.96982421875,207.17827677564773,2.036312839946535,0.0,0.0,0.0
2024-07-29,24836.099609375,24999.75,24774.599609375,24943.30078125,5.03324972633834e-05,5.0331230625744864e-05,-107.201171875,225.150390625,0.009065448849303673,24454.24482421875,205.0158455724312,1.8625623014165658,0.0,0.0,0.0
2024-07-30,24857.30078125,24971.75,24798.650390625,24839.400390625,0.0008536433743000504,0.0008532792280141148,17.900390625,173.099609375,0.006963733146181744,24490.01240234375,210.0047127521993,1.7489530310667003,0.0,0.0,0.0
2024-07-31,24951.150390625,24984.599609375,24856.5,24886.69921875,0.00377553501085659,0.0037684255675633532,64.451171875,128.099609375,0.005134016162362253,24531.37744140625,215.49079017236795,1.947985567656881,0.0,0.0,0.0
2024-08-01,25010.900390625,25078.30078125,24956.400390625,25030.94921875,0.0023946791656728195,0.002391816490734086,-20.048828125,121.900390625,0.004873890532573259,24567.5974609375,232.38226600899458,1.9076452661423864,0.0,0.0,0.0
2024-08-02,24717.69921875,24851.900390625,24686.849609375,24789.0,-0.011722935491954689,-0.011792190883304469,-71.30078125,165.05078125,0.006677433032472461,24588.37490234375,225.88576324364834,0.5725208820121952,0.0,0.0,0.0
2024-08-05,24055.599609375,24350.05078125,23893.69921875,24302.849609375,-0.02678645789462286,-0.02715175314145156,-247.25,456.3515625,0.018970699958031797,24574.96240234375,249.1819417445262,-2.0842713935555843,1.0,0.0,0.0
2024-08-06,23992.55078125,24382.599609375,23960.400390625,24189.849609375,-0.0026209626510589334,-0.0026244033870099497,-197.298828125,422.19921875,0.01759709597363635,24558.56240234375,276.1426009545917,-2.0497077203485246,1.0,1.0,1.0
2024-08-07,24297.5,24337.69921875,24184.900390625,24289.400390625,0.012710162480444431,0.012630066341245293,8.099609375,152.798828125,0.006288664600267517,24551.77744140625,281.00917023767164,-0.904872396837402,1.0,1.0,1.0
2024-08-08,24117.0,24340.5,24079.69921875,24248.55078125,-0.007428747813561065,-0.007456478381555143,-131.55078125,260.80078125,0.010813981061077248,24541.40498046875,293.3973832281454,-1.4465193104286571,1.0,1.0,1.0
2024-08-09,24367.5,24419.75,24311.19921875,24386.849609375,0.010386864037815746,0.010333291215294636,-19.349609375,108.55078125,0.004454736072637734,24543.98251953125,291.5329928791686,-0.6053603668947274,1.0,1.0,1.0
2024-08-12,24347.0,24472.80078125,24212.099609375,24320.05078125,-0.0008412844977941925,-0.0008416385761983504,26.94921875,260.701171875,0.01070773285723087,24536.225,294.7511739730305,-0.6419821758447432,1.0,1.0,1.0
2024-08-13,24139.0,24359.94921875,24116.5,24342.349609375,-0.008543146999630324,-0.00857984886239657,-203.349609375,243.44921875,0.0100853067132027,24513.8400390625,307.4432049350709,-1.2192171856316094,1.0,1.0,1.0
2024-08-14,24143.75,24196.5,24099.69921875,24184.400390625,0.00019677699987563635,0.0001967576418212346,-40.650390625,96.80078125,0.0040093515402536885,24490.3775390625,317.2272406492959,-1.0926789841661437,1.0,1.0,1.0
2024-08-16,24541.150390625,24563.900390625,24204.5,24334.849609375,0.016459762490292462,0.016325768935141063,206.30078125,359.400390625,0.014644806168593264,24477.392578125,309.05987444013124,0.20629598913640498,0.0,1.0,1.0
2024-08-19,24572.650390625,24638.80078125,24522.94921875,24636.349609375,0.0012835584110202358,0.0012827353541420893,-63.69921875,115.8515625,0.004714654734362716,24479.480078125,309.580864829989,0.3009563028101379,0.0,0.0,0.0
2024-08-20,24698.849609375,24734.30078125,24607.19921875,24648.900390625,0.005135759339910173,0.0051226163083365125,49.94921875,127.1015625,0.00514605192185776,24488.96005859375,313.41961681690384,0.6696758579213745,0.0,0.0,0.0
2024-08-21,24770.19921875,24787.94921875,24654.5,24680.55078125,0.0028887826964991703,0.0028846181820890576,89.6484375,133.44921875,0.0053874907331784615,24503.51748046875,319.6350030814284,0.8343320841281989,0.0,0.0,0.0
2024-08-22,24811.5,24867.349609375,24784.44921875,24863.400390625,0.001667357653657442,0.0016659691560852782,-51.900390625,82.900390625,0.0033412083358523264,24523.41748046875,326.06054121809564,0.8835246315148484,0.0,0.0,0.0
2024-08-23,24823.150390625,24858.400390625,24771.650390625,24845.400390625,0.00046955607782672715,0.0004694458708691634,-22.25,86.75,0.0034947216060360743,24544.27001953125,331.45403913307905,0.8413847416768975,0.0,0.0,0.0
2024-08-26,25010.599609375,25043.80078125,24874.69921875,24906.099609375,0.007551387144671073,0.007523018148105455,104.5,169.1015625,0.006761195858599639,24553.05751953125,341.733676412996,1.3388849897567523,0.0,0.0,0.0
2024-08-27,25017.75,25073.099609375,24973.650390625,25024.80078125,0.0002858944102370753,0.0002858535502177548,-7.05078125,99.44921875,0.003975146396058798,24562.1400390625,351.9145111394974,1.29466090915728,0.0,0.0,0.0
2024-08-28,25052.349609375,25129.599609375,24964.650390625,25030.80078125,0.0013830024432652799,0.0013820469762269526,21.548828125,164.94921875,0.006584181576656319,24571.89248046875,363.0511053404932,1.3233870434181632,0.0,0.0,0.0
2024-08-29,25151.94921875,25192.900390625,24998.5,25035.30078125,0.00397565940632294,0.003967777356455909,116.6484375,194.400390625,0.007729038768895117,24581.932421875,376.61436687739103,1.513529081753197,0.0,0.0,0.0
2024-08-30,25235.900390625,25268.349609375,25199.400390625,25249.69921875,0.003337760073577778,0.003332202116407902,-13.798828125,68.94921875,0.00273218778338554,24593.182421875,393.1022755204799,1.6349891841735595,0.0,0.0,0.0
2024-09-02,25278.69921875,25333.650390625,25235.5,25333.599609375,0.001695950113232314,0.0016945136137639853,-54.900390625,98.150390625,0.0038827310604731906,24621.232421875,421.44809116975455,1.5600184474680174,0.0,0.0,0.0
2024-09-03,25279.849609375,25321.69921875,25235.80078125,25313.400390625,4.550829989491412e-05,4.550726442364936e-05,-33.55078125,85.8984375,0.0033979014443244423,24682.444921875,423.86989658761604,1.4094057924599794,0.0,0.0,0.0
2024-09-04,25198.69921875,25216.0,25083.80078125,25089.94921875,-0.0032100820170585243,-0.003215245383183467,108.75,132.19921875,0.005246271547684985,24742.75234375,405.97335708145545,1.1230955604520598,0.0,0.0,0.0
2024-09-05,25145.099609375,25275.44921875,25127.75,25250.5,-0.0021270784221717465,-0.0021293438665674616,-105.400390625,147.69921875,0.005873876860481094,24785.13232421875,401.2602111630816,0.8970918998244529,0.0,0.0,0.0
2024-09-06,24852.150390625,25168.75,24801.30078125,25093.69921875,-0.011650350298901935,-0.011718747382249265,-241.548828125,367.44921875,0.014785409430349061,24821.88984375,369.22776438821506,0.08195631475639532,0.0,0.0,0.0
2024-09-09,24936.400390625,24957.5,24753.150390625,24823.400390625,0.003390048695012693,0.003384315433638339,113.0,204.349609375,0.00819483189930759,24850.33486328125,353.97843009122175,0.24313777345577808,0.0,0.0,0.0
2024-09-10,25041.099609375,25130.5,24896.80078125,24999.400390625,0.0041986500501236534,0.0041898603137641086,41.69921875,233.69921875,0.009332626058581973,24885.03984375,335.58043516132483,0.46504429124414265,0.0,0.0,0.0
2024-09-11,24918.44921875,25113.69921875,24885.150390625,25034.0,-0.004897963449619458,-0.004909997784499106,-115.55078125,228.548828125,0.009171872058275096,24924.0123046875,285.9733171619064,-0.019453164346629807,0.0,0.0,0.0
2024-09-12,25388.900390625,25433.349609375,24941.44921875,25059.650390625,0.01887963282727112,0.018703624424743968,329.25,491.900390625,0.01937462367636202,24986.26982421875,238.81568735498328,1.685946894299981,0.0,0.0,0.0
2024-09-13,25356.5,25430.5,25292.44921875,25430.44921875,-0.0012761636040355961,-0.0012769785942554214,-73.94921875,138.05078125,0.00544439418886676,25027.0373046875,228.18794673074157,1.443821639279054,0.0,0.0,0.0
2024-09-16,25383.75,25445.69921875,25336.19921875,25406.650390625,0.0010746751326089488,0.0010740980826790941,-22.900390625,109.5,0.004313783424434924,25067.59228515625,214.86928610817705,1.4713955659748355,0.0,0.0,0.0
2024-09-17,25418.55078125,25441.650390625,25352.25,25416.900390625,0.0013709866056039743,0.0013700476615561017,1.650390625,89.400390625,0.0035171316962313297,25103.57734375,210.07637813277267,1.499328198151488,0.0,0.0,0.0
2024-09-18,25377.55078125,25482.19921875,25285.55078125,25402.400390625,-0.0016129951842196455,-0.0016142974615182065,-24.849609375,196.6484375,0.007748913171135968,25133.944921875,203.1315729355048,1.199251577953096,0.0,0.0,0.0
2024-09-19,25415.80078125,25611.94921875,25376.05078125,25487.05078125,0.0015072376499098983,0.0015061029073179838,-71.25,235.8984375,0.009281566200897725,25164.1599609375,197.51073370590885,1.2740614932208671,0.0,0.0,0.0
2024-09-20,25790.94921875,25849.25,25426.599609375,25525.94921875,0.014760441377741573,0.014652566289984728,265.0,422.650390625,0.016387546927421094,25212.54990234375,226.05830951680596,2.5586288672270565,0.0,0.0,0.0
2024-09-23,25939.05078125,25956.0,25847.349609375,25872.55078125,0.005742385099666292,0.005725960454112572,66.5,108.650390625,0.0041886802852299345,25258.9724609375,272.8854930498302,2.4921746946376286,0.0,0.0,0.0
2024-09-24,25940.400390625,26011.55078125,25886.849609375,25921.44921875,5.2030021699067674e-05,5.20286681844374e-05,18.951171875,124.701171875,0.004807218469922603,25305.10498046875,305.9458943011927,2.076495949087078,0.0,0.0,0.0
2024-09-25,26004.150390625,26032.80078125,25871.349609375,25899.44921875,0.0024575565157058943,0.0024545416621303915,104.701171875,161.451171875,0.006208669364302949,25352.69501953125,337.0099081816729,1.933045157659189,0.0,0.0,0.0
2024-09-26,26216.05078125,26250.900390625,25998.400390625,26005.400390625,0.008148714241454025,0.008115692736807522,210.650390625,252.5,0.009631504077669498,25405.90009765625,384.3248745004337,2.1079839930913358,0.0,0.0,0.0
2024-09-27,26178.94921875,26277.349609375,26151.400390625,26248.25,-0.0014152231703233875,-0.0014162255444679923,-69.30078125,125.94921875,0.00481108762989586,25453.0525390625,418.68494389591854,1.7337539605148804,0.0,0.0,0.0
2024-09-30,25810.849609375,26134.69921875,25794.099609375,26061.30078125,-0.014060900852023384,-0.014160691857076434,-250.451171875,340.599609375,0.013195985972166048,25479.66005859375,423.8982638599148,0.7812948978972448,0.0,0.0,0.0
2024-10-01,25796.900390625,25907.599609375,25739.19921875,25788.44921875,-0.0005404401234794243,-0.0005405862138807384,8.451171875,168.400390625,0.006527931188438412,25505.51259765625,426.8276591131549,0.6826825458644952,0.0,0.0,0.0
2024-10-03,25250.099609375,25639.44921875,25230.30078125,25452.849609375,-0.021196375260987388,-0.02142424417261006,-202.75,409.1484375,0.016203834591927275,25508.0826171875,425.03401759805706,-0.6069702591581008,0.0,0.0,0.0
2024-10-04,25014.599609375,25485.05078125,24966.80078125,25181.900390625,-0.009326695880144675,-0.009370461848646757,-167.30078125,518.25,0.02071790106949262,25501.5576171875,431.8468118219227,-1.1276174663836653,0.0,0.0,0.0
2024-10-07,24795.75,25143.0,24694.349609375,25084.099609375,-0.008748875168602677,-0.008787371273170997,-288.349609375,448.650390625,0.018093842316727664,25498.73759765625,436.47012950786205,-1.6106201779464222,0.0,0.0,0.0
2024-10-08,25013.150390625,25044.0,24756.80078125,24832.19921875,0.00876764730346924,0.008729434677965052,180.951171875,287.19921875,0.011481929075900935,25502.57509765625,431.57572844021195,-1.1340413159936324,0.0,0.0,0.0
2024-10-09,24981.94921875,25234.05078125,24947.69921875,25065.80078125,-0.0012473907279866303,-0.0012481693673798233,-83.8515625,286.3515625,0.011462338666715453,25499.617578125,435.09293134747435,-1.189788024760112,0.0,0.0,0.0
2024-10-10,24998.44921875,25134.05078125,24979.400390625,25067.05078125,0.0006604768849507447,0.0006602588660852999,-68.6015625,154.650390625,0.006186399375086236,25503.617578125,429.80438523406536,-1.1753448236687745,0.0,0.0,0.0
2024-10-11,24964.25,25028.650390625,24920.05078125,24985.30078125,-0.0013680536120755926,-0.0013689902517646816,-21.05078125,108.599609375,0.004350205168390799,25482.38505859375,445.9552334905042,-1.1618544187457853,0.0,0.0,0.0
2024-10-14,25127.94921875,25159.75,25017.5,25023.44921875,0.006557345754428789,0.006535939888908111,104.5,142.25,0.005661027040513746,25470.95751953125,452.2348760313034,-0.7584737908570927,0.0,0.0,0.0
2024-10-15,25057.349609375,25212.05078125,25008.150390625,25186.30078125,-0.0028096049048969007,-0.0028135592532655376,-128.951171875,203.900390625,0.008137348674287259,25454.6375,461.34533075691445,-0.861150778253642,0.0,0.0,0.0
2024-10-16,24971.30078125,25093.400390625,24908.44921875,25008.55078125,-0.0034340754096676696,-0.003439985380697183,-37.25,184.951171875,0.007406549362213153,25432.275,473.8565891374061,-0.9728137780866246,0.0,0.0,0.0
2024-10-17,24749.849609375,25029.5,24728.900390625,25027.400390625,-0.008868227322834543,-0.008907784090014885,-277.55078125,300.599609375,0.012145512563483854,25400.88994140625,497.85172755196265,-1.3076992526119118,0.0,0.0,0.0
2024-10-18,24854.05078125,24886.19921875,24567.650390625,24664.94921875,0.004210173941240125,0.004201335956550517,189.1015625,318.548828125,0.012816777069004566,25372.80244140625,512.5941808566312,-1.0120123862688568,0.0,0.0,0.0
2024-10-21,24781.099609375,24978.30078125,24679.599609375,24956.150390625,-0.00293518237799828,-0.002939498473548445,-175.05078125,298.701171875,0.012053588282337463,25322.3099609375,518.9350833078412,-1.0429249610811981,0.0,0.0,0.0
2024-10-22,24472.099609375,24882.0,24445.80078125,24798.650390625,-0.012469180337869368,-0.012547572909439223,-326.55078125,436.19921875,0.017824347960029418,25248.96240234375,530.7130212964042,-1.4638095576985488,0.0,0.0,0.0
2024-10-23,24435.5,24604.25,24378.099609375,24378.150390625,-0.001495564743491773,-0.0014966842167451323,57.349609375,226.150390625,0.009254993375416914,25173.7173828125,534.1923681498249,-1.3819317287690147,0.0,0.0,0.0
2024-10-24,24399.400390625,24480.650390625,24341.19921875,24412.69921875,-0.0014773427748562273,-0.0014784351216731097,-13.298828125,139.451171875,0.005715352412044577,25093.4798828125,523.3020126989966,-1.3263459251908767,0.0,0.0,0.0
2024-10-25,24180.80078125,24440.25,24073.900390625,24418.05078125,-0.008959220549493163,-0.00899959570008371,-237.25,366.349609375,0.015150433299920763,24991.7173828125,490.3683108636821,-1.6536888367322105,0.0,0.0,0.0
2024-10-28,24339.150390625,24492.599609375,24134.900390625,24251.099609375,0.0065485676346082045,0.006527218917237164,88.05078125,357.69921875,0.014696454601298625,24899.72744140625,424.00606911726896,-1.3220967613701955,0.0,0.0,0.0
2024-10-29,24466.849609375,24484.5,24140.849609375,24328.849609375,0.0052466588480091225,0.0052329430871703615,138.0,343.650390625,0.014045551270864189,24832.52744140625,375.7634053228919,-0.9731597778049356,0.0,0.0,0.0
2024-10-30,24340.849609375,24498.19921875,24307.30078125,24371.44921875,-0.005149825253829232,-0.00516313130612327,-30.599609375,190.8984375,0.007842718744972423,24759.72490234375,315.2686665673862,-1.3286296336690326,0.0,0.0,0.0
2024-10-31,24205.349609375,24372.44921875,24172.599609375,24349.849609375,-0.005566773640794054,-0.00558232586918934,-144.5,199.849609375,0.008256423170917392,24707.48740234375,316.2928185531449,-1.5875725388446658,0.0,0.0,0.0
2024-11-01,24304.349609375,24368.25,24280.19921875,24302.75,0.004090004961616156,0.004081663627652918,1.599609375,88.05078125,0.0036228404653970195,24671.97490234375,319.848748266448,-1.1493723047573186,0.0,0.0,0.0
2024-11-04,23995.349609375,24316.75,23816.150390625,24315.75,-0.0127137736646451,-0.012795285302364113,-320.400390625,500.599609375,0.020862359478997356,24631.9548828125,352.0040883886561,-1.8085167031770657,0.0,0.0,0.0
2024-11-05,24213.30078125,24229.05078125,23842.75,23916.5,0.00908305881860727,0.009042055940529129,296.80078125,386.30078125,0.015954073537513682,24591.96240234375,351.85253776502236,-1.0761940882934076,0.0,0.0,0.0
2024-11-06,24484.05078125,24537.599609375,24204.05078125,24308.75,0.011181870759630508,0.011119815807918394,175.30078125,333.548828125,0.01362310636851126,24567.06748046875,340.22933570377336,-0.24400217884512876,0.0,0.0,0.0
2024-11-07,24199.349609375,24503.349609375,24179.05078125,24489.599609375,-0.011628025706147627,-0.011696159889418445,-290.25,324.298828125,0.013401138185935557,24527.1125,333.76340784494676,-0.9820216444376219,0.0,0.0,0.0
2024-11-08,24148.19921875,24276.150390625,24066.650390625,24207.69921875,-0.002113709312467793,-0.0021159463488489003,-59.5,209.5,0.008675595149030102,24486.3099609375,327.32981699869697,-1.032935970476666,0.0,0.0,0.0
2024-11-11,24141.30078125,24336.80078125,24004.599609375,24087.25,-0.00028567088740283353,-0.00028571169910344984,54.05078125,332.201171875,0.013760698931890742,24436.9775390625,298.62914977161114,-0.9901135171788518,0.0,0.0,0.0
2024-11-12,23883.44921875,24242.0,23839.150390625,24225.80078125,-0.010680930776533315,-0.010738381367723213,-342.3515625,402.849609375,0.016867312827610254,24378.28251953125,285.34724941096323,-1.7341442814070416,0.0,0.0,0.0
2024-11-13,23559.05078125,23873.599609375,23509.599609375,23822.44921875,-0.013582562322921432,-0.013675649189030194,-263.3984375,364.0,0.015450537603564978,24307.67001953125,304.9405016454678,-2.4549682126240375,1.0,0.0,0.0
2024-11-14,23532.69921875,23675.900390625,23484.150390625,23542.150390625,-0.0011185324376894457,-0.0011191584619590343,-9.451171875,191.75,0.008148236554488427,24246.8125,332.2783931118748,-2.1491414911518647,1.0,1.0,1.0
2024-11-18,23453.80078125,23606.80078125,23350.400390625,23605.30078125,-0.0033527151631265184,-0.003358348106569627,-151.5,256.400390625,0.01093214669197573,24176.8,344.87708968371845,-2.096396775480363,1.0,1.0,1.0
2024-11-19,23518.5,23780.650390625,23464.80078125,23529.55078125,0.002758581406631766,0.002754783503889256,-11.05078125,315.849609375,0.013429836485107469,24113.67001953125,343.9963981004067,-1.730163521530628,1.0,1.0,1.0
2024-11-21,23349.900390625,23507.30078125,23263.150390625,23488.44921875,-0.007168807933116472,-0.007194627306794726,-138.548828125,244.150390625,0.010456164118071636,24057.56005859375,372.77357576973,-1.898363279928098,1.0,1.0,1.0
2024-11-22,23907.25,23956.099609375,23359.0,23411.80078125,0.023869464111237804,0.02358904203763299,495.44921875,597.099609375,0.024975670952326178,24031.14755859375,363.17639242849475,-0.3411498136353823,0.0,1.0,1.0
2024-11-25,24221.900390625,24351.55078125,24135.44921875,24253.55078125,0.013161295867362366,0.013075438521712217,-31.650390625,216.1015625,0.008921742679762704,24022.27255859375,355.79754225794187,0.5610714193369125,0.0,0.0,0.0
2024-11-26,24194.5,24343.30078125,24125.400390625,24343.30078125,-0.0011312238174179257,-0.0011318641340202825,-148.80078125,217.900390625,0.009006195235487404,24022.95751953125,356.1318237028266,0.48168253734014305,0.0,0.0,0.0
2024-11-27,24274.900390625,24354.55078125,24145.650390625,24204.80078125,0.003323085437806128,0.0033175761911502914,70.099609375,208.900390625,0.008605612680729171,24019.74501953125,353.4088519922837,0.721983531695246,0.0,0.0,0.0
2024-11-28,23914.150390625,24345.75,23873.349609375,24274.150390625,-0.014861029054492936,-0.0149725605075969,-360.0,472.400390625,0.0197540110314851,23992.11005859375,337.8751253860171,-0.23073515068527628,0.0,0.0,0.0
2024-11-29,24131.099609375,24188.44921875,23927.150390625,23927.150390625,0.009072001940535257,0.009031098528695802,203.94921875,261.298828125,0.010828301749808561,23981.62255859375,329.63548245392286,0.4534616530614061,0.0,0.0,0.0
2024-12-02,24276.05078125,24301.69921875,24008.650390625,24140.849609375,0.006006820004948565,0.005988850983542634,135.201171875,293.048828125,0.012071519818674173,23985.1576171875,332.52746042679644,0.8747944115326365,0.0,0.0,0.0
2024-12-03,24457.150390625,24481.349609375,24280.0,24367.5,0.007460011144599932,0.007432322879372628,89.650390625,201.349609375,0.008232750183855516,23992.79765625,341.87116480543483,1.3582682079644564,0.0,0.0,0.0
2024-12-04,24467.44921875,24573.19921875,24366.30078125,24488.75,0.00042109681465385407,0.0004210081782723239,-21.30078125,206.8984375,0.008456068944916772,24016.40263671875,357.9757169391171,1.25999211870553,0.0,0.0,0.0
2024-12-05,24708.400390625,24857.75,24295.55078125,24539.150390625,0.009847825562885104,0.009799651742121284,169.25,562.19921875,0.022753363627833745,24041.1576171875,388.1549809422111,1.7190112357126783,0.0,0.0,0.0
2024-12-06,24677.80078125,24751.05078125,24620.5,24729.44921875,-0.0012384293961259507,-0.0012391968835286232,-51.6484375,130.55078125,0.005290211328279766,24050.8451171875,401.962600107859,1.5597363135134212,0.0,0.0,0.0
2024-12-09,24619.0,24705.0,24580.05078125,24633.900390625,-0.0023827399277279726,-0.002385583169878571,-14.900390625,124.94921875,0.005075316574596856,24071.82763671875,420.6414756667039,1.3008045923526645,0.0,0.0,0.0
2024-12-10,24610.05078125,24677.80078125,24510.650390625,24652.650390625,-0.0003635086213900074,-0.00036357470666444975,-42.599609375,167.150390625,0.0067919563478653685,24094.92021484375,437.3985272668007,1.1777144509954744,0.0,0.0,0.0
2024-12-11,24641.80078125,24691.75,24583.849609375,24620.5,0.0012901233029631864,0.0012892918089711122,21.30078125,107.900390625,0.004378754279480323,24119.94521484375,454.18719453551677,1.1489878461675633,0.0,0.0,0.0
2024-12-12,24548.69921875,24675.25,24527.94921875,24604.44921875,-0.003778196379659149,-0.003785351792322941,-55.75,147.30078125,0.006000349751219952,24153.20771484375,460.2748553849503,0.8592507265587687,0.0,0.0,0.0
2024-12-13,24768.30078125,24792.30078125,24180.80078125,24498.349609375,0.008945547808588916,0.008905773422254015,269.951171875,611.5,0.02468881516744642,24213.67021484375,457.5339301753097,1.2122173457031609,0.0,0.0,0.0
2024-12-16,24668.25,24781.25,24601.75,24753.400390625,-0.004039468921733236,-0.004047649614185296,-85.150390625,179.5,0.007276559950543715,24270.44775390625,438.6496115582325,0.9068792849961071,0.0,0.0,0.0
2024-12-17,24336.0,24624.099609375,24303.44921875,24584.80078125,-0.013468730047733413,-0.01356025614827435,-248.80078125,320.650390625,0.013175969371507232,24314.55771484375,394.3233510594785,0.05437741665218872,0.0,0.0,0.0
2024-12-18,24198.849609375,24394.44921875,24149.849609375,24297.94921875,-0.005635699812006956,-0.005651640286891943,-99.099609375,244.599609375,0.010107902372360644,24348.5751953125,348.7469222188166,-0.4293244653885624,0.0,0.0,0.0
2024-12-19,23951.69921875,24004.900390625,23870.30078125,23877.150390625,-0.010213311567061067,-0.01026582529903898,74.548828125,134.599609375,0.0056196267390345314,24378.66513671875,276.53066672642416,-1.5440092884568029,0.0,0.0,0.0
2024-12-20,23587.5,24065.80078125,23537.349609375,23960.69921875,-0.01520556915080562,-0.015322359236337606,-373.19921875,528.451171875,0.022403865262321146,24362.67763671875,312.16670836941245,-2.4832168707798825,1.0,0.0,0.0
2024-12-23,23753.44921875,23869.55078125,23647.19921875,23738.19921875,0.0070354729729729115,0.007010839504245724,15.25,222.3515625,0.009360811579502516,24339.255078125,339.6501086405399,-1.7247333195908738,1.0,1.0,1.0
2024-12-24,23727.650390625,23867.650390625,23685.150390625,23769.099609375,-0.0010861087115143775,-0.0010866989549987555,-41.44921875,182.5,0.007691448457623404,24315.91259765625,365.2029401890194,-1.6107816840871572,1.0,1.0,1.0
2024-12-26,23750.19921875,23854.5,23653.599609375,23775.80078125,0.0009503186263191132,0.0009498673594489271,-25.6015625,200.900390625,0.00845889286126054,24289.6775390625,386.52804234696544,-1.395702927624175,1.0,1.0,1.0
2024-12-27,23813.400390625,23938.849609375,23800.599609375,23801.400390625,0.002661079652128029,0.002657545248501766,12.0,138.25,0.005805554760437618,24284.6400390625,392.2932829882394,-1.201243225088883,1.0,1.0,1.0
2024-12-30,23644.900390625,23915.349609375,23599.30078125,23796.900390625,-0.007075847935867907,-0.007101000468431965,-152.0,316.048828125,0.01336646900192951,24260.330078125,416.61916522955,-1.4771996558557474,1.0,1.0,1.0
2024-12-31,23644.80078125,23689.849609375,23460.44921875,23560.599609375,-4.212721278373799e-06,-4.2127301519090045e-06,84.201171875,229.400390625,0.00970193797559552,24228.767578125,438.69209886796625,-1.3311541246854262,1.0,1.0,1.0
