Date,Daily_Return,Cumulative_Return,Portfolio_Value,Daily_PnL,Equity_Curve,Portfolio_Growth
2013-01-02,0.0,0.0,100000.0,0.0,100000.0,1.0
2013-01-03,0.0,0.0,100000.0,0.0,100000.0,1.0
2013-01-04,0.0,0.0,100000.0,0.0,100000.0,1.0
2013-01-07,0.0,0.0,100000.0,0.0,100000.0,1.0
2013-01-08,0.0,0.0,100000.0,0.0,100000.0,1.0
2013-01-09,0.0,0.0,100000.0,0.0,100000.0,1.0
2013-01-10,0.0,0.0,100000.0,0.0,100000.0,1.0
2013-01-11,0.0,0.0,100000.0,0.0,100000.0,1.0
2013-01-14,0.0,0.0,100000.0,0.0,100000.0,1.0
2013-01-15,0.0,0.0,100000.0,0.0,100000.0,1.0
2013-01-16,0.0,0.0,100000.0,0.0,100000.0,1.0
2013-01-17,0.0,0.0,100000.0,0.0,100000.0,1.0
2013-01-18,0.0,0.0,100000.0,0.0,100000.0,1.0
2013-01-21,0.0,0.0,100000.0,0.0,100000.0,1.0
2013-01-22,0.0,0.0,100000.0,0.0,100000.0,1.0
2013-01-23,0.0,0.0,100000.0,0.0,100000.0,1.0
2013-01-24,0.0,0.0,100000.0,0.0,100000.0,1.0
2013-01-25,0.0,0.0,100000.0,0.0,100000.0,1.0
2013-01-28,0.0,0.0,100000.0,0.0,100000.0,1.0
2013-01-29,0.0,0.0,100000.0,0.0,100000.0,1.0
2013-01-30,0.0,0.0,100000.0,0.0,100000.0,1.0
2013-01-31,0.0,0.0,100000.0,0.0,100000.0,1.0
2013-02-01,0.0,0.0,100000.0,0.0,100000.0,1.0
2013-02-04,0.0,0.0,100000.0,0.0,100000.0,1.0
2013-02-05,0.0,0.0,100000.0,0.0,100000.0,1.0
2013-02-06,0.0,0.0,100000.0,0.0,100000.0,1.0
2013-02-07,0.0,0.0,100000.0,0.0,100000.0,1.0
2013-02-08,0.0,0.0,100000.0,0.0,100000.0,1.0
2013-02-11,0.0,0.0,100000.0,0.0,100000.0,1.0
2013-02-12,0.0,0.0,100000.0,0.0,100000.0,1.0
2013-02-13,0.0,0.0,100000.0,0.0,100000.0,1.0
2013-02-14,0.0,0.0,100000.0,0.0,100000.0,1.0
2013-02-15,0.0,0.0,100000.0,0.0,100000.0,1.0
2013-02-18,0.0,0.0,100000.0,0.0,100000.0,1.0
2013-02-19,0.0,0.0,100000.0,0.0,100000.0,1.0
2013-02-20,0.0,0.0,100000.0,0.0,100000.0,1.0
2013-02-21,0.0,0.0,100000.0,0.0,100000.0,1.0
2013-02-22,0.0,0.0,100000.0,0.0,100000.0,1.0
2013-02-25,0.0,0.0,100000.0,0.0,100000.0,1.0
2013-02-26,0.0,0.0,100000.0,0.0,100000.0,1.0
2013-02-27,0.0,0.0,100000.0,0.0,100000.0,1.0
2013-02-28,0.0,0.0,100000.0,0.0,100000.0,1.0
2013-03-01,0.0,0.0,100000.0,0.0,100000.0,1.0
2013-03-04,0.0,0.0,100000.0,0.0,100000.0,1.0
2013-03-05,0.0,0.0,100000.0,0.0,100000.0,1.0
2013-03-06,0.0,0.0,100000.0,0.0,100000.0,1.0
2013-03-07,0.0,0.0,100000.0,0.0,100000.0,1.0
2013-03-08,0.0,0.0,100000.0,0.0,100000.0,1.0
2013-03-11,0.0,0.0,100000.0,0.0,100000.0,1.0
2013-03-12,0.0,0.0,100000.0,0.0,100000.0,1.0
2013-03-13,0.0,0.0,100000.0,0.0,100000.0,1.0
2013-03-14,0.0,0.0,100000.0,0.0,100000.0,1.0
2013-03-15,0.0,0.0,100000.0,0.0,100000.0,1.0
2013-03-18,0.0,0.0,100000.0,0.0,100000.0,1.0
2013-03-19,0.0,0.0,100000.0,0.0,100000.0,1.0
2013-03-20,0.0,0.0,100000.0,0.0,100000.0,1.0
2013-03-21,0.0,0.0,100000.0,0.0,100000.0,1.0
2013-03-22,0.0,0.0,100000.0,0.0,100000.0,1.0
2013-03-25,0.0,0.0,100000.0,0.0,100000.0,1.0
2013-03-26,0.0,0.0,100000.0,0.0,100000.0,1.0
2013-03-28,0.0,0.0,100000.0,0.0,100000.0,1.0
2013-04-01,0.0,0.0,100000.0,0.0,100000.0,1.0
2013-04-02,0.0,0.0,100000.0,0.0,100000.0,1.0
2013-04-03,0.0,0.0,100000.0,0.0,100000.0,1.0
2013-04-04,0.0,0.0,100000.0,0.0,100000.0,1.0
2013-04-05,0.0,0.0,100000.0,0.0,100000.0,1.0
2013-04-08,0.0,0.0,100000.0,0.0,100000.0,1.0
2013-04-09,0.0,0.0,100000.0,0.0,100000.0,1.0
2013-04-10,0.0,0.0,100000.0,0.0,100000.0,1.0
2013-04-11,0.0,0.0,100000.0,0.0,100000.0,1.0
2013-04-12,0.0,0.0,100000.0,0.0,100000.0,1.0
2013-04-15,0.0,0.0,100000.0,0.0,100000.0,1.0
2013-04-16,0.0,0.0,100000.0,0.0,100000.0,1.0
2013-04-17,0.0,0.0,100000.0,0.0,100000.0,1.0
2013-04-18,0.0,0.0,100000.0,0.0,100000.0,1.0
2013-04-22,0.0,0.0,100000.0,0.0,100000.0,1.0
2013-04-23,0.0,0.0,100000.0,0.0,100000.0,1.0
2013-04-25,0.0,0.0,100000.0,0.0,100000.0,1.0
2013-04-26,0.0,0.0,100000.0,0.0,100000.0,1.0
2013-04-29,0.0,0.0,100000.0,0.0,100000.0,1.0
2013-04-30,0.0,0.0,100000.0,0.0,100000.0,1.0
2013-05-02,0.0,0.0,100000.0,0.0,100000.0,1.0
2013-05-03,0.0,0.0,100000.0,0.0,100000.0,1.0
2013-05-06,0.0,0.0,100000.0,0.0,100000.0,1.0
2013-05-07,0.0,0.0,100000.0,0.0,100000.0,1.0
2013-05-08,0.0,0.0,100000.0,0.0,100000.0,1.0
2013-05-09,0.0,0.0,100000.0,0.0,100000.0,1.0
2013-05-10,0.0,0.0,100000.0,0.0,100000.0,1.0
2013-05-13,0.0,0.0,100000.0,0.0,100000.0,1.0
2013-05-14,0.0,0.0,100000.0,0.0,100000.0,1.0
2013-05-15,0.0,0.0,100000.0,0.0,100000.0,1.0
2013-05-16,0.0,0.0,100000.0,0.0,100000.0,1.0
2013-05-17,0.0,0.0,100000.0,0.0,100000.0,1.0
2013-05-20,0.0,0.0,100000.0,0.0,100000.0,1.0
2013-05-21,0.0,0.0,100000.0,0.0,100000.0,1.0
2013-05-22,0.0,0.0,100000.0,0.0,100000.0,1.0
2013-05-23,0.0,0.0,100000.0,0.0,100000.0,1.0
2013-05-24,0.0,0.0,100000.0,0.0,100000.0,1.0
2013-05-27,0.0,0.0,100000.0,0.0,100000.0,1.0
2013-05-28,0.0,0.0,100000.0,0.0,100000.0,1.0
2013-05-29,-0.003338758605922352,-0.003338758605922365,99666.12413940777,-333.87586059223395,99666.12413940777,0.9966612413940776
2013-05-30,0.003235424312684306,-0.00011413659400594245,99988.5863405994,322.46220119163627,99988.5863405994,0.9998858634059941
2013-05-31,-0.022550373328005125,-0.02266193609920586,97733.80639007941,-2254.7799505199946,97733.80639007941,0.977338063900794
2013-06-03,-0.0077933141945502925,-0.0302786387054782,96972.13612945218,-761.6702606272302,96972.13612945218,0.9697213612945218
2013-06-04,-0.0033420790375548993,-0.03351952413932979,96648.04758606703,-324.08854338515084,96648.04758606703,0.9664804758606703
2013-06-05,0.0007432957789279482,-0.03280114328120631,96719.88567187937,71.83808581234189,96719.88567187937,0.9671988567187937
2013-06-06,-0.00041361534679437803,-0.03320119157174717,96679.88084282528,-40.00482905408717,96679.88084282528,0.9667988084282528
2013-06-07,-0.0068226944658406384,-0.03979736445159188,96020.26355484081,-659.6172879844671,96020.26355484081,0.9602026355484081
2013-06-10,-0.0005101173269852066,-0.04028718045340207,95971.28195465979,-48.98160018102499,95971.28195465979,0.9597128195465979
2013-06-11,-0.015175262897669276,-0.05485107479628515,94514.89252037149,-1456.3894342882995,94514.89252037149,0.9451489252037149
2013-06-12,-0.0049405075905097585,-0.059520590235416226,94047.94097645838,-466.95154391310643,94047.94097645838,0.9404794097645839
2013-06-13,-0.01060728717484015,-0.06949652541681339,93050.34745831866,-997.5935181397217,93050.34745831866,0.9305034745831866
2013-06-14,0.01917843217606398,-0.051650927639927846,94834.90723600722,1784.5597776885552,94834.90723600722,0.9483490723600722
2013-06-17,0.007170632711935662,-0.04485066475932886,95514.93352406712,680.0262880599039,95514.93352406712,0.9551493352406712
2013-06-18,-0.006230666105106276,-0.05080188134772767,94919.81186522724,-595.121658839882,94919.81186522724,0.9491981186522724
2013-06-19,0.0014878736408507362,-0.049389594487039834,95061.04055129601,141.22868606877455,95061.04055129601,0.9506104055129602
2013-06-20,-0.028571445344368587,-0.07654990773194148,92345.00922680585,-2716.0313244901627,92345.00922680585,0.9234500922680585
2013-06-21,0.002077476653207903,-0.07463146172485191,92536.8538275148,191.84460070895148,92536.8538275148,0.925368538275148
2013-06-24,-0.013656436737869558,-0.08726869862702125,91273.13013729788,-1263.7236902169243,91273.13013729788,0.9127313013729788
2013-06-25,0.003371959689861813,-0.08419100547111646,91580.89945288835,307.7693155904708,91580.89945288835,0.9158089945288835
2013-06-26,0.0026606277884266088,-0.0817543786113818,91824.56213886182,243.6626859734679,91824.56213886182,0.9182456213886182
2013-06-27,0.0,-0.0817543786113818,91824.56213886182,0.0,91824.56213886182,0.9182456213886182
2013-06-28,0.0,-0.0817543786113818,91824.56213886182,0.0,91824.56213886182,0.9182456213886182
2013-07-01,0.0,-0.0817543786113818,91824.56213886182,0.0,91824.56213886182,0.9182456213886182
2013-07-02,0.0,-0.0817543786113818,91824.56213886182,0.0,91824.56213886182,0.9182456213886182
2013-07-03,0.0,-0.0817543786113818,91824.56213886182,0.0,91824.56213886182,0.9182456213886182
2013-07-04,0.0,-0.0817543786113818,91824.56213886182,0.0,91824.56213886182,0.9182456213886182
2013-07-05,0.0,-0.0817543786113818,91824.56213886182,0.0,91824.56213886182,0.9182456213886182
2013-07-08,0.0,-0.0817543786113818,91824.56213886182,0.0,91824.56213886182,0.9182456213886182
2013-07-09,0.0,-0.0817543786113818,91824.56213886182,0.0,91824.56213886182,0.9182456213886182
2013-07-10,0.0,-0.0817543786113818,91824.56213886182,0.0,91824.56213886182,0.9182456213886182
2013-07-11,0.0,-0.0817543786113818,91824.56213886182,0.0,91824.56213886182,0.9182456213886182
2013-07-12,0.0,-0.0817543786113818,91824.56213886182,0.0,91824.56213886182,0.9182456213886182
2013-07-15,0.0,-0.0817543786113818,91824.56213886182,0.0,91824.56213886182,0.9182456213886182
2013-07-16,0.0,-0.0817543786113818,91824.56213886182,0.0,91824.56213886182,0.9182456213886182
2013-07-17,0.0,-0.0817543786113818,91824.56213886182,0.0,91824.56213886182,0.9182456213886182
2013-07-18,0.0,-0.0817543786113818,91824.56213886182,0.0,91824.56213886182,0.9182456213886182
2013-07-19,0.0,-0.0817543786113818,91824.56213886182,0.0,91824.56213886182,0.9182456213886182
2013-07-22,0.00296900531428096,-0.0790281024816637,92097.18975183363,272.62761297181714,92097.18975183363,0.9209718975183363
2013-07-23,0.007626247801568607,-0.07200454257290811,92799.54574270919,702.355990875556,92799.54574270919,0.9279954574270919
2013-07-24,-0.014363718367322673,-0.0853340079695456,91466.59920304544,-1332.9465396637534,91466.59920304544,0.9146659920304544
2013-07-25,-0.013855270845505384,-0.09800695302230045,90199.30469776996,-1267.2945052754803,90199.30469776996,0.9019930469776996
2013-07-26,-0.003605553057553957,-0.1012591368107233,89874.08631892767,-325.21837884228444,89874.08631892767,0.8987408631892767
2013-07-29,-0.009267488559460033,-0.10958820747824916,89041.17925217509,-832.9070667525812,89041.17925217509,0.890411792521751
2013-07-30,-0.013135235986211087,-0.12128397649792766,87871.60235020723,-1169.5769019678555,87871.60235020723,0.8787160235020723
2013-07-31,-0.0022675398355147,-0.12327650008532376,87672.34999146762,-199.25235873961356,87672.34999146762,0.8767234999146762
2013-08-01,-0.002464281146595263,-0.12543699327694047,87456.30067230595,-216.0493191616697,87456.30067230595,0.8745630067230595
2013-08-02,-0.008720583545463047,-0.13306369304284027,86693.63069571597,-762.669976589983,86693.63069571597,0.8669363069571597
2013-08-05,0.0013209109228755715,-0.1319185474055432,86808.14525944568,114.51456372971006,86808.14525944568,0.8680814525944568
2013-08-06,-0.025178510712102743,-0.15377554555867046,84622.44544413296,-2185.6998153127206,84622.44544413296,0.8462244544413295
2013-08-07,-0.004176986304073256,-0.1573102135150437,84268.97864849563,-353.4667956373305,84268.97864849563,0.8426897864849563
2013-08-08,0.008434310641922932,-0.1502027060810539,84979.72939189461,710.7507433989813,84979.72939189461,0.8497972939189461
2013-08-12,0.008399737824025387,-0.14306463160856842,85693.53683914315,713.8074472485459,85693.53683914315,0.8569353683914316
2013-08-13,-0.0028648318999286164,-0.1455196073881132,85448.03926118868,-245.49757795447658,85448.03926118868,0.8544803926118868
2013-08-14,0.0,-0.1455196073881132,85448.03926118868,0.0,85448.03926118868,0.8544803926118868
2013-08-16,0.0,-0.1455196073881132,85448.03926118868,0.0,85448.03926118868,0.8544803926118868
2013-08-19,0.0,-0.1455196073881132,85448.03926118868,0.0,85448.03926118868,0.8544803926118868
2013-08-20,0.0,-0.1455196073881132,85448.03926118868,0.0,85448.03926118868,0.8544803926118868
2013-08-21,0.0,-0.1455196073881132,85448.03926118868,0.0,85448.03926118868,0.8544803926118868
2013-08-22,0.0,-0.1455196073881132,85448.03926118868,0.0,85448.03926118868,0.8544803926118868
2013-08-23,0.0,-0.1455196073881132,85448.03926118868,0.0,85448.03926118868,0.8544803926118868
2013-08-26,0.0,-0.1455196073881132,85448.03926118868,0.0,85448.03926118868,0.8544803926118868
2013-08-27,0.0,-0.1455196073881132,85448.03926118868,0.0,85448.03926118868,0.8544803926118868
2013-08-28,0.0,-0.1455196073881132,85448.03926118868,0.0,85448.03926118868,0.8544803926118868
2013-08-29,0.0,-0.1455196073881132,85448.03926118868,0.0,85448.03926118868,0.8544803926118868
2013-08-30,0.0,-0.1455196073881132,85448.03926118868,0.0,85448.03926118868,0.8544803926118868
2013-09-02,0.0,-0.1455196073881132,85448.03926118868,0.0,85448.03926118868,0.8544803926118868
2013-09-03,0.0,-0.1455196073881132,85448.03926118868,0.0,85448.03926118868,0.8544803926118868
2013-09-04,0.0,-0.1455196073881132,85448.03926118868,0.0,85448.03926118868,0.8544803926118868
2013-09-05,0.0,-0.1455196073881132,85448.03926118868,0.0,85448.03926118868,0.8544803926118868
2013-09-06,0.0,-0.1455196073881132,85448.03926118868,0.0,85448.03926118868,0.8544803926118868
2013-09-10,0.0,-0.1455196073881132,85448.03926118868,0.0,85448.03926118868,0.8544803926118868
2013-09-11,0.0,-0.1455196073881132,85448.03926118868,0.0,85448.03926118868,0.8544803926118868
2013-09-12,0.0,-0.1455196073881132,85448.03926118868,0.0,85448.03926118868,0.8544803926118868
2013-09-13,0.0,-0.1455196073881132,85448.03926118868,0.0,85448.03926118868,0.8544803926118868
2013-09-16,0.0,-0.1455196073881132,85448.03926118868,0.0,85448.03926118868,0.8544803926118868
2013-09-17,0.0,-0.1455196073881132,85448.03926118868,0.0,85448.03926118868,0.8544803926118868
2013-09-18,0.0,-0.1455196073881132,85448.03926118868,0.0,85448.03926118868,0.8544803926118868
2013-09-19,0.0,-0.1455196073881132,85448.03926118868,0.0,85448.03926118868,0.8544803926118868
2013-09-20,0.0,-0.1455196073881132,85448.03926118868,0.0,85448.03926118868,0.8544803926118868
2013-09-23,0.0,-0.1455196073881132,85448.03926118868,0.0,85448.03926118868,0.8544803926118868
2013-09-24,0.0,-0.1455196073881132,85448.03926118868,0.0,85448.03926118868,0.8544803926118868
2013-09-25,0.0,-0.1455196073881132,85448.03926118868,0.0,85448.03926118868,0.8544803926118868
2013-09-26,0.0,-0.1455196073881132,85448.03926118868,0.0,85448.03926118868,0.8544803926118868
2013-09-27,0.0,-0.1455196073881132,85448.03926118868,0.0,85448.03926118868,0.8544803926118868
2013-09-30,0.0,-0.1455196073881132,85448.03926118868,0.0,85448.03926118868,0.8544803926118868
2013-10-01,0.0,-0.1455196073881132,85448.03926118868,0.0,85448.03926118868,0.8544803926118868
2013-10-03,0.014869434471962574,-0.13281396718259386,86718.60328174061,1270.5640205519303,86718.60328174061,0.8671860328174061
2013-10-04,-0.0004061780709119491,-0.13316619913252536,86683.38008674746,-35.223194993144716,86683.38008674746,0.8668338008674746
2013-10-07,-0.00019465786091261888,-0.13333493514596906,86666.5064854031,-16.8736013443704,86666.5064854031,0.8666650648540309
2013-10-08,0.0037672596137748697,-0.13006998284847493,86993.00171515251,326.49522974941647,86993.00171515251,0.8699300171515251
2013-10-09,0.013334170142182553,-0.1184701879879847,88152.98120120153,1159.979486049022,88152.98120120153,0.8815298120120153
2013-10-10,0.002247209641543728,-0.116489205695123,88351.0794304877,198.0982292861736,88351.0794304877,0.883510794304877
2013-10-11,0.012498027314456862,-0.10544706365528322,89455.29363447167,1104.2142039839673,89455.29363447167,0.8945529363447168
2013-10-14,0.002706604027322988,-0.10302586307511907,89697.41369248809,242.120058016415,89697.41369248809,0.8969741369248809
2013-10-15,-0.00386905784175972,-0.106496307893444,89350.3692106556,-347.0444818324904,89350.3692106556,0.893503692106556
2013-10-17,-0.007094654899684644,-0.11283540824053406,88716.4591759466,-633.9100347089989,88716.4591759466,0.8871645917594659
2013-10-18,0.02373528911271379,-0.09177830016456046,90822.16998354395,2105.710807597352,90822.16998354395,0.9082216998354395
2013-10-21,0.0025204742679134215,-0.08948915074056463,91051.08492594353,228.9149423995841,91051.08492594353,0.9105108492594354
2013-10-22,-0.0003465604972340475,-0.08980469783322098,91019.5302166779,-31.5547092656343,91019.5302166779,0.910195302166779
2013-10-23,-0.0039417211261232685,-0.09339243388466989,90660.75661153301,-358.7736051448883,90660.75661153301,0.9066075661153301
2013-10-24,-0.0022659771263708224,-0.09544678589208189,90455.32141079182,-205.43520074119442,90455.32141079182,0.9045532141079182
2013-10-25,-0.0031552710349620093,-0.09830089644813844,90169.91035518616,-285.41105560565484,90169.91035518616,0.9016991035518617
2013-10-28,-0.007127830458360135,-0.10472805478271152,89527.19452172884,-642.7158334573178,89527.19452172884,0.8952719452172885
2013-10-29,0.019635771052751837,-0.087148699836473,91285.1300163527,1757.93549462386,91285.1300163527,0.912851300163527
2013-10-30,0.004951099270564675,-0.08262908243009948,91737.09175699005,451.9617406373436,91737.09175699005,0.9173709175699005
2013-10-31,0.007589888438160807,-0.07566633950933066,92433.36604906693,696.2742920768796,92433.36604906693,0.9243336604906692
2013-11-01,0.0012779967286942473,-0.07448504411500168,92551.49558849983,118.12953943290631,92551.49558849983,0.9255149558849983
2013-11-05,-0.008569617468131119,-0.08241635324797036,91758.36467520296,-793.1309132968745,91758.36467520296,0.9175836467520296
2013-11-06,-0.0060769373185436,-0.08799245155380309,91200.75484461969,-557.6098305832711,91200.75484461969,0.9120075484461969
2013-11-07,-0.004489015193861836,-0.0920864672956947,90791.35327043053,-409.4015741891635,90791.35327043053,0.9079135327043053
2013-11-08,-0.007515455169905855,-0.0989098507488847,90109.01492511154,-682.338345318989,90109.01492511154,0.9010901492511154
2013-11-11,-0.010088376063591581,-0.10800038704172787,89199.96129582722,-909.0536292843171,89199.96129582722,0.8919996129582722
2013-11-12,-0.009993749087304092,-0.11691480735960524,88308.51926403948,-891.4420317877375,88308.51926403948,0.8830851926403949
2013-11-13,-0.004727396408233499,-0.12108950112745764,87891.04988725424,-417.4693767852441,87891.04988725424,0.8789104988725424
2013-11-14,0.011110892814620655,-0.11132402078084003,88867.59792191599,976.5480346617551,88867.59792191599,0.88867597921916
2013-11-18,0.021936395201320326,-0.09182967329476821,90817.03267052319,1949.434748607193,90817.03267052319,0.9081703267052319
2013-11-19,0.002318645606115689,-0.08972394815714846,91027.60518428516,210.57251376197382,91027.60518428516,0.9102760518428515
2013-11-20,-0.012968830397448582,-0.10152916388835753,89847.08361116424,-1180.5215731209173,89847.08361116424,0.8984708361116425
2013-11-21,-0.02022735952433946,-0.11970285651252155,88029.71434874785,-1817.369262416396,88029.71434874785,0.8802971434874785
2013-11-22,-0.0006000299201029069,-0.12023106113719517,87976.89388628048,-52.82046246736718,87976.89388628048,0.8797689388628048
2013-11-25,0.01999848192175675,-0.10263701791802426,89736.29820819758,1759.4043219170999,89736.29820819758,0.8973629820819757
2013-11-26,-0.00919816512574778,-0.11089111080494773,88910.88891950523,-825.4092886923463,88910.88891950523,0.8891088891950524
2013-11-27,-0.0003300820200632813,-0.11118458966314937,88881.54103368506,-29.34788582017063,88881.54103368506,0.8888154103368506
2013-11-28,0.005737068801858872,-0.10608539450189436,89391.46054981057,509.91951612550474,89391.46054981057,0.8939146054981056
2013-11-29,0.013829952912402417,-0.09372259760014678,90627.74023998532,1236.2796901747497,90627.74023998532,0.9062774023998532
2013-12-02,0.006759929298400391,-0.08759622643518583,91240.37735648142,612.637116496102,91240.37735648142,0.9124037735648142
2013-12-03,-0.0025732366893230544,-0.08994405730079968,91005.59426992004,-234.7830865613796,91005.59426992004,0.9100559426992004
2013-12-04,-0.006594790538263178,-0.09594568562100259,90405.43143789974,-600.1628320203017,90405.43143789974,0.9040543143789974
2013-12-05,0.013009341059879252,-0.08418453470859089,91581.5465291409,1176.1150912411686,91581.5465291409,0.915815465291409
2013-12-06,0.003012258158551243,-0.08142586210153946,91857.41378984606,275.8672607051558,91857.41378984606,0.9185741378984607
2013-12-09,0.01661368418384161,-0.06616496147504991,93383.503852495,1526.0900626489456,93383.503852495,0.9338350385249501
2013-12-10,-0.004879052965001024,-0.07072119208858696,92927.8807911413,-455.62306135370454,92927.8807911413,0.929278807911413
2013-12-11,-0.003939805131615845,-0.07438236950469823,92561.76304953017,-366.11774161113135,92561.76304953017,0.9256176304953017
2013-12-12,-0.011231962896228758,-0.0847788723865166,91522.11276134834,-1039.6502881818305,91522.11276134834,0.9152211276134834
2013-12-13,-0.011006790789478011,-0.09485251986426835,90514.74801357316,-1007.3647477751801,90514.74801357316,0.9051474801357317
2013-12-16,-0.0022209498813532905,-0.09686280705288297,90313.7192947117,-201.02871886146022,90313.7192947117,0.903137192947117
2013-12-17,-0.002542835577420902,-0.09915933643840091,90084.0663561599,-229.65293855179334,90084.0663561599,0.9008406635615991
2013-12-18,0.01272185438153903,-0.08769897269560123,91230.10273043987,1146.0363742799673,91230.10273043987,0.9123010273043988
2013-12-19,-0.008122693001332079,-0.09510931386519472,90489.06861348053,-741.0341169593448,90489.06861348053,0.9048906861348053
2013-12-20,0.01744871191979856,-0.0793201369639196,92067.98630360804,1578.917690127506,92067.98630360804,0.9206798630360804
2013-12-23,0.0016336613937920866,-0.07781605781563572,92218.39421843643,150.40791482839268,92218.39421843643,0.9221839421843643
2013-12-24,-0.0025618740800779694,-0.08017857695418196,91982.14230458181,-236.2519138546195,91982.14230458181,0.919821423045818
2013-12-26,0.001675068624143469,-0.07863781294862282,92136.21870513771,154.0764005559031,92136.21870513771,0.9213621870513771
2013-12-27,0.005558282961434498,-0.07351662120302516,92648.33787969749,512.1191745597753,92648.33787969749,0.9264833787969748
2013-12-30,-0.0035952528957914143,-0.07684756325354758,92315.24367464524,-333.0942050522426,92315.24367464524,0.9231524367464524
2013-12-31,0.002050500253295264,-0.07495463894816878,92504.53610518313,189.29243053788377,92504.53610518313,0.9250453610518313
2014-01-02,-0.01314246472973509,-0.08711201497919752,91288.79850208024,-1215.7376031028834,91288.79850208024,0.9128879850208025
2014-01-03,-0.0016074198752601364,-0.08857940927020613,91142.05907297939,-146.73942910085316,91142.05907297939,0.9114205907297939
2014-01-06,-0.0031716682644893825,-0.091470133033426,90852.9866966574,-289.07237632198667,90852.9866966574,0.908529866966574
2014-01-07,-0.004716212582087351,-0.0957549530232159,90424.5046976784,-428.4819989789976,90424.5046976784,0.9042450469767841
2014-01-08,0.002004153946407562,-0.0939427067437979,90605.72932562021,181.2246279418032,90605.72932562021,0.9060572932562021
2014-01-09,-0.0010122113013233635,-0.09485982817567828,90514.01718243217,-91.71214318803686,90514.01718243217,0.9051401718243217
2014-01-10,0.0005025813397699208,-0.09440492161544323,90559.50783845568,45.49065602351038,90559.50783845568,0.9055950783845569
2014-01-13,0.016414262690549113,-0.07954024610757082,92045.97538924291,1486.4675507872307,92045.97538924291,0.9204597538924292
2014-01-14,-0.004926053540113985,-0.0840744801367651,91592.5519863235,-453.42340291941946,91592.5519863235,0.915925519863235
2014-01-15,0.012664483037999004,-0.07247475692638683,92752.52430736132,1159.9723210378288,92752.52430736132,0.9275252430736133
2014-01-16,-0.0003164106426141019,-0.07276823578458858,92723.17642154114,-29.347885820185184,92723.17642154114,0.9272317642154114
2014-01-17,-0.009060121363651502,-0.08116906810061297,91883.0931899387,-840.0832316024316,91883.0931899387,0.918830931899387
2014-01-20,0.006755454812782954,-0.07496194725957928,92503.80527404207,620.7120841033611,92503.80527404207,0.9250380527404207
2014-01-21,0.0015624503794976023,-0.07351662120302538,92648.33787969746,144.5326056553895,92648.33787969746,0.9264833787969746
2014-01-22,0.003983400076500337,-0.06982606724104912,93017.39327589508,369.05539619762567,93017.39327589508,0.9301739327589509
2014-01-23,0.0010569111327305065,-0.06884295605614044,93115.70439438596,98.31111849087756,93115.70439438596,0.9311570439438596
2014-01-24,-0.012433699236166261,-0.08042068268217595,91957.9317317824,-1157.7726626035583,91957.9317317824,0.919579317317824
2014-01-27,-0.020888004522878686,-0.09962885962145629,90037.11403785436,-1920.8176939280384,90037.11403785436,0.9003711403785436
2014-01-28,-0.0015645912959830963,-0.10103757247084688,89896.2427529153,-140.87128493905766,89896.2427529153,0.8989624275291531
2014-01-29,-0.0009793919608243216,-0.10191800904545201,89808.1990954548,-88.0436574605119,89808.1990954548,0.898081990954548
2014-01-30,-0.007605866539357052,-0.10874870081005239,89125.12991899476,-683.0691764600342,89125.12991899476,0.8912512991899476
2014-01-31,0.0026013474783779774,-0.10643024649030353,89356.97535096965,231.8454319748853,89356.97535096965,0.8935697535096965
2014-02-03,-0.014401871305115362,-0.1192993230824938,88070.06769175062,-1286.907659219025,88070.06769175062,0.8807006769175062
2014-02-04,-0.00014993874721498743,-0.11943137423866224,88056.86257613378,-13.205115616845433,88056.86257613378,0.8805686257613378
2014-02-05,0.0035827959722512324,-0.11627647651299378,88372.35234870062,315.48977256684157,88372.35234870062,0.8837235234870062
2014-02-06,0.0023080337687871816,-0.11423681277851427,88576.31872214857,203.96637344795454,88576.31872214857,0.8857631872214857
2014-02-07,0.0044564371378821264,-0.11028946481561164,88971.05351843884,394.73479629027133,88971.05351843884,0.8897105351843885
2014-02-10,-0.0016080616977710532,-0.111720174249345,88827.9825750655,-143.07094337334274,88827.9825750655,0.888279825750655
2014-02-11,0.0015280542007536056,-0.11036283453016205,88963.7165469838,135.7339719182928,88963.7165469838,0.889637165469838
2014-02-12,0.003513253831018789,-0.10723731335035847,89276.26866496415,312.5521179803618,89276.26866496415,0.8927626866496415
2014-02-13,-0.013625887959196252,-0.11940199769279758,88059.80023072024,-1216.468434243914,88059.80023072024,0.8805980023072024
2014-02-14,0.003074291709047812,-0.11669478255530041,88330.52174446995,270.72151374971145,88330.52174446995,0.8833052174446995
2014-02-18,0.0,-0.11669478255530041,88330.52174446995,0.0,88330.52174446995,0.8833052174446995
2014-02-19,0.0,-0.11669478255530041,88330.52174446995,0.0,88330.52174446995,0.8833052174446995
2014-02-20,0.0,-0.11669478255530041,88330.52174446995,0.0,88330.52174446995,0.8833052174446995
2014-02-21,0.0,-0.11669478255530041,88330.52174446995,0.0,88330.52174446995,0.8833052174446995
2014-02-24,0.0,-0.11669478255530041,88330.52174446995,0.0,88330.52174446995,0.8833052174446995
2014-02-25,0.0,-0.11669478255530041,88330.52174446995,0.0,88330.52174446995,0.8833052174446995
2014-02-26,0.0,-0.11669478255530041,88330.52174446995,0.0,88330.52174446995,0.8833052174446995
2014-02-28,0.0,-0.11669478255530041,88330.52174446995,0.0,88330.52174446995,0.8833052174446995
2014-03-03,0.0,-0.11669478255530041,88330.52174446995,0.0,88330.52174446995,0.8833052174446995
2014-03-04,0.0,-0.11669478255530041,88330.52174446995,0.0,88330.52174446995,0.8833052174446995
2014-03-05,0.0,-0.11669478255530041,88330.52174446995,0.0,88330.52174446995,0.8833052174446995
2014-03-06,0.0,-0.11669478255530041,88330.52174446995,0.0,88330.52174446995,0.8833052174446995
2014-03-07,0.0,-0.11669478255530041,88330.52174446995,0.0,88330.52174446995,0.8833052174446995
2014-03-10,0.0,-0.11669478255530041,88330.52174446995,0.0,88330.52174446995,0.8833052174446995
2014-03-11,-0.004593044571932031,-0.12075184278964401,87924.8157210356,-405.70602343435166,87924.8157210356,0.879248157210356
2014-03-12,0.0007678250702533695,-0.12007673401156382,87992.32659884362,67.51087780801754,87992.32659884362,0.8799232659884362
2014-03-13,-0.00365201323392133,-0.12329022542378887,87670.97745762112,-321.34914122249756,87670.97745762112,0.8767097745762112
2014-03-14,0.0017095220294319339,-0.1217914707507326,87820.85292492674,149.87546730562462,87820.85292492674,0.8782085292492674
2014-03-18,0.0019141026809449003,-0.12011048945046798,87988.9510549532,168.09813002645387,87988.9510549532,0.879889510549532
2014-03-19,0.001135537807714449,-0.11911134164462756,88088.86583553725,99.91478058404755,88088.86583553725,0.8808886583553724
2014-03-20,-0.00627673121100759,-0.12464044297994936,87535.95570200507,-552.9101335321757,87535.95570200507,0.8753595570200507
2014-03-21,0.0015579117249633946,-0.12327671006250907,87672.32899374909,136.37329174402112,87672.32899374909,0.8767232899374909
2014-03-24,0.013906825905766505,-0.11108427190181758,88891.57280981824,1219.2438160691527,88891.57280981824,0.8889157280981824
2014-03-25,0.0009493430546062125,-0.11024038592921737,88975.96140707827,84.38859726002556,88975.96140707827,0.8897596140707827
2014-03-26,0.0017678822935240336,-0.10866739566200878,89133.26043379912,157.29902672085154,89133.26043379912,0.8913326043379912
2014-03-27,0.006112354690392892,-0.10321925463718329,89678.07453628167,544.8141024825454,89678.07453628167,0.8967807453628167
2014-03-28,0.008152957028456356,-0.09590783975629313,90409.21602437069,731.1414880890225,90409.21602437069,0.9040921602437069
2014-03-31,0.0012396082811579469,-0.09478711962752517,90521.28803724748,112.07201287678618,90521.28803724748,0.9052128803724747
2014-04-01,0.002513291501465164,-0.09251205578826827,90748.79442117317,227.5063839256909,90748.79442117317,0.9074879442117316
2014-04-02,0.004686767828744666,-0.08825887048636294,91174.1129513637,425.31853019053233,91174.1129513637,0.911741129513637
2014-04-03,-0.00243607341034803,-0.09047993880909178,90952.00611909082,-222.10683227288246,90952.00611909082,0.9095200611909081
2014-04-04,-0.006197948277895461,-0.09611709710606131,90388.29028939387,-563.7158296969428,90388.29028939387,0.9038829028939387
2014-04-07,0.00010452202544575215,-0.0960226214342852,90397.73785657148,9.44756717760174,90397.73785657148,0.9039773785657148
2014-04-09,0.015108235722784339,-0.08236511811084979,91763.48818891503,1365.7503323435521,91763.48818891503,0.9176348818891503
2014-04-10,2.9385101308190224e-05,-0.08233815331688155,91766.18466831185,2.6964793968218146,91766.18466831185,0.9176618466831185
2014-04-11,-0.002957462472053542,-0.08505210379048223,91494.78962095178,-271.39504736007075,91494.78962095178,0.9149478962095178
2014-04-15,-0.006375117435236061,-0.09088500407594013,90911.49959240599,-583.2900285457872,90911.49959240599,0.9091149959240599
2014-04-16,-0.008584499284195985,-0.09868930110770213,90131.06988922978,-780.4297031762108,90131.06988922978,0.9013106988922978
2014-04-17,0.0155948198136583,-0.08463352316235417,91536.64768376459,1405.577794534809,91536.64768376459,0.9153664768376459
2014-04-21,0.0056420923018239925,-0.07946894101004087,92053.10589899591,516.4582152313233,92053.10589899591,0.9205310589899591
2014-04-22,-0.00033733100414988753,-0.07977946467652108,92022.0535323479,-31.052366648014868,92022.0535323479,0.920220535323479
2014-04-23,0.0037341745716044684,-0.07634320055324795,92365.67994467521,343.62641232731403,92365.67994467521,0.9236567994467522
2014-04-25,-0.008485821299392904,-0.0841811870953223,91581.88129046778,-783.7986542074359,91581.88129046778,0.9158188129046778
2014-04-28,-0.0031698057572518523,-0.08708415484106713,91291.5845158933,-290.2967745744827,91291.5845158933,0.912915845158933
2014-04-29,-0.006803475688667036,-0.09329515559940482,90670.48444005952,-621.1000758337759,90670.48444005952,0.9067048444005952
2014-04-30,-0.0028070582117195935,-0.09584032887848537,90415.96711215147,-254.51732790804817,90415.96711215147,0.9041596711215147
2014-05-02,-0.0002389489396668146,-0.09605637687318935,90394.36231268107,-21.604799470398575,90394.36231268107,0.9039436231268108
2014-05-05,0.0006796757336289608,-0.09544198832798145,90455.80116720186,61.43885452079121,90455.80116720186,0.9045580116720187
2014-05-06,0.0023807842251489385,-0.09328843088306071,90671.15691169394,215.35574449207343,90671.15691169394,0.9067115691169394
2014-05-07,-0.009344333361884817,-0.10176104604796699,89823.8953952033,-847.261516490631,89823.8953952033,0.898238953952033
2014-05-08,0.0010973676534681619,-0.10077534767481489,89922.46523251852,98.56983731521177,89922.46523251852,0.8992246523251851
2014-05-09,0.029873000760372196,-0.07391280895215913,92608.71910478409,2686.2538722655736,92608.71910478409,0.9260871910478409
2014-05-12,0.022664343578924828,-0.05292365067020943,94707.63493297905,2098.915828194964,94707.63493297905,0.9470763493297906
2014-05-13,0.013472573689275404,-0.040164094764493896,95983.5905235506,1275.9555905715533,95983.5905235506,0.9598359052355061
2014-05-14,0.0,-0.040164094764493896,95983.5905235506,0.0,95983.5905235506,0.9598359052355061
2014-05-15,0.002025658849129594,-0.03821979466934122,96178.02053306588,194.4300095152721,96178.02053306588,0.9617802053306588
2014-05-16,0.011209942055266407,-0.027438294297682186,97256.17057023178,1078.1500371659058,97256.17057023178,0.9725617057023178
2014-05-19,0.008406192515271414,-0.019262753366567797,98073.72466334322,817.5540931114374,98073.72466334322,0.9807372466334322
2014-05-20,0.001645227971698906,-0.01764921701551947,98235.07829844805,161.3536351048242,98235.07829844805,0.9823507829844804
2014-05-21,-0.0031063291397498455,-0.02070072187816019,97929.92781218397,-305.15048626407224,97929.92781218397,0.9792992781218397
2014-05-22,0.0032400833206599274,-0.017527710621183412,98247.22893788166,317.3011256976897,98247.22893788166,0.9824722893788166
2014-05-23,0.01246498220683077,-0.005281211015372156,99471.87889846279,1224.649960581126,99471.87889846279,0.9947187889846278
2014-05-26,-0.001092735657455109,-0.00636817570523629,99363.18242947636,-108.69646898642532,99363.18242947636,0.9936318242947636
2014-05-27,-0.005578139267565831,-0.0119107924018379,98808.9207598162,-554.2616696601617,98808.9207598162,0.988089207598162
2014-05-28,0.0015919516731005738,-0.010337802134629315,98966.21978653707,157.2990267208661,98966.21978653707,0.9896621978653707
2014-05-29,-0.01282462344755952,-0.023029847162536865,97697.01528374631,-1269.2045027907589,97697.01528374631,0.9769701528374631
2014-05-30,-0.0007877256512098199,-0.023799431612393285,97620.05683876068,-76.95844498563383,97620.05683876068,0.9762005683876067
2014-06-02,0.01833343261111784,-0.005902324276924276,99409.76757230757,1789.71073354689,99409.76757230757,0.9940976757230756
2014-06-03,0.007246193230050934,0.0013010995709097362,100130.10995709097,720.3423847834056,100130.10995709097,1.0013010995709097
2014-06-04,-0.0018339229457386493,-0.0005352094911867944,99946.47905088132,-183.63090620965522,99946.47905088132,0.9994647905088132
2014-06-05,0.00970652134908305,0.009166116835543692,100916.61168355437,970.1326326730486,100916.61168355437,1.0091661168355437
2014-06-06,0.014623807984826768,0.023923968352939973,102392.396835294,1475.7851517396339,102392.396835294,1.02392396835294
2014-06-09,0.009388954325156271,0.03353754372423845,103353.75437242385,961.3575371298502,103353.75437242385,1.0335375437242384
2014-06-10,0.00023512719992401423,0.033780556512910564,103378.05565129106,24.301278867205838,103378.05565129106,1.0337805565129106
2014-06-11,-0.0038594907612459375,0.029790690005893294,102979.06900058933,-398.98665070172865,102979.06900058933,1.0297906900058933
2014-06-12,0.0030221919130917836,0.032902915101406194,103290.29151014063,311.2225095512986,103290.29151014063,1.0329029151014062
2014-06-13,-0.014091662121549154,0.01834759621743398,101834.7596217434,-1455.5318883972213,101834.7596217434,1.018347596217434
2014-06-16,-0.00113367535010667,0.017193120649761973,101719.3120649762,-115.44755676720524,101719.3120649762,1.017193120649762
2014-06-17,0.013028438540876068,0.030445558706349463,103044.55587063494,1325.2438056587416,103044.55587063494,1.0304455587063495
2014-06-18,-0.009630881470572542,0.020521459668570774,102052.14596685708,-992.4099037778651,102052.14596685708,1.0205214596685708
2014-06-19,-0.002315366032624179,0.01815857894529005,101815.857894529,-236.28807232806867,101815.857894529,1.01815857894529
2014-06-20,-0.0038789501296156263,0.014209192593521047,101420.9192593521,-394.93863517690625,101420.9192593521,1.014209192593521
2014-06-23,-0.002409667532315573,0.011765285631152533,101176.52856311525,-244.39069623684918,101176.52856311525,1.0117652856311525
2014-06-24,0.011590289593357547,0.023491938292123704,102349.19382921237,1172.6652660971158,102349.19382921237,1.0234919382921237
2014-06-25,-0.0014445786430906484,0.022013423696691348,102201.34236966913,-147.85145954323525,102201.34236966913,1.0220134236966913
2014-06-26,-0.010047204767645408,0.0117450455535284,101174.50455535285,-1026.8378143162845,101174.50455535285,1.0117450455535284
2014-06-27,0.0020818353932087127,0.013851332198265176,101385.13321982652,210.62866447366832,101385.13321982652,1.0138513321982652
2014-06-30,0.01365734812968794,0.027697852793844735,102769.78527938448,1384.652059557964,102769.78527938448,1.0276978527938447
2014-07-01,0.003067799714460665,0.030850623973197377,103085.06239731974,315.2771179352567,103085.06239731974,1.0308506239731974
2014-07-02,0.011847185183091235,0.043063302211513,104306.3302211513,1221.2678238315566,104306.3302211513,1.043063302211513
2014-07-03,-0.0013397924683778448,0.041665813855168654,104166.58138551687,-139.74883563442563,104166.58138551687,1.0416658138551687
2014-07-04,0.004770090462540609,0.04663465401899369,104663.46540189938,496.884016382508,104663.46540189938,1.0466346540189937
2014-07-07,0.004586124701950083,0.05143465105970724,105143.46510597072,479.9997040713497,105143.46510597072,1.0514346510597072
2014-07-08,-0.021053878387766102,0.029297873783612927,102929.78737836129,-2213.6777276094363,102929.78737836129,1.029297873783613
2014-07-09,-0.005011044487063225,0.024140016347643733,102414.00163476437,-515.7857435969199,102414.00163476437,1.0241400163476437
2014-07-10,-0.0022742254449571522,0.021810891063267057,102181.0891063267,-232.91252843766415,102181.0891063267,1.021810891063267
2014-07-11,-0.014290892582835057,0.007208301379110882,100720.83013791109,-1460.258968415612,100720.83013791109,1.0072083013791109
2014-07-14,-0.0007306283501996856,0.0064724064395669245,100647.2406439567,-73.58949395439413,100647.2406439567,1.006472406439567
2014-07-15,0.009726125842626856,0.01626148372172964,101626.14837217296,978.9077282162616,101626.14837217296,1.0162614837217296
2014-07-16,0.012987185702574167,0.029459860333197252,102945.98603331973,1319.8376611467684,102945.98603331973,1.0294598603331973
2014-07-17,0.002105122130833683,0.0316269990679896,103162.69990679897,216.71387347923883,103162.69990679897,1.0316269990679896
2014-07-18,0.003069152527901648,0.034793219680030685,103479.32196800307,316.622061204107,103479.32196800307,1.0347932196800307
2014-07-21,0.00264882021261027,0.03753420087619119,103753.42008761912,274.0981196160428,103753.42008761912,1.0375342008761912
2014-07-22,0.010885960831002028,0.0488287575477544,104882.87575477544,1129.4556671563187,104882.87575477544,1.0488287575477544
2014-07-23,0.003591714823663768,0.052595851343723465,105259.58513437235,376.7093795969122,105259.58513437235,1.0525958513437235
2014-07-24,0.004470397031234968,0.05730137271266078,105730.13727126608,470.5521368937334,105730.13727126608,1.0573013727126608
2014-07-25,-0.0051273084876045615,0.05188026241039512,105188.02624103951,-542.1110302265733,105188.02624103951,1.0518802624103951
2014-07-28,-0.005359125461725036,0.04624310411342569,104624.31041134257,-563.7158296969428,104624.31041134257,1.0462431041134257
2014-07-30,0.0055105638307029565,0.052008493521075394,105200.84935210754,576.5389407649782,105200.84935210754,1.0520084935210754
2014-07-31,-0.008997112012587497,0.0425434552666728,104254.34552666728,-946.5038254402607,104254.34552666728,1.0425434552666728
2014-08-01,-0.015373021386786324,0.02651641243220415,102651.64124322041,-1602.704283446874,102651.64124322041,1.0265164124322042
2014-08-04,0.010660800732171386,0.0374598993534474,103745.98993534474,1094.3486921243311,103745.98993534474,1.0374598993534474
2014-08-05,0.00818620097781441,0.04595275459597792,104595.27545959779,849.2855242530495,104595.27545959779,1.045952754595978
2014-08-06,-0.009617184666510431,0.03589363380258326,103589.36338025832,-1005.9120793394686,103589.36338025832,1.0358936338025833
2014-08-07,-0.0029718009225604457,0.032815164145974185,103281.51641459741,-307.8469656609086,103281.51641459741,1.0328151641459742
2014-08-08,-0.010550079460404614,0.0219188820963232,102191.88820963232,-1089.6282049650908,102191.88820963232,1.0219188820963232
2014-08-11,0.007584067239598488,0.029669183611557237,102966.91836115572,775.0301515234023,102966.91836115572,1.0296691836115572
2014-08-12,0.013257313093539957,0.04331983036146547,104331.98303614654,1365.0646749908192,104331.98303614654,1.0433198303614655
2014-08-13,0.0016176937273546575,0.045007602306665895,104500.7602306666,168.77719452005113,104500.7602306666,1.045007602306666
2014-08-14,0.0067381684905515864,0.05204903960491558,105204.90396049156,704.1437298249657,105204.90396049156,1.0520490396049156
2014-08-18,0.010594581749585552,0.0631950591595829,106319.50591595829,1114.6019554667291,106319.50591595829,1.063195059159583
2014-08-19,0.0029526621583007904,0.06633431497765563,106633.43149776556,313.92558180727065,106633.43149776556,1.0663343149776556
2014-08-20,-0.002811040875276986,0.06333680563154309,106333.68056315431,-299.75093461124925,106333.68056315431,1.063336805631543
2014-08-21,0.0020063100276316364,0.06547018892743162,106547.01889274316,213.33832958884886,106547.01889274316,1.0654701889274316
2014-08-22,0.0028006358280531747,0.06845418291226446,106845.41829122645,298.3993984832923,106845.41829122645,1.0684541829122645
2014-08-25,-0.0008720101166008093,0.06752248005564065,106752.24800556406,-93.17028566238878,106752.24800556406,1.0675224800556407
2014-08-26,-0.00019602149245354309,0.06731322270587237,106731.32227058723,-20.925734976830427,106731.32227058723,1.0673132227058724
2014-08-27,0.003959619809291881,0.07153937728521775,107153.93772852178,422.6154579345457,107153.93772852178,1.0715393772852178
2014-08-28,0.0023059700252814398,0.0740103149701461,107401.03149701461,247.0937684928358,107401.03149701461,1.074010314970146
2014-09-01,0.00922138160323904,0.08391417393030065,108391.41739303006,990.3858960154466,108391.41739303006,1.0839141739303007
2014-09-02,0.006894827662761933,0.09138757536077491,109138.7575360775,747.3401430474332,109138.7575360775,1.091387575360775
2014-09-03,0.0039032659368810818,0.09564755130761604,109564.75513076161,425.99759468411503,109564.75513076161,1.095647551307616
2014-09-04,-0.002298314410975924,0.09312940875109521,109312.94087510952,-251.81425565209065,109312.94087510952,1.0931294087510952
2014-09-05,-0.0011240308347646327,0.09190069758927089,109190.06975892709,-122.87111618243216,109190.06975892709,1.0919006975892709
2014-09-08,0.010764364818970612,0.10365431504421019,110365.43150442102,1175.3617454939376,110365.43150442102,1.1036543150442102
2014-09-09,-0.002563000193486951,0.10082564882120915,110082.56488212092,-282.8666223001055,110082.56488212092,1.1008256488212091
2014-09-10,-0.007218257961404644,0.09287960531748696,109287.9605317487,-794.6043503722176,109287.9605317487,1.092879605317487
2014-09-11,-0.0010377808826681422,0.09174543575603056,109174.54357560305,-113.41695614565106,109174.54357560305,1.0917454357560306
2014-09-12,0.0024487433628788864,0.09441884014579127,109441.88401457913,267.34043897608353,109441.88401457913,1.0944188401457913
2014-09-15,-0.00783418666337672,0.08584495866417274,108584.49586641727,-857.3881481618591,108584.49586641727,1.0858449586641727
2014-09-16,-0.013566289188790102,0.07111407194074482,107111.40719407448,-1473.0886723427975,107111.40719407448,1.0711140719407448
2014-09-17,0.005370053597129587,0.0768660119157063,107686.60119157063,575.193997496157,107686.60119157063,1.0768660119157063
2014-09-18,0.017459720393705722,0.09566779138523951,109566.77913852395,1880.1779469533212,109566.77913852395,1.0956677913852395
2014-09-19,0.000825681051480329,0.09657246351930371,109657.24635193037,90.4672134064167,109657.24635193037,1.0965724635193037
2014-09-22,0.0030597502634865112,0.09992770140348894,109992.77014034889,335.52378841851896,109992.77014034889,1.099927701403489
2014-09-23,-0.015804721540682232,0.08254365036792422,108254.36503679243,-1738.4051035564626,108254.36503679243,1.0825436503679242
2014-09-24,-0.001889592545454789,0.08049808395605962,108049.80839560596,-204.5566411864711,108049.80839560596,1.0804980839560596
2014-09-25,-0.011315331124726683,0.06827189035646408,106827.18903564641,-1222.6193599595426,106827.18903564641,1.068271890356464
2014-09-26,0.007204383209546055,0.07596813042657824,107596.81304265783,769.6240070114145,107596.81304265783,1.0759681304265782
2014-09-29,-0.001248636276321284,0.07462463758676208,107462.46375867621,-134.3492839816172,107462.46375867621,1.074624637586762
2014-09-30,0.000741296211303347,0.07542125275917844,107542.12527591785,79.66151724163501,107542.12527591785,1.0754212527591784
2014-10-01,-0.0024168843501466107,0.0728220839635696,107282.20839635696,-259.9168795608857,107282.20839635696,1.0728220839635696
2014-10-07,-0.011723531364537661,0.060244820613654104,106024.48206136542,-1257.7263349915447,106024.48206136542,1.060244820613654
2014-10-08,-0.0012352538270949335,0.058935149141333465,105893.51491413335,-130.96714723206242,105893.51491413335,1.0589351491413335
2014-10-09,0.015026662557550967,0.07484741029781028,107484.74102978103,1591.2261156476743,107484.74102978103,1.0748474102978103
2014-10-10,-0.012637269013223535,0.06126427442571036,106126.42744257103,-1358.3135872099956,106126.42744257103,1.0612642744257104
2014-10-13,0.0030915977943463133,0.0645452767157435,106454.52767157435,328.10022900332115,106454.52767157435,1.0645452767157435
2014-10-14,-0.0025684117068839776,0.06181108616451869,106181.10861645186,-273.4190551224892,106181.10861645186,1.0618110861645187
2014-10-16,-0.014725305784270091,0.04617559323561826,104617.55932356183,-1563.5492928900348,104617.55932356183,1.0461755932356183
2014-10-17,0.0040654602625080395,0.05042877853752348,105042.87785375235,425.3185301905178,105042.87785375235,1.0504287785375235
2014-10-20,0.012815366213125028,0.06389040801528734,106389.04080152874,1346.1629477763927,106389.04080152874,1.0638904080152873
2014-10-21,0.006136266499415536,0.07041872308504105,107041.8723085041,652.8315069753589,107041.8723085041,1.070418723085041
2014-10-22,0.008596373793793952,0.07962044254455569,107962.04425445557,920.1719459514716,107962.04425445557,1.0796204425445557
2014-10-27,-0.0005252325670083722,0.07905339072812323,107905.33907281232,-56.7051816432504,107905.33907281232,1.0790533907281232
2014-10-28,0.004492148287145074,0.08390065856902074,108390.06585690207,484.7267840897548,108390.06585690207,1.0839006585690207
2014-10-29,0.007829251194837147,0.09238678909520703,109238.6789095207,848.6130526186316,109238.6789095207,1.092386789095207
2014-10-30,0.009733698137790492,0.10301975234996985,110301.97523499698,1063.2963254762726,110301.97523499698,1.1030197523499699
2014-10-31,0.018728883653480747,0.1236780809592235,112367.80809592234,2065.832860925366,112367.80809592234,1.1236780809592235
2014-11-03,0.00023433650557919196,0.12394139975411145,112394.13997541115,26.33187948880368,112394.13997541115,1.1239413997541114
2014-11-05,0.0016998027904968718,0.12585187848176838,112585.18784817684,191.04787276568823,112585.18784817684,1.1258518784817684
2014-11-07,-0.00015588365949246576,0.12567637657090414,112567.63765709041,-17.55019108642591,112567.63765709041,1.1256763765709041
2014-11-10,0.0008696173683579226,0.12665528429912043,112665.52842991204,97.89077282162907,112665.52842991204,1.1266552842991204
2014-11-11,0.0022051581178655962,0.1291397373453289,112913.97373453289,248.44530462085095,112913.97373453289,1.129139737345329
2014-11-12,0.0024692427756694397,0.1319278574844902,113192.78574844902,278.81201391613286,113192.78574844902,1.1319278574844902
2014-11-13,-0.0030358207275695413,0.12849152743262526,112849.15274326253,-343.6330051864934,112849.15274326253,1.1284915274326253
2014-11-14,0.0038348119131084435,0.13281908018586575,113281.90801858658,432.7552753240452,113281.90801858658,1.1328190801858657
2014-11-17,0.004868902784667856,0.13833466615990742,113833.46661599074,551.5585974041605,113833.46661599074,1.1383346661599074
2014-11-18,-0.0005752287014797022,0.13767986338804294,113767.9863388043,-65.48027718643425,113767.9863388043,1.137679863388043
2014-11-19,-0.005174590716264791,0.1317928357288738,113179.28357288738,-588.7027659169253,113179.28357288738,1.1317928357288738
2014-11-20,0.002338330338237136,0.13443934125325807,113443.9341253258,264.65055243842653,113443.9341253258,1.134439341253258
2014-11-21,0.008980018238991225,0.14462662722874153,114462.66272287416,1018.7285975483537,114462.66272287416,1.1446266272287415
2014-11-24,0.006228453901630794,0.15175588141101493,115175.5881411015,712.9254182273435,115175.5881411015,1.151755881411015
2014-11-25,-0.00786044538249779,0.142702567211213,114270.2567211213,-905.3314199801971,114270.2567211213,1.142702567211213
2014-11-26,0.001494770380699115,0.14441064516262925,114441.06451626292,170.80779514161986,114441.06451626292,1.1444106451626292
2014-11-27,0.002176821557089343,0.14690182292518195,114690.18229251819,249.11777625526884,114690.18229251819,1.146901822925182
2014-11-28,0.011072237824039174,0.1596005926694335,115960.05926694335,1269.8769744251622,115960.05926694335,1.1596005926694335
2014-12-01,-0.003766728888306698,0.15523269161812814,115523.26916181282,-436.790105130538,115523.26916181282,1.1552326916181281
2014-12-02,-0.003646629096650909,0.1510199864714712,115101.99864714712,-421.2705146656954,115101.99864714712,1.1510199864714712
2014-12-03,0.0015191379187295007,0.1527685445781357,115276.85445781358,174.85581066645682,115276.85445781358,1.1527685445781357
2014-12-04,0.0031331805328282786,0.15638037654086467,115638.03765408647,361.1831962728902,115638.03765408647,1.1563803765408647
2014-12-05,-0.003047567225613476,0.15285622960497625,115285.62296049763,-352.41469358884206,115285.62296049763,1.1528562296049762
2014-12-08,-0.011717766648645081,0.13934732932702842,113934.73293270284,-1350.8900277947832,113934.73293270284,1.1393473293270284
2014-12-09,-0.011560430739489824,0.12617598343812064,112617.59834381206,-1317.1345888907817,112617.59834381206,1.1261759834381206
2014-12-10,0.0017924388795202179,0.1281945850560171,112819.45850560171,201.86016178964928,112819.45850560171,1.128194585056017
2014-12-11,-0.00750988816746153,0.11972196989111072,111972.19698911108,-847.261516490631,111972.19698911108,1.1197219698911107
2014-12-12,-0.008296347237907049,0.11043236761898068,111043.23676189806,-928.9602272130142,111043.23676189806,1.1104323676189807
2014-12-15,-0.0005471723609561172,0.10982476971870847,110982.47697187084,-60.75979002722306,110982.47697187084,1.1098247697187085
2014-12-16,-0.018492325531937644,0.08930152879366227,108930.15287936623,-2052.324092504612,108930.15287936623,1.0893015287936623
2014-12-17,-0.004685444557388449,0.08419766687422103,108419.7666874221,-510.38619194412604,108419.7666874221,1.084197666874221
2014-12-18,0.016127425732881,0.10168298422649791,110168.2984226498,1748.5317352276907,110168.2984226498,1.101682984226498
2014-12-19,0.00807672131218176,0.11058097066446804,111058.0970664468,889.7986437970103,111058.0970664468,1.110580970664468
2014-12-22,0.012011841942012002,0.12392109374789606,112392.10937478961,1334.0123083428043,112392.10937478961,1.123921093747896
2014-12-23,-0.006847669389716483,0.1162248536777819,111622.4853677782,-769.6240070114145,111622.4853677782,1.116224853677782
2014-12-24,-0.011237438290038709,0.10368134576677024,110368.13457667702,-1254.3507911011693,110368.13457667702,1.1036813457667702
2014-12-26,0.0032541927965718228,0.10727293765187529,110727.29376518753,359.1591885105008,110727.29376518753,1.1072729376518753
2014-12-29,0.005560453167287425,0.11342987696509343,111342.98769650934,615.6939313218172,111342.98769650934,1.1134298769650934
2014-12-30,0.00023649337990251545,0.11369319575998138,111369.31957599813,26.331879488789127,111369.31957599813,1.1136931957599814
2014-12-31,0.004176667209711151,0.11834472161239051,111834.47216123906,465.15258524092496,111834.47216123906,1.1183447216123905
2015-01-02,0.013612710510010924,0.1335684245580988,113356.84245580988,1522.370294570821,113356.84245580988,1.1335684245580988
2015-01-05,-0.002030838643652434,0.13126632999628196,113126.6329996282,-230.20945618167752,113126.6329996282,1.131266329996282
2015-01-06,-0.029963988501869928,0.09736907869172073,109736.90786917208,-3389.7251304561214,109736.90786917208,1.0973690786917207
2015-01-07,-0.003106793690022231,0.09395977936241584,109395.97793624159,-340.9299329304922,109395.97793624159,1.0939597793624158
2015-01-08,0.016353724358093163,0.11185009605294916,111185.00960529491,1789.0316690533218,111185.00960529491,1.1118500960529492
2015-01-09,0.006059844193054506,0.11858773440106285,111858.77344010629,673.7638348113833,111858.77344010629,1.1185877344010628
2015-01-12,0.004647232784114913,0.12378607199228031,112378.60719922803,519.8337591217423,112378.60719922803,1.1237860719922803
2015-01-13,-0.0028354691066922984,0.1205996113026151,112059.96113026151,-318.6460689665255,112059.96113026151,1.120599611302615
2015-01-14,-0.0026327909136884655,0.1176493068280946,111764.93068280946,-295.0304474520526,111764.93068280946,1.1176493068280946
2015-01-15,0.026167234392820093,0.14689509820883817,114689.50982088382,2924.5791380743613,114689.50982088382,1.1468950982088382
2015-01-16,0.002313287752026038,0.14954819659238328,114954.81965923833,265.3098383545148,114954.81965923833,1.1495481965923833
2015-01-19,0.004334185847861199,0.15453055211748823,115453.05521174883,498.235552510494,115453.05521174883,1.1545305521174882
2015-01-20,0.016945912118627896,0.17409512539194227,117409.51253919423,1956.4573274454015,117409.51253919423,1.1740951253919423
2015-01-21,0.003898568488416937,0.1786724156501993,117867.24156501993,457.72902582569805,117867.24156501993,1.1786724156501993
2015-01-22,0.003654320479408901,0.18297966239722419,118297.96623972242,430.72467470249103,118297.96623972242,1.1829796623972242
2015-01-23,0.008468876599840788,0.19299817117818763,119299.81711781876,1001.8508780963457,119299.81711781876,1.1929981711781876
2015-01-27,0.008477114619988783,0.20311135341670195,120311.13534167019,1011.3182238514273,120311.13534167019,1.203111353416702
2015-01-28,0.00042644124207395767,0.20362440971660623,120362.44097166062,51.305629990427406,120362.44097166062,1.2036244097166062
2015-01-29,0.004268400830258353,0.2087619611463596,120876.19611463595,513.7551429753366,120876.19611463595,1.2087619611463596
2015-01-30,-0.016023639045528157,0.1893931957889856,118939.31957889856,-1936.8765357373923,118939.31957889856,1.1893931957889856
2015-02-02,-0.0013054977908751291,0.18784044559940116,118784.04455994011,-155.27501895844762,118784.04455994011,1.1878404455994012
2015-02-03,-0.0046434837706184956,0.1823247277681761,118232.47277681761,-551.5717831225047,118232.47277681761,1.182324727768176
2015-02-04,-0.0037514329396510894,0.17788931583906264,117788.93158390626,-443.541192911347,117788.93158390626,1.1778893158390626
2015-02-05,-0.0013755630903556214,0.17626905477167032,117626.90547716703,-162.02610673922754,117626.90547716703,1.1762690547716703
2015-02-06,-0.005814064934449125,0.1694301501068447,116943.01501068447,-683.8904664825677,116943.01501068447,1.1694301501068447
2015-02-09,-0.015552409736703982,0.1512426932539277,115124.26932539277,-1818.7456852916948,115124.26932539277,1.1512426932539277
2015-02-10,0.0045975355349489894,0.15653557244551308,115653.55724455131,529.287919158538,115653.55724455131,1.156535572445513
2015-02-11,0.007220854159723903,0.16488674714467488,116488.67471446749,835.1174699161784,116488.67471446749,1.1648867471446749
2015-02-12,0.009753739278629204,0.1762487487654545,117624.87487654545,1136.200162077963,117624.87487654545,1.1762487487654545
2015-02-13,0.010784555838956163,0.18893406907701782,118893.40690770178,1268.5320311563264,118893.40690770178,1.1889340690770178
2015-02-16,0.00043718237181307137,0.1894538500932661,118945.38500932661,51.97810162483074,118945.38500932661,1.189453850093266
2015-02-18,0.006782566551384615,0.19752139999132434,119752.13999913243,806.7549898058205,119752.13999913243,1.1975213999913243
2015-02-19,0.002954098664627165,0.2010589963599012,120105.89963599012,353.7596368576924,120105.89963599012,1.2010589963599012
2015-02-20,-0.006936269340802458,0.19272812766695502,119272.8127666955,-833.0868692946242,119272.8127666955,1.192728127666955
2015-02-23,-0.00890343886302366,0.1821087457020636,118210.87457020636,-1061.9381964891363,118210.87457020636,1.1821087457020636
2015-02-24,0.000816613904477478,0.18307407214040827,118307.40721404082,96.53264383446367,118307.40721404082,1.1830740721404083
2015-02-25,0.0005878032497472803,0.18376948692470418,118376.94869247043,69.54147842960083,118376.94869247043,1.1837694869247042
2015-02-26,-0.00951271956713907,0.17250861976345333,117250.86197634533,-1126.0867161250935,117250.86197634533,1.1725086197634533
2015-02-27,0.01851137539582167,0.19421336697873137,119421.33669787314,2170.474721527804,119421.33669787314,1.1942133669787314
2015-03-02,0.012680098091283192,0.20935610961394313,120935.61096139431,1514.2742635211762,120935.61096139431,1.2093561096139431
2015-03-03,0.004410081781896336,0.21468946896077679,121468.94689607767,533.3359346833604,121468.94689607767,1.2146894689607768
2015-03-04,-0.008181143184660275,0.20475192049030966,120475.19204903097,-993.7548470467009,120475.19204903097,1.2047519204903097
2015-03-05,0.0016922784950607402,0.20679069625723856,120679.06962572386,203.8775766928884,120679.06962572386,1.2067906962572386
2015-03-09,-0.020251181785124892,0.18235175849073593,118235.1758490736,-2443.893776650264,118235.1758490736,1.182351758490736
2015-03-10,-0.005104655872612556,0.17631625964326236,117631.62596432623,-603.5498847473646,117631.62596432623,1.1763162596432624
2015-03-11,-0.0013888361116220697,0.1746825491431816,117468.25491431815,-163.37105000807787,117468.25491431815,1.1746825491431816
2015-03-12,0.008741406902360815,0.18495092728634455,118495.09272863445,1026.837814316299,118495.09272863445,1.1849509272863445
2015-03-13,-0.014613719234275296,0.1676343871285877,116763.43871285877,-1731.6540157756826,116763.43871285877,1.1676343871285877
2015-03-16,-0.0016882552542568877,0.1656631222394669,116566.31222394669,-197.12648891207937,116566.31222394669,1.1656631222394669
2015-03-17,0.01044223834677964,0.17783525439394277,117783.52543939427,1217.213215447584,117783.52543939427,1.1778352543939428
2015-03-18,-0.004287301239194287,0.1727855198482129,117278.55198482129,-504.973454572988,117278.55198482129,1.1727855198482129
2015-03-19,-0.005900366996531061,0.16586565487289096,116586.5654872891,-691.9864975321834,116586.5654872891,1.165865654872891
2015-03-20,-0.007383043564707151,0.1572580179523686,115725.80179523685,-860.7636920522491,115725.80179523685,1.1572580179523686
2015-03-23,-0.002333477124746001,0.15455758284004784,115455.75828400478,-270.04351123207016,115455.75828400478,1.1545575828400478
2015-03-24,-0.0009297494941253674,0.15348413351146362,115348.41335114636,-107.34493285842473,115348.41335114636,1.1534841335114636
2015-03-25,-0.0014222710360253413,0.15184356643785546,115184.35664378555,-164.05670736081083,115184.35664378555,1.1518435664378555
2015-03-26,-0.022113918786236315,0.12637179135519983,112637.17913551998,-2547.177508265566,112637.17913551998,1.1263717913551998
2015-03-27,-8.990487642644974e-05,0.12627052503848768,112627.05250384877,-10.126631671213545,112627.05250384877,1.1262705250384877
2015-03-30,0.018090417315550236,0.14664522884663778,114664.52288466378,2037.470380815008,114664.52288466378,1.1466452288466378
2015-03-31,-0.00015305685354896986,0.14646972693577354,114646.97269357735,-17.55019108642591,114646.97269357735,1.1464697269357735
2015-04-01,0.011217759981156518,0.1593305491582011,115933.05491582012,1286.0822222427669,115933.05491582012,1.159330549158201
2015-04-06,0.008577713277041783,0.1692749542021954,116927.49542021954,994.4405043994193,116927.49542021954,1.1692749542021954
2015-04-07,4.612224673304511e-05,0.16932888379013167,116932.88837901317,5.392958793629077,116932.88837901317,1.1693288837901317
2015-04-08,0.006246964557533834,0.1766336398832693,117663.36398832694,730.4756093137694,117663.36398832694,1.1766336398832693
2015-04-09,0.007332623152276012,0.1852614509528243,118526.14509528244,862.7811069555028,118526.14509528244,1.1852614509528243
2015-04-10,0.00023350816594409665,0.1855382191804007,118553.82191804006,27.676822757624905,118553.82191804006,1.1855382191804007
2015-04-13,0.006110279546012169,0.19278218911207445,119278.21891120744,724.3969931673782,119278.21891120744,1.1927821891120745
2015-04-16,-0.014410211080767489,0.17559394599358957,117559.39459935896,-1718.8243118484825,117559.39459935896,1.1755939459935896
2015-04-17,-0.011565827816916771,0.16199722883161805,116199.7228831618,-1359.671716197161,116199.7228831618,1.161997228831618
2015-04-20,-0.018347709810016266,0.14067724087697253,114067.72408769725,-2131.9987954645476,114067.72408769725,1.1406772408769725
2015-04-21,-0.008327270348106673,0.1311785131122576,113117.85131122576,-949.8727764714858,113117.85131122576,1.1311785131122576
2015-04-22,0.006200972255378831,0.13819291968794745,113819.29196879474,701.4406575689791,113819.29196879474,1.1381929196879474
2015-04-23,-0.0037249712205021006,0.13395318381873067,113395.31838187306,-423.973586921682,113395.31838187306,1.1339531838187307
2015-04-24,-0.011079600258562378,0.1213894358300951,112138.9435830095,-1256.3747988635587,112138.9435830095,1.121389435830095
2015-04-27,0.0023462423993859307,0.12402048727066295,112402.0487270663,263.10514405679714,112402.0487270663,1.124020487270663
2015-04-28,0.0,0.12402048727066295,112402.0487270663,0.0,112402.0487270663,1.124020487270663
2015-04-29,0.0,0.12402048727066295,112402.0487270663,0.0,112402.0487270663,1.124020487270663
2015-04-30,0.0,0.12402048727066295,112402.0487270663,0.0,112402.0487270663,1.124020487270663
2015-05-04,0.0,0.12402048727066295,112402.0487270663,0.0,112402.0487270663,1.124020487270663
2015-05-05,0.0,0.12402048727066295,112402.0487270663,0.0,112402.0487270663,1.124020487270663
2015-05-06,0.0,0.12402048727066295,112402.0487270663,0.0,112402.0487270663,1.124020487270663
2015-05-07,0.0,0.12402048727066295,112402.0487270663,0.0,112402.0487270663,1.124020487270663
2015-05-08,0.0,0.12402048727066295,112402.0487270663,0.0,112402.0487270663,1.124020487270663
2015-05-11,0.0,0.12402048727066295,112402.0487270663,0.0,112402.0487270663,1.124020487270663
2015-05-12,0.0,0.12402048727066295,112402.0487270663,0.0,112402.0487270663,1.124020487270663
2015-05-13,0.0,0.12402048727066295,112402.0487270663,0.0,112402.0487270663,1.124020487270663
2015-05-14,0.0,0.12402048727066295,112402.0487270663,0.0,112402.0487270663,1.124020487270663
2015-05-15,0.0,0.12402048727066295,112402.0487270663,0.0,112402.0487270663,1.124020487270663
2015-05-18,0.0,0.12402048727066295,112402.0487270663,0.0,112402.0487270663,1.124020487270663
2015-05-19,0.0,0.12402048727066295,112402.0487270663,0.0,112402.0487270663,1.124020487270663
2015-05-20,0.0,0.12402048727066295,112402.0487270663,0.0,112402.0487270663,1.124020487270663
2015-05-21,0.0,0.12402048727066295,112402.0487270663,0.0,112402.0487270663,1.124020487270663
2015-05-22,0.0,0.12402048727066295,112402.0487270663,0.0,112402.0487270663,1.124020487270663
2015-05-25,0.0,0.12402048727066295,112402.0487270663,0.0,112402.0487270663,1.124020487270663
2015-05-26,0.0,0.12402048727066295,112402.0487270663,0.0,112402.0487270663,1.124020487270663
2015-05-27,0.0,0.12402048727066295,112402.0487270663,0.0,112402.0487270663,1.124020487270663
2015-05-28,0.0,0.12402048727066295,112402.0487270663,0.0,112402.0487270663,1.124020487270663
2015-05-29,0.0,0.12402048727066295,112402.0487270663,0.0,112402.0487270663,1.124020487270663
2015-06-01,0.0,0.12402048727066295,112402.0487270663,0.0,112402.0487270663,1.124020487270663
2015-06-02,0.0,0.12402048727066295,112402.0487270663,0.0,112402.0487270663,1.124020487270663
2015-06-03,0.0,0.12402048727066295,112402.0487270663,0.0,112402.0487270663,1.124020487270663
2015-06-04,0.0,0.12402048727066295,112402.0487270663,0.0,112402.0487270663,1.124020487270663
2015-06-05,0.0,0.12402048727066295,112402.0487270663,0.0,112402.0487270663,1.124020487270663
2015-06-08,0.0,0.12402048727066295,112402.0487270663,0.0,112402.0487270663,1.124020487270663
2015-06-09,0.0,0.12402048727066295,112402.0487270663,0.0,112402.0487270663,1.124020487270663
2015-06-10,0.0,0.12402048727066295,112402.0487270663,0.0,112402.0487270663,1.124020487270663
2015-06-11,0.0,0.12402048727066295,112402.0487270663,0.0,112402.0487270663,1.124020487270663
2015-06-12,0.0,0.12402048727066295,112402.0487270663,0.0,112402.0487270663,1.124020487270663
2015-06-15,0.0,0.12402048727066295,112402.0487270663,0.0,112402.0487270663,1.124020487270663
2015-06-16,0.0,0.12402048727066295,112402.0487270663,0.0,112402.0487270663,1.124020487270663
2015-06-17,0.0,0.12402048727066295,112402.0487270663,0.0,112402.0487270663,1.124020487270663
2015-06-18,0.0,0.12402048727066295,112402.0487270663,0.0,112402.0487270663,1.124020487270663
2015-06-19,0.0,0.12402048727066295,112402.0487270663,0.0,112402.0487270663,1.124020487270663
2015-06-22,0.0,0.12402048727066295,112402.0487270663,0.0,112402.0487270663,1.124020487270663
2015-06-23,0.0,0.12402048727066295,112402.0487270663,0.0,112402.0487270663,1.124020487270663
2015-06-24,0.0,0.12402048727066295,112402.0487270663,0.0,112402.0487270663,1.124020487270663
2015-06-25,0.0,0.12402048727066295,112402.0487270663,0.0,112402.0487270663,1.124020487270663
2015-06-26,0.0,0.12402048727066295,112402.0487270663,0.0,112402.0487270663,1.124020487270663
2015-06-29,0.0,0.12402048727066295,112402.0487270663,0.0,112402.0487270663,1.124020487270663
2015-06-30,0.0,0.12402048727066295,112402.0487270663,0.0,112402.0487270663,1.124020487270663
2015-07-01,0.0,0.12402048727066295,112402.0487270663,0.0,112402.0487270663,1.124020487270663
2015-07-02,0.0,0.12402048727066295,112402.0487270663,0.0,112402.0487270663,1.124020487270663
2015-07-03,0.0,0.12402048727066295,112402.0487270663,0.0,112402.0487270663,1.124020487270663
2015-07-06,0.0,0.12402048727066295,112402.0487270663,0.0,112402.0487270663,1.124020487270663
2015-07-07,0.0,0.12402048727066295,112402.0487270663,0.0,112402.0487270663,1.124020487270663
2015-07-08,0.0,0.12402048727066295,112402.0487270663,0.0,112402.0487270663,1.124020487270663
2015-07-09,0.0,0.12402048727066295,112402.0487270663,0.0,112402.0487270663,1.124020487270663
2015-07-10,0.0,0.12402048727066295,112402.0487270663,0.0,112402.0487270663,1.124020487270663
2015-07-13,0.0,0.12402048727066295,112402.0487270663,0.0,112402.0487270663,1.124020487270663
2015-07-14,0.0,0.12402048727066295,112402.0487270663,0.0,112402.0487270663,1.124020487270663
2015-07-15,0.0,0.12402048727066295,112402.0487270663,0.0,112402.0487270663,1.124020487270663
2015-07-16,0.0,0.12402048727066295,112402.0487270663,0.0,112402.0487270663,1.124020487270663
2015-07-17,0.0,0.12402048727066295,112402.0487270663,0.0,112402.0487270663,1.124020487270663
2015-07-20,0.0,0.12402048727066295,112402.0487270663,0.0,112402.0487270663,1.124020487270663
2015-07-21,-0.009076423261931059,0.11381840157311252,111381.84015731125,-1020.2085697550501,111381.84015731125,1.1138184015731125
2015-07-22,0.012198887654526933,0.1274057471214476,112740.57471214476,1358.7345548335143,112740.57471214476,1.1274057471214476
2015-07-23,-0.0050617009686106445,0.12169915635922579,112169.91563592257,-570.6590762221895,112169.91563592257,1.1216991563592258
2015-07-24,-0.007945470389514271,0.11278672892643038,111278.67289264304,-891.2427432795375,111278.67289264304,1.1127867289264304
2015-07-27,-0.018840446675461007,0.09182132989893121,109182.13298989311,-2096.5399027499225,109182.13298989311,1.0918213298989312
2015-07-28,-0.0028704700394689632,0.0886872894830033,108868.72894830033,-313.4040415927884,108868.72894830033,1.0886872894830033
2015-07-29,0.004563968416396786,0.09365602388753635,109365.60238875363,496.87344045330246,109365.60238875363,1.0936560238875364
2015-07-30,0.005582056356707767,0.09976087344772955,109976.08734477295,610.4849560193252,109976.08734477295,1.0997608734477295
2015-07-31,0.013185994355469082,0.11426231411737708,111426.23141173771,1450.1440669647563,111426.23141173771,1.114262314117377
2015-08-03,0.001195403151286423,0.1155943067990326,111559.43067990326,133.1992681655538,111559.43067990326,1.1155943067990326
2015-08-04,-0.003060899170709743,0.11217958511050297,111217.9585110503,-341.472168852968,111217.9585110503,1.112179585110503
2015-08-05,0.005993941733038606,0.1188459247403304,111884.59247403304,666.6339629827417,111884.59247403304,1.1188459247403304
2015-08-06,0.0024160032260487478,0.12154906010395461,112154.90601039545,270.3135363624169,112154.90601039545,1.1215490601039546
2015-08-07,-0.0028002980859778382,0.11840838841761525,111840.83884176152,-314.06716863393376,111840.83884176152,1.1184083884176153
2015-08-10,-0.004553627931107222,0.1133155727417321,111331.5572741732,-509.28156758831756,111331.5572741732,1.113315572741732
2015-08-11,-0.007418833032042513,0.10505607039558851,110505.60703955885,-825.9502346143563,110505.60703955885,1.1050560703955885
2015-08-12,-0.013341379081930694,0.09031309845365221,109031.30984536522,-1474.2971941936266,109031.30984536522,1.0903130984536522
2015-08-13,0.0007664473603414896,0.09114876604990774,109114.87660499077,83.56675962555164,109114.87660499077,1.0911487660499077
2015-08-14,0.01947141259339511,0.11239497387443942,111239.49738744395,2124.620782453174,111239.49738744395,1.1123949738744394
2015-08-17,-0.004842373519645489,0.1070083419095631,110700.83419095632,-538.6631964876287,110700.83419095632,1.107008341909563
2015-08-18,-0.00126809246430754,0.10560455297326188,110560.45529732619,-140.378893630128,110560.45529732619,1.1056045529732619
2015-08-19,0.0033780685872378973,0.10933936098356822,110933.93609835682,373.48080103062966,110933.93609835682,1.1093393609835682
2015-08-20,-0.014408266481082841,0.09335570385256275,109335.57038525627,-1598.3657131005457,109335.57038525627,1.0933557038525628
2015-08-21,-0.008694849922367203,0.08384914009580058,108384.91400958005,-950.6563756762189,108384.91400958005,1.0838491400958006
2015-08-24,-0.0591509808805564,0.019738400332586448,101973.84003325865,-6411.073976321408,101973.84003325865,1.0197384003325864
2015-08-25,0.009181738418811628,0.029101371580057656,102910.13715800576,936.2971247471141,102910.13715800576,1.0291013715800577
2015-08-26,-0.011274391291918288,0.01749888003781419,101749.88800378142,-1160.249154224337,101749.88800378142,1.0174988800378142
2015-08-27,0.020162104723177993,0.038013799012852845,103801.37990128528,2051.49189750386,103801.37990128528,1.0380137990128528
2015-08-28,0.012477840774719048,0.05096596991889646,105096.59699188964,1295.2170906043611,105096.59699188964,1.0509659699188965
2015-08-31,0.0,0.05096596991889646,105096.59699188964,0.0,105096.59699188964,1.0509659699188965
2015-09-01,0.0,0.05096596991889646,105096.59699188964,0.0,105096.59699188964,1.0509659699188965
2015-09-02,0.0,0.05096596991889646,105096.59699188964,0.0,105096.59699188964,1.0509659699188965
2015-09-03,0.0,0.05096596991889646,105096.59699188964,0.0,105096.59699188964,1.0509659699188965
2015-09-04,0.0,0.05096596991889646,105096.59699188964,0.0,105096.59699188964,1.0509659699188965
2015-09-07,0.0,0.05096596991889646,105096.59699188964,0.0,105096.59699188964,1.0509659699188965
2015-09-08,0.0,0.05096596991889646,105096.59699188964,0.0,105096.59699188964,1.0509659699188965
2015-09-09,0.0,0.05096596991889646,105096.59699188964,0.0,105096.59699188964,1.0509659699188965
2015-09-10,0.0,0.05096596991889646,105096.59699188964,0.0,105096.59699188964,1.0509659699188965
2015-09-11,0.0,0.05096596991889646,105096.59699188964,0.0,105096.59699188964,1.0509659699188965
2015-09-14,0.0,0.05096596991889646,105096.59699188964,0.0,105096.59699188964,1.0509659699188965
2015-09-15,0.0,0.05096596991889646,105096.59699188964,0.0,105096.59699188964,1.0509659699188965
2015-09-16,0.0,0.05096596991889646,105096.59699188964,0.0,105096.59699188964,1.0509659699188965
2015-09-18,0.0,0.05096596991889646,105096.59699188964,0.0,105096.59699188964,1.0509659699188965
2015-09-21,0.0,0.05096596991889646,105096.59699188964,0.0,105096.59699188964,1.0509659699188965
2015-09-22,0.0,0.05096596991889646,105096.59699188964,0.0,105096.59699188964,1.0509659699188965
2015-09-23,0.0,0.05096596991889646,105096.59699188964,0.0,105096.59699188964,1.0509659699188965
2015-09-24,0.0,0.05096596991889646,105096.59699188964,0.0,105096.59699188964,1.0509659699188965
2015-09-28,0.0,0.05096596991889646,105096.59699188964,0.0,105096.59699188964,1.0509659699188965
2015-09-29,0.0,0.05096596991889646,105096.59699188964,0.0,105096.59699188964,1.0509659699188965
2015-09-30,0.0,0.05096596991889646,105096.59699188964,0.0,105096.59699188964,1.0509659699188965
2015-10-01,0.0,0.05096596991889646,105096.59699188964,0.0,105096.59699188964,1.0509659699188965
2015-10-05,0.0,0.05096596991889646,105096.59699188964,0.0,105096.59699188964,1.0509659699188965
2015-10-06,0.0,0.05096596991889646,105096.59699188964,0.0,105096.59699188964,1.0509659699188965
2015-10-07,0.0,0.05096596991889646,105096.59699188964,0.0,105096.59699188964,1.0509659699188965
2015-10-08,0.0,0.05096596991889646,105096.59699188964,0.0,105096.59699188964,1.0509659699188965
2015-10-09,0.0,0.05096596991889646,105096.59699188964,0.0,105096.59699188964,1.0509659699188965
2015-10-12,0.0,0.05096596991889646,105096.59699188964,0.0,105096.59699188964,1.0509659699188965
2015-10-13,0.0,0.05096596991889646,105096.59699188964,0.0,105096.59699188964,1.0509659699188965
2015-10-14,0.0,0.05096596991889646,105096.59699188964,0.0,105096.59699188964,1.0509659699188965
2015-10-15,0.0,0.05096596991889646,105096.59699188964,0.0,105096.59699188964,1.0509659699188965
2015-10-16,0.0,0.05096596991889646,105096.59699188964,0.0,105096.59699188964,1.0509659699188965
2015-10-19,0.0,0.05096596991889646,105096.59699188964,0.0,105096.59699188964,1.0509659699188965
2015-10-20,0.0,0.05096596991889646,105096.59699188964,0.0,105096.59699188964,1.0509659699188965
2015-10-21,0.0,0.05096596991889646,105096.59699188964,0.0,105096.59699188964,1.0509659699188965
2015-10-23,0.0,0.05096596991889646,105096.59699188964,0.0,105096.59699188964,1.0509659699188965
2015-10-26,0.0,0.05096596991889646,105096.59699188964,0.0,105096.59699188964,1.0509659699188965
2015-10-27,0.0,0.05096596991889646,105096.59699188964,0.0,105096.59699188964,1.0509659699188965
2015-10-28,0.0,0.05096596991889646,105096.59699188964,0.0,105096.59699188964,1.0509659699188965
2015-10-29,0.0,0.05096596991889646,105096.59699188964,0.0,105096.59699188964,1.0509659699188965
2015-10-30,0.0,0.05096596991889646,105096.59699188964,0.0,105096.59699188964,1.0509659699188965
2015-11-02,0.0,0.05096596991889646,105096.59699188964,0.0,105096.59699188964,1.0509659699188965
2015-11-03,0.0,0.05096596991889646,105096.59699188964,0.0,105096.59699188964,1.0509659699188965
2015-11-04,0.0,0.05096596991889646,105096.59699188964,0.0,105096.59699188964,1.0509659699188965
2015-11-05,0.0,0.05096596991889646,105096.59699188964,0.0,105096.59699188964,1.0509659699188965
2015-11-06,0.0,0.05096596991889646,105096.59699188964,0.0,105096.59699188964,1.0509659699188965
2015-11-09,0.0,0.05096596991889646,105096.59699188964,0.0,105096.59699188964,1.0509659699188965
2015-11-10,0.0,0.05096596991889646,105096.59699188964,0.0,105096.59699188964,1.0509659699188965
2015-11-13,0.0,0.05096596991889646,105096.59699188964,0.0,105096.59699188964,1.0509659699188965
2015-11-16,0.0,0.05096596991889646,105096.59699188964,0.0,105096.59699188964,1.0509659699188965
2015-11-17,0.0,0.05096596991889646,105096.59699188964,0.0,105096.59699188964,1.0509659699188965
2015-11-18,0.0,0.05096596991889646,105096.59699188964,0.0,105096.59699188964,1.0509659699188965
2015-11-19,0.0,0.05096596991889646,105096.59699188964,0.0,105096.59699188964,1.0509659699188965
2015-11-20,0.0,0.05096596991889646,105096.59699188964,0.0,105096.59699188964,1.0509659699188965
2015-11-23,0.0,0.05096596991889646,105096.59699188964,0.0,105096.59699188964,1.0509659699188965
2015-11-24,0.0,0.05096596991889646,105096.59699188964,0.0,105096.59699188964,1.0509659699188965
2015-11-26,0.0,0.05096596991889646,105096.59699188964,0.0,105096.59699188964,1.0509659699188965
2015-11-27,0.0,0.05096596991889646,105096.59699188964,0.0,105096.59699188964,1.0509659699188965
2015-11-30,0.0,0.05096596991889646,105096.59699188964,0.0,105096.59699188964,1.0509659699188965
2015-12-01,0.0,0.05096596991889646,105096.59699188964,0.0,105096.59699188964,1.0509659699188965
2015-12-02,0.0,0.05096596991889646,105096.59699188964,0.0,105096.59699188964,1.0509659699188965
2015-12-03,0.0,0.05096596991889646,105096.59699188964,0.0,105096.59699188964,1.0509659699188965
2015-12-04,0.0,0.05096596991889646,105096.59699188964,0.0,105096.59699188964,1.0509659699188965
2015-12-07,0.0,0.05096596991889646,105096.59699188964,0.0,105096.59699188964,1.0509659699188965
2015-12-08,0.0,0.05096596991889646,105096.59699188964,0.0,105096.59699188964,1.0509659699188965
2015-12-09,0.0,0.05096596991889646,105096.59699188964,0.0,105096.59699188964,1.0509659699188965
2015-12-10,0.0,0.05096596991889646,105096.59699188964,0.0,105096.59699188964,1.0509659699188965
2015-12-11,0.0,0.05096596991889646,105096.59699188964,0.0,105096.59699188964,1.0509659699188965
2015-12-14,0.0,0.05096596991889646,105096.59699188964,0.0,105096.59699188964,1.0509659699188965
2015-12-15,0.0,0.05096596991889646,105096.59699188964,0.0,105096.59699188964,1.0509659699188965
2015-12-16,0.0,0.05096596991889646,105096.59699188964,0.0,105096.59699188964,1.0509659699188965
2015-12-17,0.0,0.05096596991889646,105096.59699188964,0.0,105096.59699188964,1.0509659699188965
2015-12-18,0.0,0.05096596991889646,105096.59699188964,0.0,105096.59699188964,1.0509659699188965
2015-12-21,0.0,0.05096596991889646,105096.59699188964,0.0,105096.59699188964,1.0509659699188965
2015-12-22,0.0,0.05096596991889646,105096.59699188964,0.0,105096.59699188964,1.0509659699188965
2015-12-23,0.0,0.05096596991889646,105096.59699188964,0.0,105096.59699188964,1.0509659699188965
2015-12-24,0.0,0.05096596991889646,105096.59699188964,0.0,105096.59699188964,1.0509659699188965
2015-12-28,0.0,0.05096596991889646,105096.59699188964,0.0,105096.59699188964,1.0509659699188965
2015-12-29,0.0,0.05096596991889646,105096.59699188964,0.0,105096.59699188964,1.0509659699188965
2015-12-30,0.0,0.05096596991889646,105096.59699188964,0.0,105096.59699188964,1.0509659699188965
2015-12-31,0.0,0.05096596991889646,105096.59699188964,0.0,105096.59699188964,1.0509659699188965
2016-01-04,0.0,0.05096596991889646,105096.59699188964,0.0,105096.59699188964,1.0509659699188965
2016-01-05,0.0,0.05096596991889646,105096.59699188964,0.0,105096.59699188964,1.0509659699188965
2016-01-06,0.0,0.05096596991889646,105096.59699188964,0.0,105096.59699188964,1.0509659699188965
2016-01-07,0.0,0.05096596991889646,105096.59699188964,0.0,105096.59699188964,1.0509659699188965
2016-01-08,0.0,0.05096596991889646,105096.59699188964,0.0,105096.59699188964,1.0509659699188965
2016-01-11,0.0,0.05096596991889646,105096.59699188964,0.0,105096.59699188964,1.0509659699188965
2016-01-12,0.0,0.05096596991889646,105096.59699188964,0.0,105096.59699188964,1.0509659699188965
2016-01-13,0.0,0.05096596991889646,105096.59699188964,0.0,105096.59699188964,1.0509659699188965
2016-01-14,0.0,0.05096596991889646,105096.59699188964,0.0,105096.59699188964,1.0509659699188965
2016-01-15,0.0,0.05096596991889646,105096.59699188964,0.0,105096.59699188964,1.0509659699188965
2016-01-18,0.0,0.05096596991889646,105096.59699188964,0.0,105096.59699188964,1.0509659699188965
2016-01-19,0.0,0.05096596991889646,105096.59699188964,0.0,105096.59699188964,1.0509659699188965
2016-01-20,0.0,0.05096596991889646,105096.59699188964,0.0,105096.59699188964,1.0509659699188965
2016-01-21,0.0,0.05096596991889646,105096.59699188964,0.0,105096.59699188964,1.0509659699188965
2016-01-22,0.0,0.05096596991889646,105096.59699188964,0.0,105096.59699188964,1.0509659699188965
2016-01-25,0.0,0.05096596991889646,105096.59699188964,0.0,105096.59699188964,1.0509659699188965
2016-01-27,0.0,0.05096596991889646,105096.59699188964,0.0,105096.59699188964,1.0509659699188965
2016-01-28,0.0,0.05096596991889646,105096.59699188964,0.0,105096.59699188964,1.0509659699188965
2016-01-29,0.0,0.05096596991889646,105096.59699188964,0.0,105096.59699188964,1.0509659699188965
2016-02-01,0.0,0.05096596991889646,105096.59699188964,0.0,105096.59699188964,1.0509659699188965
2016-02-02,0.0,0.05096596991889646,105096.59699188964,0.0,105096.59699188964,1.0509659699188965
2016-02-03,0.0,0.05096596991889646,105096.59699188964,0.0,105096.59699188964,1.0509659699188965
2016-02-04,0.0,0.05096596991889646,105096.59699188964,0.0,105096.59699188964,1.0509659699188965
2016-02-05,0.0,0.05096596991889646,105096.59699188964,0.0,105096.59699188964,1.0509659699188965
2016-02-08,0.0,0.05096596991889646,105096.59699188964,0.0,105096.59699188964,1.0509659699188965
2016-02-09,0.0,0.05096596991889646,105096.59699188964,0.0,105096.59699188964,1.0509659699188965
2016-02-10,0.0,0.05096596991889646,105096.59699188964,0.0,105096.59699188964,1.0509659699188965
2016-02-11,0.0,0.05096596991889646,105096.59699188964,0.0,105096.59699188964,1.0509659699188965
2016-02-12,0.0,0.05096596991889646,105096.59699188964,0.0,105096.59699188964,1.0509659699188965
2016-02-15,0.0,0.05096596991889646,105096.59699188964,0.0,105096.59699188964,1.0509659699188965
2016-02-16,0.0,0.05096596991889646,105096.59699188964,0.0,105096.59699188964,1.0509659699188965
2016-02-17,0.0,0.05096596991889646,105096.59699188964,0.0,105096.59699188964,1.0509659699188965
2016-02-18,0.0,0.05096596991889646,105096.59699188964,0.0,105096.59699188964,1.0509659699188965
2016-02-19,0.0,0.05096596991889646,105096.59699188964,0.0,105096.59699188964,1.0509659699188965
2016-02-22,0.0,0.05096596991889646,105096.59699188964,0.0,105096.59699188964,1.0509659699188965
2016-02-23,0.0,0.05096596991889646,105096.59699188964,0.0,105096.59699188964,1.0509659699188965
2016-02-24,0.0,0.05096596991889646,105096.59699188964,0.0,105096.59699188964,1.0509659699188965
2016-02-25,0.0,0.05096596991889646,105096.59699188964,0.0,105096.59699188964,1.0509659699188965
2016-02-26,0.0,0.05096596991889646,105096.59699188964,0.0,105096.59699188964,1.0509659699188965
2016-02-29,0.0,0.05096596991889646,105096.59699188964,0.0,105096.59699188964,1.0509659699188965
2016-03-01,0.0,0.05096596991889646,105096.59699188964,0.0,105096.59699188964,1.0509659699188965
2016-03-02,0.0,0.05096596991889646,105096.59699188964,0.0,105096.59699188964,1.0509659699188965
2016-03-03,0.0,0.05096596991889646,105096.59699188964,0.0,105096.59699188964,1.0509659699188965
2016-03-04,0.0,0.05096596991889646,105096.59699188964,0.0,105096.59699188964,1.0509659699188965
2016-03-08,0.0,0.05096596991889646,105096.59699188964,0.0,105096.59699188964,1.0509659699188965
2016-03-09,0.0,0.05096596991889646,105096.59699188964,0.0,105096.59699188964,1.0509659699188965
2016-03-10,0.0,0.05096596991889646,105096.59699188964,0.0,105096.59699188964,1.0509659699188965
2016-03-11,0.0,0.05096596991889646,105096.59699188964,0.0,105096.59699188964,1.0509659699188965
2016-03-14,0.0,0.05096596991889646,105096.59699188964,0.0,105096.59699188964,1.0509659699188965
2016-03-15,0.0,0.05096596991889646,105096.59699188964,0.0,105096.59699188964,1.0509659699188965
2016-03-16,0.0,0.05096596991889646,105096.59699188964,0.0,105096.59699188964,1.0509659699188965
2016-03-17,0.0,0.05096596991889646,105096.59699188964,0.0,105096.59699188964,1.0509659699188965
2016-03-18,0.0,0.05096596991889646,105096.59699188964,0.0,105096.59699188964,1.0509659699188965
2016-03-21,0.0,0.05096596991889646,105096.59699188964,0.0,105096.59699188964,1.0509659699188965
2016-03-22,0.0,0.05096596991889646,105096.59699188964,0.0,105096.59699188964,1.0509659699188965
2016-03-23,0.0,0.05096596991889646,105096.59699188964,0.0,105096.59699188964,1.0509659699188965
2016-03-28,0.0,0.05096596991889646,105096.59699188964,0.0,105096.59699188964,1.0509659699188965
2016-03-29,0.0,0.05096596991889646,105096.59699188964,0.0,105096.59699188964,1.0509659699188965
2016-03-30,0.0,0.05096596991889646,105096.59699188964,0.0,105096.59699188964,1.0509659699188965
2016-03-31,0.0,0.05096596991889646,105096.59699188964,0.0,105096.59699188964,1.0509659699188965
2016-04-01,0.0,0.05096596991889646,105096.59699188964,0.0,105096.59699188964,1.0509659699188965
2016-04-04,0.0,0.05096596991889646,105096.59699188964,0.0,105096.59699188964,1.0509659699188965
2016-04-05,-0.017904556795272288,0.0321488900205853,103214.88900205852,-1881.7079898311204,103214.88900205852,1.0321488900205853
2016-04-06,0.0014664749128431606,0.0336625104741195,103366.25104741195,151.36204535342404,103366.25104741195,1.0336625104741195
2016-04-07,-0.008917360178204842,0.02444496956551423,102444.49695655142,-921.7540908605297,102444.49695655142,1.0244449695655142
2016-04-08,0.0011594855559286788,0.025632798710569338,102563.27987105693,118.78291450551478,102563.27987105693,1.0256327987105693
2016-04-11,0.015380096361092352,0.041407129985834734,104140.71299858348,1577.433127526543,104140.71299858348,1.0414071299858347
2016-04-12,0.004894842329530718,0.046504653687964526,104650.46536879645,509.75237021296925,104650.46536879645,1.0465046536879645
2016-04-13,0.018355287868643957,0.06571354786228256,106571.35478622826,1920.889417431812,106571.35478622826,1.0657135478622826
2016-04-18,0.008184244011682749,0.07443560758454382,107443.56075845438,872.2059722261183,107443.56075845438,1.0744356075845438
2016-04-20,6.292681500367751e-06,0.07444236866561504,107444.2368665615,0.6761081071308581,107444.2368665615,1.074442368665615
2016-04-21,-0.00034115989923876305,0.07407581201538327,107407.58120153833,-36.65566502317961,107407.58120153833,1.0740758120153833
2016-04-22,-0.001611466094721276,0.07234497526116024,107234.49752611603,-173.08367542229826,107234.49752611603,1.0723449752611602
2016-04-25,-0.0056017623199643264,0.06633795358473926,106633.79535847393,-600.7021676420991,106633.79535847393,1.0663379535847393
2016-04-26,0.0136982069282412,0.08094487152838026,108094.48715283803,1460.691794364102,108094.48715283803,1.0809448715283803
2016-04-27,0.0021663642394879855,0.08328659184291731,108328.65918429173,234.17203145369422,108328.65918429173,1.0832865918429173
2016-04-28,-0.016623003291656557,0.06527911526090513,106527.91152609051,-1800.7476582012168,106527.91152609051,1.0652791152609051
2016-04-29,0.00032492971263818534,0.06562525609770642,106562.52560977064,34.61408368013508,106562.52560977064,1.0656252560977064
2016-05-02,-0.005592486870497668,0.05966576084410935,105966.57608441093,-595.9495253597124,105966.57608441093,1.0596657608441094
2016-05-03,-0.007545562085169077,0.05166998705613213,105166.99870561321,-799.5773787977232,105166.99870561321,1.0516699870561321
2016-05-04,-0.005221401227894669,0.04617879609437714,104617.87960943772,-549.119096175491,104617.87960943772,1.0461787960943771
2016-05-05,0.0037565701962882373,0.05010884017977402,105010.8840179774,393.0044085396803,105010.8840179774,1.050108840179774
2016-05-06,-0.00026498670900394284,0.04983057529411883,104983.05752941189,-27.826488565508043,104983.05752941189,1.0498305752941188
2016-05-09,0.017146242107484316,0.0678312245099515,106783.12245099514,1800.0649215832527,106783.12245099514,1.0678312245099515
2016-05-10,0.0027650473287162305,0.07078382838480257,107078.38283848026,295.2603874851193,107078.38283848026,1.0707838283848026
2016-05-11,-0.004937968507783789,0.06549633156159418,106549.63315615941,-528.7496823208494,106549.63315615941,1.0654963315615942
2016-05-12,0.006567816182767119,0.07249431561070341,107249.43156107033,699.7984049109218,107249.43156107033,1.0724943156107034
2016-05-13,-0.010822236982540008,0.0608875279647374,106088.75279647374,-1160.678764596596,106088.75279647374,1.0608875279647374
2016-05-16,0.005867010227795649,0.0671117659418472,106711.17659418473,622.4237977109879,106711.17659418473,1.0671117659418472
2016-05-17,0.0038164297299875965,0.07118432301060729,107118.43230106073,407.255706876007,107118.43230106073,1.0711843230106073
2016-05-18,-0.0026106640884896873,0.06838782056637038,106838.78205663704,-279.6502444236976,106838.78205663704,1.0683878205663704
2016-05-19,-0.011022661712474579,0.05661134304253923,105661.13430425392,-1177.6477523831127,105661.13430425392,1.0566113430425392
2016-05-20,-0.004329689782623438,0.0520365437063639,105203.65437063639,-457.4799336175347,105203.65437063639,1.052036543706364
2016-05-23,-0.0024065951139994957,0.04950471770053122,104950.47177005312,-253.18260058326996,104950.47177005312,1.0495047177005312
2016-05-24,0.0023024418957897936,0.051921141332393894,105192.11413323939,241.6423631862708,105192.11413323939,1.051921141332394
2016-05-25,0.024009988881288774,0.0771777562397773,107717.77562397772,2525.6614907383337,107717.77562397772,1.0771777562397773
2016-05-26,0.016981940750153454,0.0954703250736244,109547.03250736244,1829.256883384718,109547.03250736244,1.0954703250736244
2016-05-27,0.010781136858828498,0.1072807405730285,110728.07405730285,1181.0415499404044,110728.07405730285,1.1072807405730285
2016-05-30,0.0026788078338352544,0.11024693289513054,111024.69328951306,296.61923221021425,111024.69328951306,1.1102469328951305
2016-05-31,-0.0022497893677019013,0.10774911114997932,110774.91111499793,-249.78217451513046,110774.91111499793,1.1077491111499793
2016-06-01,0.0024325801667495917,0.11044379966749718,111044.37996674972,269.4688517517934,111044.37996674972,1.1104437996674972
2016-06-02,0.004767755190288182,0.11573812385688531,111573.81238568854,529.4324189388135,111573.81238568854,1.1157381238568853
2016-06-03,0.0002250420468607882,0.11598921184803879,111598.92118480388,25.10879911534721,111598.92118480388,1.1159892118480388
2016-06-06,-0.0024024426417413244,0.11330811177777189,111330.81117777718,-268.11000702669844,111330.81117777718,1.113308111777772
2016-06-07,0.007974636440766266,0.12218633921575561,112218.63392157556,887.8227437983733,112218.63392157556,1.1221863392157556
2016-06-08,0.0007983607496652331,0.12308224874279605,112308.22487427961,89.59095270404941,112308.22487427961,1.123082248742796
2016-06-09,-0.008394751264902287,0.11365425261457318,111365.42526145732,-942.7996128222876,111365.42526145732,1.1136542526145732
2016-06-10,-0.0040896443372442975,0.10909980280671983,110909.98028067198,-455.444980785338,110909.98028067198,1.1090998028067198
2016-06-13,-0.007276541569812856,0.1010293919865255,110102.93919865254,-807.0410820194375,110102.93919865254,1.1010293919865255
2016-06-14,-0.00021576701833760784,0.10079182615751447,110079.18261575144,-23.756582901100046,110079.18261575144,1.1007918261575145
2016-06-15,0.012054669964487705,0.1140615083214489,111406.1508321449,1326.9682163934485,111406.1508321449,1.114061508321449
2016-06-16,-0.008023982222768023,0.10512229858360755,110512.22985836076,-893.9209737841302,110512.22985836076,1.1051222985836076
2016-06-17,0.0036176267926788072,0.10912021862015053,110912.02186201506,399.7920036542928,110912.02186201506,1.1091202186201505
2016-06-20,0.008359624373303084,0.11839204703265072,111839.20470326507,927.1828412500181,111839.20470326507,1.1183920470326507
2016-06-21,-0.0022576451265400254,0.11586711467810629,111586.71146781063,-252.4932354544435,111586.71146781063,1.1158671146781063
2016-06-22,-0.001970850562979659,0.11366790734693244,111366.79073469325,-219.92073311738204,111366.79073469325,1.1136679073469324
2016-06-23,0.008136572328440303,0.12272934682492354,112272.93468249236,906.143947799108,112272.93468249236,1.1227293468249235
2016-06-24,-0.021987932139331232,0.09804285013610148,109804.28501361015,-2468.649668882208,109804.28501361015,1.0980428501361015
2016-06-27,0.0007541598771853688,0.09887094999710433,109887.09499971043,82.80998610028473,109887.09499971043,1.0988709499971043
2016-06-28,0.0040952600521198465,0.10337111230106233,110337.11123010624,450.0162303958059,110337.11123010624,1.1033711123010623
2016-06-29,0.009369009200318374,0.1137086064035766,111370.86064035766,1033.7494102514174,111370.86064035766,1.1137086064035766
2016-06-30,0.010208434909800097,0.12507782822053182,112507.78282205318,1136.922181695525,112507.78282205318,1.1250778282205318
2016-07-01,0.004898749283581189,0.13058930242550026,113058.93024255002,551.1474204968399,113058.93024255002,1.1305893024255003
2016-07-04,0.00508511144751021,0.13633847502969676,113633.84750296967,574.9172604196501,113633.84750296967,1.1363384750296968
2016-07-05,-0.00415138509194961,0.1316210964250497,113162.10964250498,-471.7378604646947,113162.10964250498,1.1316210964250497
2016-07-07,0.00023394997172567568,0.13188583914856244,113188.58391485624,26.47427235126088,113188.58391485624,1.1318858391485624
2016-07-08,-0.0017630571995113616,0.12989025967082668,112989.02596708266,-199.5579477735737,112989.02596708266,1.1298902596708267
2016-07-11,0.017385163388715912,0.1495335864465226,114953.35864465225,1964.3326775695896,114953.35864465225,1.1495335864465226
2016-07-12,0.006276575256050826,0.15674872051121214,115674.87205112122,721.5134064689628,115674.87205112122,1.1567487205112121
2016-07-13,-0.0001818795480631318,0.15653833157670283,115653.83315767028,-21.038893450939213,115653.83315767028,1.1565383315767028
2016-07-14,0.005340689007570867,0.16271504313098895,116271.50431309889,617.6711554286157,116271.50431309889,1.162715043130989
2016-07-15,-0.0027553542761237595,0.1595113512649846,115951.13512649846,-320.3691866004374,115951.13512649846,1.1595113512649846
2016-07-18,-0.0038284348955695342,0.15507223754599275,115507.22375459927,-443.91137189918663,115507.22375459927,1.1550722375459928
2016-07-19,0.0023328603569714775,0.1577668597784021,115776.68597784021,269.4622232409456,115776.68597784021,1.157766859778402
2016-07-20,0.004373522526303254,0.16283037921985044,116283.03792198504,506.35194414482976,116283.03792198504,1.1628303792198504
2016-07-21,-0.006508402848794325,0.15526221066707135,115526.22106670713,-756.8168552779098,115526.22106670713,1.1552622106670714
2016-07-22,0.0036545501656923725,0.1594841743704829,115948.4174370483,422.1963703411602,115948.4174370483,1.159484174370483
2016-07-25,0.011058187743255949,0.17230596805600573,117230.59680560058,1282.1793685522862,117230.59680560058,1.1723059680560057
2016-07-26,-0.0052109566696739735,0.16619713245286571,116619.71324528658,-610.8835603140033,116619.71324528658,1.1661971324528657
2016-07-27,0.0029275331807176817,0.16961121325337936,116961.12132533794,341.40808005136205,116961.12132533794,1.1696112132533794
2016-07-28,0.005861324676151951,0.17646668431912538,117646.66843191253,685.5471065745951,117646.66843191253,1.1764666843191254
2016-07-29,-0.00320780555877647,0.1726928079494512,117269.28079494512,-377.3876369674108,117269.28079494512,1.1726928079494512
2016-08-01,-0.0002257562438502055,0.17242806522593823,117242.80652259382,-26.474272351304535,117242.80652259382,1.1724280652259382
2016-08-02,-0.001580424402241247,0.1705751313017827,117057.51313017827,-185.29339241555135,117057.51313017827,1.1705751313017827
2016-08-03,-0.009051569392458535,0.1599795892717184,115997.95892717184,-1059.5542030064244,115997.95892717184,1.1599795892717184
2016-08-04,0.0007314347572768044,0.16082803866104345,116082.80386610434,84.844938932496,116082.80386610434,1.1608280386610434
2016-08-05,0.015442549763451018,0.1787541834148758,117875.41834148759,1792.6144753832486,117875.41834148759,1.1787541834148758
2016-08-08,0.003247579217382444,0.18258228100333662,118258.22810033367,382.8097588460805,118258.22810033367,1.1825822810033366
2016-08-09,-0.003799596028080286,0.17808894606555814,117808.89460655581,-449.33349377785635,117808.89460655581,1.1780889460655581
2016-08-10,-0.011863013316336818,0.16411326121055336,116411.32612105533,-1397.5684855004802,116411.32612105533,1.1641132612105534
2016-08-11,0.0019650142060676406,0.1664007603063038,116640.07603063039,228.7499095750536,116640.07603063039,1.1664007603063038
2016-08-16,0.005865750920455421,0.17324257663969034,117324.25766396904,684.1816333386523,117324.25766396904,1.1732425766396903
2016-08-17,-0.0021405719860550956,0.17073116644728836,117073.11664472884,-251.14101924019633,117073.11664472884,1.1707311664472884
2016-08-18,0.0057049989769026865,0.17741018655409824,117741.01865540982,667.9020106809767,117741.01865540982,1.1774101865540982
2016-08-19,-0.000732091127893235,0.17654821500263096,117654.82150026309,-86.19715514672862,117654.82150026309,1.176548215002631
2016-08-22,-0.004355651766903221,0.17142358069110797,117142.35806911079,-512.4634311522968,117142.35806911079,1.171423580691108
2016-08-23,0.00039971707455085584,0.17189181869784176,117189.18186978418,46.82380067338818,117189.18186978418,1.1718918186978418
2016-08-24,0.0020503899304304112,0.1742946538824537,117429.46538824537,240.2835184611904,117429.46538824537,1.1742946538824537
2016-08-25,-0.006716485056797277,0.16640752138737525,116640.75213873753,-788.7132495078404,116640.75213873753,1.1664075213873752
2016-08-26,-0.0022870033493540254,0.16373994347925058,116373.99434792507,-266.7577908124658,116373.99434792507,1.1637399434792506
2016-08-29,0.004071179686342136,0.16847773789732834,116847.77378973283,473.7794418077683,116847.77378973283,1.1684777378973283
2016-08-30,0.015904758198549154,0.1870620937789731,118706.2093778973,1858.4355881644733,118706.2093778973,1.187062093778973
2016-08-31,0.004786014718879848,0.1927433904320235,119274.33904320234,568.1296653050376,119274.33904320234,1.1927433904320235
2016-09-01,-0.0013145392127147184,0.19117548247459437,119117.54824745943,-156.79079574291245,119117.54824745943,1.1911754824745944
2016-09-02,0.003988762906997942,0.19592679905481436,119592.67990548143,475.1316580220009,119592.67990548143,1.1959267990548144
2016-09-06,0.01513676519069442,0.21402926219736584,121402.92621973659,1810.246314255157,121402.92621973659,1.2140292621973658
2016-09-07,-0.002801051625573074,0.21062870355899466,121062.87035589946,-340.05586383712944,121062.87035589946,1.2106287035589947
2016-09-08,0.0038741867728371315,0.21531890526913977,121531.89052691398,469.0201710145193,121531.89052691398,1.2153189052691398
2016-09-09,-0.009583893290980174,0.20367141856652937,120367.14185665293,-1164.7486702610477,120367.14185665293,1.2036714185665294
2016-09-12,-0.01704135502600859,0.1831592265880777,118315.92265880777,-2051.219197845159,118315.92265880777,1.1831592265880777
2016-09-14,0.0012621047883117264,0.18465249751328972,118465.24975132897,149.3270925211982,118465.24975132897,1.1846524975132897
2016-09-15,0.0018277675184460943,0.18681776686889062,118681.77668688906,216.52693556009035,118681.77668688906,1.1868177668688906
2016-09-16,0.004266467508998454,0.19188128631033896,119188.12863103389,506.35194414482976,119188.12863103389,1.191881286310339
2016-09-19,0.003251853109136844,0.19575710917694922,119575.71091769492,387.58228666102514,119575.71091769492,1.1957571091769492
2016-09-20,-0.0036896597064991006,0.19134517235245907,119134.5172352459,-441.19368244901125,119134.5172352459,1.191345172352459
2016-09-21,0.00014243552733749496,0.191514862230324,119151.48622303239,16.96898778648756,119151.48622303239,1.191514862230324
2016-09-22,0.010288054854790972,0.2037732324932484,120377.32324932484,1225.8370262924436,120377.32324932484,1.2037732324932484
2016-09-23,-0.004048558473322762,0.19889968617287868,119889.96861728787,-487.3546320369642,119889.96861728787,1.1988996861728787
2016-09-26,-0.012285499419638864,0.18417060477419667,118417.06047741967,-1472.9081398682029,118417.06047741967,1.1841706047741967
2016-09-27,-0.001908668921453723,0.1819104151431652,118191.04151431652,-226.0189631031535,118191.04151431652,1.1819104151431652
2016-09-28,0.004450748674702093,0.18717080135698017,118717.08013569802,526.0386213815073,118717.08013569802,1.1871708013569802
2016-09-29,-0.017598369810767886,0.16627853056615427,116627.85305661542,-2089.2270790826005,116627.85305661542,1.1662785305661543
2016-09-30,0.0023163556671031574,0.16898004644985187,116898.0046449852,270.15158836977207,116898.0046449852,1.1689800464498519
2016-10-03,0.014742422671912711,0.1862136443896476,118621.36443896477,1723.3597939795727,118621.36443896477,1.1862136443896476
2016-10-04,0.003553493624252806,0.1904288470119877,119042.88470119877,421.52026223400026,119042.88470119877,1.1904288470119877
2016-10-05,-0.0028737328235858796,0.18700787256018603,118700.78725601861,-342.0974451801594,118700.78725601861,1.187007872560186
2016-10-06,-0.003934193340149802,0.18233795409325437,118233.79540932544,-466.9918466931704,118233.79540932544,1.1823379540932544
2016-10-07,-0.0013720795655899891,0.1807156923468216,118071.56923468216,-162.22617464327777,118071.56923468216,1.1807156923468216
2016-10-10,0.0012877340663540655,0.18223614016653533,118223.61401665353,152.0447819713736,118223.61401665353,1.1822361401665353
2016-10-13,-0.015553256286772617,0.1638485184870404,116384.85184870404,-1838.7621679494914,116384.85184870404,1.1638485184870404
2016-10-14,0.0011723284023095735,0.1652129311612487,116521.29311612487,136.4412674208288,116521.29311612487,1.1652129311612487
2016-10-17,-0.0073397484834576915,0.15666056131685258,115666.05613168525,-855.2369844396162,115666.05613168525,1.1566605613168526
2016-10-18,0.018485046802882328,0.17804148592784275,117804.14859278427,2138.0924610990187,117804.14859278427,1.1780414859278427
2016-10-19,-0.002166512682066627,0.17548924410857958,117548.92441085796,-255.2241819263145,117548.92441085796,1.1754892441085796
2016-10-20,0.0046541537882723175,0.18096015182712089,118096.01518271209,547.0907718541275,118096.01518271209,1.1809601518271209
2016-10-21,-0.0007300027188475858,0.18009804770543636,118009.80477054363,-86.21041216845333,118009.80477054363,1.1800980477054364
2016-10-24,0.0018290923188345395,0.18225655597996582,118225.65559799658,215.85082745294494,118225.65559799658,1.1822565559799658
2016-10-25,-0.002026695552180346,0.17986048187642512,117986.04818764252,-239.60741035405954,117986.04818764252,1.1798604818764251
2016-10-26,-0.008750107164233809,0.1695365762211618,116953.65762211618,-1032.390565526337,116953.65762211618,1.1695365762211618
2016-10-27,0.0,0.1695365762211618,116953.65762211618,0.0,116953.65762211618,1.1695365762211618
2016-10-28,0.002640666260410319,0.17262493199830486,117262.49319983048,308.8355777143006,117262.49319983048,1.1726249319983049
2016-11-01,-0.0013602685806899746,0.17102984714637381,117102.98471463738,-159.5084851931024,117102.98471463738,1.1710298471463738
2016-11-02,-0.013012606868569773,0.15579169611409682,115579.16961140968,-1523.8151032276946,115579.16961140968,1.1557916961140968
2016-11-03,-0.003412004309079164,0.1518481298665575,115184.81298665574,-394.356624753942,115184.81298665574,1.1518481298665575
2016-11-04,-0.006034236399028657,0.14489760595516366,114489.76059551636,-695.052391139383,114489.76059551636,1.1448976059551637
2016-11-07,0.007505534867348451,0.15349067485620393,115349.0674856204,859.3068901040388,115349.0674856204,1.153490674856204
2016-11-08,0.005472487636161402,0.15980313831278203,115980.31383127821,631.2463456578116,115980.31383127821,1.159803138312782
2016-11-09,-0.013056610804363444,0.14466004012615263,114466.00401261526,-1514.3098186629504,114466.00401261526,1.1446600401261526
2016-11-10,0.01111835863377609,0.15738678096602787,115738.67809660279,1272.6740839875274,115738.67809660279,1.1573867809660279
2016-11-11,-0.026912611243878837,0.12623848047108477,112623.84804710848,-3114.8300494943105,112623.84804710848,1.1262384804710848
2016-11-15,-0.002080156887053493,0.12389572773946811,112389.57277394681,-234.2752731616638,112389.57277394681,1.123895727739468
2016-11-16,0.0,0.12389572773946811,112389.57277394681,0.0,112389.57277394681,1.123895727739468
2016-11-17,0.0,0.12389572773946811,112389.57277394681,0.0,112389.57277394681,1.123895727739468
2016-11-18,0.0,0.12389572773946811,112389.57277394681,0.0,112389.57277394681,1.123895727739468
2016-11-21,0.0,0.12389572773946811,112389.57277394681,0.0,112389.57277394681,1.123895727739468
2016-11-22,0.0,0.12389572773946811,112389.57277394681,0.0,112389.57277394681,1.123895727739468
2016-11-23,0.0,0.12389572773946811,112389.57277394681,0.0,112389.57277394681,1.123895727739468
2016-11-24,0.0,0.12389572773946811,112389.57277394681,0.0,112389.57277394681,1.123895727739468
2016-11-25,0.0,0.12389572773946811,112389.57277394681,0.0,112389.57277394681,1.123895727739468
2016-11-28,0.0,0.12389572773946811,112389.57277394681,0.0,112389.57277394681,1.123895727739468
2016-11-29,0.0,0.12389572773946811,112389.57277394681,0.0,112389.57277394681,1.123895727739468
2016-11-30,0.0,0.12389572773946811,112389.57277394681,0.0,112389.57277394681,1.123895727739468
2016-12-01,0.0,0.12389572773946811,112389.57277394681,0.0,112389.57277394681,1.123895727739468
2016-12-02,0.0,0.12389572773946811,112389.57277394681,0.0,112389.57277394681,1.123895727739468
2016-12-05,0.0,0.12389572773946811,112389.57277394681,0.0,112389.57277394681,1.123895727739468
2016-12-06,0.0,0.12389572773946811,112389.57277394681,0.0,112389.57277394681,1.123895727739468
2016-12-07,0.0,0.12389572773946811,112389.57277394681,0.0,112389.57277394681,1.123895727739468
2016-12-08,0.0,0.12389572773946811,112389.57277394681,0.0,112389.57277394681,1.123895727739468
2016-12-09,0.0,0.12389572773946811,112389.57277394681,0.0,112389.57277394681,1.123895727739468
2016-12-12,0.0,0.12389572773946811,112389.57277394681,0.0,112389.57277394681,1.123895727739468
2016-12-13,0.0,0.12389572773946811,112389.57277394681,0.0,112389.57277394681,1.123895727739468
2016-12-14,0.0,0.12389572773946811,112389.57277394681,0.0,112389.57277394681,1.123895727739468
2016-12-15,0.0,0.12389572773946811,112389.57277394681,0.0,112389.57277394681,1.123895727739468
2016-12-16,0.0,0.12389572773946811,112389.57277394681,0.0,112389.57277394681,1.123895727739468
2016-12-19,0.0,0.12389572773946811,112389.57277394681,0.0,112389.57277394681,1.123895727739468
2016-12-20,0.0,0.12389572773946811,112389.57277394681,0.0,112389.57277394681,1.123895727739468
2016-12-21,0.0,0.12389572773946811,112389.57277394681,0.0,112389.57277394681,1.123895727739468
2016-12-22,0.0,0.12389572773946811,112389.57277394681,0.0,112389.57277394681,1.123895727739468
2016-12-23,0.0,0.12389572773946811,112389.57277394681,0.0,112389.57277394681,1.123895727739468
2016-12-26,0.0,0.12389572773946811,112389.57277394681,0.0,112389.57277394681,1.123895727739468
2016-12-27,0.0,0.12389572773946811,112389.57277394681,0.0,112389.57277394681,1.123895727739468
2016-12-28,0.0,0.12389572773946811,112389.57277394681,0.0,112389.57277394681,1.123895727739468
2016-12-29,0.0,0.12389572773946811,112389.57277394681,0.0,112389.57277394681,1.123895727739468
2016-12-30,0.0,0.12389572773946811,112389.57277394681,0.0,112389.57277394681,1.123895727739468
2017-01-02,0.0,0.12389572773946811,112389.57277394681,0.0,112389.57277394681,1.123895727739468
2017-01-03,0.0,0.12389572773946811,112389.57277394681,0.0,112389.57277394681,1.123895727739468
2017-01-04,0.0,0.12389572773946811,112389.57277394681,0.0,112389.57277394681,1.123895727739468
2017-01-05,0.0,0.12389572773946811,112389.57277394681,0.0,112389.57277394681,1.123895727739468
2017-01-06,0.0,0.12389572773946811,112389.57277394681,0.0,112389.57277394681,1.123895727739468
2017-01-09,0.0,0.12389572773946811,112389.57277394681,0.0,112389.57277394681,1.123895727739468
2017-01-10,0.0,0.12389572773946811,112389.57277394681,0.0,112389.57277394681,1.123895727739468
2017-01-11,0.0,0.12389572773946811,112389.57277394681,0.0,112389.57277394681,1.123895727739468
2017-01-12,0.0,0.12389572773946811,112389.57277394681,0.0,112389.57277394681,1.123895727739468
2017-01-13,0.0,0.12389572773946811,112389.57277394681,0.0,112389.57277394681,1.123895727739468
2017-01-16,0.0,0.12389572773946811,112389.57277394681,0.0,112389.57277394681,1.123895727739468
2017-01-17,0.0,0.12389572773946811,112389.57277394681,0.0,112389.57277394681,1.123895727739468
2017-01-18,0.0,0.12389572773946811,112389.57277394681,0.0,112389.57277394681,1.123895727739468
2017-01-19,0.0,0.12389572773946811,112389.57277394681,0.0,112389.57277394681,1.123895727739468
2017-01-20,0.0,0.12389572773946811,112389.57277394681,0.0,112389.57277394681,1.123895727739468
2017-01-23,0.0,0.12389572773946811,112389.57277394681,0.0,112389.57277394681,1.123895727739468
2017-01-24,0.0,0.12389572773946811,112389.57277394681,0.0,112389.57277394681,1.123895727739468
2017-01-25,0.0,0.12389572773946811,112389.57277394681,0.0,112389.57277394681,1.123895727739468
2017-01-27,0.0,0.12389572773946811,112389.57277394681,0.0,112389.57277394681,1.123895727739468
2017-01-30,0.0,0.12389572773946811,112389.57277394681,0.0,112389.57277394681,1.123895727739468
2017-01-31,0.0,0.12389572773946811,112389.57277394681,0.0,112389.57277394681,1.123895727739468
2017-02-01,0.0,0.12389572773946811,112389.57277394681,0.0,112389.57277394681,1.123895727739468
2017-02-02,0.00038885641422390326,0.12433276180211839,112433.27618021183,43.70340626502002,112433.27618021183,1.1243327618021184
2017-02-03,0.0007671174184961502,0.1251952570478827,112519.52570478828,86.24952457644395,112519.52570478828,1.1251952570478827
2017-02-06,0.00687563800640685,0.13293169232186974,113293.16923218698,773.6435273987008,113293.16923218698,1.1329316923218697
2017-02-07,-0.00372114699118702,0.1287158869637659,112871.5886963766,-421.58053581038257,112871.5886963766,1.128715886963766
2017-02-08,8.553539645155072e-05,0.12881243212463844,112881.24321246384,9.65451608724834,112881.24321246384,1.1288124321246384
2017-02-09,0.0010663168924530044,0.13001610388942386,113001.61038894238,120.36717647853948,113001.61038894238,1.1300161038894239
2017-02-10,0.0017257602055471292,0.13196624071314367,113196.62407131436,195.0136823719804,113196.62407131436,1.1319662407131437
2017-02-13,0.0013077767517584078,0.13344659984652374,113344.65998465237,148.0359133380116,113344.65998465237,1.1334465998465237
2017-02-14,-0.0014480326951941086,0.13180533211168943,113180.53321116895,-164.1267734834255,113180.53321116895,1.1318053321116894
2017-02-15,-0.007688501401983603,0.1231034452289761,112310.3445228976,-870.1886882713443,112310.3445228976,1.123103445228976
2017-02-16,0.0061090700533338975,0.1299645628530206,112996.45628530206,686.1117624044564,112996.45628530206,1.1299645628530206
2017-02-17,0.004978377228582821,0.1355899527018336,113558.99527018335,562.538984881292,113558.99527018335,1.1355899527018336
2017-02-20,0.006518017924770693,0.14299174836873374,114299.17483687337,740.1795666900143,114299.17483687337,1.1429917483687337
2017-02-21,0.0032265759789518625,0.1466796980881604,114667.96980881604,368.7949719426688,114667.96980881604,1.1466796980881604
2017-02-22,0.0021386509747481756,0.14913204574220051,114913.20457422006,245.23476540402044,114913.20457422006,1.1491320457422005
2017-02-23,0.0014114204061503885,0.1507539541609224,115075.39541609224,162.19084187218687,115075.39541609224,1.1507539541609224
2017-02-27,-0.00478771795821914,0.14524446878909436,114524.44687890944,-550.948537182805,114524.44687890944,1.1452444687890944
2017-02-28,-0.0019221268068030403,0.14304316369529202,114304.3163695292,-220.13050938023662,114304.3163695292,1.143043163695292
2017-03-01,0.0074553131024743995,0.15156490837028325,115156.49083702832,852.1744674991205,115156.49083702832,1.1515649083702832
2017-03-02,-0.00514764534115445,0.14563706063467396,114563.7060634674,-592.7847735609248,114563.7060634674,1.145637060634674
2017-03-03,-0.00024721990083991126,0.14535383635414534,114535.38363541453,-28.3224280528666,114535.38363541453,1.1453538363541453
2017-03-06,0.0074065773242743375,0.15383698810675672,115383.69881067568,848.3151752611448,115383.69881067568,1.1538369881067567
2017-03-07,-0.001846365442645605,0.15170658336547005,115170.658336547,-213.04047412867658,115170.658336547,1.15170658336547
2017-03-08,-0.0025260799775061763,0.1487972804252684,114879.72804252684,-290.93029402015964,114879.72804252684,1.1487972804252684
2017-03-09,0.00030256662949419504,0.14914486814637873,114914.48681463787,34.75877211103216,114914.48681463787,1.1491448681463787
2017-03-10,0.0008457269729472387,0.15011673095719402,115011.67309571941,97.18628108153644,115011.67309571941,1.150116730957194
2017-03-14,0.017062996865551884,0.16974116913253523,116974.11691325353,1962.4438175341202,116974.11691325353,1.1697411691325352
2017-03-15,-0.0002421255983823044,0.1694579448520066,116945.79448520066,-28.3224280528666,116945.79448520066,1.1694579448520066
2017-03-16,0.007584139673551127,0.17832727724810837,117832.72772481084,886.9332396101818,117832.72772481084,1.1783272772481084
2017-03-17,0.000693665866209116,0.17914464265955843,117914.46426595584,81.73654114500096,117914.46426595584,1.1791446426595584
2017-03-20,-0.003624455763931585,0.1748708850629619,117487.08850629619,-427.37575965965516,117487.08850629619,1.174870885062962
2017-03-21,-0.0005861397529225134,0.17418224653267522,117418.22465326752,-68.86385302866984,117418.22465326752,1.1741822465326752
2017-03-22,-0.009981889457600175,0.1624616891447095,116246.16891447095,-1172.0557387965673,116246.16891447095,1.1624616891447095
2017-03-23,0.006184587497530329,0.1696510351737519,116965.10351737519,718.9346029042354,116965.10351737519,1.169651035173752
2017-03-24,0.002388232369496014,0.17244443363696838,117244.44336369683,279.33984632164356,117244.44336369683,1.1724444336369684
2017-03-27,-0.006895015885759772,0.1643604106418708,116436.04106418708,-808.4022995097475,116436.04106418708,1.1643604106418708
2017-03-28,0.006146863328001676,0.17151757495062236,117151.75749506224,715.7164308751526,117151.75749506224,1.1715175749506224
2017-03-29,0.004724859454424238,0.17705283084065204,117705.2830840652,553.5255890029657,117705.2830840652,1.177052830840652
2017-03-30,0.0032754648999583583,0.18090822607346735,118090.82260734674,385.53952328153537,118090.82260734674,1.1809082260734673
2017-03-31,0.0,0.18090822607346735,118090.82260734674,0.0,118090.82260734674,1.1809082260734673
2017-04-03,0.006987285393105328,0.18915956887210839,118915.95688721084,825.1342798640981,118915.95688721084,1.1891595688721084
2017-04-05,0.002955317785461012,0.19267391329574735,119267.39132957473,351.4344423638977,119267.39132957473,1.1926739132957473
2017-04-06,-0.00034540133484915015,0.1922619621340551,119226.1962134055,-41.19511616922682,119226.1962134055,1.192261962134055
2017-04-07,-0.006872244968150838,0.18406844586406157,118406.84458640615,-819.3516269993561,118406.84458640615,1.1840684458640616
2017-04-10,-0.001831817806853105,0.18189944820039483,118189.94482003948,-216.89976636666688,118189.94482003948,1.1818994482003948
2017-04-11,0.006050221207523449,0.1890502013070572,118905.02013070571,715.0753106662305,118905.02013070571,1.1890502013070572
2017-04-12,-0.0036321104998917396,0.18473143958599136,118473.14395859913,-431.8761721065821,118473.14395859913,1.1847314395859914
2017-04-13,-0.005720723153564289,0.1779539190087962,117795.39190087962,-677.75205771951,117795.39190087962,1.1779539190087962
2017-04-17,-0.0012567207506942858,0.17647355987541613,117647.35598754161,-148.0359133380116,117647.35598754161,1.1764735598754161
2017-04-18,-0.003736545992832508,0.1720776123095904,117207.76123095903,-439.59475658257725,117207.76123095903,1.1720776123095904
2017-04-19,-0.00018125901870871933,0.17186516267173269,117186.51626717327,-21.244963785764412,117186.51626717327,1.1718651626717327
2017-04-20,0.003614037526775416,0.17610032734594916,117610.03273459492,423.5164674216503,117610.03273459492,1.1761003273459492
2017-04-21,-0.0018606890321317309,0.17391197036617,117391.197036617,-218.83569797792006,117391.197036617,1.17391197036617
2017-04-24,0.010806610135115021,0.18659797936286182,118659.79793628618,1268.6008996691817,118659.79793628618,1.1865979793628618
2017-04-25,0.009617041987011373,0.1980095419520973,119800.95419520974,1141.1562589235546,119800.95419520974,1.1980095419520973
2017-04-26,0.004862141050359299,0.20383443332474482,120383.44333247449,582.4891372647544,120383.44333247449,1.2038344333247448
2017-04-27,-0.0010371444318647695,0.2025858831453351,120258.58831453351,-124.85501794097945,120258.58831453351,1.202585883145335
2017-04-28,-0.004078352878555087,0.1976813135470996,119768.13135470996,-490.4569598235539,119768.13135470996,1.1976813135470996
2017-05-02,0.0010479307618374769,0.19893640063844353,119893.64006384436,125.50870913440303,119893.64006384436,1.1989364006384435
2017-05-03,-0.00019858805361793567,0.19869830619222895,119869.83061922289,-23.809444621467264,119869.83061922289,1.198698306192229
2017-05-04,0.005149318274558366,0.2048707852859868,120487.07852859868,617.2479093757865,120487.07852859868,1.2048707852859868
2017-05-05,-0.007970232889681276,0.1952676845252843,119526.76845252843,-960.310076070251,119526.76845252843,1.1952676845252843
2017-05-08,0.003096292053541032,0.19896858235873438,119896.85823587344,370.08978334501444,119896.85823587344,1.1989685823587344
2017-05-09,0.0003006001413145694,0.19932899248402314,119932.89924840232,36.04101252887631,119932.89924840232,1.1993289924840231
2017-05-10,0.00970823820333917,0.21097236402722874,121097.23640272288,1164.3371543205576,121097.23640272288,1.2109723640272287
2017-05-11,0.001605198755329944,0.2129162153587043,121291.62153587044,194.38513314755983,121291.62153587044,1.2129162153587043
2017-05-12,-0.0022817964752794673,0.21014858741368947,121014.85874136895,-276.76279450148286,121014.85874136895,1.2101485874136895
2017-05-15,0.004733589140501627,0.21587693362546423,121587.69336254643,572.834621177477,121587.69336254643,1.2158769336254642
2017-05-16,0.0070774775668960895,0.2244822753473048,122448.22753473048,860.5341721840523,122448.22753473048,1.2244822753473048
2017-05-17,0.0014192225814081841,0.22622008824301187,122622.00882430119,173.78128957070294,122622.00882430119,1.2262200882430119
2017-05-18,-0.010109419697924048,0.2138237147289379,121382.37147289379,-1239.637351407393,121382.37147289379,1.213823714728938
2017-05-19,-0.00016435790585864993,0.21362421320510339,121362.42132051034,-19.950152383447858,121362.42132051034,1.2136242132051034
2017-05-22,0.0010977639714237475,0.21495648614120744,121495.64861412074,133.2272936103982,121495.64861412074,1.2149564861412074
2017-05-23,-0.005520049731147194,0.20824986591652817,120824.98659165282,-670.6620224679209,120824.98659165282,1.2082498659165282
2017-05-24,-0.0027274851639997343,0.20495438233283614,120495.43823328361,-329.5483583692112,120495.43823328361,1.2049543823328361
2017-05-25,0.015939255537936965,0.2241604581443961,122416.04581443961,1920.6075811560004,122416.04581443961,1.2241604581443961
2017-05-26,0.008974958266515945,0.23514724716776114,123514.72471677611,1098.6789023364981,123514.72471677611,1.2351472471677611
2017-05-29,0.0010214361131200803,0.23640887117103904,123640.8871171039,126.16240032779751,123640.8871171039,1.236408871171039
2017-05-30,0.0020457696866569373,0.23893827895999453,123893.82789599945,252.9407788955432,123893.82789599945,1.2389382789599945
2017-05-31,-0.00034285288709222296,0.23851350539412408,123851.35053941241,-42.47735658704187,123851.35053941241,1.238513505394124
2017-06-01,-0.0005353140834091205,0.2378505116721943,123785.05116721943,-66.29937219298154,123785.05116721943,1.2378505116721943
2017-06-02,0.003889351415259606,0.24266494731164645,124266.49473116464,481.4435639452131,124266.49473116464,1.2426649473116465
2017-06-05,0.0022374899647796135,0.24544539766083973,124544.53976608397,278.045034919327,124544.53976608397,1.2454453976608397
2017-06-06,-0.003922359487981693,0.24056031308856163,124056.03130885617,-488.5084572277992,124056.03130885617,1.2405603130885616
2017-06-07,0.0027757167747451926,0.24400375715968448,124400.37571596845,344.34440711227944,124400.37571596845,1.2440037571596845
2017-06-08,-0.0017229472523488166,0.2418604043043746,124186.04043043747,-214.33528553097858,124186.04043043747,1.2418604043043746
2017-06-09,0.0021767861307626524,0.24456366880880775,124456.36688088077,270.32645044330275,124456.36688088077,1.2445636688088078
2017-06-12,-0.005362874292141805,0.23788923030441933,123788.92303044193,-667.4438504388381,123788.92303044193,1.2378892303044193
2017-06-13,-0.0009878956380873576,0.23666632493336626,123666.63249333663,-122.2905371053057,123666.63249333663,1.2366663249333663
2017-06-14,0.0011710332721861503,0.23811450234645548,123811.45023464554,144.81774130891426,123811.45023464554,1.2381145023464555
2017-06-15,-0.004169261688462142,0.232952478985893,123295.2478985893,-516.2023360562453,123295.2478985893,1.232952478985893
2017-06-16,0.0010440538735877107,0.23423974779752776,123423.97477975278,128.7268811634858,123423.97477975278,1.2342397477975278
2017-06-19,0.007248606485755023,0.24318626603838966,124318.62660383897,894.6518240861915,124318.62660383897,1.2431862660383897
2017-06-20,-0.0004193408027297296,0.24266494731164645,124266.49473116464,-52.13187267433386,124266.49473116464,1.2426649473116465
2017-06-21,-0.0020614689620344954,0.24010323209255513,124010.32320925551,-256.1715219091275,124010.32320925551,1.2401032320925551
2017-06-22,-0.000373651544693327,0.2396398656043044,123963.98656043044,-46.33664882507583,123963.98656043044,1.2396398656043044
2017-06-23,-0.0057164906217549325,0.23255347593822373,123255.34759382237,-708.638966608065,123255.34759382237,1.2325534759382237
2017-06-27,-0.0066370898428914395,0.2243729077822536,122437.29077822536,-818.0568155970104,122437.29077822536,1.2243729077822536
2017-06-28,-0.002118551401207063,0.22177901084287144,122177.90108428715,-259.38969393821026,122177.90108428715,1.2217790108428714
2017-06-29,0.0013538374160410906,0.22343310098188418,122343.31009818842,165.40901390126965,122343.31009818842,1.2234331009818842
2017-06-30,0.0017677404426009416,0.22559581315330646,122559.58131533065,216.27121714223176,122559.58131533065,1.2255958131533065
2017-07-03,0.009883477981521328,0.2377089623868518,123770.89623868518,1211.3149233545264,123770.89623868518,1.2377089623868518
2017-07-04,-0.00017682738559542382,0.23749010154690486,123749.01015469049,-21.886083994686487,123749.01015469049,1.2374901015469049
2017-07-05,0.0025277277502207176,0.24061813961720846,124061.81396172085,312.80380703035917,124061.81396172085,1.2406181396172085
2017-07-06,0.003833962481337843,0.24537462301816815,124537.46230181682,475.6483400959696,124537.46230181682,1.2453746230181681
2017-07-07,-0.0009044348498532161,0.24424826280798762,124424.82628079876,-112.63602101805736,124424.82628079876,1.2442482628079876
2017-07-10,0.010888907501369751,0.25779676705044396,125779.6767050444,1354.8504242456402,125779.6767050444,1.257796767050444
2017-07-11,0.0015351472257161148,0.2597276702678961,125972.76702678962,193.09032174521417,125972.76702678962,1.2597276702678961
2017-07-12,0.003070677677637222,0.26359588790488964,126359.58879048897,386.8217636993504,126359.58879048897,1.2635958879048896
2017-07-13,0.007701693029408201,0.2733277155467557,127332.77155467558,973.1827641866112,127332.77155467558,1.2733277155467557
2017-07-14,-0.0005409167111671609,0.2726389513066241,127263.89513066241,-68.87642401317134,127263.89513066241,1.272638951306624
2017-07-17,0.002994086503822446,0.2764493424149701,127644.93424149702,381.03911083460844,127644.93424149702,1.27644934241497
2017-07-18,-0.008955249163058294,0.265018420509622,126501.8420509622,-1143.0921905348223,126501.8420509622,1.265018420509622
2017-07-19,0.007372352703497426,0.2743445824820401,127434.45824820401,932.6161972418195,127434.45824820401,1.27434458248204
2017-07-20,-0.0026566533723842603,0.2709590906494095,127095.90906494095,-338.54918326306506,127095.90906494095,1.2709590906494095
2017-07-21,0.004248852576378113,0.27635920845618656,127635.92084561866,540.0117806777125,127635.92084561866,1.2763592084561866
2017-07-24,0.005158759549683568,0.2829436387116364,128294.36387116364,658.4430255449843,128294.36387116364,1.2829436387116364
2017-07-25,-0.00018568247962832932,0.28270541855557707,128270.5418555577,-23.82201560593967,128270.5418555577,1.282705418555577
2017-07-26,0.005630017114381755,0.2899270720147551,128992.70720147551,722.1653459178051,128992.70720147551,1.289927072014755
2017-07-27,-1.0037865166327427e-05,0.2899141239007319,128991.4123900732,-1.2948114023165544,128991.4123900732,1.289914123900732
2017-07-28,-0.0006037397952625284,0.2891353514116619,128913.5351411662,-77.8772489069961,128913.5351411662,1.289135351411662
2017-07-31,0.006250897136651855,0.29719360388855787,129719.36038885578,805.8252476895868,129719.36038885578,1.2971936038885579
2017-08-01,0.0037263481265051193,0.30202739884412244,130202.73988441225,483.3794955564663,130202.73988441225,1.3020273988441224
2017-08-02,-0.003277462823206051,0.2977600524496151,129776.00524496152,-426.7346394507331,129776.00524496152,1.2977600524496151
2017-08-03,-0.006730110536626494,0.28902598384661093,128902.59838466109,-873.4068603004271,128902.59838466109,1.289025983846611
2017-08-04,0.005267809234620944,0.29581632682798453,129581.63268279846,679.0342981373688,129581.63268279846,1.2958163268279845
2017-08-07,-0.000894063384204531,0.29465778489751315,129465.77848975132,-115.85419304714014,129465.77848975132,1.2946577848975132
2017-08-08,-0.007840056363968619,0.28450759489186583,128450.75948918659,-1015.019000564731,128450.75948918659,1.2845075948918658
2017-08-09,-0.0070651548952416,0.27543234976984055,127543.23497698405,-907.5245122025372,127543.23497698405,1.2754323497698405
2017-08-10,-0.00886146178291937,0.26413015474565604,126413.0154745656,-1130.2195024184475,126413.0154745656,1.264130154745656
2017-08-11,-0.011145357329243145,0.2500409724603443,125004.09724603443,-1408.918228531169,125004.09724603443,1.2500409724603443
2017-08-14,0.008583287433983124,0.2607704334312271,126077.04334312271,1072.9460970882792,126077.04334312271,1.260770433431227
2017-08-16,0.0105317367968165,0.274048535797333,127404.8535797333,1327.8102366105886,127404.8535797333,1.274048535797333
2017-08-17,0.0006921671640436179,0.27493039035920974,127493.03903592097,88.18545618766802,127493.03903592097,1.2749303903592097
2017-08-18,-0.006739598791147571,0.2663378710415474,126633.78710415473,-859.2519317662372,126633.78710415473,1.2663378710415474
2017-08-21,-0.00844235041293501,0.25564700299304444,125564.70029930444,-1069.086804850289,125564.70029930444,1.2556470029930444
2017-08-22,0.001148225741441068,0.2570887692040442,125708.87692040442,144.17662109997764,125708.87692040442,1.2570887692040442
2017-08-23,0.008903768559017904,0.26828159666317775,126828.15966631778,1119.282745913355,126828.15966631778,1.2682815966631777
2017-08-24,0.00046179189926414614,0.26886727883050265,126886.72788305026,58.56821673248487,126886.72788305026,1.2688672788305027
2017-08-28,0.005655850493267083,0.27604380245536664,127604.38024553667,717.6523624864058,127604.38024553667,1.2760438024553666
2017-08-29,-0.011777701789638889,0.26101493907953044,126101.49390795304,-1502.8863375836227,126101.49390795304,1.2610149390795304
2017-08-30,0.009019001301445347,0.2723880344562306,127238.80344562307,1137.309537670022,127238.80344562307,1.2723880344562306
2017-08-31,0.0033891787742404236,0.2767003849752072,127670.03849752073,431.23505189766,127670.03849752073,1.2767003849752072
2017-09-01,0.00569677026131531,0.28397345376094374,128397.34537609437,727.3068785736396,128397.34537609437,1.2839734537609437
2017-09-04,-0.006170875324781624,0.27605021365745563,127605.02136574556,-792.324010348806,127605.02136574556,1.2760502136574556
2017-09-05,0.003969654285916382,0.2811156918571456,128111.56918571456,506.5478199689969,128111.56918571456,1.2811156918571456
2017-09-06,-0.003617290578314135,0.2764815241352603,127648.15241352603,-463.41677218853147,127648.15241352603,1.2764815241352603
2017-09-07,0.0013815972895521247,0.278245107549169,127824.5107549169,176.3583413908782,127824.5107549169,1.278245107549169
2017-09-08,0.0004934001218305902,0.27887579384096317,127887.57938409632,63.0686291794118,127887.57938409632,1.2788757938409632
2017-09-11,0.007171760015373674,0.2880475841238612,128804.75841238612,917.1790282898,128804.75841238612,1.2880475841238612
2017-09-12,0.008694739852208552,0.29924682278508397,129924.6822785084,1119.923866122277,129924.6822785084,1.299246822785084
2017-09-13,-0.0013623236054590862,0.29747682816908605,129747.68281690861,-176.99946159978572,129747.68281690861,1.297476828169086
2017-09-14,0.000724237281254908,0.2984165092596103,129841.65092596103,93.96810905242455,129841.65092596103,1.2984165092596103
2017-09-15,-0.00011889227256382665,0.29826213757009,129826.213757009,-15.437168952033971,129826.213757009,1.29826213757009
2017-09-18,0.006712596042585537,0.30697684685698157,130697.68468569816,871.4709286891593,130697.68468569816,1.3069768468569816
2017-09-19,-0.0005466118624873446,0.30626243780849327,130626.24378084933,-71.44090484883054,130626.24378084933,1.3062624378084933
2017-09-20,-0.000630636378797953,0.305438661194954,130543.8661194954,-82.37766135392303,130543.8661194954,1.305438661194954
2017-09-21,-0.0018982067377479866,0.302960668732557,130296.0668732557,-247.79924623970874,130296.0668732557,1.302960668732557
2017-09-22,-0.01556031910231778,0.28268618494930897,128268.6184949309,-2027.4483783247997,128268.6184949309,1.282686184949309
2017-09-25,-0.009212875602266114,0.2708689566906257,127086.89566906258,-1181.7228258683172,127086.89566906258,1.2708689566906257
2017-09-26,-0.0001113799220577945,0.2707274074052839,127072.74074052839,-14.154928534189821,127072.74074052839,1.270727407405284
2017-09-27,-0.013751709466646406,0.25325273328734155,125325.27332873415,-1747.467411794234,125325.27332873415,1.2532527332873415
2017-09-28,0.0034101322766607605,0.2575264908839381,125752.64908839381,427.37575965965516,125752.64908839381,1.257526490883938
2017-09-29,0.002011415113153971,0.2600558986728936,126005.58986728935,252.9407788955432,126005.58986728935,1.2600558986728936
2017-10-03,0.007243159742390053,0.26918268483132235,126918.26848313224,912.6786158428877,126918.26848313224,1.2691826848313223
2017-10-04,0.0056189858131751105,0.2763142043317173,127631.42043317173,713.1519500394934,127631.42043317173,1.2763142043317173
2017-10-05,-0.002642507163992641,0.2729415349032651,127294.15349032651,-337.2669428452209,127294.15349032651,1.2729415349032651
2017-10-06,0.009202422785871935,0.28465568108914185,128465.56810891419,1171.4146185876743,128465.56810891419,1.2846556810891419
2017-10-09,0.000906821298274143,0.28582063422170245,128582.06342217025,116.49531325606222,128582.06342217025,1.2858206342217025
2017-10-10,0.0028231956263296207,0.2894507574124816,128945.07574124816,363.01231907791225,128945.07574124816,1.2894507574124816
2017-10-11,-0.003209598729965234,0.2853121378991379,128531.21378991379,-413.86195133437286,128531.21378991379,1.285312137899138
2017-10-12,0.011177047924897562,0.29967813326288906,129967.8133262889,1436.5995363751135,129967.8133262889,1.299678133262889
2017-10-13,0.007037142143597357,0.30882415302758526,130882.41530275853,914.6019764696248,130882.41530275853,1.3088241530275853
2017-10-16,0.006235527378509219,0.31698536186744297,131698.53618674428,816.1208839857572,131698.53618674428,1.3169853618674427
2017-10-17,0.00035193420634397916,0.31744885406553847,131744.88540655383,46.34921980954823,131744.88540655383,1.3174488540655382
2017-10-18,-0.0023059945074831033,0.31441082424417344,131441.08242441734,-303.80298213649075,131441.08242441734,1.3144108242441734
2017-10-19,-0.006297204164917258,0.30613371092733055,130613.37109273305,-827.7113316842879,130613.37109273305,1.3061337109273305
2017-10-23,0.003774662858285707,0.3110639253339229,131106.3925333923,493.0214406592422,131106.3925333923,1.311063925333923
2017-10-24,0.0022435859942857065,0.3140054099944154,131400.54099944155,294.14846604925697,131400.54099944155,1.3140054099944156
2017-10-25,0.008586597606260975,0.32528824570248727,132528.82457024872,1128.2835708071652,132528.82457024872,1.3252882457024873
2017-10-26,0.004706027201677639,0.3315250882368268,133152.50882368267,623.6842534339521,133152.50882368267,1.3315250882368268
2017-10-27,-0.0020060326371162678,0.3288540054526845,132885.40054526847,-267.1082784142054,132885.40054526847,1.3288540054526847
2017-10-30,0.003933003008380726,0.33408039225382846,133408.03922538285,522.6386801143817,133408.03922538285,1.3340803922538285
2017-10-31,-0.0027355791510630324,0.3304309097469369,133043.09097469368,-364.94825068916543,133043.09097469368,1.330430909746937
2017-11-01,0.0101787270132974,0.3439730027873038,134397.30027873037,1354.209304036689,134397.30027873037,1.3439730027873038
2017-11-02,-0.0015995589591015756,0.3418232387299047,134182.32387299047,-214.97640573990066,134182.32387299047,1.3418232387299047
2017-11-03,0.00275333331896817,0.34551772536126557,134551.77253612655,369.4486631360778,134551.77253612655,1.3455177253612656
2017-11-06,-6.698831021286774e-05,0.345427591402482,134542.7591402482,-9.013395878340816,134542.7591402482,1.345427591402482
2017-11-07,-0.00972554162555922,0.33234257935812117,133234.25793581211,-1308.501204436092,133234.25793581211,1.3323425793581212
2017-11-08,-0.004540996819000026,0.3262924159434377,132629.24159434377,-605.0163414683484,132629.24159434377,1.3262924159434377
2017-11-09,0.0005629156585715117,0.3270390067122171,132703.9006712217,74.65907687792787,132703.9006712217,1.3270390067122169
2017-11-10,0.0012416205767799807,0.3286866856491406,132868.66856491406,164.76789369236212,132868.66856491406,1.3286866856491406
2017-11-13,-0.009378235734008283,0.3162259486944847,131622.59486944848,-1246.073695465573,131622.59486944848,1.3162259486944847
2017-11-14,-0.003750686820467971,0.3112891973759584,131128.91973759583,-493.67513185265125,131128.91973759583,1.3112891973759584
2017-11-15,-0.006729409942098027,0.3024649948141709,130246.4994814171,-882.4202561787388,130246.4994814171,1.3024649948141709
2017-11-16,0.009557197007243494,0.31491290936464833,131491.29093646482,1244.791455047729,131491.29093646482,1.3149129093646483
2017-11-17,0.00674021482415135,0.3237757048488159,132377.57048488158,886.2795484167582,132377.57048488158,1.323775704848816
2017-11-20,0.0014732575363191126,0.3257259673823807,132572.59673823806,195.0262533564819,132572.59673823806,1.3257259673823807
2017-11-21,0.0027333793542905693,0.3293496793710706,132934.96793710705,362.3711988689902,132934.96793710705,1.3293496793710706
2017-11-22,0.001491194209298266,0.3313319979150813,133133.19979150812,198.23185440106317,133133.19979150812,1.331331997915081
2017-11-23,0.0006236712756650645,0.33216231144055475,133216.23114405546,83.03135254734661,133216.23114405546,1.3321623114405545
2017-11-24,0.003957018510689697,0.3374337023661682,133743.3702366168,527.1390925613523,133743.3702366168,1.3374337023661682
2017-11-27,0.0009480167078780414,0.33870161186169057,133870.16118616905,126.79094955223263,133870.16118616905,1.3387016118616906
2017-11-28,-0.0028174108723719353,0.3349299393855696,133492.99393855696,-377.1672476120875,133492.99393855696,1.3349299393855696
2017-11-29,-0.0008630645657047805,0.33377780865718765,133377.78086571876,-115.21307283820352,133377.78086571876,1.3337778086571876
2017-11-30,-0.013005125084696274,0.3164318614204087,131643.18614204088,-1734.5947236778738,131643.18614204088,1.316431861420409
2017-12-01,-0.010242946252702567,0.30294772061853426,130294.77206185342,-1348.41408018746,130294.77206185342,1.3029477206185343
2017-12-04,0.0005878594150562442,0.30371367070342603,130371.3670703426,76.59500848918105,130371.3670703426,1.303713670703426
2017-12-05,-0.0009380168349337217,0.30249076533237296,130249.0765332373,-122.2905371053057,130249.0765332373,1.302490765332373
2017-12-06,-0.007328380957675487,0.29294561681016296,129294.56168101629,-954.5148522210075,129294.56168101629,1.292945616810163
2017-12-07,0.012206229598028537,0.3087276078667125,130872.76078667125,1578.1991056549596,130872.76078667125,1.3087276078667125
2017-12-08,0.009732773998600095,0.3214651578998078,132146.51578998077,1273.7550033095176,132146.51578998077,1.3214651578998076
2017-12-11,0.005513494734506935,0.32875104908972297,132875.1049089723,728.5891189915419,132875.1049089723,1.3287510490897232
2017-12-12,-0.007953654423696385,0.3181826224301394,131818.26224301395,-1056.8426659583638,131818.26224301395,1.3181826224301394
2017-12-13,-0.004609326378225112,0.3121066884972543,131210.66884972542,-607.5933932885237,131210.66884972542,1.3121066884972543
2017-12-14,0.00580297293022205,0.3197208080921672,131972.0808092167,761.4119594912918,131972.0808092167,1.3197208080921672
2017-12-15,0.007915489872025071,0.33016704478252157,133016.70447825216,1044.6236690354417,133016.70447825216,1.3301670447825216
2017-12-18,0.005371011056540778,0.3373113866870947,133731.13866870946,714.4341904573084,133731.13866870946,1.3373113866870947
2017-12-19,0.007166424768379256,0.34689512813168477,134689.5128131685,958.3741444590269,134689.5128131685,1.346895128131685
2017-12-20,-0.001815888030940283,0.3444493173895786,134444.93173895785,-244.5810742106405,134444.93173895785,1.3444493173895784
2017-12-21,-0.000373450388929786,0.34394723226910306,134394.7232269103,-50.208512047538534,134394.7232269103,1.343947232269103
2017-12-22,0.005047766472073781,0.35073116404838744,135073.11640483874,678.3931779284321,135073.11640483874,1.3507311640483874
2017-12-26,0.003669112741827885,0.3556871489731812,135568.71489731813,495.59849247938837,135568.71489731813,1.3556871489731812
2017-12-27,-0.003869344347908655,0.3504415285657694,135044.15285657693,-524.5620407412061,135044.15285657693,1.3504415285657692
2017-12-28,-0.0012248513571479637,0.34878743842675664,134878.74384267567,-165.4090139012551,134878.74384267567,1.3487874384267566
2017-12-29,0.00503915886953288,0.35558419261021945,135558.41926102195,679.6754183462763,135558.41926102195,1.3555841926102195
2018-01-02,-0.008403999578242076,0.3441918636272514,134419.18636272513,-1139.2328982968174,134419.18636272513,1.3441918636272514
2018-01-03,9.576525840300397e-05,0.344320590508415,134432.0590508415,12.872688116360223,134432.0590508415,1.3443205905084148
2018-01-04,0.005898537634340228,0.35225011610414714,135225.01161041472,792.9525595732266,135225.01161041472,1.3522501161041471
2018-01-05,0.005145248428568972,0.3592077788890642,135920.77788890642,695.7662784917047,135920.77788890642,1.3592077788890642
2018-01-08,0.0061322968311348725,0.36754284444439933,136754.28444443992,833.5065555335023,136754.28444443992,1.3675428444443993
2018-01-09,0.0012613794869654694,0.36926783493592774,136926.78349359278,172.4990491528588,136926.78349359278,1.3692678349359277
2018-01-10,-0.00045123669150136316,0.368649971048312,136864.99710483119,-61.786388761596754,136864.99710483119,1.3686499710483118
2018-01-11,0.0017870242895141003,0.37109578179041813,137109.57817904183,244.5810742106405,137109.57817904183,1.3710957817904184
2018-01-12,0.00282125996474319,0.3749639994274119,137496.39994274118,386.8217636993504,137496.39994274118,1.3749639994274117
2018-01-15,0.00564538838502048,0.38272620521960077,138272.62052196008,776.2205792189052,138272.62052196008,1.3827262052196008
2018-01-16,-0.00382622713875651,0.3774355806877199,137743.558068772,-529.0624531880894,137743.558068772,1.3774355806877199
2018-01-17,0.008233261943837972,0.3887763686342842,138877.63686342843,1134.0787946564378,138877.63686342843,1.3887763686342842
2018-01-18,0.0026370731773550063,0.3924386735453542,139243.8673545354,366.2304911069805,139243.8673545354,1.392438673545354
2018-01-19,0.007183155709762411,0.4024407773537255,140244.07773537256,1000.2103808371467,140244.07773537256,1.4024407773537255
2018-01-22,0.00656282400783853,0.4116447493569144,141164.47493569145,920.3972003188974,141164.47493569145,1.4116447493569146
2018-01-23,0.010714741469905443,0.42677015789362316,142677.0157893623,1512.5408536708564,142677.0157893623,1.4267701578936232
2018-01-24,0.00020749430668222417,0.4270662045783302,142706.62045783302,29.60466847071075,142706.62045783302,1.4270662045783302
2018-01-25,-0.0014747978869745625,0.4249615703552452,142496.15703552452,-210.46342230850132,142496.15703552452,1.4249615703552452
2018-01-29,0.005487978197708014,0.43278172838592655,143278.17283859267,782.0158030681487,143278.17283859267,1.4327817283859268
2018-01-30,-0.007254905229466384,0.42238703273197564,142238.70327319758,-1039.4695653950912,142238.70327319758,1.4223870327319759
2018-01-31,-0.001986505865481816,0.4195614525484683,141956.14525484684,-282.5580183507409,141956.14525484684,1.4195614525484683
2018-02-01,-0.0009793342670025278,0.4181712273738718,141817.12273738717,-139.02251745967078,141817.12273738717,1.4181712273738716
2018-02-02,-0.023264327729431326,0.38517842716379613,138517.84271637962,-3299.280021007551,138517.84271637962,1.3851784271637961
2018-02-05,-0.008740201113473326,0.37307168913234,137307.168913234,-1210.6738031456189,137307.168913234,1.37307168913234
2018-02-06,-0.015778279553294666,0.35140698017449545,135140.69801744955,-2166.4708957844414,135140.69801744955,1.3514069801744955
2018-02-07,-0.0020527044686019097,0.3486329410273914,134863.29410273914,-277.4039147104195,134863.29410273914,1.3486329410273914
2018-02-08,0.009559251691416061,0.36152486275000695,136152.4862750007,1289.1921722615662,136152.4862750007,1.361524862750007
2018-02-09,-0.011525115565078285,0.3458331313620857,134583.31313620857,-1569.1731387921318,134583.31313620857,1.3458331313620857
2018-02-12,0.008110971654893218,0.3567491457427798,135674.914574278,1091.601438069425,135674.914574278,1.35674914574278
2018-02-14,-0.003686008622121018,0.35174815669351656,135174.81566935166,-500.09890492632985,135174.81566935166,1.3517481566935166
2018-02-15,0.0042472176400052,0.35748932530946975,135748.93253094697,574.1168615953065,135748.93253094697,1.3574893253094698
2018-02-16,-0.008837911461049737,0.3454919548430646,134549.19548430646,-1199.7370466405118,134549.19548430646,1.3454919548430646
2018-02-19,-0.007070158285103785,0.33597911375099043,133597.91137509904,-951.2841092074232,133597.91137509904,1.3359791137509904
2018-02-20,-0.0017343713214475452,0.3336620298900479,133366.20298900479,-231.70838609425118,133366.20298900479,1.333662029890048
2018-02-21,0.0035760977655869284,0.3384313356951858,133843.13356951857,476.93058051378466,133843.13356951857,1.3384313356951858
2018-02-22,-0.001418617038112841,0.3365326141980245,133653.26141980244,-189.8721497161314,133653.26141980244,1.3365326141980245
2018-02-23,0.010435590678416857,0.35048012148814944,135048.01214881495,1394.7507290125068,135048.01214881495,1.3504801214881494
2018-02-26,0.008726467454819887,0.3622650423166971,136226.5042316697,1178.492082854762,136226.5042316697,1.362265042316697
2018-02-27,-0.0026741826897078804,0.3586220967217397,135862.20967217398,-364.2945594957273,135862.20967217398,1.3586220967217397
2018-02-28,-0.005822290104475525,0.3507118047322748,135071.1804732275,-791.0291989464895,135071.1804732275,1.3507118047322748
2018-03-01,-0.0032879533476945517,0.3462707273321346,134627.07273321346,-444.1077400140348,134627.07273321346,1.3462707273321346
2018-03-05,-0.009513929416818015,0.3334624026563684,133346.24026563685,-1280.8324675766053,133346.24026563685,1.3334624026563684
2018-03-06,-0.010580287725753814,0.319353986764789,131935.3986764789,-1410.8415891579643,131935.3986764789,1.3193539867647888
2018-03-07,-0.009273830249774373,0.30711852185216926,130711.85218521692,-1223.5464912619645,130711.85218521692,1.3071185218521693
2018-03-08,0.005410752545153104,0.3141910167210975,131419.10167210974,707.2494868928188,131419.10167210974,1.3141910167210975
2018-03-09,0.0,0.3141910167210975,131419.10167210974,0.0,131419.10167210974,1.3141910167210975
2018-03-12,0.0,0.3141910167210975,131419.10167210974,0.0,131419.10167210974,1.3141910167210975
2018-03-13,0.0,0.3141910167210975,131419.10167210974,0.0,131419.10167210974,1.3141910167210975
2018-03-14,0.0,0.3141910167210975,131419.10167210974,0.0,131419.10167210974,1.3141910167210975
2018-03-15,0.0,0.3141910167210975,131419.10167210974,0.0,131419.10167210974,1.3141910167210975
2018-03-16,0.0,0.3141910167210975,131419.10167210974,0.0,131419.10167210974,1.3141910167210975
2018-03-19,0.0,0.3141910167210975,131419.10167210974,0.0,131419.10167210974,1.3141910167210975
2018-03-20,0.0,0.3141910167210975,131419.10167210974,0.0,131419.10167210974,1.3141910167210975
2018-03-21,0.0,0.3141910167210975,131419.10167210974,0.0,131419.10167210974,1.3141910167210975
2018-03-22,0.0,0.3141910167210975,131419.10167210974,0.0,131419.10167210974,1.3141910167210975
2018-03-23,0.0,0.3141910167210975,131419.10167210974,0.0,131419.10167210974,1.3141910167210975
2018-03-26,0.0,0.3141910167210975,131419.10167210974,0.0,131419.10167210974,1.3141910167210975
2018-03-27,0.0,0.3141910167210975,131419.10167210974,0.0,131419.10167210974,1.3141910167210975
2018-03-28,0.0,0.3141910167210975,131419.10167210974,0.0,131419.10167210974,1.3141910167210975
2018-04-02,0.0,0.3141910167210975,131419.10167210974,0.0,131419.10167210974,1.3141910167210975
2018-04-03,0.0,0.3141910167210975,131419.10167210974,0.0,131419.10167210974,1.3141910167210975
2018-04-04,0.0,0.3141910167210975,131419.10167210974,0.0,131419.10167210974,1.3141910167210975
2018-04-05,0.0,0.3141910167210975,131419.10167210974,0.0,131419.10167210974,1.3141910167210975
2018-04-06,0.0,0.3141910167210975,131419.10167210974,0.0,131419.10167210974,1.3141910167210975
2018-04-09,0.0,0.3141910167210975,131419.10167210974,0.0,131419.10167210974,1.3141910167210975
2018-04-10,0.0,0.3141910167210975,131419.10167210974,0.0,131419.10167210974,1.3141910167210975
2018-04-11,0.0,0.3141910167210975,131419.10167210974,0.0,131419.10167210974,1.3141910167210975
2018-04-12,0.0,0.3141910167210975,131419.10167210974,0.0,131419.10167210974,1.3141910167210975
2018-04-13,0.0,0.3141910167210975,131419.10167210974,0.0,131419.10167210974,1.3141910167210975
2018-04-16,0.0,0.3141910167210975,131419.10167210974,0.0,131419.10167210974,1.3141910167210975
2018-04-17,0.0,0.3141910167210975,131419.10167210974,0.0,131419.10167210974,1.3141910167210975
2018-04-18,0.0,0.3141910167210975,131419.10167210974,0.0,131419.10167210974,1.3141910167210975
2018-04-19,0.0,0.3141910167210975,131419.10167210974,0.0,131419.10167210974,1.3141910167210975
2018-04-20,0.0,0.3141910167210975,131419.10167210974,0.0,131419.10167210974,1.3141910167210975
2018-04-23,0.0,0.3141910167210975,131419.10167210974,0.0,131419.10167210974,1.3141910167210975
2018-04-24,0.0,0.3141910167210975,131419.10167210974,0.0,131419.10167210974,1.3141910167210975
2018-04-25,0.0,0.3141910167210975,131419.10167210974,0.0,131419.10167210974,1.3141910167210975
2018-04-26,0.0,0.3141910167210975,131419.10167210974,0.0,131419.10167210974,1.3141910167210975
2018-04-27,0.0,0.3141910167210975,131419.10167210974,0.0,131419.10167210974,1.3141910167210975
2018-04-30,0.0,0.3141910167210975,131419.10167210974,0.0,131419.10167210974,1.3141910167210975
2018-05-02,-0.006801699028730572,0.30525228495909906,130525.2284959099,-893.8731761998351,130525.2284959099,1.305252284959099
2018-05-03,-0.003582686660562648,0.30057597500910727,130057.59750091072,-467.6309949991846,130057.59750091072,1.3005759750091073
2018-05-04,-0.005749288448515091,0.29309858857957116,129309.85885795712,-747.7386429535982,129309.85885795712,1.2930985885795712
2018-05-07,0.0091587596826219,0.30494176779830906,130494.1767798309,1184.3179218737787,130494.1767798309,1.304941767798309
2018-05-08,0.00021462411343381083,0.3052218397683055,130522.18397683055,28.00719699964975,130522.18397683055,1.3052218397683055
2018-05-09,0.002229971734921472,0.308132447578791,130813.2447578791,291.0607810485526,130813.2447578791,1.308132447578791
2018-05-10,-0.0023413789407355843,0.30506961381433717,130506.96138143372,-306.2833764453826,130506.96138143372,1.3050696138143372
2018-05-11,0.008393577872717497,0.3160238172472052,131602.38172472053,1095.420343286809,131602.38172472053,1.3160238172472054
2018-05-14,9.217542682644704e-06,0.316035947752912,131603.5947752912,1.2130505706591066,131603.5947752912,1.316035947752912
2018-05-15,-0.000439546219134394,0.3154574891278321,131545.74891278322,-57.84586250796565,131545.74891278322,1.3154574891278323
2018-05-16,-0.00562403682673703,0.30805930776497004,130805.930776497,-739.8181362862233,130805.930776497,1.30805930776497
2018-05-17,-0.005437005165795881,0.30094738255148434,130094.73825514843,-711.1925213485665,130094.73825514843,1.3009473825514843
2018-05-18,-0.008078463600931889,0.2904377264748146,129043.77264748146,-1050.965607666978,129043.77264748146,1.2904377264748146
2018-05-21,-0.007521440524559029,0.28073177586448717,128073.17758644871,-970.5950610327418,128073.17758644871,1.2807317758644872
2018-05-22,0.0019017372016475655,0.28316739112798084,128316.73911279808,243.56152634936734,128316.73911279808,1.2831673911279808
2018-05-23,-0.010093348388598223,0.2702159356084375,127021.59356084374,-1295.1455519543379,127021.59356084374,1.2702159356084375
2018-05-24,0.00800548429603439,0.2803846293335235,128038.46293335235,1016.869372508605,128038.46293335235,1.2803846293335235
2018-05-25,0.008683858400313129,0.29150330815259307,129150.33081525931,1111.867881906961,129150.33081525931,1.291503308152593
2018-05-28,0.007873532851906973,0.30167200187767906,130167.2001877679,1016.8693725085905,130167.2001877679,1.301672001877679
2018-05-29,-0.005178444790938987,0.2949313652800445,129493.13652800446,-674.0636597634439,129493.13652800446,1.2949313652800445
2018-05-30,-0.0017821556488180786,0.2926235960325789,129262.3596032579,-230.77692474656214,129262.3596032579,1.292623596032579
2018-05-31,0.011475105468772282,0.30745658812847654,130745.65881284766,1483.2992095897644,130745.65881284766,1.3074565881284765
2018-06-01,-0.003721091253284346,0.3025914228543427,130259.14228543427,-486.5165274133906,130259.14228543427,1.3025914228543427
2018-06-04,-0.006329368754912508,0.2943468414021113,129434.68414021113,-824.458145223136,129434.68414021113,1.2943468414021113
2018-06-05,-0.0033259264595192173,0.2900419389944968,129004.19389944969,-430.4902407614427,129004.19389944969,1.2900419389944968
2018-06-06,0.008637657035529113,0.30118487882498024,130118.48788249803,1114.2939830483374,130118.48788249803,1.3011848788249802
2018-06-07,0.00783359452017634,0.3113778335614801,131137.78335614802,1019.295473649996,131137.78335614802,1.3113778335614803
2018-06-08,-6.493276828523985e-05,0.31129268216847894,131129.2682168479,-8.515139300114242,131129.2682168479,1.3112926821684792
2018-06-11,0.0017923877528846623,0.31364302711244507,131364.3027112445,235.03449439659016,131364.3027112445,1.313643027112445
2018-06-12,0.005182133323169625,0.32045050041799383,132045.05004179938,680.7473305548774,132045.05004179938,1.3204505004179938
2018-06-13,0.001277393529974301,0.32213723534387917,132213.72353438791,168.67349258853937,132213.72353438791,1.3221372353438792
2018-06-14,-0.004481139733968646,0.31621255364482015,131621.25536448203,-592.4681699058856,131621.25536448203,1.3162125536448204
2018-06-15,0.000892889170515719,0.3173877855800664,131738.77855800666,117.52319352462655,131738.77855800666,1.3173877855800666
2018-06-18,-0.0016501276255774747,0.3152139276014825,131521.39276014824,-217.38579785841284,131521.39276014824,1.3152139276014825
2018-06-19,-0.008277838793689799,0.3043267987295817,130432.67987295816,-1088.7128871900786,130432.67987295816,1.3043267987295817
2018-06-20,0.005751355755518053,0.3118284461705314,131182.84461705314,750.1647440949746,131182.84461705314,1.3118284461705314
2018-06-21,-0.0028731945983977813,0.3080593077649698,130805.93077649699,-376.91384055615345,130805.93077649699,1.3080593077649698
2018-06-22,0.007517852262492766,0.31789310439132556,131789.31043913256,983.3796626355761,131789.31043913256,1.3178931043913256
2018-06-25,-0.005488841206131909,0.3106593984146653,131065.93984146653,-723.3705976660276,131065.93984146653,1.3106593984146653
2018-06-26,0.0006225529680423717,0.31147535331324105,131147.5353313241,81.59548985755828,131147.5353313241,1.3114753533132408
2018-06-27,-0.009076853461448129,0.29957128371291586,129957.12837129159,-1190.406960032502,129957.12837129159,1.2995712837129159
2018-06-28,-0.007712275637441416,0.2895486317624183,128954.86317624182,-1002.2651950497675,128954.86317624182,1.2895486317624183
2018-06-29,0.011823497741172886,0.3047956070971938,130479.56070971937,1524.6975334775489,130479.56070971937,1.3047956070971938
2018-07-02,-0.005319993003655034,0.29785410359623676,129785.41035962368,-694.1503500956896,129785.41035962368,1.2978541035962368
2018-07-03,0.003997315147197284,0.30304203546339403,130304.2035463394,518.7931867157167,130304.2035463394,1.303042035463394
2018-07-04,0.006542116977213391,0.31156668888562167,131156.66888856216,852.4653422227566,131156.66888856216,1.3115666888856214
2018-07-05,-0.001870991364278591,0.30911275893704127,130911.27589370412,-245.3929948580335,130911.27589370412,1.3091127589370413
2018-07-06,0.0021303184376380846,0.3119015859843519,131190.1585984352,278.88270473107696,131190.1585984352,1.311901585984352
2018-07-09,0.007449420253147574,0.32167449222912037,132167.44922291202,977.2906244768237,132167.44922291202,1.3216744922291201
2018-07-10,0.008693492612951787,0.33316445966404107,133316.4459664041,1148.9967434920836,133316.4459664041,1.333164459664041
2018-07-11,9.589665783644294e-05,0.3332923056800692,133329.23056800693,12.784601602819748,133329.23056800693,1.3332923056800692
2018-07-12,0.006841280560560782,0.34241373241246365,134241.37324124636,912.142673239432,134241.37324124636,1.3424137324124636
2018-07-13,-0.0003900686380828361,0.34189009891611777,134189.0098916118,-52.36334963457193,134189.0098916118,1.3418900989161178
2018-07-16,-0.007446367454216184,0.33189789215641374,133189.7892156414,-999.2206759703986,133189.7892156414,1.331897892156414
2018-07-17,0.006510119262448999,0.34056870627975644,134056.87062797564,867.081412334257,134056.87062797564,1.3405687062797564
2018-07-18,-0.0025072206126145434,0.33720760478674583,133720.76047867458,-336.11014930106467,133720.76047867458,1.3372076047867458
2018-07-19,-0.002126559979067912,0.33436395261070095,133436.3952610701,-284.3652176044707,133436.3952610701,1.3343639526107012
2018-07-20,0.004846226449567605,0.3408305824911926,134083.05824911926,646.6629880491528,134083.05824911926,1.3408305824911926
2018-07-23,0.006770976309698615,0.34990931460055985,134990.931460056,907.8732109367265,134990.931460056,1.3499093146005599
2018-07-24,0.004470087704955006,0.35594352763056003,135594.352763056,603.4213030000101,135594.352763056,1.35594352763056
2018-07-25,-0.00020655135283242424,0.35566345566056357,135566.34556605635,-28.00719699964975,135566.34556605635,1.3556634556605636
2018-07-26,0.003171020902578153,0.35996229281532455,135996.22928153246,429.88371547611314,135996.22928153246,1.3599622928153245
2018-07-27,0.009944194803553729,0.37348602278056764,137348.60227805676,1352.3729965242965,137348.60227805676,1.3734860227805676
2018-07-30,0.0036530340643326754,0.3785034140086698,137850.34140086698,501.7391228102206,137850.34140086698,1.3785034140086698
2018-07-31,0.0032642813495284665,0.38300323699327965,138300.32369932797,449.98229846099275,138300.32369932797,1.3830032369932796
2018-08-01,-0.0009069523785937569,0.38174891891788576,138174.89189178857,-125.43180753939669,138174.89189178857,1.3817489189178858
2018-08-02,-0.008945726168478245,0.3693881714556555,136938.81714556555,-1236.074746223021,136938.81714556555,1.3693881714556555
2018-08-03,0.010324829240302702,0.3835268704896255,138352.68704896254,1413.8699033969897,138352.68704896254,1.3835268704896255
2018-08-06,0.0023149606664707376,0.38672968077581427,138672.96807758143,320.28102861889056,138672.96807758143,1.3867296807758143
2018-08-07,0.00020642534254857684,0.3870159369251909,138701.5936925191,28.625614937656792,138701.5936925191,1.3870159369251909
2018-08-08,0.005316306199962153,0.3943897383501125,139438.97383501125,737.3801424921548,139438.97383501125,1.3943897383501125
2018-08-09,0.0018078773198689957,0.3969106239331339,139691.0623933134,252.08855830214452,139691.0623933134,1.396910623933134
2018-08-10,-0.0035917768410804124,0.39189323270503174,139189.32327050317,-501.7391228102206,139189.32327050317,1.3918932327050317
2018-08-13,-0.006452600726190997,0.3829119014208988,138291.19014208988,-898.1331284132903,138291.19014208988,1.3829119014208988
2018-08-14,0.006987615029830702,0.39257515740819926,139257.51574081992,966.3255987300363,139257.51574081992,1.3925751574081993
2018-08-16,-0.0043768577797492,0.3864800539966118,138648.00539966117,-609.5103411587479,138648.00539966117,1.3864800539966118
2018-08-17,0.007527432622843263,0.3969166891859872,139691.66891859873,1043.6635189375666,139691.66891859873,1.3969166891859874
2018-08-20,0.00706143887714404,0.4067809310031363,140678.09310031362,986.4241817148868,140678.09310031362,1.4067809310031363
2018-08-21,0.0016577912978553034,0.4091130801885421,140911.3080188542,233.21491854058695,140911.3080188542,1.409113080188542
2018-08-23,0.0010240870610726902,0.4105561346615514,141055.61346615513,144.30544730092515,141055.61346615513,1.4105561346615514
2018-08-24,-0.0022145337355118605,0.40743241051551027,140743.241051551,-312.3724146041204,140743.241051551,1.40743241051551
2018-08-27,0.01166820313879709,0.42385461778553224,142385.46177855323,1642.220727002219,142385.46177855323,1.4238546177855322
2018-08-28,0.003981355027167547,0.4295234885260082,142952.34885260082,566.8870740475832,142952.34885260082,1.4295234885260082
2018-08-29,-0.003969809547642374,0.4238485525326787,142384.85525326786,-567.4935993329564,142384.85525326786,1.4238485525326785
2018-08-30,-0.0012915424723946682,0.42200959165282503,142200.9591652825,-183.89608798536938,142200.9591652825,1.4220095916528248
2018-08-31,0.0003168843668120956,0.4224602042618766,142246.02042618766,45.061260905175004,142246.02042618766,1.4224602042618766
2018-09-03,-0.008402927154231412,0.4105073747856709,141050.73747856708,-1195.2829476205807,141050.73747856708,1.410507374785671
2018-09-04,-0.005357272641578317,0.4029509022159872,140295.09022159872,-755.6472569683683,140295.09022159872,1.4029509022159872
2018-09-05,-0.0037628889968090466,0.39767175370297525,139767.1753702975,-527.9148513012042,139767.1753702975,1.397671753702975
2018-09-06,0.005223530144531367,0.40497253424060276,140497.25342406027,730.0780537627579,140497.25342406027,1.4049725342406028
2018-09-07,0.004524544460175595,0.41132939493709997,141132.93949371,635.6860696497315,141132.93949371,1.4113293949371
2018-09-10,-0.013029485041085382,0.39294049969772304,139294.0499697723,-1838.889523937687,139294.0499697723,1.392940499697723
2018-09-11,-0.013166488710376694,0.3746003643342264,137460.03643342265,-1834.0135363496665,137460.03643342265,1.3746003643342264
2018-09-12,0.007300145348837209,0.384635146790431,138463.5146790431,1003.4782456204412,138463.5146790431,1.384635146790431
2018-09-14,0.012779338401883125,0.40232986789440695,140232.9867894407,1769.472110397619,140232.9867894407,1.4023298678944072
2018-09-17,-0.011936413868727349,0.38559107821074146,138559.10782107414,-1673.8789683665673,138559.10782107414,1.3855910782107415
2018-09-18,-0.008687975159851464,0.37355309734153486,137355.30973415347,-1203.7980869206658,137355.30973415347,1.3735530973415346
2018-09-19,-0.003949922395540484,0.36812766920088147,136812.76692008815,-542.5428140653239,136812.76692008815,1.3681276692008815
2018-09-21,-0.008122410568730424,0.3570151745611918,135701.51745611918,-1111.2494639689685,135701.51745611918,1.3570151745611918
2018-09-24,-0.015767535507102474,0.33561838961262125,133561.8389612621,-2139.678494857071,133561.8389612621,1.335618389612621
2018-09-25,0.00912247215602917,0.3478025311829429,134780.2531182943,1218.4141570321808,134780.2531182943,1.347802531182943
2018-09-26,-0.0012333817079910128,0.3461401761949978,134614.0176194998,-166.23549879450002,134614.0176194998,1.3461401761949978
2018-09-27,-0.006898080420062,0.3368543930029282,133685.4393002928,-928.5783192069794,133685.4393002928,1.3368543930029282
2018-09-28,-0.0042905393473949985,0.3311185666280112,133111.85666280112,-573.5826374916942,133111.85666280112,1.3311185666280112
2018-10-01,0.007122269255513889,0.34059915147054975,134059.91514705497,948.0584842538519,134059.91514705497,1.3405991514705498
2018-10-03,-0.013630606664946256,0.3223259717414939,132232.59717414938,-1827.3179729055846,132232.59717414938,1.322325971741494
2018-10-04,-0.02385283079685953,0.2907847540792512,129078.47540792511,-3154.1217662242707,129078.47540792511,1.2907847540792512
2018-10-05,-0.02668111467202868,0.2563451780387562,125634.51780387563,-3443.9576040494867,125634.51780387563,1.2563451780387562
2018-10-08,0.003063031253653312,0.26019340258446544,126019.34025844654,384.82245457090903,126019.34025844654,1.2601934025844654
2018-10-09,-0.00454191861143824,0.25446970671525526,125446.97067152553,-572.369586921006,125446.97067152553,1.2544697067152553
2018-10-10,0.015440154906844958,0.27383891331288335,127383.89133128834,1936.9206597628072,127383.89133128834,1.2738389133128833
2018-10-11,-0.028453063118759885,0.2375942943092595,123759.42943092594,-3624.4619003623957,123759.42943092594,1.2375942943092595
2018-10-12,0.0,0.2375942943092595,123759.42943092594,0.0,123759.42943092594,1.2375942943092595
2018-10-15,0.0,0.2375942943092595,123759.42943092594,0.0,123759.42943092594,1.2375942943092595
2018-10-16,0.0,0.2375942943092595,123759.42943092594,0.0,123759.42943092594,1.2375942943092595
2018-10-17,0.0,0.2375942943092595,123759.42943092594,0.0,123759.42943092594,1.2375942943092595
2018-10-19,0.0,0.2375942943092595,123759.42943092594,0.0,123759.42943092594,1.2375942943092595
2018-10-22,0.0,0.2375942943092595,123759.42943092594,0.0,123759.42943092594,1.2375942943092595
2018-10-23,0.0,0.2375942943092595,123759.42943092594,0.0,123759.42943092594,1.2375942943092595
2018-10-24,0.0,0.2375942943092595,123759.42943092594,0.0,123759.42943092594,1.2375942943092595
2018-10-25,0.0,0.2375942943092595,123759.42943092594,0.0,123759.42943092594,1.2375942943092595
2018-10-26,0.0,0.2375942943092595,123759.42943092594,0.0,123759.42943092594,1.2375942943092595
2018-10-29,0.0,0.2375942943092595,123759.42943092594,0.0,123759.42943092594,1.2375942943092595
2018-10-30,0.0,0.2375942943092595,123759.42943092594,0.0,123759.42943092594,1.2375942943092595
2018-10-31,0.0,0.2375942943092595,123759.42943092594,0.0,123759.42943092594,1.2375942943092595
2018-11-01,0.0,0.2375942943092595,123759.42943092594,0.0,123759.42943092594,1.2375942943092595
2018-11-02,0.0,0.2375942943092595,123759.42943092594,0.0,123759.42943092594,1.2375942943092595
2018-11-05,0.0,0.2375942943092595,123759.42943092594,0.0,123759.42943092594,1.2375942943092595
2018-11-06,0.0,0.2375942943092595,123759.42943092594,0.0,123759.42943092594,1.2375942943092595
2018-11-07,0.0,0.2375942943092595,123759.42943092594,0.0,123759.42943092594,1.2375942943092595
2018-11-09,0.0,0.2375942943092595,123759.42943092594,0.0,123759.42943092594,1.2375942943092595
2018-11-12,0.0,0.2375942943092595,123759.42943092594,0.0,123759.42943092594,1.2375942943092595
2018-11-13,0.0,0.2375942943092595,123759.42943092594,0.0,123759.42943092594,1.2375942943092595
2018-11-14,0.0,0.2375942943092595,123759.42943092594,0.0,123759.42943092594,1.2375942943092595
2018-11-15,0.0,0.2375942943092595,123759.42943092594,0.0,123759.42943092594,1.2375942943092595
2018-11-16,0.0,0.2375942943092595,123759.42943092594,0.0,123759.42943092594,1.2375942943092595
2018-11-19,0.0,0.2375942943092595,123759.42943092594,0.0,123759.42943092594,1.2375942943092595
2018-11-20,0.0,0.2375942943092595,123759.42943092594,0.0,123759.42943092594,1.2375942943092595
2018-11-21,0.0,0.2375942943092595,123759.42943092594,0.0,123759.42943092594,1.2375942943092595
2018-11-22,0.0,0.2375942943092595,123759.42943092594,0.0,123759.42943092594,1.2375942943092595
2018-11-26,0.0,0.2375942943092595,123759.42943092594,0.0,123759.42943092594,1.2375942943092595
2018-11-27,0.0,0.2375942943092595,123759.42943092594,0.0,123759.42943092594,1.2375942943092595
2018-11-28,0.0,0.2375942943092595,123759.42943092594,0.0,123759.42943092594,1.2375942943092595
2018-11-29,0.0,0.2375942943092595,123759.42943092594,0.0,123759.42943092594,1.2375942943092595
2018-11-30,0.0,0.2375942943092595,123759.42943092594,0.0,123759.42943092594,1.2375942943092595
2018-12-03,0.0,0.2375942943092595,123759.42943092594,0.0,123759.42943092594,1.2375942943092595
2018-12-04,0.0,0.2375942943092595,123759.42943092594,0.0,123759.42943092594,1.2375942943092595
2018-12-05,0.0,0.2375942943092595,123759.42943092594,0.0,123759.42943092594,1.2375942943092595
2018-12-06,0.0,0.2375942943092595,123759.42943092594,0.0,123759.42943092594,1.2375942943092595
2018-12-07,0.0,0.2375942943092595,123759.42943092594,0.0,123759.42943092594,1.2375942943092595
2018-12-10,0.0,0.2375942943092595,123759.42943092594,0.0,123759.42943092594,1.2375942943092595
2018-12-11,0.0,0.2375942943092595,123759.42943092594,0.0,123759.42943092594,1.2375942943092595
2018-12-12,0.0,0.2375942943092595,123759.42943092594,0.0,123759.42943092594,1.2375942943092595
2018-12-13,0.0,0.2375942943092595,123759.42943092594,0.0,123759.42943092594,1.2375942943092595
2018-12-14,0.0,0.2375942943092595,123759.42943092594,0.0,123759.42943092594,1.2375942943092595
2018-12-17,0.0,0.2375942943092595,123759.42943092594,0.0,123759.42943092594,1.2375942943092595
2018-12-18,0.0,0.2375942943092595,123759.42943092594,0.0,123759.42943092594,1.2375942943092595
2018-12-19,0.0,0.2375942943092595,123759.42943092594,0.0,123759.42943092594,1.2375942943092595
2018-12-20,0.0,0.2375942943092595,123759.42943092594,0.0,123759.42943092594,1.2375942943092595
2018-12-21,0.0,0.2375942943092595,123759.42943092594,0.0,123759.42943092594,1.2375942943092595
2018-12-24,0.0,0.2375942943092595,123759.42943092594,0.0,123759.42943092594,1.2375942943092595
2018-12-26,0.0,0.2375942943092595,123759.42943092594,0.0,123759.42943092594,1.2375942943092595
2018-12-27,0.0,0.2375942943092595,123759.42943092594,0.0,123759.42943092594,1.2375942943092595
2018-12-28,0.0,0.2375942943092595,123759.42943092594,0.0,123759.42943092594,1.2375942943092595
2018-12-31,0.0,0.2375942943092595,123759.42943092594,0.0,123759.42943092594,1.2375942943092595
2019-01-02,0.0,0.2375942943092595,123759.42943092594,0.0,123759.42943092594,1.2375942943092595
2019-01-03,0.0,0.2375942943092595,123759.42943092594,0.0,123759.42943092594,1.2375942943092595
2019-01-04,0.0,0.2375942943092595,123759.42943092594,0.0,123759.42943092594,1.2375942943092595
2019-01-07,0.0,0.2375942943092595,123759.42943092594,0.0,123759.42943092594,1.2375942943092595
2019-01-08,0.0,0.2375942943092595,123759.42943092594,0.0,123759.42943092594,1.2375942943092595
2019-01-09,0.0,0.2375942943092595,123759.42943092594,0.0,123759.42943092594,1.2375942943092595
2019-01-10,0.0,0.2375942943092595,123759.42943092594,0.0,123759.42943092594,1.2375942943092595
2019-01-11,0.0,0.2375942943092595,123759.42943092594,0.0,123759.42943092594,1.2375942943092595
2019-01-14,0.0,0.2375942943092595,123759.42943092594,0.0,123759.42943092594,1.2375942943092595
2019-01-15,0.0,0.2375942943092595,123759.42943092594,0.0,123759.42943092594,1.2375942943092595
2019-01-16,0.0,0.2375942943092595,123759.42943092594,0.0,123759.42943092594,1.2375942943092595
2019-01-17,0.0,0.2375942943092595,123759.42943092594,0.0,123759.42943092594,1.2375942943092595
2019-01-18,0.0,0.2375942943092595,123759.42943092594,0.0,123759.42943092594,1.2375942943092595
2019-01-21,0.0,0.2375942943092595,123759.42943092594,0.0,123759.42943092594,1.2375942943092595
2019-01-22,0.0,0.2375942943092595,123759.42943092594,0.0,123759.42943092594,1.2375942943092595
2019-01-23,0.0,0.2375942943092595,123759.42943092594,0.0,123759.42943092594,1.2375942943092595
2019-01-24,-0.00016975529404941703,0.23738420612591526,123738.42061259152,-21.00881833441963,123738.42061259152,1.2373842061259153
2019-01-25,-0.006382606245884973,0.22948646996333655,122948.64699633366,-789.7736162578658,122948.64699633366,1.2294864699633365
2019-01-28,-0.011038398055380951,0.21591490890417608,121591.49089041761,-1357.156105916045,121591.49089041761,1.215914908904176
2019-01-29,-0.0008769465552643493,0.21484861651331788,121484.86165133178,-106.62923908582889,121484.86165133178,1.2148486165133179
2019-01-30,-3.7587598586082886e-05,0.2148029532711775,121480.29532711775,-4.5663242140290095,121480.29532711775,1.2148029532711775
2019-01-31,0.01681879061847951,0.235234469784956,123523.4469784956,2043.1516513778479,123523.4469784956,1.235234469784956
2019-02-01,0.005788983808607657,0.24238522213037506,124238.5222130375,715.0752345419023,124238.5222130375,1.242385222130375
2019-02-04,0.0017073807867936256,0.2445064467884368,124450.64467884367,212.1224658061692,124450.64467884367,1.2445064467884368
2019-02-05,0.0020252110586725927,0.2470268350070619,124702.68350070619,252.03882186251576,124702.68350070619,1.247026835007062
2019-02-06,0.01171542803311025,0.2616362881479444,126163.62881479444,1460.9453140882542,126163.62881479444,1.2616362881479444
2019-02-07,0.0006282690714797533,0.2624289352072444,126242.89352072444,79.26470592999249,126242.89352072444,1.2624289352072444
2019-02-08,-0.011364733121095193,0.24808176727426567,124808.17672742657,-1434.7167932978628,124808.17672742657,1.2480817672742657
2019-02-11,-0.005007475295473613,0.24183202865790876,124183.20286579088,-624.9738616356917,124183.20286579088,1.2418320286579088
2019-02-12,-0.0052714178873772876,0.2352858130889235,123528.58130889235,-654.6215568985353,123528.58130889235,1.2352858130889235
2019-02-14,-0.007879921603800582,0.22555185772349562,122555.18577234956,-973.3955365427828,122555.18577234956,1.2255518577234956
2019-02-15,-0.0020146392819672563,0.22308281280883802,122308.2812808838,-246.90449146575702,122308.2812808838,1.223082812808838
2019-02-18,-0.007781339028096158,0.21356559078293502,121356.5590782935,-951.7222025903029,121356.5590782935,1.213565590782935
2019-02-19,-0.0034395975233135773,0.20939141358249946,120939.14135824995,-417.4177200435515,120939.14135824995,1.2093914135824995
2019-02-20,0.012362906803977657,0.22434300691815068,122434.30069181506,1495.1593335651123,122434.30069181506,1.2243430069181507
2019-02-21,0.0050672690080806135,0.2305470822923672,123054.70822923673,620.4075374216627,123054.70822923673,1.2305470822923672
2019-02-22,0.0001668958618695993,0.23075245550823764,123075.24555082376,20.537321587034967,123075.24555082376,1.2307524555082376
2019-02-25,0.00819607896368087,0.24083979981832715,124083.97998183272,1008.7344310089538,124083.97998183272,1.2408397998183271
2019-02-26,-0.004117591409631726,0.23573052851786613,123573.05285178662,-510.92713004609686,123573.05285178662,1.2357305285178661
2019-02-27,-0.002644081343287416,0.23246315648208138,123246.31564820814,-326.73720357847924,123246.31564820814,1.2324631564820814
2019-02-28,-0.0013094150466157178,0.2308493506805842,123084.93506805842,-161.38058014972194,123084.93506805842,1.2308493506805842
2019-03-01,0.006578642575862868,0.2389466686234447,123894.66686234447,809.7317942860536,123894.66686234447,1.2389466686234447
2019-03-05,0.011409784628572743,0.2530827832787259,125308.27832787258,1413.6114655281126,125308.27832787258,1.253082783278726
2019-03-06,0.00596587957372176,0.2605585242596711,126055.85242596711,747.5740980945266,126055.85242596711,1.260558524259671
2019-03-07,0.00047047817900117616,0.26115158953868933,126115.15895386893,59.30652790181921,126115.15895386893,1.2611515895386893
2019-03-08,-0.0020618006804728217,0.2585513463331992,125855.13463331992,-260.02432054901146,125855.13463331992,1.2585513463331992
2019-03-11,0.012020353532001505,0.2736795784543009,127367.9578454301,1512.8232121101755,127367.9578454301,1.273679578454301
2019-03-12,0.011922438828049779,0.28886494531495877,128886.49453149587,1518.5366860657814,128886.49453149587,1.2888649453149588
2019-03-13,0.003583690165651481,0.29348383794433675,129348.38379443367,461.88926293779514,129348.38379443367,1.2934838379443367
2019-03-14,0.0001366465927340004,0.29366058810354834,129366.05881035484,17.67501592116605,129366.05881035484,1.2936605881035483
2019-03-15,0.0073699873823639605,0.3031948503149331,130319.48503149331,953.4262211384776,130319.48503149331,1.303194850314933
2019-03-18,0.0030936423551507237,0.30722646910088147,130722.64691008815,403.1618785948376,130722.64691008815,1.3072264691008815
2019-03-19,0.006124495656707215,0.3152325719332225,131523.25719332226,800.610283234113,131523.25719332226,1.3152325719332227
2019-03-20,-0.0009842344657689129,0.3139380747054239,131393.80747054238,-129.44972277988563,131393.80747054238,1.313938074705424
2019-03-22,-0.0055680181190085574,0.306622043698209,130662.2043698209,-731.603100721477,130662.2043698209,1.306622043698209
2019-03-25,-0.00895970001703054,0.29491510215103367,129491.51021510336,-1170.6941547175375,129491.51021510336,1.2949151021510337
2019-03-26,0.011361384503599973,0.30962713052609003,130962.713052609,1471.2028375056398,130962.713052609,1.30962713052609
2019-03-27,-0.003326601381359807,0.3052705231046158,130527.05231046157,-435.66074214743276,130527.05231046157,1.3052705231046158
2019-03-28,0.010917400749215149,0.31952068449148663,131952.06844914868,1425.016138687104,131952.06844914868,1.3195206844914869
2019-04-01,0.008569610252808989,0.3308284624780984,133082.84624780985,1130.7777986611763,133082.84624780985,1.3308284624780986
2019-04-02,0.0037748939051200875,0.33585219872986727,133585.21987298672,502.3736251768714,133585.21987298672,1.3358521987298673
2019-04-03,-0.0059121332210912885,0.32795446256728855,132795.44625672884,-789.7736162578803,132795.44625672884,1.3279544625672883
2019-04-04,-0.003946272059030117,0.322713992975995,132271.3992975995,-524.0469591293368,132271.3992975995,1.322713992975995
2019-04-05,0.005858785593421279,0.33046349066225966,133046.34906622596,774.9497686264513,133046.34906622596,1.3304634906622597
2019-04-08,-0.005267483083991849,0.32345529673132756,132345.52967313275,-700.819393093203,132345.52967313275,1.3234552967313276
2019-04-09,0.005812417192683873,0.3311477710517974,133114.77710517973,769.2474320469773,133114.77710517973,1.3311477710517974
2019-04-10,-0.007509489773200089,0.3211515304784658,132115.15304784657,-999.6240573331597,132115.15304784657,1.3211515304784658
2019-04-11,0.0010704480058416888,0.32256575449968117,132256.5754499681,141.4224021215341,132256.5754499681,1.3225657544996812
2019-04-12,0.004031319186719754,0.3278974392014944,132789.74392014943,533.168470181321,132789.74392014943,1.3278974392014942
2019-04-15,0.004027965360420495,0.33324616408878915,133324.6164088789,534.8724887294811,133324.6164088789,1.3332461640887892
2019-04-16,0.008280400884877834,0.34428597680566986,134428.59768056698,1103.9812716880697,134428.59768056698,1.3442859768056699
2019-04-18,-0.002914240066438874,0.3403684047513107,134036.84047513106,-391.7572054359189,134036.84047513106,1.3403684047513107
2019-04-22,-0.01347335205283116,0.32230914935360455,132230.91493536046,-1805.9255397706002,132230.91493536046,1.3223091493536046
2019-04-23,-0.0015955909670886622,0.32019928481919724,132019.92848191972,-210.98645344073884,132019.92848191972,1.3201992848191972
2019-04-24,0.012975193636658978,0.3373291261787048,133732.9126178705,1712.98413595077,133732.9126178705,1.3373291261787048
2019-04-25,-0.0071933740509534895,0.3277092175448666,132770.92175448666,-961.990863383835,132770.92175448666,1.3277092175448666
2019-04-26,0.009693568677590676,0.340579458029008,134057.9458029008,1287.0240484141395,134057.9458029008,1.340579458029008
2019-04-30,-0.0005529726349993462,0.3398381542736757,133983.81542736758,-74.1303755332192,133983.81542736758,1.3398381542736757
2019-05-02,-0.001991836148409665,0.33716941620497476,133716.94162049747,-266.8738068701059,133716.94162049747,1.3371694162049748
2019-05-03,-0.0010661208128105077,0.33574383206010494,133574.3832060105,-142.55841448696447,133574.3832060105,1.335743832060105
2019-05-06,-0.00973339879186322,0.3227425046588923,132274.25046588923,-1300.1327401212766,132274.25046588923,1.3227425046588923
2019-05-07,-0.008652133673183455,0.31129795969338225,131129.7959693382,-1144.454496551014,131129.7959693382,1.3112979596933823
2019-05-08,-0.012041345863927263,0.29550816743005215,129550.81674300521,-1578.9792263330019,129550.81674300521,1.2955081674300521
2019-05-09,-0.005075103956069067,0.28893332880440825,128893.33288044082,-657.4838625643897,128893.33288044082,1.2889333288044083
2019-05-10,-0.002026174101314581,0.2863217254752637,128632.17254752637,-261.1603329144564,128632.17254752637,1.2863217254752637
2019-05-13,-0.011588026384304072,0.27141579538175264,127141.57953817527,-1490.5930093510979,127141.57953817527,1.2714157953817526
2019-05-14,0.006624352638199989,0.2798381019601388,127983.81019601387,842.2306578386051,127983.81019601387,1.2798381019601388
2019-05-15,-0.0057966063080853916,0.2724193843449887,127241.93843449886,-741.871761515009,127241.93843449886,1.2724193843449887
2019-05-16,0.008971910851931523,0.28383541762760145,128383.54176276014,1141.603328261277,128383.54176276014,1.2838354176276014
2019-05-17,0.013329435330308044,0.3009482188016275,130094.82188016275,1711.28011740261,130094.82188016275,1.3009482188016275
2019-05-20,0.03691540787619334,0.34897325292449666,134897.32529244968,4802.503412286926,134897.32529244968,1.3489732529244969
2019-05-21,-0.010073374389702619,0.3353845403060933,133538.45403060934,-1358.871261840337,133538.45403060934,1.3353845403060933
2019-05-22,0.0024596922232124822,0.3386691752748825,133866.91752748826,328.4634968789178,133866.91752748826,1.3386691752748825
2019-05-23,-0.006887993870017413,0.32944843020160786,132944.8430201608,-922.0745073274593,132944.8430201608,1.329448430201608
2019-05-24,0.01604606721438936,0.3507808490706874,135078.08490706875,2133.2418869079556,135078.08490706875,1.3507808490706876
2019-05-27,0.006809330661248621,0.35997876252289185,135997.8762522892,919.7913452204375,135997.8762522892,1.3599787625228918
2019-05-28,0.00033543680161009665,0.36043494944925025,136043.494944925,45.61869263582048,136043.494944925,1.36043494944925
2019-05-29,-0.005671205333752489,0.35271964350771023,135271.964350771,-771.5305941539991,135271.964350771,1.3527196435077102
2019-05-30,0.007149487319284761,0.36239089544551595,136239.0895445516,967.1251937805791,136239.0895445516,1.362390895445516
2019-05-31,-0.0019337668306383222,0.35975634912153986,135975.634912154,-263.45463239759556,135975.634912154,1.3597563491215399
2019-06-03,0.013901936014629272,0.37865959488251355,137865.95948825136,1890.324576097366,137865.95948825136,1.3786595948825136
2019-06-04,-0.005534114111566868,0.3710299353634272,137102.99353634272,-762.9659519086417,137102.99353634272,1.3710299353634272
2019-06-06,-0.014798333410505298,0.35074097726413567,135074.09772641357,-2028.8958099291485,135074.09772641357,1.3507409772641357
2019-06-07,0.0022712730870712403,0.3538088788934002,135380.88788934003,306.79016292645247,135380.88788934003,1.3538088788934002
2019-06-10,0.004384747505377381,0.35974498899788565,135974.49889978857,593.6110104485415,135974.49889978857,1.3597449889978857
2019-06-11,0.003598129061348555,0.364637526958822,136463.7526958822,489.25379609363154,136463.7526958822,1.364637526958822
2019-06-12,-0.004964181988503175,0.35786321792665765,135786.32179266575,-677.4309032164456,135786.32179266575,1.3578632179266574
2019-06-13,0.0006592875347493661,0.35875844022013137,135875.84402201313,89.52222934737802,135875.84402201313,1.3587584402201314
2019-06-14,-0.007617057296864333,0.3484086993283766,134840.86993283767,-1034.9740891754627,134840.86993283767,1.3484086993283766
2019-06-17,-0.012784029548381651,0.3311706026728678,133117.06026728678,-1723.8096655508853,133117.06026728678,1.3311706026728678
2019-06-18,0.001657758744313429,0.3333773623796217,133337.73623796218,220.67597067539464,133337.73623796218,1.3333773623796217
2019-06-19,-4.259905700722747e-06,0.33337168231779435,133337.16823177945,-0.5680061827297322,133337.16823177945,1.3333716823177946
2019-06-20,0.012000205478679707,0.3493724164850607,134937.24164850608,1600.0734167266346,134937.24164850608,1.349372416485061
2019-06-21,-0.009098433505187313,0.3370952412799373,133709.52412799373,-1227.7175205123494,133709.52412799373,1.3370952412799373
2019-06-24,-0.0020853813567439797,0.33430688779158113,133430.6887791581,-278.8353488356224,133430.6887791581,1.3343068877915811
2019-06-25,0.008273734808782515,0.3453465891347005,134534.65891347005,1103.9701343119377,134534.65891347005,1.3453465891347005
2019-06-26,0.004331778503613334,0.3511743325694239,135117.4332569424,582.7743434723525,135117.4332569424,1.351174332569424
2019-06-27,-0.0005064338279992789,0.3504900521798864,135049.00521798863,-68.42803895377438,135049.00521798863,1.3504900521798862
2019-06-28,-0.0044504474652159575,0.344479767150363,134447.9767150363,-601.0285029523366,134447.9767150363,1.344479767150363
2019-07-01,0.00651038926978635,0.3532328537998637,135323.28537998637,875.3086649500765,135323.28537998637,1.3532328537998637
2019-07-02,0.0037672091410519545,0.35833076497667027,135833.07649766703,509.7911176806665,135833.07649766703,1.3583307649766703
2019-07-03,0.0005415644793392536,0.35906638867017526,135906.63886701752,73.56236935048946,135906.63886701752,1.3590663886701753
2019-07-04,0.0025174649128327773,0.36248779061786274,136248.77906178628,342.14019476875546,136248.77906178628,1.3624877906178627
2019-07-05,-0.011350334557515643,0.3470230983638196,134702.30983638196,-1546.4692254043184,134702.30983638196,1.3470230983638196
2019-07-08,-0.0213824033136061,0.3182205072018611,131822.05072018612,-2880.2591161958408,131822.05072018612,1.3182205072018611
2019-07-09,-0.00023352472109257127,0.31791267012557833,131791.26701255783,-30.78370762828854,131791.26701255783,1.3179126701255783
2019-07-10,-0.004932545113165099,0.31141200642497213,131141.20064249722,-650.0663700606092,131141.20064249722,1.3114120064249721
2019-07-11,0.007305046321514778,0.32099193187849706,132099.1931878497,957.992545352492,132099.1931878497,1.320991931878497
2019-07-12,-0.002624592252352058,0.3175248666886692,131752.4866688669,-346.706518982799,131752.4866688669,1.3175248666886692
2019-07-15,0.0031031905972733176,0.3216133974666513,132161.33974666512,408.8530777982087,132161.33974666512,1.3216133974666513
2019-07-16,0.00640729719958842,0.33008136728717785,133008.13672871777,846.7969820526487,133008.13672871777,1.3300813672871776
2019-07-17,0.0021350634900458884,0.33292117545326305,133292.1175453263,283.9808166085277,133292.1175453263,1.332921175453263
2019-07-18,-0.007751838235294118,0.32258858612075136,132258.85861207513,-1033.2589332511707,132258.85861207513,1.3225885861207514
2019-07-19,-0.015318782143598783,0.3023281397043571,130232.81397043572,-2026.0446416394116,130232.81397043572,1.3023281397043571
2019-07-22,-0.006397075524881231,0.2939970482364902,129399.70482364902,-833.1091467866936,129399.70482364902,1.2939970482364902
2019-07-23,-0.001335283210608177,0.2922691957034036,129226.91957034035,-172.78525330866978,129226.91957034035,1.2922691957034036
2019-07-24,-0.005273121293252302,0.28545490349092595,128545.4903490926,-681.4292212477594,128545.4903490926,1.285454903490926
2019-07-25,-0.0016989534831232291,0.28327097540524226,128327.09754052422,-218.39280856837286,128327.09754052422,1.2832709754052423
2019-07-26,0.0028571795564771387,0.2869375110015906,128693.75110015906,366.65355963484035,128693.75110015906,1.2869375110015906
2019-07-29,0.0013559711913062283,0.28868256119152,128868.256119152,174.50501899294613,128868.256119152,1.28868256119152
2019-07-30,0.0,0.28868256119152,128868.256119152,0.0,128868.256119152,1.28868256119152
2019-07-31,0.0,0.28868256119152,128868.256119152,0.0,128868.256119152,1.28868256119152
2019-08-01,0.0,0.28868256119152,128868.256119152,0.0,128868.256119152,1.28868256119152
2019-08-02,0.0,0.28868256119152,128868.256119152,0.0,128868.256119152,1.28868256119152
2019-08-05,0.0,0.28868256119152,128868.256119152,0.0,128868.256119152,1.28868256119152
2019-08-06,0.0,0.28868256119152,128868.256119152,0.0,128868.256119152,1.28868256119152
2019-08-07,0.0,0.28868256119152,128868.256119152,0.0,128868.256119152,1.28868256119152
2019-08-08,0.0,0.28868256119152,128868.256119152,0.0,128868.256119152,1.28868256119152
2019-08-09,0.0,0.28868256119152,128868.256119152,0.0,128868.256119152,1.28868256119152
2019-08-13,0.0,0.28868256119152,128868.256119152,0.0,128868.256119152,1.28868256119152
2019-08-14,0.0,0.28868256119152,128868.256119152,0.0,128868.256119152,1.28868256119152
2019-08-16,0.0,0.28868256119152,128868.256119152,0.0,128868.256119152,1.28868256119152
2019-08-19,0.0,0.28868256119152,128868.256119152,0.0,128868.256119152,1.28868256119152
2019-08-20,0.0,0.28868256119152,128868.256119152,0.0,128868.256119152,1.28868256119152
2019-08-21,0.0,0.28868256119152,128868.256119152,0.0,128868.256119152,1.28868256119152
2019-08-22,0.0,0.28868256119152,128868.256119152,0.0,128868.256119152,1.28868256119152
2019-08-23,0.0,0.28868256119152,128868.256119152,0.0,128868.256119152,1.28868256119152
2019-08-26,0.0,0.28868256119152,128868.256119152,0.0,128868.256119152,1.28868256119152
2019-08-27,0.0,0.28868256119152,128868.256119152,0.0,128868.256119152,1.28868256119152
2019-08-28,0.0,0.28868256119152,128868.256119152,0.0,128868.256119152,1.28868256119152
2019-08-29,0.0,0.28868256119152,128868.256119152,0.0,128868.256119152,1.28868256119152
2019-08-30,0.0,0.28868256119152,128868.256119152,0.0,128868.256119152,1.28868256119152
2019-09-03,0.0,0.28868256119152,128868.256119152,0.0,128868.256119152,1.28868256119152
2019-09-04,0.0,0.28868256119152,128868.256119152,0.0,128868.256119152,1.28868256119152
2019-09-05,0.0,0.28868256119152,128868.256119152,0.0,128868.256119152,1.28868256119152
2019-09-06,0.0,0.28868256119152,128868.256119152,0.0,128868.256119152,1.28868256119152
2019-09-09,0.0,0.28868256119152,128868.256119152,0.0,128868.256119152,1.28868256119152
2019-09-11,0.0,0.28868256119152,128868.256119152,0.0,128868.256119152,1.28868256119152
2019-09-12,0.0,0.28868256119152,128868.256119152,0.0,128868.256119152,1.28868256119152
2019-09-13,0.0,0.28868256119152,128868.256119152,0.0,128868.256119152,1.28868256119152
2019-09-16,0.0,0.28868256119152,128868.256119152,0.0,128868.256119152,1.28868256119152
2019-09-17,0.0,0.28868256119152,128868.256119152,0.0,128868.256119152,1.28868256119152
2019-09-18,0.0,0.28868256119152,128868.256119152,0.0,128868.256119152,1.28868256119152
2019-09-19,0.0,0.28868256119152,128868.256119152,0.0,128868.256119152,1.28868256119152
2019-09-20,0.0,0.28868256119152,128868.256119152,0.0,128868.256119152,1.28868256119152
2019-09-23,0.0,0.28868256119152,128868.256119152,0.0,128868.256119152,1.28868256119152
2019-09-24,0.0,0.28868256119152,128868.256119152,0.0,128868.256119152,1.28868256119152
2019-09-25,0.0,0.28868256119152,128868.256119152,0.0,128868.256119152,1.28868256119152
2019-09-26,0.0,0.28868256119152,128868.256119152,0.0,128868.256119152,1.28868256119152
2019-09-27,0.0,0.28868256119152,128868.256119152,0.0,128868.256119152,1.28868256119152
2019-09-30,0.0,0.28868256119152,128868.256119152,0.0,128868.256119152,1.28868256119152
2019-10-01,0.0,0.28868256119152,128868.256119152,0.0,128868.256119152,1.28868256119152
2019-10-03,0.0,0.28868256119152,128868.256119152,0.0,128868.256119152,1.28868256119152
2019-10-04,0.0,0.28868256119152,128868.256119152,0.0,128868.256119152,1.28868256119152
2019-10-07,0.0,0.28868256119152,128868.256119152,0.0,128868.256119152,1.28868256119152
2019-10-09,0.0,0.28868256119152,128868.256119152,0.0,128868.256119152,1.28868256119152
2019-10-10,0.0,0.28868256119152,128868.256119152,0.0,128868.256119152,1.28868256119152
2019-10-11,0.0,0.28868256119152,128868.256119152,0.0,128868.256119152,1.28868256119152
2019-10-14,0.0,0.28868256119152,128868.256119152,0.0,128868.256119152,1.28868256119152
2019-10-15,0.0,0.28868256119152,128868.256119152,0.0,128868.256119152,1.28868256119152
2019-10-16,0.0,0.28868256119152,128868.256119152,0.0,128868.256119152,1.28868256119152
2019-10-17,0.0,0.28868256119152,128868.256119152,0.0,128868.256119152,1.28868256119152
2019-10-18,0.0,0.28868256119152,128868.256119152,0.0,128868.256119152,1.28868256119152
2019-10-22,0.0,0.28868256119152,128868.256119152,0.0,128868.256119152,1.28868256119152
2019-10-23,-1.8792886510086483e-05,0.28865834312640004,128865.83431264,-2.421806512007606,128865.83431264,1.2886583431264
2019-10-24,-0.0018527934715960265,0.2862707253611376,128627.07253611376,-238.76177652624028,128627.07253611376,1.2862707253611376
2019-10-25,0.00011230477560038791,0.2864151797063108,128641.51797063107,14.445434517314425,128641.51797063107,1.2864151797063108
2019-10-29,0.01751993818198311,0.30895309413113003,130895.309413113,2253.791442481932,130895.309413113,1.30895309413113
2019-10-30,0.004857107869982885,0.3153108205060726,131531.08205060725,635.7726374942431,131531.08205060725,1.3153108205060724
2019-10-31,0.002815797488827424,0.31901446941148115,131901.4469411481,370.3648905408627,131901.4469411481,1.3190144694114811
2019-11-01,0.0011070906504570726,0.32047473799838433,132047.47379983842,146.0268586903112,132047.47379983842,1.3204747379983843
2019-11-04,0.004263888868356651,0.3261050955346818,132610.50955346817,563.0357536297524,132610.50955346817,1.3261050955346818
2019-11-05,-0.0020181730439043006,0.3234287859774896,132342.87859774896,-267.6309557192144,132342.87859774896,1.3234287859774896
2019-11-06,0.004099084396871545,0.3288536322644606,132885.36322644606,542.4846286971006,132885.36322644606,1.3288536322644606
2019-11-07,0.003844209304726466,0.33396202376223116,133396.2023762231,510.8391497770499,133396.2023762231,1.3339620237622312
2019-11-08,-0.008649599006986718,0.3224237871661395,132242.37871661395,-1153.8236596091592,132242.37871661395,1.3224237871661395
2019-11-11,0.00044505691594829105,0.32301234101843224,132301.23410184323,58.85538522928255,132301.23410184323,1.3230123410184322
2019-11-13,-0.0061275280295143035,0.3149055458154484,131490.55458154483,-810.6795202984067,131490.55458154483,1.3149055458154484
2019-11-14,0.002672990768123804,0.31842027620036784,131842.0276200368,351.4730384919676,131842.0276200368,1.318420276200368
2019-11-15,0.0019668455206575948,0.3210134052149567,132101.34052149567,259.3129014588776,132101.34052149567,1.3210134052149567
2019-11-18,-0.000920536434746708,0.31979736424466765,131979.73642446677,-121.6040970289032,131979.73642446677,1.3197973642446676
2019-11-19,0.004678329704657327,0.32597181145794196,132597.1811457942,617.4447213274252,132597.1811457942,1.325971811457942
2019-11-20,0.00494133231130459,0.3325238788137781,133252.3878813778,655.2067355836043,133252.3878813778,1.332523878813778
2019-11-21,-0.0025584601969646484,0.32911466950832824,132911.46695083284,-340.9209305449622,132911.46695083284,1.3291146695083285
2019-11-22,-0.0045118811401312145,0.32311786209790183,132311.78620979018,-599.6807410426554,132311.78620979018,1.3231178620979018
2019-11-25,0.013374538722098537,0.34081395317843044,134081.39531784304,1769.6091080528568,134081.39531784304,1.3408139531784304
2019-11-26,-0.0029858001604720985,0.33681055066186705,133681.0550661867,-400.3402516563365,133681.0550661867,1.336810550661867
2019-11-27,0.005233557820665139,0.343806825974031,134380.6825974031,699.6275312163925,134380.6825974031,1.343806825974031
2019-11-28,0.0041691963686566755,0.349409420513058,134940.9420513058,560.2594539027195,134940.9420513058,1.3494094205130582
2019-11-29,-0.007826467690735943,0.3388483112818379,133884.83112818378,-1056.1109231220325,133884.83112818378,1.338848311281838
2019-12-02,-0.000651092978393968,0.33797659654722767,133797.65965472275,-87.17147346102865,133797.65965472275,1.3379765965472274
2019-12-03,-0.00448199723814428,0.33197978913680126,133197.97891368013,-599.6807410426263,133197.97891368013,1.3319797891368013
2019-12-04,0.004085307832292968,0.3374213366018177,133742.13366018177,544.1547465016483,133742.13366018177,1.3374213366018177
2019-12-05,-0.0020592371035360415,0.3346672689624264,133466.72689624265,-275.4067639391287,133466.72689624265,1.3346672689624264
2019-12-06,-0.008062669529681132,0.3239062878407002,132390.62878407002,-1076.0981121726218,132390.62878407002,1.3239062878407002
2019-12-09,0.001342112989137273,0.3256831196660117,132568.31196660118,177.68318253115285,132568.31196660118,1.3256831196660117
2019-12-10,-0.006760225785340314,0.3167212024572552,131672.12024572553,-896.1917208756495,131672.12024572553,1.3167212024572552
2019-12-11,0.004499577189150839,0.3226458911443033,132264.58911443033,592.4688687048038,132264.58911443033,1.3226458911443033
2019-12-12,0.005176207859728366,0.329492181201682,132949.2181201682,684.6290057378646,132949.2181201682,1.329492181201682
2019-12-13,0.009597587037832967,0.3422520981268835,134225.20981268835,1275.9916925201542,134225.20981268835,1.3422520981268835
2019-12-16,-0.0027095898360001685,0.33861514548444904,133861.51454844492,-363.6952642434335,133861.51454844492,1.3386151454844493
2019-12-17,0.009212731336046559,0.3509474471821603,135094.74471821604,1233.2301697711227,135094.74471821604,1.3509474471821603
2019-12-18,0.004656834412248253,0.3572385857433371,135723.85857433372,629.1138561176776,135723.85857433372,1.3572385857433371
2019-12-19,0.003113311498149816,0.3614640922380645,136146.40922380646,422.55064947274514,136146.40922380646,1.3614640922380645
2019-12-20,0.000986941701855506,0.36280777792627306,136280.7777926273,134.36856882084976,136280.7777926273,1.362807777926273
2019-12-23,-0.0007374472230261788,0.361802779114923,136180.2779114923,-100.49988113500876,136180.2779114923,1.361802779114923
2019-12-24,-0.003930618769240179,0.35645005155133047,135645.00515513305,-535.2727563592489,135645.00515513305,1.3564500515513305
2019-12-26,-0.007204522590446093,0.346677476512117,134667.7476512117,-977.2575039213407,134667.7476512117,1.3466774765121172
2019-12-27,0.009833794601157214,0.3599204262101421,135992.0426210142,1324.2949698024895,135992.0426210142,1.359920426210142
2019-12-30,0.0008206736062803422,0.3610364770105743,136103.64770105743,111.60508004322764,136103.64770105743,1.3610364770105743
2019-12-31,-0.007131240742024495,0.3513305982343349,135133.0598234335,-970.5878776239406,135133.0598234335,1.3513305982343349
2020-01-01,0.0011546092116900993,0.3528908569910949,135289.08569910948,156.02587567598675,135289.08569910948,1.3528908569910947
2020-01-02,0.008183886337984815,0.36396276199240885,136396.27619924088,1107.1905001314008,136396.27619924088,1.3639627619924088
2020-01-03,-0.0045227893866035965,0.35779384568874706,135779.3845688747,-616.8916303661827,135779.3845688747,1.357793845688747
2020-01-06,-0.01910585307294117,0.33185203596967394,133185.2035969674,-2594.1809719073062,133185.2035969674,1.331852035969674
2020-01-07,0.004994592001242908,0.33850409349536714,133850.40934953673,665.2057525693381,133850.40934953673,1.3385040934953674
2020-01-08,-0.0022899444111396158,0.33543899352718,133543.899352718,-306.5099968187278,133543.899352718,1.33543899352718
2020-01-09,0.015845758122611756,0.35660003680611574,135660.00368061158,2116.104327893583,135660.00368061158,1.3566000368061157
2020-01-10,0.0033480474426500683,0.36114199809004366,136114.19980900438,454.1961283927958,136114.19980900438,1.3611419980900439
2020-01-13,0.005935480807329286,0.36922103029575704,136922.1030295757,807.9032205713156,136922.1030295757,1.369221030295757
2020-01-14,0.002656220260982195,0.3728579829381915,137285.79829381916,363.6952642434626,137285.79829381916,1.3728579829381915
2020-01-15,-0.0015369308543055748,0.37074799514563406,137074.7995145634,-210.9987792557513,137074.7995145634,1.370747995145634
2020-01-16,0.0009884063018437618,0.3721028511022757,137210.28511022756,135.48559566415497,137210.28511022756,1.3721028511022757
2020-01-17,-0.0002549788049856339,0.37175299395698436,137175.29939569844,-34.985714529117104,137175.29939569844,1.3717529939569844
2020-01-20,-0.010346193941151442,0.35756057144215037,135756.05714421504,-1419.2422514834034,135756.05714421504,1.3575605714421504
2020-01-21,-0.004474618385662368,0.35148600594952506,135148.6005949525,-607.4565492625406,135148.6005949525,1.351486005949525
2020-01-22,-0.0051725551893021995,0.3444953699961817,134449.53699961817,-699.0635953343299,134449.53699961817,1.3444953699961817
2020-01-23,0.00606672363529773,0.3526520518348859,135265.20518348858,815.6681838704098,135265.20518348858,1.3526520518348857
2020-01-24,0.00557458470426319,0.360192525273235,136019.2525273235,754.0473438349145,136019.2525273235,1.360192525273235
2020-01-27,-0.010552527912150715,0.34583905568439044,134583.90556843905,-1435.3469588844455,134583.90556843905,1.3458390556843904
2020-01-28,-0.005214967844912947,0.3388205482845683,133882.05482845684,-701.850739982212,133882.05482845684,1.3388205482845683
2020-01-29,0.00611325639994819,0.34700510156975106,134700.5101569751,818.4553285182628,134700.5101569751,1.347005101569751
2020-01-30,-0.007724984155365019,0.33659950850292875,133659.95085029287,-1040.559306682233,133659.95085029287,1.3365995085029287
2020-01-31,-0.006123414854723364,0.328414955217746,132841.4955217746,-818.4553285182628,132841.4955217746,1.328414955217746
2020-02-03,-0.021250384719316135,0.3001856263524758,130018.56263524758,-2822.9328865270218,130018.56263524758,1.3001856263524758
2020-02-04,0.023210822686670744,0.33036400438550095,133036.4004385501,3017.837803302522,133036.4004385501,1.330364004385501
2020-02-05,0.00914050046783437,0.3425241971899766,134252.41971899767,1216.0192804475664,134252.41971899767,1.3425241971899766
2020-02-06,0.004036661230167481,0.34794351256733513,134794.35125673353,541.931537735858,134794.35125673353,1.3479435125673354
2020-02-07,-0.0032625431230384493,0.3435457887301643,134354.57887301643,-439.77238371709245,134354.57887301643,1.3435457887301643
2020-02-10,-0.005525514763038282,0.3361220066397179,133612.2006639718,-742.378209044633,133612.2006639718,1.336122006639718
2020-02-11,0.00635003038897893,0.3446064219852636,134460.64219852636,848.4415345545567,134460.64219852636,1.3446064219852636
2020-02-12,0.00770569641948334,0.35496755087676957,135496.75508767695,1036.1128891505941,135496.75508767695,1.3549675508767696
2020-02-13,-0.002175999431408395,0.3520191422564849,135201.91422564848,-294.8408620284754,135201.91422564848,1.3520191422564847
2020-02-14,-0.0050268544351488535,0.3452227388348268,134522.27388348267,-679.6403421658033,134522.27388348267,1.3452227388348268
2020-02-17,-0.005584733460263736,0.3377100283937482,133771.00283937482,-751.2710441078525,133771.00283937482,1.3377100283937482
2020-02-18,-0.004424762618648114,0.3317909790655209,133179.09790655208,-591.9049328227411,133179.09790655208,1.331790979065521
2020-02-19,0.011123651500938086,0.3466053577887389,134660.5357788739,1481.4378723218106,134660.5357788739,1.346605357788739
2020-02-20,-0.0037152524595064703,0.3416023789212297,134160.23789212297,-500.29788675092277,134160.23789212297,1.3416023789212297
2020-02-24,-0.02081386879900152,0.31367844302593495,131367.8443025935,-2792.393589529471,131367.8443025935,1.313678443025935
2020-02-25,-0.0026628568617023296,0.31018030536985286,131018.03053698529,-349.8137656082108,131018.03053698529,1.3101803053698529
2020-02-26,-0.010120477938589775,0.2969206544937826,129692.06544937826,-1325.9650876070227,129692.06544937826,1.2969206544937826
2020-02-27,-0.0038703767874727064,0.291901082897436,129190.1082897436,-501.957159634665,129190.1082897436,1.291901082897436
2020-02-28,-0.0370960786649384,0.2439766186989536,124397.66186989535,-4792.446419848246,124397.66186989535,1.2439766186989536
2020-03-02,0.015868804818443546,0.2637170408597944,126371.70408597944,1974.0422160840826,126371.70408597944,1.2637170408597944
2020-03-03,0.0,0.2637170408597944,126371.70408597944,0.0,126371.70408597944,1.2637170408597944
2020-03-04,0.0,0.2637170408597944,126371.70408597944,0.0,126371.70408597944,1.2637170408597944
2020-03-05,0.0,0.2637170408597944,126371.70408597944,0.0,126371.70408597944,1.2637170408597944
2020-03-06,0.0,0.2637170408597944,126371.70408597944,0.0,126371.70408597944,1.2637170408597944
2020-03-09,0.0,0.2637170408597944,126371.70408597944,0.0,126371.70408597944,1.2637170408597944
2020-03-11,0.0,0.2637170408597944,126371.70408597944,0.0,126371.70408597944,1.2637170408597944
2020-03-12,0.0,0.2637170408597944,126371.70408597944,0.0,126371.70408597944,1.2637170408597944
2020-03-13,0.0,0.2637170408597944,126371.70408597944,0.0,126371.70408597944,1.2637170408597944
2020-03-16,0.0,0.2637170408597944,126371.70408597944,0.0,126371.70408597944,1.2637170408597944
2020-03-17,0.0,0.2637170408597944,126371.70408597944,0.0,126371.70408597944,1.2637170408597944
2020-03-18,0.0,0.2637170408597944,126371.70408597944,0.0,126371.70408597944,1.2637170408597944
2020-03-19,0.0,0.2637170408597944,126371.70408597944,0.0,126371.70408597944,1.2637170408597944
2020-03-20,0.0,0.2637170408597944,126371.70408597944,0.0,126371.70408597944,1.2637170408597944
2020-03-23,0.0,0.2637170408597944,126371.70408597944,0.0,126371.70408597944,1.2637170408597944
2020-03-24,0.0,0.2637170408597944,126371.70408597944,0.0,126371.70408597944,1.2637170408597944
2020-03-25,0.0,0.2637170408597944,126371.70408597944,0.0,126371.70408597944,1.2637170408597944
2020-03-26,0.0,0.2637170408597944,126371.70408597944,0.0,126371.70408597944,1.2637170408597944
2020-03-27,0.0,0.2637170408597944,126371.70408597944,0.0,126371.70408597944,1.2637170408597944
2020-03-30,0.0,0.2637170408597944,126371.70408597944,0.0,126371.70408597944,1.2637170408597944
2020-03-31,0.0,0.2637170408597944,126371.70408597944,0.0,126371.70408597944,1.2637170408597944
2020-04-01,0.0,0.2637170408597944,126371.70408597944,0.0,126371.70408597944,1.2637170408597944
2020-04-03,0.0,0.2637170408597944,126371.70408597944,0.0,126371.70408597944,1.2637170408597944
2020-04-07,0.0,0.2637170408597944,126371.70408597944,0.0,126371.70408597944,1.2637170408597944
2020-04-08,0.0,0.2637170408597944,126371.70408597944,0.0,126371.70408597944,1.2637170408597944
2020-04-09,0.0,0.2637170408597944,126371.70408597944,0.0,126371.70408597944,1.2637170408597944
2020-04-13,0.0,0.2637170408597944,126371.70408597944,0.0,126371.70408597944,1.2637170408597944
2020-04-15,0.0,0.2637170408597944,126371.70408597944,0.0,126371.70408597944,1.2637170408597944
2020-04-16,0.0,0.2637170408597944,126371.70408597944,0.0,126371.70408597944,1.2637170408597944
2020-04-17,0.0,0.2637170408597944,126371.70408597944,0.0,126371.70408597944,1.2637170408597944
2020-04-20,0.0,0.2637170408597944,126371.70408597944,0.0,126371.70408597944,1.2637170408597944
2020-04-21,0.0,0.2637170408597944,126371.70408597944,0.0,126371.70408597944,1.2637170408597944
2020-04-22,0.0,0.2637170408597944,126371.70408597944,0.0,126371.70408597944,1.2637170408597944
2020-04-23,0.0,0.2637170408597944,126371.70408597944,0.0,126371.70408597944,1.2637170408597944
2020-04-24,0.0,0.2637170408597944,126371.70408597944,0.0,126371.70408597944,1.2637170408597944
2020-04-27,0.0,0.2637170408597944,126371.70408597944,0.0,126371.70408597944,1.2637170408597944
2020-04-28,0.0,0.2637170408597944,126371.70408597944,0.0,126371.70408597944,1.2637170408597944
2020-04-29,0.0,0.2637170408597944,126371.70408597944,0.0,126371.70408597944,1.2637170408597944
2020-04-30,0.0,0.2637170408597944,126371.70408597944,0.0,126371.70408597944,1.2637170408597944
2020-05-04,0.0,0.2637170408597944,126371.70408597944,0.0,126371.70408597944,1.2637170408597944
2020-05-05,0.0,0.2637170408597944,126371.70408597944,0.0,126371.70408597944,1.2637170408597944
2020-05-06,0.0,0.2637170408597944,126371.70408597944,0.0,126371.70408597944,1.2637170408597944
2020-05-07,0.0,0.2637170408597944,126371.70408597944,0.0,126371.70408597944,1.2637170408597944
2020-05-08,0.0,0.2637170408597944,126371.70408597944,0.0,126371.70408597944,1.2637170408597944
2020-05-11,0.0,0.2637170408597944,126371.70408597944,0.0,126371.70408597944,1.2637170408597944
2020-05-12,0.0,0.2637170408597944,126371.70408597944,0.0,126371.70408597944,1.2637170408597944
2020-05-13,0.0,0.2637170408597944,126371.70408597944,0.0,126371.70408597944,1.2637170408597944
2020-05-14,0.0,0.2637170408597944,126371.70408597944,0.0,126371.70408597944,1.2637170408597944
2020-05-15,0.0,0.2637170408597944,126371.70408597944,0.0,126371.70408597944,1.2637170408597944
2020-05-18,0.0,0.2637170408597944,126371.70408597944,0.0,126371.70408597944,1.2637170408597944
2020-05-19,0.0,0.2637170408597944,126371.70408597944,0.0,126371.70408597944,1.2637170408597944
2020-05-20,0.0,0.2637170408597944,126371.70408597944,0.0,126371.70408597944,1.2637170408597944
2020-05-21,0.0,0.2637170408597944,126371.70408597944,0.0,126371.70408597944,1.2637170408597944
2020-05-22,0.0,0.2637170408597944,126371.70408597944,0.0,126371.70408597944,1.2637170408597944
2020-05-26,0.0,0.2637170408597944,126371.70408597944,0.0,126371.70408597944,1.2637170408597944
2020-05-27,0.0,0.2637170408597944,126371.70408597944,0.0,126371.70408597944,1.2637170408597944
2020-05-28,0.0,0.2637170408597944,126371.70408597944,0.0,126371.70408597944,1.2637170408597944
2020-05-29,0.0,0.2637170408597944,126371.70408597944,0.0,126371.70408597944,1.2637170408597944
2020-06-01,0.0,0.2637170408597944,126371.70408597944,0.0,126371.70408597944,1.2637170408597944
2020-06-02,0.0,0.2637170408597944,126371.70408597944,0.0,126371.70408597944,1.2637170408597944
2020-06-03,0.0,0.2637170408597944,126371.70408597944,0.0,126371.70408597944,1.2637170408597944
2020-06-04,0.0,0.2637170408597944,126371.70408597944,0.0,126371.70408597944,1.2637170408597944
2020-06-05,0.0,0.2637170408597944,126371.70408597944,0.0,126371.70408597944,1.2637170408597944
2020-06-08,0.0,0.2637170408597944,126371.70408597944,0.0,126371.70408597944,1.2637170408597944
2020-06-09,0.0,0.2637170408597944,126371.70408597944,0.0,126371.70408597944,1.2637170408597944
2020-06-10,0.0,0.2637170408597944,126371.70408597944,0.0,126371.70408597944,1.2637170408597944
2020-06-11,0.0,0.2637170408597944,126371.70408597944,0.0,126371.70408597944,1.2637170408597944
2020-06-12,0.0,0.2637170408597944,126371.70408597944,0.0,126371.70408597944,1.2637170408597944
2020-06-15,0.0,0.2637170408597944,126371.70408597944,0.0,126371.70408597944,1.2637170408597944
2020-06-16,0.0,0.2637170408597944,126371.70408597944,0.0,126371.70408597944,1.2637170408597944
2020-06-17,0.0,0.2637170408597944,126371.70408597944,0.0,126371.70408597944,1.2637170408597944
2020-06-18,0.0,0.2637170408597944,126371.70408597944,0.0,126371.70408597944,1.2637170408597944
2020-06-19,0.0,0.2637170408597944,126371.70408597944,0.0,126371.70408597944,1.2637170408597944
2020-06-22,0.0,0.2637170408597944,126371.70408597944,0.0,126371.70408597944,1.2637170408597944
2020-06-23,0.0,0.2637170408597944,126371.70408597944,0.0,126371.70408597944,1.2637170408597944
2020-06-24,0.0,0.2637170408597944,126371.70408597944,0.0,126371.70408597944,1.2637170408597944
2020-06-25,0.0,0.2637170408597944,126371.70408597944,0.0,126371.70408597944,1.2637170408597944
2020-06-26,-0.00030500542247201116,0.2633316003098618,126333.16003098618,-38.54405499325367,126333.16003098618,1.2633316003098618
2020-06-29,-0.006799538608783589,0.25474152831785846,125474.15283178585,-859.0071992003359,125474.15283178585,1.2547415283178585
2020-06-30,-0.0009988732845714987,0.2534882005261794,125348.82005261794,-125.33277916790394,125348.82005261794,1.2534882005261794
2020-07-01,0.012419817334717306,0.2690562950079378,126905.62950079379,1556.8094481758453,126905.62950079379,1.2690562950079378
2020-07-02,0.011663452514898594,0.2838578728434962,128385.78728434962,1480.1577835558273,128385.78728434962,1.2838578728434962
2020-07-03,0.00527397604484837,0.2906289085098628,129062.89085098628,677.1035666366661,129062.89085098628,1.2906289085098628
2020-07-06,0.014735139974255027,0.3096465061315756,130964.65061315756,1901.7597621712775,130964.65061315756,1.3096465061315756
2020-07-07,0.003344590235981237,0.3140267370485703,131402.67370485704,438.02309169947694,131402.67370485704,1.3140267370485703
2020-07-08,-0.008694762073642068,0.30260158721152886,130260.15872115288,-1142.5149837041536,130260.15872115288,1.3026015872115289
2020-07-09,0.010060032721901781,0.3157058018024781,131570.5801802478,1310.4214590949268,131570.5801802478,1.315705801802478
2020-07-10,-0.004198511095439319,0.31018179639527643,131018.17963952765,-552.4005407201621,131018.17963952765,1.3101817963952764
2020-07-13,0.003217889149241875,0.3143978161814309,131439.78161814308,421.60197861543566,131439.78161814308,1.314397816181431
2020-07-14,-0.01808349601540052,0.290628908509863,129062.8908509863,-2376.8907671567868,129062.8908509863,1.290628908509863
2020-07-15,0.0010229309240368605,0.29194913273183354,129194.91327318335,132.02242219705658,129194.91327318335,1.2919491327318335
2020-07-16,0.011466161662100478,0.3067628303469474,130676.28303469474,1481.3697615113924,130676.28303469474,1.3067628303469474
2020-07-17,0.015060591255869745,0.3264434512031662,132644.34512031663,1968.0620856218884,132644.34512031663,1.3264434512031664
2020-07-20,0.011053321760931606,0.3411050574669954,134110.50574669955,1466.1606263829162,134110.50574669955,1.3411050574669956
2020-07-21,0.012706156865764434,0.3581453487006412,135814.53487006412,1704.0291233645694,135814.53487006412,1.3581453487006412
2020-07-22,-0.0026563094918139263,0.3545376943196248,135453.7694319625,-360.76543810163275,135453.7694319625,1.3545376943196248
2020-07-23,0.007442159858846424,0.36461838037558447,136461.83803755845,1008.0686055959668,136461.83803755845,1.3646183803755845
2020-07-24,-0.0018991484351116158,0.36202676751396967,136202.67675139697,-259.1612861614849,136202.67675139697,1.3620267675139697
2020-07-27,-0.005569925698846967,0.35444037961907626,135444.03796190763,-758.6387894893414,135444.03796190763,1.3544403796190763
2020-07-28,0.01515927369884436,0.3749727120424886,137497.27120424886,2053.23324234123,137497.27120424886,1.3749727120424886
2020-07-29,-0.00864561432860317,0.36308522826181555,136308.52282618155,-1188.7483780673065,136308.52282618155,1.3630852282618156
2020-07-30,-0.008988714680747906,0.35083284405942794,135083.2844059428,-1225.2384202387475,135083.2844059428,1.350832844059428
2020-07-31,-0.0025851023723057593,0.3473408028696614,134734.08028696614,-349.20411897666054,134734.08028696614,1.3473408028696614
2020-08-03,-0.016422215545294015,0.32521448179196644,132521.44817919665,-2212.6321077694884,132521.44817919665,1.3252144817919664
2020-08-04,0.01869793216137939,0.3499932522717901,134999.325227179,2477.877047982358,134999.325227179,1.3499932522717901
2020-08-05,0.000576858621932809,0.35077200751891424,135077.20075189142,77.87552471240633,135077.20075189142,1.3507720075189142
2020-08-06,0.008872554668374371,0.3627568060001356,136275.68060001355,1198.479848122137,136275.68060001355,1.3627568060001356
2020-08-07,0.001241002448871972,0.3644479905335989,136444.7990533599,169.11845334633836,136444.7990533599,1.3644479905335989
2020-08-10,0.005002705259437123,0.3712739216720695,137127.39216720694,682.5931138470478,137127.39216720694,1.3712739216720695
2020-08-11,0.0046449787767292505,0.37764345993531867,137764.34599353187,636.9538263249269,137764.34599353187,1.3776434599353187
2020-08-12,-0.0012452735151247515,0.3759279170213765,137592.79170213765,-171.55429139421904,137592.79170213765,1.3759279170213765
2020-08-13,-0.0007030344733010115,0.3749605922629333,137496.05922629332,-96.73247584432829,137496.05922629332,1.374960592262933
2020-08-14,-0.010800437378868946,0.3601104164877851,136011.0416487785,-1485.017577514809,136011.0416487785,1.360110416487785
2020-08-17,0.006145711045349211,0.3684692620972885,136846.92620972884,835.8845609503333,136846.92620972884,1.3684692620972885
2020-08-18,0.012292057935075276,0.38529056554935814,138529.0565549358,1682.1303452069697,138529.0565549358,1.3852905655493581
2020-08-19,0.0020246002135076617,0.3880952251241394,138809.52251241394,280.46595747812535,138809.52251241394,1.3880952251241394
2020-08-20,-0.008432399987605076,0.3763902509650081,137639.02509650082,-1170.4974159131234,137639.02509650082,1.376390250965008
2020-08-21,0.005250916093857114,0.38361756068522834,138361.75606852284,722.7309720220219,138361.75606852284,1.3836175606852283
2020-08-24,0.008341006471886599,0.39515832371351967,139515.83237135198,1154.0763028291403,139515.83237135198,1.3951583237135199
2020-08-25,0.0005058064691957558,0.3958640038192065,139586.40038192066,70.56801056867698,139586.40038192066,1.3958640038192065
2020-08-26,0.0067423225064830354,0.4052753691081463,140527.53691081464,941.1365288939851,140527.53691081464,1.4052753691081463
2020-08-27,0.0008355606212674783,0.40644956186861037,140644.95618686103,117.41927604639204,140644.95618686103,1.4064495618686104
2020-08-28,0.007643195654994918,0.417199331048854,141719.9331048854,1074.9769180243602,141719.9331048854,1.417199331048854
2020-08-31,-0.022330747801946185,0.38555221020211516,138555.22102021152,-3164.712084673869,138555.22102021152,1.3855522102021152
2020-09-01,0.007266739846322722,0.39562065765715126,139562.06576571512,1006.844745503593,139562.06576571512,1.3956206576571513
2020-09-02,0.005645038251127918,0.40349898965369024,140349.89896536904,787.83319965392,140349.89896536904,1.4034989896536905
2020-09-03,-0.0006545127600780234,0.40258038165620524,140258.03816562053,-91.86079974850873,140258.03816562053,1.4025803816562052
2020-09-04,-0.016794744948559863,0.3790244018764355,137902.44018764354,-2355.597977976984,137902.44018764354,1.3790244018764355
2020-09-07,0.001870520259503344,0.3816038949584948,138160.38949584946,257.9493082059198,138160.38949584946,1.3816038949584946
2020-09-08,-0.003320125931718671,0.37701679603947946,137701.67960394794,-458.70989190152613,137701.67960394794,1.3770167960394795
2020-09-09,-0.0034769279675166877,0.37222900782958956,137222.90078295895,-478.7788209889841,137222.90078295895,1.3722290078295896
2020-09-10,0.015184429863450966,0.39306552295557085,139306.55229555708,2083.651512598124,139306.55229555708,1.3930655229555708
2020-09-11,0.0013276149365678974,0.39491497755146443,139491.49775514644,184.94545958936214,139491.49775514644,1.3949149775514644
2020-09-14,-0.002128352446851455,0.39194610684584297,139194.6106845843,-296.8870705621375,139194.6106845843,1.391946106845843
2020-09-15,0.007145947910690334,0.40189288121985167,140189.28812198516,994.6774374008528,140189.28812198516,1.4018928812198514
2020-09-16,0.00718203765060509,0.411961328674888,141196.1328674888,1006.8447455036512,141196.1328674888,1.411961328674888
2020-09-17,-0.007622027291120914,0.40119932089372057,140119.93208937204,-1076.200778116763,140119.93208937204,1.4011993208937203
2020-09-18,-0.0009681588767627115,0.3998427373330835,139984.27373330836,-135.6583560636791,139984.27373330836,1.3998427373330837
2020-09-21,-0.02211225483867381,0.3688890579911075,136888.90579911074,-3095.367934197624,136888.90579911074,1.3688890579911075
2020-09-22,-0.008612860326357314,0.35709900773235126,135709.90077323513,-1179.0050258756091,135709.90077323513,1.3570990077323513
2020-09-23,-0.001954587107044726,0.35444643950885446,135444.64395088545,-265.25682234967826,135444.64395088545,1.3544464395088545
2020-09-24,-0.029312272096516417,0.3147445369338131,131474.4536933813,-3970.190257504146,131474.4536933813,1.314744536933813
2020-09-25,0.02264578848235449,0.3445179636255473,134451.79636255474,2977.342669173435,134451.79636255474,1.3445179636255473
2020-09-28,0.016044868187371327,0.36609057712747206,136609.05771274722,2157.261350192479,136609.05771274722,1.3660905771274723
2020-09-29,-0.00045864094589454597,0.3654640320530007,136546.40320530007,-62.654507447150536,136546.40320530007,1.3654640320530007
2020-09-30,0.002241001317642292,0.36852403874802486,136852.4038748025,306.00066950242035,136852.4038748025,1.3685240387480249
2020-10-01,0.015061092732783554,0.38913550620265225,138913.55062026522,2061.1467454627273,138913.55062026522,1.3891355062026522
2020-10-05,0.007567643949079618,0.3996479891106186,139964.79891106187,1051.2482907966478,139964.79891106187,1.3996479891106186
2020-10-06,0.013826475474619739,0.41900018770515746,141900.01877051574,1935.2198594538786,141900.01877051574,1.4190001877051575
2020-10-07,0.006555187284725268,0.42830199969262517,142830.19996926252,930.1811987467809,142830.19996926252,1.4283019996926252
2020-10-08,0.008156676606839835,0.43995219720102074,143995.21972010206,1165.0197508395358,143995.21972010206,1.4399521972010205
2020-10-09,0.006726090325391567,0.44963744574364095,144963.7445743641,968.5248542620393,144963.7445743641,1.449637445743641
2020-10-12,0.0014058853909967107,0.4516754698508536,145167.54698508536,203.802410721255,145167.54698508536,1.4516754698508536
2020-10-13,0.0002975290843888249,0.4521073855242279,145210.7385524228,43.19156733743148,145210.7385524228,1.452107385524228
2020-10-14,0.0030625333853533873,0.45655451287151405,145655.4512871514,444.71273472861503,145655.4512871514,1.456554512871514
2020-10-15,-0.024283600858353342,0.42118412445250897,142118.4124452509,-3537.038841900503,142118.4124452509,1.421184124452509
2020-10-16,0.007028949362235151,0.4311735556976981,143117.3555697698,998.9431245189044,143117.3555697698,1.431173555697698
2020-10-19,0.009402769621849322,0.4446305509308064,144463.05509308065,1345.6995233108464,144463.05509308065,1.4446305509308064
2020-10-20,0.002000328507897226,0.4475202866052128,144752.0286605213,288.9735674406402,144752.0286605213,1.4475202866052128
2020-10-21,0.0034337457642520234,0.4524907032580121,145249.0703258012,497.04166527991765,145249.0703258012,1.452490703258012
2020-10-22,-0.0034512817819539903,0.44747774855540023,144747.77485554002,-501.2954702611896,144747.77485554002,1.4474777485554002
2020-10-23,0.0028495402835256875,0.4516023947094161,145160.2394709416,412.46461540157907,145160.2394709416,1.4516023947094159
2020-10-26,-0.013629073304543183,0.431818399262871,143181.8399262871,-1978.3995446545014,143181.8399262871,1.431818399262871
2020-10-27,0.010337608346965222,0.4466199770984294,144661.99770984295,1480.1577835558564,144661.99770984295,1.4466199770984296
2020-10-28,-0.013440608945763632,0.42717652369312,142717.652369312,-1944.345340530941,142717.652369312,1.4271765236931202
2020-10-29,-0.005012942184360979,0.42002217029296895,142002.2170292969,-715.4353400151012,142002.2170292969,1.4200221702929692
2020-10-30,-0.0024333734223676395,0.4165667260846053,141656.67260846053,-345.54442083637696,141656.67260846053,1.4165667260846053
2020-11-02,0.0022976361491175257,0.4198214810020944,141982.14810020945,325.475491748919,141982.14810020945,1.4198214810020946
2020-11-03,0.012370190163199074,0.4373849427198855,143738.49427198854,1756.3461717790924,143738.49427198854,1.4373849427198855
2020-11-04,0.008041647267956151,0.44894388541751007,144894.38854175102,1155.8942697624734,144894.38854175102,1.44894388541751
2020-11-05,0.017785598915690475,0.4747142202148882,147471.4220214888,2577.0334797377873,147471.4220214888,1.474714220214888
2020-11-06,0.011819014571289595,0.4921438890720957,149214.38890720956,1742.966885720758,149214.38890720956,1.4921438890720957
2020-11-09,0.016104635537461554,0.5161743225750524,151617.43225750525,2403.0433502956876,151617.43225750525,1.5161743225750526
2020-11-10,0.013646507104363872,0.5368648062395269,153686.4806239527,2069.048366447445,153686.4806239527,1.536864806239527
2020-11-11,0.009346041508720338,0.551228408511933,155122.8408511933,1436.3602272405988,155122.8408511933,1.551228408511933
2020-11-12,-0.004576821525331422,0.5441287129411498,154412.87129411497,-709.9695570783224,154412.87129411497,1.5441287129411496
2020-11-13,0.0022969703307614193,0.5476755307816523,154767.55307816522,354.6817840502481,154767.55307816522,1.547675530781652
2020-11-17,0.012126619808373427,0.5664436035301639,156644.36035301638,1876.8072748511622,156644.36035301638,1.5664436035301639
2020-11-18,0.004975051165572254,0.5742367406057096,157423.67406057095,779.3137075545674,157423.67406057095,1.5742367406057094
2020-11-19,-0.012872668613413716,0.5539721127248318,155397.21127248317,-2026.4627880877815,155397.21127248317,1.5539721127248316
2020-11-20,0.00683930941371919,0.5646002088240478,156460.0208824048,1062.80960992162,156460.0208824048,1.5646002088240478
2020-11-23,0.005241475198302023,0.5728010220138573,157280.10220138574,820.081318980956,157280.10220138574,1.5728010220138575
2020-11-24,0.009956344809897644,0.5884603713063865,158846.03713063864,1565.9349292528932,158846.03713063864,1.5884603713063863
2020-11-25,-0.01507068046809232,0.5645211926142006,156452.11926142007,-2393.917869218567,156452.11926142007,1.5645211926142006
2020-11-26,0.010001213639976662,0.5801683033058065,158016.83033058065,1564.7110691605776,158016.83033058065,1.5801683033058065
2020-11-27,-0.0013898363507738507,0.5779721279575314,157797.21279575315,-219.61753482749918,157797.21279575315,1.5779721279575314
2020-12-01,0.010802694687318455,0.595018479080955,159501.8479080955,1704.6351123423374,159501.8479080955,1.595018479080955
2020-12-02,0.0003585458429503652,0.5955903663260587,159559.03663260586,57.188724510371685,159559.03663260586,1.5955903663260587
2020-12-03,0.0015365849299399485,0.5980421264373128,159804.21264373127,245.1760111254116,159804.21264373127,1.5980421264373126
2020-12-04,0.009490662358873603,0.6132086046945857,161320.86046945857,1516.6478257272975,161320.86046945857,1.6132086046945857
2020-12-07,0.007331133249439944,0.6250352519347449,162503.5251934745,1182.6647240159218,162503.5251934745,1.6250352519347449
2020-12-08,0.0027853318093330587,0.6295615143132465,162956.15143132466,452.6262378501706,162956.15143132466,1.6295615143132467
2020-12-09,0.010165752285866931,0.6461272330023371,164612.72330023372,1656.5718689090572,164612.72330023372,1.646127233002337
2020-12-10,-0.003754854805880669,0.6399462642504072,163994.6264250407,-618.096875193005,163994.6264250407,1.639946264250407
2020-12-11,0.002637558535026535,0.6442717185166655,164427.17185166656,432.5454266258457,164427.17185166656,1.6442717185166655
2020-12-14,0.0032781762806703943,0.6496619310632841,164966.1931063284,539.0212546618422,164966.1931063284,1.649661931063284
2020-12-15,0.0007153791977928405,0.6508420648921573,165084.20648921572,118.01338288732222,165084.20648921572,1.6508420648921571
2020-12-16,0.008464907059269104,0.6648162895410012,166481.62895410013,1397.4224648844101,166481.62895410013,1.6648162895410012
2020-12-17,0.00423892939055041,0.6718733282406038,167187.33282406037,705.7038699602417,167187.33282406037,1.6718733282406038
2020-12-18,0.0014445849987885983,0.6742884913704548,167428.84913704547,241.51631298509892,167428.84913704547,1.6742884913704548
2020-12-21,-0.03140495257793328,0.6217075406971861,162170.75406971862,-5258.095067326853,162170.75406971862,1.6217075406971861
2020-12-22,0.01034628387660806,0.6384861872780749,163848.61872780748,1677.8646580888599,163848.61872780748,1.6384861872780747
2020-12-23,0.010010159185716136,0.6548876948363258,165488.76948363258,1640.1507558251033,165488.76948363258,1.6548876948363258
2020-12-24,0.010892530374741357,0.6729136093191161,167291.36093191162,1802.5914482790395,167291.36093191162,1.6729136093191161
2020-12-28,0.009015051389166681,0.6879950114767643,168799.50114767643,1508.1402157648117,168799.50114767643,1.6879950114767643
2020-12-29,0.004281594241144878,0.6952223211969846,169522.23211969846,722.7309720220219,169522.23211969846,1.6952223211969846
2020-12-30,0.003542094606974341,0.701226959038519,170122.69590385188,600.4637841534277,170122.69590385188,1.7012269590385187
2020-12-31,-1.4318125133010144e-05,0.7012026006580399,170120.26006580397,-2.435838047909783,170120.26006580397,1.7012026006580396
2021-01-01,0.002628426341480859,0.7056740863858051,170567.4086385805,447.1485727765248,170567.4086385805,1.705674086385805
2021-01-04,0.008160672727110603,0.719593534383913,171959.3534383913,1391.9447998107935,171959.3534383913,1.7195935343839128
2021-01-05,0.004712380865514241,0.7276969140518059,172769.69140518058,810.3379667892877,172769.69140518058,1.7276969140518057
2021-01-06,-0.0037501320469030598,0.7212178224870847,172121.78224870848,-647.909156472102,172121.78224870848,1.7212178224870849
2021-01-07,-0.0006291696120880091,0.7201348845373914,172013.48845373915,-108.29379496932961,172013.48845373915,1.7201348845373914
2021-01-08,0.014847223590326102,0.7456741117736378,174567.41117736377,2553.9227236246224,174567.41117736377,1.7456741117736376
2021-01-11,0.009583718134137205,0.7624041604149367,176240.41604149368,1673.0048641299072,176240.41604149368,1.7624041604149367
2021-01-12,0.0054333140242323824,0.7719798556560848,177197.98556560848,957.569524114806,177197.98556560848,1.7719798556560848
2021-01-13,9.609083312898106e-05,0.7721501266767024,177215.01266767023,17.027102061751066,177215.01266767023,1.7721501266767024
2021-01-14,0.0021112473403231747,0.7758915739183017,177589.15739183017,374.14472415993805,177589.15739183017,1.7758915739183017
2021-01-15,-0.011092344158201577,0.7561927733927496,175619.27733927497,-1969.880052555207,175619.27733927497,1.7561927733927496
2021-01-18,-0.010558650142566607,0.7376497483155917,173764.97483155917,-1854.3025077157945,173764.97483155917,1.7376497483155917
2021-01-19,0.016794730817062932,0.7668331080928892,176683.31080928893,2918.335977729759,176683.31080928893,1.7668331080928894
2021-01-20,0.008508265623863037,0.7818657934895792,178186.57934895792,1503.2685396689922,178186.57934895792,1.7818657934895792
2021-01-21,-0.003711280204622873,0.7752527902429067,177525.27902429068,-661.3003246672451,177525.27902429068,1.7752527902429067
2021-01-22,-0.014972171647596155,0.7486734007495159,174867.3400749516,-2657.938949339092,174867.3400749516,1.748673400749516
2021-01-25,-0.00925416934330813,0.7324908809728414,173249.08809728414,-1618.2519776674453,173249.08809728414,1.7324908809728414
2021-01-27,-0.019060488041878015,0.6994687592533959,169946.87592533958,-3302.2121719445568,169946.87592533958,1.699468759253396
2021-01-28,-0.010735650281904421,0.6812238569890294,168122.38569890294,-1824.4902264366392,168122.38569890294,1.6812238569890294
2021-01-29,-0.0132404223540729,0.6589637430507513,165896.37430507512,-2226.0113938278228,165896.37430507512,1.6589637430507511
2021-02-01,0.04742351110133843,0.7376376285360364,173763.76285360364,7867.388548528514,173763.76285360364,1.7376376285360364
2021-02-02,0.02567357148195744,0.7822489924019953,178224.89924019953,4461.136386595899,178224.89924019953,1.7822489924019953
2021-02-03,0.009701122671723225,0.7995388085088422,179953.88085088422,1728.9816106846847,179953.88085088422,1.7995388085088422
2021-02-04,0.007146758029381358,0.8123996769377362,181239.96769377362,1286.0868428894028,181239.96769377362,1.8123996769377362
2021-02-05,0.001919997356610892,0.8158794795265789,181587.94795265788,347.98025888425764,181587.94795265788,1.8158794795265787
2021-02-08,0.012834802732968156,0.8391859344331474,183918.59344331475,2330.645490656869,183918.59344331475,1.8391859344331476
2021-02-09,-0.00043001363368045607,0.8383950594064677,183839.50594064678,-79.08750266797142,183839.50594064678,1.8383950594064677
2021-02-10,-0.00018530340410820298,0.8380543985438642,183805.4398543864,-34.06608626036905,183805.4398543864,1.838054398543864
2021-02-11,0.004421924647502731,0.8461821365922362,184618.2136592236,812.7738048371975,184618.2136592236,1.846182136592236
2021-02-12,-0.0006590524229219205,0.8449654057819598,184496.54057819597,-121.67308102763491,184496.54057819597,1.8449654057819598
2021-02-15,0.009984659841533761,0.86338675777809,186338.675777809,1842.1351996130252,186338.675777809,1.86338675777809
2021-02-16,-8.162092525863472e-05,0.8632346664268056,186323.46664268055,-15.209135128447087,186323.46664268055,1.8632346664268056
2021-02-17,-0.006827318687430939,0.8505137695696408,185051.3769569641,-1272.0896857164626,185051.3769569641,1.8505137695696408
2021-02-18,-0.005914312869584357,0.839569252166932,183956.9252166932,-1094.451740270888,183956.9252166932,1.839569252166932
2021-02-19,-0.009074717063029796,0.8228756816856679,182287.5681685668,-1669.3570481264032,182287.5681685668,1.822875681685668
2021-02-22,-0.02042817459158643,0.785637659001436,178563.7659001436,-3723.8022684231983,178563.7659001436,1.785637659001436
2021-02-23,0.002187262546100035,0.7895433173738757,178954.33173738758,390.56583724397933,178954.33173738758,1.7895433173738757
2021-02-24,0.018643182457862263,0.8229060999559252,182290.60999559253,3336.278258204955,182290.60999559253,1.8229060999559252
2021-02-25,0.007699213013950074,0.836941042323915,183694.1042323915,1403.494236798957,183694.1042323915,1.836941042323915
2021-02-26,-0.03763569324758601,0.7678064927411112,176780.6492741111,-6913.454958280374,176780.6492741111,1.7678064927411112
2021-03-01,0.01599538911872347,0.7960832454791111,179608.32454791112,2827.675273800007,179608.32454791112,1.7960832454791111
2021-03-02,0.010672985341787783,0.8152528156307401,181525.281563074,1916.9570151628868,181525.281563074,1.8152528156307401
2021-03-03,0.021884698711632098,0.8549790765862608,185497.9076586261,3972.6260955520847,185497.9076586261,1.8549790765862608
2021-03-04,-0.010812930524138177,0.8349213167074034,183492.13167074035,-2005.7759878857469,183492.13167074035,1.8349213167074034
2021-03-05,-0.009459104528952473,0.8175646041702649,181756.46041702648,-1735.6712537138665,181756.46041702648,1.8175646041702649
2021-03-08,0.00121170606776114,0.819766958229686,181976.6958229686,220.2354059421341,181976.6958229686,1.819766958229686
2021-03-09,0.009507775601791403,0.8370688941160884,183706.88941160883,1730.1935886402207,183706.88941160883,1.8370688941160884
2021-03-10,0.005060099883822026,0.8463646462137782,184636.46462137782,929.5752097689838,184636.46462137782,1.8463646462137782
2021-03-12,-0.009479506235763638,0.8288620210365012,182886.2021036501,-1750.2625177277077,182886.2021036501,1.8288620210365012
2021-03-15,-0.006749419963093079,0.8165182632019747,181651.82632019746,-1234.3757834526477,181651.82632019746,1.8165182632019745
2021-03-16,-0.0012759841044576174,0.814200414772672,181420.0414772672,-231.7848429302685,181420.0414772672,1.814200414772672
2021-03-17,-0.012685759862868828,0.7911859039677489,179118.5903967749,-2301.45108049229,179118.5903967749,1.7911859039677491
2021-03-18,-0.011102973071742945,0.7712984151095095,177129.84151095094,-1988.7488858239667,177129.84151095094,1.7712984151095095
2021-03-19,0.012786942826028538,0.7939479066713497,179394.79066713498,2264.9491561840405,179394.79066713498,1.7939479066713497
2021-03-22,-0.0005154374236977753,0.793023238784087,179302.3238784087,-92.46678872627672,179302.3238784087,1.793023238784087
2021-03-23,0.005316739997431424,0.8025562771540544,180255.62771540546,953.3038369967544,180255.62771540546,1.8025562771540546
2021-03-24,-0.01791117699421185,0.7702703726319207,177027.03726319206,-3228.5904522133933,177027.03726319206,1.7702703726319207
2021-03-25,-0.015430189146808966,0.7429547659412181,174295.4765941218,-2731.5606690702552,174295.4765941218,1.7429547659412181
2021-03-26,0.012733031929623202,0.7651478646278367,176514.78646278367,2219.3098686618614,176514.78646278367,1.7651478646278367
2021-03-30,0.023284815867550514,0.8062490076346958,180624.90076346957,4110.114300685906,180624.90076346957,1.8062490076346958
2021-03-31,-0.010400699094332345,0.7874627552168507,178746.27552168508,-1878.6252417844953,178746.27552168508,1.7874627552168507
2021-04-01,0.012024574166918552,0.8089562336875602,180895.62336875603,2149.3478470709524,180895.62336875603,1.8089562336875602
2021-04-05,-0.015439860548026079,0.7810262017019418,178102.6201701942,-2793.0031985618407,178102.6201701942,1.7810262017019418
2021-04-06,0.0031220672452334885,0.7865866852691781,178658.6685269178,556.0483567236224,178658.6685269178,1.786586685269178
2021-04-07,0.009231436965811966,0.8030794476381995,180307.94476381995,1649.2762369021366,180307.94476381995,1.8030794476381995
2021-04-08,0.0036945688638337464,0.8097410488244621,180974.1048824462,666.160118626256,180974.1048824462,1.809741048824462
2021-04-09,-0.0026187118170183242,0.8050018585541623,180500.18585541623,-473.9190270299732,180500.18585541623,1.8050018585541623
2021-04-12,-0.03532558930400768,0.7412391042059074,174123.91042059075,-6376.275434825482,174123.91042059075,1.7412391042059074
2021-04-13,0.013556195506030022,0.7648436819252671,176484.36819252672,2360.457771935966,176484.36819252672,1.764843681925267
2021-04-15,0.00528448456077477,0.774169971114582,177416.9971114582,932.6289189314703,177416.9971114582,1.774169971114582
2021-04-16,0.0024962821650072447,0.7785987999711665,177859.87999711666,442.88288565847324,177859.87999711666,1.7785987999711665
2021-04-19,-0.017676978554819603,0.7471585471264484,174715.85471264482,-3144.0252844718343,174715.85471264482,1.7471585471264484
2021-04-20,-0.004390823034999069,0.73948708313193,173948.708313193,-767.1463994518272,173948.708313193,1.73948708313193
2021-04-22,0.007676757575422244,0.752840703774712,175284.0703774712,1335.3620642781898,175284.0703774712,1.7528407037747118
2021-04-23,-0.004498133053794162,0.744956193067027,174495.6193067027,-788.4510707684967,174495.6193067027,1.744956193067027
2021-04-26,0.01001651828716979,0.7624345786851932,176243.45786851933,1747.8385618166358,176243.45786851933,1.7624345786851932
2021-04-27,0.011601643402657923,0.7828817161876125,178288.17161876126,2044.7137502419355,178288.17161876126,1.7828817161876127
2021-04-28,0.014433855260107101,0.8086155728249558,180861.55728249557,2573.3856637343124,180861.55728249557,1.8086155728249558
2021-04-29,0.0020418099664161384,0.8123084221269652,181230.84221269653,369.2849302009563,181230.84221269653,1.8123084221269654
2021-04-30,-0.01771081204517748,0.7802109682947824,178021.09682947825,-3209.74538321828,178021.09682947825,1.7802109682947824
2021-05-03,0.00020851346320171222,0.7805821662490113,178058.21662490114,37.119795422884636,178058.21662490114,1.7805821662490113
2021-05-04,-0.009406107423440328,0.7638338191170111,176383.38191170112,-1674.83471320002,176383.38191170112,1.763833819117011
2021-05-05,0.008370959153933709,0.7785987999711663,177859.87999711663,1476.4980854155147,177859.87999711663,1.7785987999711663
2021-05-06,0.0073164109749705355,0.791611759751345,179161.1759751345,1301.295978017879,179161.1759751345,1.791611759751345
2021-05-07,0.006679247748155532,0.8035783785632329,180357.83785632328,1196.6618811887747,180357.83785632328,1.8035783785632329
2021-05-10,0.008041422748121637,0.8180817147646315,181808.17147646315,1450.3336201398633,181808.17147646315,1.8180817147646315
2021-05-11,-0.006130201191218907,0.8069365080710482,180693.65080710483,-1114.5206693583168,180693.65080710483,1.8069365080710482
2021-05-12,-0.01038668080736663,0.7881684353225367,178816.84353225367,-1876.8072748511622,178816.84353225367,1.7881684353225367
2021-05-14,-0.0012724250884564353,0.7858931249430463,178589.31249430464,-227.53103794902563,178589.31249430464,1.7858931249430465
2021-05-17,0.01671576048197257,0.8157456866659958,181574.56866659957,2985.256172294932,181574.56866659957,1.8157456866659958
2021-05-18,0.01239344333527514,0.8382490279449608,183824.90279449607,2250.3341278964945,183824.90279449607,1.8382490279449606
2021-05-19,-0.005159432408138898,0.8287647063359518,182876.4706335952,-948.4321609008766,182876.4706335952,1.828764706335952
2021-05-20,-0.008256776060930653,0.8136650056876022,181366.50056876024,-1509.9700648349535,181366.50056876024,1.8136650056876025
2021-05-21,0.01806313567497467,0.8464254827542912,184642.54827542912,3276.0477066688763,184642.54827542912,1.8464254827542912
2021-05-24,0.0014761086049898495,0.8491510072978574,184915.10072978574,272.552454356628,184915.10072978574,1.8491510072978574
2021-05-25,0.0007073438653116526,0.8504589929189044,185045.89929189044,130.79856210469734,185045.89929189044,1.8504589929189044
2021-05-26,0.00611502150486472,0.8617745894544737,186177.45894544738,1131.5596535569348,186177.45894544738,1.8617745894544737
2021-05-27,0.002378821196545849,0.8662034183110585,186620.34183110585,442.88288565847324,186620.34183110585,1.8662034183110585
2021-05-28,0.006376433707514053,0.8781031406926552,187810.31406926553,1189.9722381596803,187810.31406926553,1.8781031406926554
2021-05-31,0.009533088035724929,0.8960072632730498,189600.726327305,1790.4122580394614,189600.726327305,1.8960072632730498
2021-06-01,-0.0005101904286871787,0.8950399385146066,189503.99385146066,-96.73247584432829,189503.99385146066,1.8950399385146066
2021-06-02,8.671582528071662e-05,0.8952042684668147,189520.42684668145,16.43299522079178,189520.42684668145,1.8952042684668144
2021-06-03,0.007328450625387578,0.9090931793732977,190909.31793732976,1388.891090648307,190909.31793732976,1.9090931793732977
2021-06-04,-0.0012810173052479636,0.9066475979731896,190664.75979731895,-244.5581400108058,190664.75979731895,1.9066475979731896
2021-06-07,0.005194581491999171,0.9165518342973857,191655.18342973856,990.4236324196099,191655.18342973856,1.9165518342973857
2021-06-08,-0.0007333060957774142,0.9151464151544222,191514.64151544223,-140.54191429633647,191514.64151544223,1.9151464151544222
2021-06-09,-0.006654976944212576,0.902401159916778,190240.1159916778,-1274.5255237644305,190240.1159916778,1.902401159916778
2021-06-10,0.006549286916078962,0.9148605309425546,191486.05309425545,1245.937102577649,191486.05309425545,1.9148605309425544
2021-06-11,0.0039141306333497486,0.9223555452053092,192235.55452053092,749.5014262754703,192235.55452053092,1.9223555452053092
2021-06-14,0.0007911718082738523,0.9238764587181545,192387.64587181545,152.09135128452908,192387.64587181545,1.9238764587181545
2021-06-15,0.003630213545097643,0.9308605410976876,193086.05410976877,698.4082379533211,193086.05410976877,1.9308605410976876
2021-06-16,-0.006408632752808104,0.918486364992904,191848.6364992904,-1237.4176104783546,191848.6364992904,1.918486364992904
2021-06-17,-0.004829502047290931,0.9092210311654711,190922.1031165471,-926.533382743306,190922.1031165471,1.9092210311654711
2021-06-18,-0.0005130696464039008,0.9082414678061044,190824.14678061043,-97.95633593667299,190824.14678061043,1.9082414678061044
2021-06-21,0.004026588209654571,0.9159251704015465,191592.51704015466,768.3702595442301,191592.51704015466,1.9159251704015465
2021-06-22,0.0016670371193598578,0.9191190887785219,191911.9088778522,319.39183769753436,191911.9088778522,1.9191190887785219
2021-06-23,-0.005439749231269119,0.908679562190625,190867.9562190625,-1043.952658789698,190867.9562190625,1.908679562190625
2021-06-24,0.006597840798329772,0.9212727260769846,192127.27260769845,1259.3163886359544,192127.27260769845,1.9212727260769846
2021-06-25,0.004426689118923925,0.929777603147995,192977.7603147995,850.4877071010415,192977.7603147995,1.929777603147995
2021-06-28,-0.0028782098242977434,0.9242232982919045,192422.32982919045,-555.4304856090457,192422.32982919045,1.9242232982919045
2021-06-29,-0.00418914043148517,0.916162456673824,191616.2456673824,-806.0841618080449,191616.2456673824,1.916162456673824
2021-06-30,-0.0017112919035373831,0.9128833433758559,191288.33433758558,-327.9113297968288,191288.33433758558,1.9128833433758559
2021-07-01,-0.0026396972299080877,0.9078339105132094,190783.39105132094,-504.9432862646354,190783.39105132094,1.9078339105132094
2021-07-02,0.002691338986766582,0.9129685382968491,191296.8538296849,513.4627783639589,191296.8538296849,1.912968538296849
2021-07-05,0.007133188273225068,0.9266141030412767,192661.41030412767,1364.5564744427684,192661.41030412767,1.9266141030412767
2021-07-06,-0.001016752173102705,0.924655213965279,192465.5213965279,-195.88890759975766,192465.5213965279,1.924655213965279
2021-07-07,0.003881617158977763,0.9321259886689226,193212.59886689225,747.0774703643401,193212.59886689225,1.9321259886689226
2021-07-08,-0.009556255727745109,0.91366209862298,191366.209862298,-1846.389004594239,191366.209862298,1.9136620986229802
2021-07-09,-0.00242248392927328,0.9090262829430065,190902.62829430064,-463.5815679973748,190902.62829430064,1.9090262829430065
2021-07-12,0.00017844744498674405,0.9093669438056105,190936.69438056104,34.06608626039815,190936.69438056104,1.9093669438056105
2021-07-13,0.0076309854951285136,0.9239372952586686,192393.72952586686,1457.0351453058247,192393.72952586686,1.9239372952586686
2021-07-14,0.0026308921169334244,0.9289989667222387,192899.89667222387,506.1671463570092,192899.89667222387,1.9289989667222387
2021-07-15,0.0044310723280038215,0.9375465006644297,193754.65006644296,854.753394219093,193754.65006644296,1.9375465006644297
2021-07-16,-5.022573678365543e-05,0.9374491859638812,193744.9185963881,-9.731470054859528,193744.9185963881,1.937449185963881
2021-07-19,-0.010738912280361756,0.9166430891081567,191664.3089108157,-2080.609685572417,191664.3089108157,1.916643089108157
2021-07-20,-0.0076369809214344685,0.9020057224034383,190200.57224034384,-1463.7366704718443,190200.57224034384,1.9020057224034383
2021-07-22,0.012279233123449532,0.9253608940709652,192536.08940709653,2335.5171667526884,192536.08940709653,1.9253608940709652
2021-07-23,0.0020222383267853947,0.9292544326638492,192925.44326638491,389.35385928838514,192925.44326638491,1.9292544326638492
2021-07-26,-0.0019929055322251985,0.9254096108319234,192540.96108319235,-384.48218319256557,192540.96108319235,1.9254096108319234
2021-07-27,-0.004929081202650887,0.9159191105117683,191591.91105117684,-949.0500320155115,191591.91105117684,1.9159191105117683
2021-07-28,-0.0023528988583426387,0.9114111466239683,191141.11466239684,-450.7963887799997,191141.11466239684,1.9114111466239683
2021-07-29,0.004395444954646856,0.9198126491046523,191981.26491046522,840.1502480683848,191981.26491046522,1.9198126491046523
2021-07-30,-0.0009760394990868739,0.9179388361282796,191793.88361282795,-187.38129763727193,191793.88361282795,1.9179388361282794
2021-08-02,0.0077460001364197065,0.9327951906145742,193279.51906145742,1485.635448629473,193279.51906145742,1.9327951906145742
2021-08-03,0.015460955882416225,0.9626780517864122,196267.80517864123,2988.2861171838013,196267.80517864123,1.9626780517864122
2021-08-04,0.007938242467802179,0.9782582660477266,197825.82660477265,1558.021426131425,197825.82660477265,1.9782582660477266
2021-08-05,0.0022018725316476757,0.9826141385842422,198261.41385842423,435.5872536515817,198261.41385842423,1.9826141385842424
2021-08-06,-0.0034612335015615195,0.975751848107105,197575.1848107105,-686.2290477137431,197575.1848107105,1.9757518481071048
2021-08-09,0.0012347307242392418,0.9781913696174354,197819.13696174353,243.9521510330378,197819.13696174353,1.9781913696174354
2021-08-10,0.0013439090538649608,0.9808498789093418,198084.9878909342,265.85092919066665,198084.9878909342,1.9808498789093418
2021-08-11,0.00013208706805219322,0.9811115235620984,198111.15235620984,26.16446527565131,198111.15235620984,1.9811115235620984
2021-08-12,0.005045395484346451,0.9911070146970651,199110.70146970652,999.5491134966724,199110.70146970652,1.991107014697065
2021-08-13,0.010064482340847301,1.0111464760852211,201114.64760852212,2003.946138815605,201114.64760852212,2.011146476085221
2021-08-16,0.002054024277023748,1.015277419771751,201527.7419771751,413.0943686529645,201527.7419771751,2.015277419771751
2021-08-17,0.003112278577528436,1.021549524513083,202154.9524513083,627.2104741332005,202154.9524513083,2.021549524513083
2021-08-18,-0.0027536023181795473,1.015982981056069,201598.2981056069,-556.6543457013904,201598.2981056069,2.015982981056069
2021-08-20,-0.007142898400624949,1.0015830194449964,200158.30194449963,-1439.996161107265,200158.30194449963,2.0015830194449964
2021-08-23,0.002793180678398833,1.007173802461121,200717.3802461121,559.0783016124624,200717.3802461121,2.007173802461121
2021-08-24,0.007768362083601798,1.0227662553233587,202276.62553233586,1559.2452862237697,202276.62553233586,2.0227662553233587
2021-08-25,0.0006045728309951074,1.0239891648447812,202398.91648447813,122.29095214226982,202398.91648447813,2.023989164844781
2021-08-26,0.00013525983096513173,1.0242629292770933,202426.29292770932,27.376443231187295,202426.29292770932,2.0242629292770933
2021-08-27,0.004105261588479956,1.0325730581256387,203257.30581256386,831.0128848545428,203257.30581256386,2.0325730581256387
2021-08-30,0.013519836521704158,1.0600531135899178,206005.31135899178,2748.005546427914,206005.31135899178,2.060053113589918
2021-08-31,0.011880446175423345,1.0845274637244362,208452.74637244362,2447.4350134518463,208452.74637244362,2.084527463724436
2021-09-01,-0.003265734774363788,1.077719949898035,207771.9949898035,-680.7513826401264,207771.9949898035,2.077719949898035
2021-09-02,0.009246783727399165,1.0969321769208444,209693.21769208444,1921.2227022809384,209693.21769208444,2.0969321769208444
2021-09-03,0.005190230833697402,1.107815738961671,210781.5738961671,1088.3562040826655,210781.5738961671,2.107815738961671
2021-09-06,0.0031287476677576867,1.1144105625390104,211441.05625390104,659.4823577339412,211441.05625390104,2.1144105625390104
2021-09-07,-0.0009035189246697419,1.1125001525812346,211250.01525812346,-191.0409957775846,211250.01525812346,2.1125001525812346
2021-09-08,-0.0004953092983268266,1.111453811612944,211145.3811612944,-104.63409682904603,211145.3811612944,2.111453811612944
2021-09-09,0.0009075978909153773,1.1133701626391295,211337.01626391296,191.6351026185439,211337.01626391296,2.1133701626391295
2021-09-13,-0.0008030985074197216,1.1116729182158887,211167.29182158888,-169.72444232407724,211167.29182158888,2.1116729182158887
2021-09-14,0.001423151293159038,1.1146781482601766,211467.81482601765,300.5230044287746,211467.81482601765,2.1146781482601766
2021-09-15,0.008023545382623705,1.1316453643523845,213164.53643523846,1696.721609220811,213164.53643523846,2.1316453643523845
2021-09-16,0.006281634763507254,1.1450355819765696,214503.55819765697,1339.0217624185025,214503.55819765697,2.1450355819765696
2021-09-17,-0.0025156476006126098,1.1396394283615416,213963.94283615416,-539.6153615028015,213963.94283615416,2.1396394283615416
2021-09-20,-0.010705054879733066,1.1167344708580909,211673.44708580908,-2290.495750345086,211673.44708580908,2.116734470858091
2021-09-21,0.009490173862464051,1.1368226490072049,213682.26490072047,2008.8178149113955,213682.26490072047,2.136822649007205
2021-09-22,-0.0008740239935656531,1.134955014741978,213495.5014741978,-186.76342652266612,213495.5014741978,2.134955014741978
2021-09-23,0.015746528367181906,1.1685731444442697,216857.31444442697,3361.8129702291626,216857.31444442697,2.1685731444442697
2021-09-24,0.0016972499684943592,1.1722537551453556,217225.37551453555,368.0610701085825,217225.37551453555,2.1722537551453556
2021-09-27,0.00010644538279750718,1.1724849815278553,217248.49815278553,23.122638249973534,217248.49815278553,2.1724849815278553
2021-09-28,-0.005964682490154303,1.1595267983984132,215952.67983984132,-1295.818312944204,215952.67983984132,2.159526798398413
2021-09-29,-0.0021015082285871364,1.1549885350617246,215498.85350617245,-453.82633366886876,215498.85350617245,2.1549885350617246
2021-09-30,-0.005259376020738877,1.1436546400354537,214365.46400354538,-1133.3895026270766,214365.46400354538,2.1436546400354537
2021-10-01,-0.0048869834497959255,1.1331786352875222,213317.8635287522,-1047.600474793173,213317.8635287522,2.133178635287522
2021-10-04,0.009080467581137671,1.152548894730026,215254.8894730026,1937.025944250403,215254.8894730026,2.152548894730026
2021-10-05,0.007407660919946301,1.1684942470557913,216849.42470557912,1594.5352325765125,216849.42470557912,2.1684942470557913
2021-10-06,-0.009892144870289572,1.147043187813526,214704.3187813526,-2145.1059242265183,214704.3187813526,2.147043187813526
2021-10-07,0.008180302016037628,1.1646066495313168,216460.66495313167,1756.3461717790633,216460.66495313167,2.1646066495313168
2021-10-08,0.005893622760496359,1.1773640245485164,217736.40245485163,1275.7375017199665,217736.40245485163,2.1773640245485164
2021-10-11,0.0028359561343595336,1.1835389334106687,218353.89334106687,617.490886215237,218353.89334106687,2.1835389334106687
2021-10-12,0.002563252544587556,1.1891358951379396,218913.58951379397,559.6961727270973,218913.58951379397,2.1891358951379396
2021-10-13,0.009437597849211637,1.2097960793535254,220979.60793535254,2066.018421558576,220979.60793535254,2.2097960793535254
2021-10-14,0.009734787740718818,1.2313079751363047,223130.79751363047,2151.189578277932,223130.79751363047,2.2313079751363047
2021-10-18,0.0075523961327199,1.2481596968586315,224815.96968586315,1685.1721722326765,224815.96968586315,2.2481596968586315
2021-10-19,-0.0031553077349964326,1.241066061177626,224106.6061177626,-709.3635681005544,224106.6061177626,2.241066061177626
2021-10-20,-0.008260625212080082,1.222553454370725,222255.3454370725,-1851.2606806900876,222255.3454370725,2.222553454370725
2021-10-21,-0.0048449082967023036,1.21178538669978,221178.538669978,-1076.806767094502,221178.538669978,2.21178538669978
2021-10-22,-0.003476668084567335,1.2040957430359285,220409.57430359285,-768.9643663851602,220409.57430359285,2.2040957430359285
2021-10-25,0.0005796333280106836,1.2053733103867184,220537.33103867184,127.75673507899046,220537.33103867184,2.2053733103867184
2021-10-26,0.007889480889700174,1.2227725609736688,222277.2560973669,1739.9250586950511,222277.2560973669,2.222772560973669
2021-10-27,-0.003144838663842887,1.21578229988299,221578.229988299,-699.0261090678978,221578.229988299,2.21578229988299
2021-10-28,-0.01942233842406365,1.1727466261806123,217274.66261806124,-4303.5673702377535,217274.66261806124,2.1727466261806123
2021-10-29,-0.010393515763905417,1.1501641498704318,215016.4149870432,-2258.24763101805,215016.4149870432,2.150164149870432
2021-11-01,0.014599655057507915,1.1815558047755599,218155.58047755598,3139.1654905127943,218155.58047755598,2.18155580477556
2021-11-02,-0.002270048271341738,1.1766035677920939,217660.3567792094,-495.22369834658457,217660.3567792094,2.176603567792094
2021-11-03,-0.003340050847557555,1.1693336012006932,216933.36012006932,-726.9966591400735,216933.36012006932,2.169333601200693
2021-11-04,0.00491337616598474,1.1799923532129024,217999.23532129024,1065.8752012209152,217999.23532129024,2.1799923532129024
2021-11-08,0.008469704042186312,1.1984562432588453,219845.62432588454,1846.3890045942971,219845.62432588454,2.1984562432588453
2021-11-09,-0.0013449214352717915,1.1954994923327793,219549.94923327793,-295.67509260660154,219549.94923327793,2.1954994923327793
2021-11-10,-0.001499135805034845,1.1922081404338876,219220.81404338876,-329.1351898891735,219220.81404338876,2.1922081404338876
2021-11-11,-0.007970140510271978,1.1747359335268674,217473.59335268676,-1747.2206907020009,217473.59335268676,2.1747359335268674
2021-11-12,0.012820606684330492,1.2026173675728953,220261.73675728953,2788.1434046027716,220261.73675728953,2.2026173675728953
2021-11-15,0.0003700663573214014,1.2034324821586857,220343.24821586857,81.51145857904339,220343.24821586857,2.2034324821586857
2021-11-16,-0.006087981951756453,1.19001802497539,219001.802497539,-1341.4457183295744,219001.802497539,2.19001802497539
2021-11-17,-0.005586294529161996,1.1777839392637035,217778.39392637037,-1223.4085711686348,217778.39392637037,2.1777839392637035
2021-11-18,-0.00747819564346081,1.1614980448967027,216149.80448967026,-1628.589436700102,216149.80448967026,2.1614980448967027
2021-11-22,-0.0196033721001568,1.1191253944288313,211912.53944288314,-4237.265046787128,211912.53944288314,2.1191253944288313
2021-11-23,0.004983697932798746,1.129686475276388,212968.6475276388,1056.1080847556586,212968.6475276388,2.129686475276388
2021-11-24,-0.005044681737814693,1.1189428848072902,211894.288480729,-1074.3590469097835,211894.288480729,2.11894288480729
2021-11-25,0.006959452503032018,1.1336895671707445,213368.95671707444,1474.668236345431,213368.95671707444,2.1336895671707445
2021-11-26,-0.02907125418775394,1.0716605354057651,207166.0535405765,-6202.90317649793,207166.0535405765,2.071660535405765
2021-11-29,0.001615134174289037,1.0750065451340247,207500.65451340246,334.60097282595234,207500.65451340246,2.0750065451340247
2021-11-30,-0.004148599194972022,1.06639817465132,206639.81746513202,-860.8370482704486,206639.81746513202,2.06639817465132
2021-12-01,0.010816641170421411,1.088749662221737,208874.9662221737,2235.148757041694,208874.9662221737,2.088749662221737
2021-12-02,0.013674571102433792,1.1173124179929728,211731.24179929728,2856.275577123568,211731.24179929728,2.1173124179929728
2021-12-03,-0.011777685867394267,1.0923753774507188,209237.53774507187,-2493.704054225411,209237.53774507187,2.0923753774507188
2021-12-06,-0.016540919575999662,1.0577655646095043,205776.55646095044,-3460.98128412143,205776.55646095044,2.0577655646095043
2021-12-07,0.015636548581649395,1.089941915830166,208994.1915830166,3217.63512206616,208994.1915830166,2.089941915830166
2021-12-08,0.017060948527881727,1.1255983072824067,212559.83072824066,3565.639145224064,212559.83072824066,2.1255983072824067
2021-12-09,0.002696066593683367,1.1313290618702605,213132.90618702606,573.0754587854026,213132.90618702606,2.1313290618702605
2021-12-10,-0.0003167708948092055,1.1306539188561988,213065.39188561987,-67.5143014061905,213065.39188561987,2.130653918856199
2021-12-13,-0.00816905511686315,1.113248489558102,211324.84895581022,-1740.542929809657,211324.84895581022,2.113248489558102
2021-12-14,-0.00249591118132224,1.107974009024102,210797.40090241018,-527.4480534000322,210797.40090241018,2.107974009024102
2021-12-15,-0.005974060321640107,1.0953808451377425,209538.08451377426,-1259.3163886359253,209538.08451377426,2.0953808451377425
2021-12-16,0.0015678167505296654,1.0986660183254888,209866.60183254888,328.5173187746259,209866.60183254888,2.098666018325489
2021-12-17,-0.01525945397337004,1.0666415208133753,206664.15208133752,-3202.4497512113594,206664.15208133752,2.0666415208133753
2021-12-20,-0.010175851102901859,1.0456116844145038,204561.16844145037,-2102.9836398871557,204561.16844145037,2.045611684414504
2021-12-21,0.0,1.0456116844145038,204561.16844145037,0.0,204561.16844145037,2.045611684414504
2021-12-22,0.0,1.0456116844145038,204561.16844145037,0.0,204561.16844145037,2.045611684414504
2021-12-23,0.0,1.0456116844145038,204561.16844145037,0.0,204561.16844145037,2.045611684414504
2021-12-24,0.0,1.0456116844145038,204561.16844145037,0.0,204561.16844145037,2.045611684414504
2021-12-27,0.0,1.0456116844145038,204561.16844145037,0.0,204561.16844145037,2.045611684414504
2021-12-28,0.0,1.0456116844145038,204561.16844145037,0.0,204561.16844145037,2.045611684414504
2021-12-29,0.0,1.0456116844145038,204561.16844145037,0.0,204561.16844145037,2.045611684414504
2021-12-30,0.0,1.0456116844145038,204561.16844145037,0.0,204561.16844145037,2.045611684414504
2021-12-31,0.0,1.0456116844145038,204561.16844145037,0.0,204561.16844145037,2.045611684414504
2022-01-03,0.0,1.0456116844145038,204561.16844145037,0.0,204561.16844145037,2.045611684414504
2022-01-04,0.0,1.0456116844145038,204561.16844145037,0.0,204561.16844145037,2.045611684414504
2022-01-05,0.0,1.0456116844145038,204561.16844145037,0.0,204561.16844145037,2.045611684414504
2022-01-06,0.0,1.0456116844145038,204561.16844145037,0.0,204561.16844145037,2.045611684414504
2022-01-07,0.0,1.0456116844145038,204561.16844145037,0.0,204561.16844145037,2.045611684414504
2022-01-10,0.0,1.0456116844145038,204561.16844145037,0.0,204561.16844145037,2.045611684414504
2022-01-11,0.0,1.0456116844145038,204561.16844145037,0.0,204561.16844145037,2.045611684414504
2022-01-12,0.0,1.0456116844145038,204561.16844145037,0.0,204561.16844145037,2.045611684414504
2022-01-13,0.0,1.0456116844145038,204561.16844145037,0.0,204561.16844145037,2.045611684414504
2022-01-14,0.0,1.0456116844145038,204561.16844145037,0.0,204561.16844145037,2.045611684414504
2022-01-17,0.0,1.0456116844145038,204561.16844145037,0.0,204561.16844145037,2.045611684414504
2022-01-18,0.0,1.0456116844145038,204561.16844145037,0.0,204561.16844145037,2.045611684414504
2022-01-19,-0.011224393594156525,1.0226509337278298,202265.09337278298,-2296.0750686673855,202265.09337278298,2.02265093372783
2022-01-20,-0.010112406160797024,1.0021970659644586,200219.70659644585,-2045.3867763371381,200219.70659644585,2.0021970659644586
2022-01-21,-0.007875745304668582,0.9864282718231676,198642.82718231677,-1576.879414129071,198642.82718231677,1.9864282718231678
2022-01-24,-0.02656790518738343,0.9336530338358318,193365.30338358317,-5277.5237987336,193365.30338358317,1.9336530338358318
2022-01-25,0.007513491221694288,0.9481815189313598,194818.15189313598,1452.8485095528013,194818.15189313598,1.9481815189313598
2022-01-27,-0.009711732914627682,0.9292613003502848,192926.13003502847,-1892.0218581075023,192926.13003502847,1.9292613003502848
2022-01-28,-0.00047931617710932507,0.928336574199156,192833.6574199156,-92.4726151128707,192833.6574199156,1.928336574199156
2022-01-31,0.013910717870929826,0.9551611202430359,195516.11202430358,2682.454604387982,195516.11202430358,1.955161120243036
2022-02-01,0.01366793861187026,0.9818841424108333,198188.41424108334,2672.302216779761,198188.41424108334,1.9818841424108335
2022-02-02,0.011557838585399586,1.0047904394237808,200479.04394237808,2290.6297012947325,200479.04394237808,2.0047904394237808
2022-02-03,-0.012362248664229471,0.9800067214919541,198000.67214919542,-2478.371793182654,198000.67214919542,1.9800067214919543
2022-02-04,-0.002499882658115131,0.975056937025945,197505.6937025945,-494.9784466009296,197505.6937025945,1.975056937025945
2022-02-07,-0.017281112927623445,0.9409257550587136,194092.57550587135,-3413.1181967231387,194092.57550587135,1.9409257550587136
2022-02-08,0.0030876976246184346,0.9469187469021689,194691.87469021688,599.2991843455238,194691.87469021688,1.9469187469021687
2022-02-09,0.011412152330345897,0.9691372802166225,196913.72802166225,2221.853331445367,196913.72802166225,1.9691372802166225
2022-02-10,0.004470628619512728,0.9779405616973083,197794.05616973081,880.3281480685691,197794.05616973081,1.9779405616973083
2022-02-11,0.0,0.9779405616973083,197794.05616973081,0.0,197794.05616973081,1.9779405616973083
2022-02-14,0.0,0.9779405616973083,197794.05616973081,0.0,197794.05616973081,1.9779405616973083
2022-02-15,0.0,0.9779405616973083,197794.05616973081,0.0,197794.05616973081,1.9779405616973083
2022-02-16,0.0,0.9779405616973083,197794.05616973081,0.0,197794.05616973081,1.9779405616973083
2022-02-17,0.0,0.9779405616973083,197794.05616973081,0.0,197794.05616973081,1.9779405616973083
2022-02-18,0.0,0.9779405616973083,197794.05616973081,0.0,197794.05616973081,1.9779405616973083
2022-02-21,0.0,0.9779405616973083,197794.05616973081,0.0,197794.05616973081,1.9779405616973083
2022-02-22,0.0,0.9779405616973083,197794.05616973081,0.0,197794.05616973081,1.9779405616973083
2022-02-23,0.0,0.9779405616973083,197794.05616973081,0.0,197794.05616973081,1.9779405616973083
2022-02-24,0.0,0.9779405616973083,197794.05616973081,0.0,197794.05616973081,1.9779405616973083
2022-02-25,0.0,0.9779405616973083,197794.05616973081,0.0,197794.05616973081,1.9779405616973083
2022-02-28,0.0,0.9779405616973083,197794.05616973081,0.0,197794.05616973081,1.9779405616973083
2022-03-02,0.0,0.9779405616973083,197794.05616973081,0.0,197794.05616973081,1.9779405616973083
2022-03-03,0.0,0.9779405616973083,197794.05616973081,0.0,197794.05616973081,1.9779405616973083
2022-03-04,0.0,0.9779405616973083,197794.05616973081,0.0,197794.05616973081,1.9779405616973083
2022-03-07,0.0,0.9779405616973083,197794.05616973081,0.0,197794.05616973081,1.9779405616973083
2022-03-08,0.0,0.9779405616973083,197794.05616973081,0.0,197794.05616973081,1.9779405616973083
2022-03-09,0.0,0.9779405616973083,197794.05616973081,0.0,197794.05616973081,1.9779405616973083
2022-03-10,0.0,0.9779405616973083,197794.05616973081,0.0,197794.05616973081,1.9779405616973083
2022-03-11,0.0,0.9779405616973083,197794.05616973081,0.0,197794.05616973081,1.9779405616973083
2022-03-14,0.0,0.9779405616973083,197794.05616973081,0.0,197794.05616973081,1.9779405616973083
2022-03-15,0.0,0.9779405616973083,197794.05616973081,0.0,197794.05616973081,1.9779405616973083
2022-03-16,0.0,0.9779405616973083,197794.05616973081,0.0,197794.05616973081,1.9779405616973083
2022-03-17,0.0,0.9779405616973083,197794.05616973081,0.0,197794.05616973081,1.9779405616973083
2022-03-21,0.0,0.9779405616973083,197794.05616973081,0.0,197794.05616973081,1.9779405616973083
2022-03-22,0.0,0.9779405616973083,197794.05616973081,0.0,197794.05616973081,1.9779405616973083
2022-03-23,0.0,0.9779405616973083,197794.05616973081,0.0,197794.05616973081,1.9779405616973083
2022-03-24,0.0,0.9779405616973083,197794.05616973081,0.0,197794.05616973081,1.9779405616973083
2022-03-25,0.0,0.9779405616973083,197794.05616973081,0.0,197794.05616973081,1.9779405616973083
2022-03-28,0.0,0.9779405616973083,197794.05616973081,0.0,197794.05616973081,1.9779405616973083
2022-03-29,0.0,0.9779405616973083,197794.05616973081,0.0,197794.05616973081,1.9779405616973083
2022-03-30,0.0,0.9779405616973083,197794.05616973081,0.0,197794.05616973081,1.9779405616973083
2022-03-31,0.0,0.9779405616973083,197794.05616973081,0.0,197794.05616973081,1.9779405616973083
2022-04-01,0.0,0.9779405616973083,197794.05616973081,0.0,197794.05616973081,1.9779405616973083
2022-04-04,0.0,0.9779405616973083,197794.05616973081,0.0,197794.05616973081,1.9779405616973083
2022-04-05,0.0,0.9779405616973083,197794.05616973081,0.0,197794.05616973081,1.9779405616973083
2022-04-06,0.0,0.9779405616973083,197794.05616973081,0.0,197794.05616973081,1.9779405616973083
2022-04-07,0.0,0.9779405616973083,197794.05616973081,0.0,197794.05616973081,1.9779405616973083
2022-04-08,0.0,0.9779405616973083,197794.05616973081,0.0,197794.05616973081,1.9779405616973083
2022-04-11,-0.0044174647522315855,0.9692030789840012,196920.30789840012,-873.7482713306963,196920.30789840012,1.9692030789840012
2022-04-12,-0.008183810641252284,0.9530874938714251,195308.7493871425,-1611.5585112576082,195308.7493871425,1.953087493871425
2022-04-13,-0.003117481628350198,0.9469987794907204,194699.87794907205,-608.8714380704623,194699.87794907205,1.9469987794907204
2022-04-18,-0.0172811880101476,0.9133523275268134,191335.23275268133,-3364.6451963907166,191335.23275268133,1.9133523275268134
2022-04-19,-0.012519178806467803,0.8893987276187338,188939.87276187338,-2395.3599908079486,188939.87276187338,1.8893987276187338
2022-04-20,0.010490244596547968,0.909218982411861,190921.8982411861,1982.0254793127242,190921.8982411861,1.909218982411861
2022-04-21,0.014941678252146078,0.9377459181599488,193774.59181599488,2852.693574808771,193774.59181599488,1.9377459181599488
2022-04-22,-0.012686452605168035,0.9131627964083548,191316.27964083548,-2458.312175159401,191316.27964083548,1.9131627964083548
2022-04-25,-0.01269512256430193,0.8888749602224881,188887.49602224882,-2428.7836185866618,188887.49602224882,1.8888749602224881
2022-04-26,0.014560121616207138,0.9163772093611362,191637.72093611362,2750.224913864804,191637.72093611362,1.9163772093611362
2022-04-27,-0.009441443610115353,0.8982838420032428,189828.38420032428,-1809.336735789344,189828.38420032428,1.8982838420032428
2022-04-28,0.012128508890934666,0.9213071944584967,192130.71944584968,2302.335245525406,192130.71944584968,1.9213071944584967
2022-04-29,-0.008263240381694657,0.9054309712636068,190543.0971263607,-1587.62231948899,190543.0971263607,1.9054309712636068
2022-05-02,-0.001955917120367416,0.901704106205234,190170.4106205234,-372.6865058372787,190170.4106205234,1.9017041062052342
2022-05-04,-0.022936183451936345,0.8580862719540101,185808.627195401,-4361.783425122412,185808.627195401,1.85808627195401
2022-05-05,0.0003028482136698376,0.8586489900623158,185864.89900623157,56.27181083057076,185864.89900623157,1.8586489900623158
2022-05-06,-0.016268421639856246,0.8284117046114892,182841.17046114893,-3023.7285450826457,182841.17046114893,1.8284117046114892
2022-05-09,-0.011884389043339171,0.8066821485824911,180668.21485824912,-2172.955602899805,180668.21485824912,1.806682148582491
2022-05-10,0.0,0.8066821485824911,180668.21485824912,0.0,180668.21485824912,1.806682148582491
2022-05-11,0.0,0.8066821485824911,180668.21485824912,0.0,180668.21485824912,1.806682148582491
2022-05-12,0.0,0.8066821485824911,180668.21485824912,0.0,180668.21485824912,1.806682148582491
2022-05-13,0.0,0.8066821485824911,180668.21485824912,0.0,180668.21485824912,1.806682148582491
2022-05-16,0.0,0.8066821485824911,180668.21485824912,0.0,180668.21485824912,1.806682148582491
2022-05-17,0.0,0.8066821485824911,180668.21485824912,0.0,180668.21485824912,1.806682148582491
2022-05-18,0.0,0.8066821485824911,180668.21485824912,0.0,180668.21485824912,1.806682148582491
2022-05-19,0.0,0.8066821485824911,180668.21485824912,0.0,180668.21485824912,1.806682148582491
2022-05-20,0.0,0.8066821485824911,180668.21485824912,0.0,180668.21485824912,1.806682148582491
2022-05-23,0.0,0.8066821485824911,180668.21485824912,0.0,180668.21485824912,1.806682148582491
2022-05-24,0.0,0.8066821485824911,180668.21485824912,0.0,180668.21485824912,1.806682148582491
2022-05-25,0.0,0.8066821485824911,180668.21485824912,0.0,180668.21485824912,1.806682148582491
2022-05-26,0.0,0.8066821485824911,180668.21485824912,0.0,180668.21485824912,1.806682148582491
2022-05-27,0.0,0.8066821485824911,180668.21485824912,0.0,180668.21485824912,1.806682148582491
2022-05-30,0.0,0.8066821485824911,180668.21485824912,0.0,180668.21485824912,1.806682148582491
2022-05-31,0.0,0.8066821485824911,180668.21485824912,0.0,180668.21485824912,1.806682148582491
2022-06-01,0.0,0.8066821485824911,180668.21485824912,0.0,180668.21485824912,1.806682148582491
2022-06-02,0.0,0.8066821485824911,180668.21485824912,0.0,180668.21485824912,1.806682148582491
2022-06-03,0.0,0.8066821485824911,180668.21485824912,0.0,180668.21485824912,1.806682148582491
2022-06-06,0.0,0.8066821485824911,180668.21485824912,0.0,180668.21485824912,1.806682148582491
2022-06-07,0.0,0.8066821485824911,180668.21485824912,0.0,180668.21485824912,1.806682148582491
2022-06-08,0.0,0.8066821485824911,180668.21485824912,0.0,180668.21485824912,1.806682148582491
2022-06-09,0.0,0.8066821485824911,180668.21485824912,0.0,180668.21485824912,1.806682148582491
2022-06-10,0.0,0.8066821485824911,180668.21485824912,0.0,180668.21485824912,1.806682148582491
2022-06-13,0.0,0.8066821485824911,180668.21485824912,0.0,180668.21485824912,1.806682148582491
2022-06-14,0.0,0.8066821485824911,180668.21485824912,0.0,180668.21485824912,1.806682148582491
2022-06-15,0.0,0.8066821485824911,180668.21485824912,0.0,180668.21485824912,1.806682148582491
2022-06-16,0.0,0.8066821485824911,180668.21485824912,0.0,180668.21485824912,1.806682148582491
2022-06-17,0.0,0.8066821485824911,180668.21485824912,0.0,180668.21485824912,1.806682148582491
2022-06-20,0.0,0.8066821485824911,180668.21485824912,0.0,180668.21485824912,1.806682148582491
2022-06-21,0.0,0.8066821485824911,180668.21485824912,0.0,180668.21485824912,1.806682148582491
2022-06-22,0.0,0.8066821485824911,180668.21485824912,0.0,180668.21485824912,1.806682148582491
2022-06-23,0.0,0.8066821485824911,180668.21485824912,0.0,180668.21485824912,1.806682148582491
2022-06-24,0.0,0.8066821485824911,180668.21485824912,0.0,180668.21485824912,1.806682148582491
2022-06-27,0.0,0.8066821485824911,180668.21485824912,0.0,180668.21485824912,1.806682148582491
2022-06-28,0.0,0.8066821485824911,180668.21485824912,0.0,180668.21485824912,1.806682148582491
2022-06-29,0.0,0.8066821485824911,180668.21485824912,0.0,180668.21485824912,1.806682148582491
2022-06-30,0.0,0.8066821485824911,180668.21485824912,0.0,180668.21485824912,1.806682148582491
2022-07-01,0.0,0.8066821485824911,180668.21485824912,0.0,180668.21485824912,1.806682148582491
2022-07-04,0.0,0.8066821485824911,180668.21485824912,0.0,180668.21485824912,1.806682148582491
2022-07-05,0.0,0.8066821485824911,180668.21485824912,0.0,180668.21485824912,1.806682148582491
2022-07-06,0.0,0.8066821485824911,180668.21485824912,0.0,180668.21485824912,1.806682148582491
2022-07-07,0.0,0.8066821485824911,180668.21485824912,0.0,180668.21485824912,1.806682148582491
2022-07-08,0.0,0.8066821485824911,180668.21485824912,0.0,180668.21485824912,1.806682148582491
2022-07-11,0.0,0.8066821485824911,180668.21485824912,0.0,180668.21485824912,1.806682148582491
2022-07-12,0.0,0.8066821485824911,180668.21485824912,0.0,180668.21485824912,1.806682148582491
2022-07-13,0.0,0.8066821485824911,180668.21485824912,0.0,180668.21485824912,1.806682148582491
2022-07-14,0.0,0.8066821485824911,180668.21485824912,0.0,180668.21485824912,1.806682148582491
2022-07-15,0.0,0.8066821485824911,180668.21485824912,0.0,180668.21485824912,1.806682148582491
2022-07-18,0.0,0.8066821485824911,180668.21485824912,0.0,180668.21485824912,1.806682148582491
2022-07-19,0.0,0.8066821485824911,180668.21485824912,0.0,180668.21485824912,1.806682148582491
2022-07-20,0.0,0.8066821485824911,180668.21485824912,0.0,180668.21485824912,1.806682148582491
2022-07-21,0.0,0.8066821485824911,180668.21485824912,0.0,180668.21485824912,1.806682148582491
2022-07-22,0.0,0.8066821485824911,180668.21485824912,0.0,180668.21485824912,1.806682148582491
2022-07-25,0.0,0.8066821485824911,180668.21485824912,0.0,180668.21485824912,1.806682148582491
2022-07-26,0.0,0.8066821485824911,180668.21485824912,0.0,180668.21485824912,1.806682148582491
2022-07-27,0.0,0.8066821485824911,180668.21485824912,0.0,180668.21485824912,1.806682148582491
2022-07-28,0.0,0.8066821485824911,180668.21485824912,0.0,180668.21485824912,1.806682148582491
2022-07-29,0.0,0.8066821485824911,180668.21485824912,0.0,180668.21485824912,1.806682148582491
2022-08-01,0.0,0.8066821485824911,180668.21485824912,0.0,180668.21485824912,1.806682148582491
2022-08-02,0.0,0.8066821485824911,180668.21485824912,0.0,180668.21485824912,1.806682148582491
2022-08-03,0.0,0.8066821485824911,180668.21485824912,0.0,180668.21485824912,1.806682148582491
2022-08-04,0.0,0.8066821485824911,180668.21485824912,0.0,180668.21485824912,1.806682148582491
2022-08-05,-0.0022008560226317742,0.8027059012948021,180270.5901294802,-397.62472876891843,180270.5901294802,1.8027059012948021
2022-08-08,0.007334364671648225,0.8159276037706304,181592.76037706304,1322.1702475828351,181592.76037706304,1.8159276037706304
2022-08-10,0.0005506610997998295,0.8169275644620797,181692.75644620796,99.99606914492324,181692.75644620796,1.8169275644620797
2022-08-11,0.007085929368824762,0.8298021848521289,182980.21848521288,1287.462039004924,182980.21848521288,1.8298021848521289
2022-08-12,0.002217021950563452,0.8338588964611351,183385.8896461135,405.6711609006161,183385.8896461135,1.833858896461135
2022-08-16,0.00718151934353133,0.8470287895993778,184702.87895993778,1316.989313824277,184702.87895993778,1.8470287895993778
2022-08-17,0.006675923198833116,0.8593594119447769,185935.9411944777,1233.062234539917,185935.9411944777,1.859359411944777
2022-08-18,0.0006826699360519387,0.860628740715627,186062.8740715627,126.93287708499702,186062.8740715627,1.860628740715627
2022-08-19,-0.011029475746944004,0.840106981145837,184010.6981145837,-2052.1759569789865,184010.6981145837,1.840106981145837
2022-08-22,-0.015077330047338822,0.812363080868689,181236.3080868689,-2774.390027714806,181236.3080868689,1.812363080868689
2022-08-23,0.004962682175504437,0.8213572628256585,182135.72628256585,899.4181956969551,182135.72628256585,1.8213572628256585
2022-08-24,0.001561611079505049,0.8242015145070243,182420.15145070243,284.4251681365713,182420.15145070243,1.8242015145070243
2022-08-25,-0.004686182219266732,0.8156529738053819,181565.2973805382,-854.8540701642341,181565.2973805382,1.815652973805382
2022-08-26,0.0020802555293466174,0.8194299959435152,181942.9995943515,377.70221381331794,181942.9995943515,1.8194299959435152
2022-08-29,-0.01400998892455382,0.7939398018513455,179393.98018513454,-2549.0194092169695,179393.98018513454,1.7939398018513455
2022-08-30,0.025784263789025638,0.8401952189239128,184019.5218923913,4625.541707256751,184019.5218923913,1.8401952189239128
2022-09-01,-0.01219079527210764,0.8177617757493001,181776.17757493,-2243.3443174612767,181776.17757493,1.8177617757493
2022-09-02,-0.00019105059344812252,0.8174144912832959,181741.44912832958,-34.728446600434836,181741.44912832958,1.8174144912832957
2022-09-05,0.0072038500710117975,0.830506872795385,183050.6872795385,1309.2381512089341,183050.6872795385,1.830506872795385
2022-09-06,-0.0005774531254664236,0.8294498408805016,182944.98408805014,-105.70319148837007,182944.98408805014,1.8294498408805013
2022-09-07,-0.0017671004916442166,0.8262170191672433,182621.70191672433,-323.2821713258163,182621.70191672433,1.8262170191672433
2022-09-08,0.009892512965589587,0.8442828947073355,184428.28947073355,1806.5875540092238,184428.28947073355,1.8442828947073355
2022-09-09,0.001943934791769085,0.8478680603922217,184786.80603922217,358.51656848861603,184786.80603922217,1.8478680603922217
2022-09-12,0.00577569566324505,0.8585407839348782,185854.0783934878,1067.2723542656458,185854.0783934878,1.8585407839348782
2022-09-13,0.0074542019299800475,0.8723947222334323,187239.47222334324,1385.3938298554276,187239.47222334324,1.8723947222334325
2022-09-14,-0.0036690976717561625,0.865524723117477,186552.4723117477,-686.9999115955434,186552.4723117477,1.865524723117477
2022-09-15,-0.007017960667916406,0.8524325439856129,185243.2543985613,-1309.2179131864104,185243.2543985613,1.8524325439856129
2022-09-16,-0.01938485314854463,0.8165234111528668,181652.34111528666,-3590.9132832746254,181652.34111528666,1.8165234111528665
2022-09-19,0.005213688592486793,0.8259941985395796,182599.41985395795,947.0787386712909,182599.41985395795,1.8259941985395796
2022-09-20,0.01100880988523032,0.8460962215228354,184609.62215228353,2010.2022983255738,184609.62215228353,1.8460962215228354
2022-09-21,-0.005495005437451765,0.8359519127475084,183595.19127475083,-1014.4308775326936,183595.19127475083,1.8359519127475084
2022-09-22,-0.004997577656902521,0.8267766004892139,182677.6600489214,-917.5312258294434,182677.6600489214,1.8267766004892139
2022-09-23,-0.017155677232420515,0.7954370107554825,179543.70107554825,-3133.958973373141,179543.70107554825,1.7954370107554825
2022-09-26,-0.017951321762256493,0.7632065432715469,176320.65432715468,-3223.0467483935645,176320.65432715468,1.763206543271547
2022-09-27,-0.0005230508522044464,0.7622842965864762,176228.42965864763,-92.22466850705678,176228.42965864763,1.7622842965864762
2022-09-28,-0.008749178465394603,0.7468657567688788,174686.57567688788,-1541.8539817597484,174686.57567688788,1.7468657567688788
2022-09-29,-0.002402334769103723,0.7426692004244364,174266.92004244364,-419.65563444423606,174266.92004244364,1.7426692004244364
2022-09-30,0.016425755966269134,0.7712938594405414,177129.38594405414,2862.4659016104997,177129.38594405414,1.7712938594405414
2022-10-03,-0.012109264448790473,0.7498447936800572,174984.4793680057,-2144.9065760484373,174984.4793680057,1.749844793680057
2022-10-04,0.02291367093271903,0.7899401614657737,178994.01614657737,4009.536778571666,178994.01614657737,1.7899401614657737
2022-10-06,0.0033286441360574244,0.7958982352881303,179589.82352881302,595.8073822356528,179589.82352881302,1.7958982352881303
2022-10-07,-0.0009895331040011576,0.7941211345328953,179412.11345328952,-177.71007552350056,179412.11345328952,1.7941211345328951
2022-10-10,-0.004253645841147213,0.7864895786304753,178648.95786304754,-763.1555902419786,178648.95786304754,1.7864895786304755
2022-10-11,-0.014932383199930399,0.759813031659683,175981.3031659683,-2667.6546970792406,175981.3031659683,1.759813031659683
2022-10-12,0.008246145339619747,0.7743247056893054,177432.47056893056,1451.1674029622518,177432.47056893056,1.7743247056893054
2022-10-13,-0.006380083772817645,0.7630043654268277,176300.43654268276,-1132.0340262477985,176300.43654268276,1.7630043654268275
2022-10-14,0.010070888003887344,0.7807593849414058,178075.93849414057,1775.5019514578162,178075.93849414057,1.7807593849414058
2022-10-17,0.007337586960815668,0.793825861784702,179382.5861784702,1306.647684329626,179382.5861784702,1.793825861784702
2022-10-18,0.010117285874136163,0.8119745108367964,181197.45108367963,1814.864905209426,181197.45108367963,1.8119745108367962
2022-10-19,0.0014468379208691124,0.8145961442707235,181459.61442707235,262.16334339272,181459.61442707235,1.8145961442707235
2022-10-20,0.0029521745492441004,0.8199531488249958,181995.31488249957,535.700455427228,181995.31488249957,1.8199531488249958
2022-10-21,0.0007032337856462467,0.8212330013675428,182123.3001367543,127.98525425471598,182123.3001367543,1.8212330013675428
2022-10-24,0.008787356376761766,0.837236824795679,183723.68247956788,1600.3823428135947,183723.68247956788,1.8372368247956787
2022-10-25,-0.0041961220267050185,0.8295275548868801,182952.755488688,-770.9269908798742,182952.755488688,1.8295275548868801
2022-10-27,0.004564907874966635,0.8378791796296516,183787.91796296518,835.1624742771673,183787.91796296518,1.8378791796296519
2022-10-28,0.002810605244745311,0.8430447324911272,184304.47324911272,516.5552861475444,184304.47324911272,1.8430447324911272
2022-10-31,0.012672230395564126,0.8664002199705858,186640.0219970586,2335.548747945868,186640.0219970586,1.8664002199705858
2022-11-01,0.007395053222392896,0.8802023489315542,188020.23489315543,1380.2128960968403,188020.23489315543,1.8802023489315542
2022-11-02,-0.0034471976315450983,0.8737209198474918,187372.0919847492,-648.1429084062402,187372.0919847492,1.873720919847492
2022-11-03,-0.0016673473084335456,0.8705967763150284,187059.67763150285,-312.41435324633494,187059.67763150285,1.8705967763150286
2022-11-04,0.0035701681556882833,0.8772751213579615,187727.51213579616,667.834504293307,187727.51213579616,1.8772751213579617
2022-11-07,0.0047275862251119315,0.8861501013624387,188615.01013624386,887.4980004476965,188615.01013624386,1.8861501013624387
2022-11-09,-0.0025161392359563488,0.8814042850874975,188140.42850874976,-474.5816274941026,188140.42850874976,1.8814042850874975
2022-11-10,-0.007093725904609792,0.8680581187733285,186805.81187733286,-1334.616631416895,186805.81187733286,1.8680581187733285
2022-11-11,0.01783317324703335,0.9013715228409405,190137.15228409405,3331.3404067611846,190137.15228409405,1.9013715228409405
2022-11-14,-0.0011198455015547556,0.8992422804943028,189924.22804943027,-212.9242346637766,189924.22804943027,1.8992422804943028
2022-11-15,0.004050924260950874,0.9069359671257806,190693.59671257806,769.3686631477904,190693.59671257806,1.9069359671257806
2022-11-16,0.0003396111515991281,0.9075835838456021,190758.3583845602,64.76167198215262,190758.3583845602,1.9075835838456021
2022-11-17,-0.0035714963948192506,0.9007706559530813,190077.06559530812,-681.2927892520966,190077.06559530812,1.9007706559530813
2022-11-18,-0.0019761337135545203,0.8970144789781171,189701.4478978117,-375.6176974964037,189701.4478978117,1.8970144789781171
2022-11-21,-0.008067729540576926,0.8817098792271634,188170.98792271633,-1530.4599750953785,188170.98792271633,1.8817098792271634
2022-11-22,0.004639330153688567,0.8904397526103558,189043.97526103558,872.9873383192462,189043.97526103558,1.8904397526103558
2022-11-23,0.0012634580983039343,0.8928282440251472,189282.82440251473,238.8491414791497,189282.82440251473,1.8928282440251474
2022-11-24,0.011870949889830161,0.915297913260025,191529.7913260025,2246.96692348778,191529.7913260025,1.9152979132600252
2022-11-25,0.001550001960088374,0.9182666287797314,191826.66287797314,296.8715519706311,191826.66287797314,1.9182666287797314
2022-11-28,0.0027008413120687092,0.9234475625383023,192344.75625383022,518.0933758570754,192344.75625383022,1.923447562538302
2022-11-29,0.0029791265437502526,0.9291777562273718,192917.7756227372,573.0193689069711,192917.7756227372,1.929177756227372
2022-11-30,0.007535634625419174,0.9437153349257872,194371.53349257872,1453.757869841531,194371.53349257872,1.9437153349257872
2022-12-01,0.0028867353340049093,0.9493263266623648,194932.6326662365,561.0991736577707,194932.6326662365,1.9493263266623648
2022-12-02,-0.006187396179401994,0.9372650723963665,193726.50723963664,-1206.1254265998432,193726.50723963664,1.9372650723963665
2022-12-05,0.0002648237856262424,0.9377781062666,193777.81062666,51.30338702336303,193777.81062666,1.9377781062666002
2022-12-06,-0.003117513659096278,0.931737056552016,193173.7056552016,-604.1049714584078,193173.7056552016,1.931737056552016
2022-12-07,-0.004411902750398948,0.9232144205191666,192321.44205191665,-852.263603284955,192321.44205191665,1.9232144205191664
2022-12-08,0.0026319123609277765,0.9282761523252454,192827.61523252455,506.1731806079042,192827.61523252455,1.9282761523252454
2022-12-09,-0.006058782405979353,0.9165931466996677,191659.31466996679,-1168.3005625577644,191659.31466996679,1.916593146699668
2022-12-12,2.9777432697458433e-05,0.9166502179231018,191665.02179231017,5.707122343388619,191665.02179231017,1.9166502179231018
2022-12-13,0.0059927938646799584,0.9281363075898088,192813.63075898087,1148.6089666706976,192813.63075898087,1.9281363075898088
2022-12-14,0.002810661073194325,0.9335556452533642,193355.56452533643,541.9337663555634,193355.56452533643,1.9335556452533644
2022-12-15,-0.013150934355333651,0.9081275818902523,190812.75818902525,-2542.806336311187,190812.75818902525,1.9081275818902526
2022-12-16,-0.0079229530179418,0.893009576706697,189300.9576706697,-1511.800518355536,189300.9576706697,1.893009576706697
2022-12-19,0.008289956688926597,0.9087025441093186,190870.25441093187,1569.296740262158,190870.25441093187,1.9087025441093186
2022-12-20,-0.0019081205394395452,0.905060509581223,190506.0509581223,-364.20345280956826,190506.0509581223,1.905060509581223
2022-12-21,-0.01012771964355866,0.8857665908361694,188576.65908361695,-1929.3918745053525,188576.65908361695,1.8857665908361696
2022-12-22,-0.00394250273585178,0.87833195089262,187833.195089262,-743.463994354941,187833.195089262,1.8783319508926202
2022-12-23,-0.01768316025411792,0.8451171059945559,184511.7105994556,-3321.484489806404,184511.7105994556,1.8451171059945561
2022-12-26,0.011669632893506936,0.8666489452670423,186664.8945267042,2153.1839272486104,186664.8945267042,1.866648945267042
2022-12-27,0.006533654614990554,0.8788449847628534,187884.49847628534,1219.6039495811274,187884.49847628534,1.8788449847628534
2022-12-28,-0.0005405150382313676,0.8778294407940834,187782.94407940833,-101.5543968770071,187782.94407940833,1.8778294407940834
2022-12-29,0.0037798317009242652,0.8849273200433259,188492.7320043326,709.7879249242542,188492.7320043326,1.8849273200433259
2022-12-30,-0.00471107793689187,0.8760472805332251,187604.7280533225,-888.0039510100905,187604.7280533225,1.876047280533225
2023-01-02,0.0050895833553579895,0.8855955795460915,188559.55795460916,954.8299012866628,188559.55795460916,1.8855955795460917
2023-01-03,0.001928927624858137,0.8892327569487883,188923.27569487883,363.71774026966887,188923.27569487883,1.8892327569487883
2023-01-04,-0.010399069487028801,0.8695864942321068,186958.64942321068,-1964.6262716681522,186958.64942321068,1.8695864942321068
2023-01-05,-0.0028154392892826255,0.8643227869615335,186432.27869615334,-526.3707270573359,186432.27869615334,1.8643227869615335
2023-01-06,-0.007375503705446201,0.850572467338151,185057.2467338151,-1375.031962338253,185057.2467338151,1.850572467338151
2023-01-09,0.013536251708490276,0.8756222820608421,187562.22820608423,2504.981472269137,187562.22820608423,1.8756222820608424
2023-01-10,-0.010333504750958532,0.8562405302981628,185624.05302981628,-1938.1751762679487,185624.05302981628,1.8562405302981628
2023-01-11,-0.0010299775022909285,0.8543286443131151,185432.8644313115,-191.18859850478475,185432.8644313115,1.8543286443131148
2023-01-12,-0.002095475540889167,0.8504429439941867,185044.29439941866,-388.5700318928284,185044.29439941866,1.8504429439941867
2023-01-13,0.005510095918388328,0.8606390621070994,186063.90621070995,1019.6118112912809,186063.90621070995,1.8606390621070994
2023-01-16,-0.003438847072569397,0.8542406089152641,185424.0608915264,-639.8453191835433,185424.0608915264,1.854240608915264
2023-01-17,0.008854568511824118,0.870659109424311,187065.9109424311,1641.8500509047008,187065.9109424311,1.870659109424311
2023-01-18,0.006206556323560117,0.8822694605491337,188226.94605491337,1161.0351124822628,188226.94605491337,1.8822694605491337
2023-01-19,-0.0031653670992560848,0.8763113867267769,187631.13867267768,-595.8073822356819,187631.13867267768,1.8763113867267769
2023-01-20,-0.004428975305189102,0.8680012499301188,186800.12499301188,-831.0136796658044,186800.12499301188,1.8680012499301188
2023-01-23,0.005042276095628709,0.8774202279792462,187742.0227979246,941.8978049127327,187742.0227979246,1.877420227979246
2023-01-24,-1.3798013043003017e-05,0.8773943233104533,187739.43233104533,-2.59046687927912,187739.43233104533,1.8773943233104533
2023-01-25,-0.012492979625012262,0.8539400742812222,185394.00742812222,-2345.424902923114,185394.00742812222,1.8539400742812222
2023-01-27,-0.016074246906178778,0.8241393837779665,182413.93837779664,-2980.0690503255755,182413.93837779664,1.8241393837779665
2023-01-30,0.0025334426073456854,0.828760736214567,182876.07362145672,462.13524366007186,182876.07362145672,1.8287607362145673
2023-01-31,0.000747986280167618,0.8301286241549648,183012.8624154965,136.7887940397777,183012.8624154965,1.830128624154965
2023-02-01,-0.002595924525664598,0.8253777483744,182537.77483744,-475.08757805649657,182537.77483744,1.8253777483744
2023-02-02,-0.006331214697502513,0.813820889945398,181382.0889945398,-1155.6858429001877,181382.0889945398,1.813820889945398
2023-02-03,0.0,0.813820889945398,181382.0889945398,0.0,181382.0889945398,1.813820889945398
2023-02-06,0.0,0.813820889945398,181382.0889945398,0.0,181382.0889945398,1.813820889945398
2023-02-07,0.0,0.813820889945398,181382.0889945398,0.0,181382.0889945398,1.813820889945398
2023-02-08,0.0,0.813820889945398,181382.0889945398,0.0,181382.0889945398,1.813820889945398
2023-02-09,0.0,0.813820889945398,181382.0889945398,0.0,181382.0889945398,1.813820889945398
2023-02-10,0.0,0.813820889945398,181382.0889945398,0.0,181382.0889945398,1.813820889945398
2023-02-13,0.0,0.813820889945398,181382.0889945398,0.0,181382.0889945398,1.813820889945398
2023-02-14,0.0,0.813820889945398,181382.0889945398,0.0,181382.0889945398,1.813820889945398
2023-02-15,0.0,0.813820889945398,181382.0889945398,0.0,181382.0889945398,1.813820889945398
2023-02-16,0.0,0.813820889945398,181382.0889945398,0.0,181382.0889945398,1.813820889945398
2023-02-17,0.0,0.813820889945398,181382.0889945398,0.0,181382.0889945398,1.813820889945398
2023-02-20,0.0,0.813820889945398,181382.0889945398,0.0,181382.0889945398,1.813820889945398
2023-02-21,0.0,0.813820889945398,181382.0889945398,0.0,181382.0889945398,1.813820889945398
2023-02-22,0.0,0.813820889945398,181382.0889945398,0.0,181382.0889945398,1.813820889945398
2023-02-23,0.0,0.813820889945398,181382.0889945398,0.0,181382.0889945398,1.813820889945398
2023-02-24,0.0,0.813820889945398,181382.0889945398,0.0,181382.0889945398,1.813820889945398
2023-02-27,0.0,0.813820889945398,181382.0889945398,0.0,181382.0889945398,1.813820889945398
2023-02-28,0.0,0.813820889945398,181382.0889945398,0.0,181382.0889945398,1.813820889945398
2023-03-01,0.0,0.813820889945398,181382.0889945398,0.0,181382.0889945398,1.813820889945398
2023-03-02,0.0,0.813820889945398,181382.0889945398,0.0,181382.0889945398,1.813820889945398
2023-03-03,0.0,0.813820889945398,181382.0889945398,0.0,181382.0889945398,1.813820889945398
2023-03-06,0.0,0.813820889945398,181382.0889945398,0.0,181382.0889945398,1.813820889945398
2023-03-08,0.0,0.813820889945398,181382.0889945398,0.0,181382.0889945398,1.813820889945398
2023-03-09,0.0,0.813820889945398,181382.0889945398,0.0,181382.0889945398,1.813820889945398
2023-03-10,0.0,0.813820889945398,181382.0889945398,0.0,181382.0889945398,1.813820889945398
2023-03-13,0.0,0.813820889945398,181382.0889945398,0.0,181382.0889945398,1.813820889945398
2023-03-14,0.0,0.813820889945398,181382.0889945398,0.0,181382.0889945398,1.813820889945398
2023-03-15,0.0,0.813820889945398,181382.0889945398,0.0,181382.0889945398,1.813820889945398
2023-03-16,0.0,0.813820889945398,181382.0889945398,0.0,181382.0889945398,1.813820889945398
2023-03-17,0.0,0.813820889945398,181382.0889945398,0.0,181382.0889945398,1.813820889945398
2023-03-20,0.0,0.813820889945398,181382.0889945398,0.0,181382.0889945398,1.813820889945398
2023-03-21,0.0,0.813820889945398,181382.0889945398,0.0,181382.0889945398,1.813820889945398
2023-03-22,0.0,0.813820889945398,181382.0889945398,0.0,181382.0889945398,1.813820889945398
2023-03-23,0.0,0.813820889945398,181382.0889945398,0.0,181382.0889945398,1.813820889945398
2023-03-24,0.0,0.813820889945398,181382.0889945398,0.0,181382.0889945398,1.813820889945398
2023-03-27,0.0,0.813820889945398,181382.0889945398,0.0,181382.0889945398,1.813820889945398
2023-03-28,0.0,0.813820889945398,181382.0889945398,0.0,181382.0889945398,1.813820889945398
2023-03-29,0.0,0.813820889945398,181382.0889945398,0.0,181382.0889945398,1.813820889945398
2023-03-31,0.0,0.813820889945398,181382.0889945398,0.0,181382.0889945398,1.813820889945398
2023-04-03,0.0,0.813820889945398,181382.0889945398,0.0,181382.0889945398,1.813820889945398
2023-04-05,0.0,0.813820889945398,181382.0889945398,0.0,181382.0889945398,1.813820889945398
2023-04-06,0.0,0.813820889945398,181382.0889945398,0.0,181382.0889945398,1.813820889945398
2023-04-10,0.0,0.813820889945398,181382.0889945398,0.0,181382.0889945398,1.813820889945398
2023-04-11,0.0,0.813820889945398,181382.0889945398,0.0,181382.0889945398,1.813820889945398
2023-04-12,0.0,0.813820889945398,181382.0889945398,0.0,181382.0889945398,1.813820889945398
2023-04-13,0.0,0.813820889945398,181382.0889945398,0.0,181382.0889945398,1.813820889945398
2023-04-17,0.0,0.813820889945398,181382.0889945398,0.0,181382.0889945398,1.813820889945398
2023-04-18,0.0,0.813820889945398,181382.0889945398,0.0,181382.0889945398,1.813820889945398
2023-04-19,0.0,0.813820889945398,181382.0889945398,0.0,181382.0889945398,1.813820889945398
2023-04-20,0.0,0.813820889945398,181382.0889945398,0.0,181382.0889945398,1.813820889945398
2023-04-21,0.0,0.813820889945398,181382.0889945398,0.0,181382.0889945398,1.813820889945398
2023-04-24,0.0,0.813820889945398,181382.0889945398,0.0,181382.0889945398,1.813820889945398
2023-04-25,0.0,0.813820889945398,181382.0889945398,0.0,181382.0889945398,1.813820889945398
2023-04-26,0.0,0.813820889945398,181382.0889945398,0.0,181382.0889945398,1.813820889945398
2023-04-27,0.0,0.813820889945398,181382.0889945398,0.0,181382.0889945398,1.813820889945398
2023-04-28,0.0,0.813820889945398,181382.0889945398,0.0,181382.0889945398,1.813820889945398
2023-05-02,0.0,0.813820889945398,181382.0889945398,0.0,181382.0889945398,1.813820889945398
2023-05-03,0.0,0.813820889945398,181382.0889945398,0.0,181382.0889945398,1.813820889945398
2023-05-04,0.0,0.813820889945398,181382.0889945398,0.0,181382.0889945398,1.813820889945398
2023-05-05,0.0,0.813820889945398,181382.0889945398,0.0,181382.0889945398,1.813820889945398
2023-05-08,0.0072357628527701815,0.8269452677624434,182694.52677624434,1312.4377817045315,182694.52677624434,1.8269452677624434
2023-05-09,8.480038171934752e-05,0.82710019341853,182710.019341853,15.492565608670702,182710.019341853,1.82710019341853
2023-05-10,0.0026908205008337105,0.832016592076058,183201.65920760582,491.6398657528043,183201.65920760582,1.832016592076058
2023-05-11,-0.0009882342854272714,0.8302061304682968,183020.61304682968,-181.046160776139,183020.61304682968,1.8302061304682968
2023-05-12,0.000972879775373012,0.8319867009973931,183198.6700997393,178.05705290962942,183198.6700997393,1.8319867009973931
2023-05-15,0.004589120522186952,0.8403939087633137,184039.39087633137,840.7207765920612,184039.39087633137,1.8403939087633137
2023-05-16,-0.006106338807060691,0.8291558400179542,182915.58400179542,-1123.8068745359487,182915.58400179542,1.8291558400179542
2023-05-17,-0.00572826948842042,0.8186779424300132,181867.79424300132,-1047.789758794097,181867.79424300132,1.8186779424300132
2023-05-18,-0.0028490536527011976,0.8134964313950459,181349.6431395046,-518.1511034967261,181349.6431395046,1.813496431395046
2023-05-19,0.004051372179191587,0.8208435803842629,182084.3580384263,734.7148989216948,182084.3580384263,1.8208435803842629
2023-05-22,0.006097761825706285,0.8319466508593125,183194.66508593125,1110.3070475049608,183194.66508593125,1.8319466508593125
2023-05-23,0.0018346005688616145,0.8353075412271032,183530.75412271032,336.08903677907074,183530.75412271032,1.8353075412271032
2023-05-24,-0.0034117947119577064,0.8290458486631285,182904.58486631286,-626.1692563974648,182904.58486631286,1.8290458486631285
2023-05-25,0.001955111686716424,0.83262183757739,183262.183757739,357.59889142613974,183262.183757739,1.83262183757739
2023-05-26,0.009726420827874716,0.8504466887880207,185044.66887880207,1782.4851210630732,185044.66887880207,1.8504466887880207
2023-05-29,0.005367798508963628,0.8603795137650134,186037.95137650135,993.2824976992852,186037.95137650135,1.8603795137650136
2023-05-30,0.001892568439683281,0.8639004093185985,186390.04093185984,352.0895553584851,186390.04093185984,1.8639004093185985
2023-05-31,-0.00533701950132545,0.8539527364855366,185395.27364855367,-994.7672833061661,185395.27364855367,1.8539527364855368
2023-06-01,-0.002516962493623291,0.8492864069828523,184928.64069828522,-466.632950268453,184928.64069828522,1.8492864069828523
2023-06-02,0.002507044360454896,0.8539226500403445,185392.26500403445,463.62430574922473,185392.26500403445,1.8539226500403445
2023-06-05,0.003223787573137731,0.8598993028411033,185989.93028411033,597.6652800758893,185989.93028411033,1.8598993028411033
2023-06-06,0.0002769943144212148,0.8604144843733861,186041.4484373386,51.51815322827315,186041.4484373386,1.860414484373386
2023-06-07,0.006849851638528953,0.873158047577514,187315.8047577514,1274.3563204128004,187315.8047577514,1.873158047577514
2023-06-08,-0.004904819263662796,0.8639705459018707,186397.05459018706,-918.7501675643434,186397.05459018706,1.8639705459018707
2023-06-09,-0.0038181972541345725,0.8568535386817204,185685.35386817204,-711.7007220150263,185685.35386817204,1.8568535386817204
2023-06-12,0.002052404655035146,0.8606645535282293,186066.45535282293,381.1014846508915,186066.45535282293,1.8606645535282293
2023-06-13,0.006163502439319409,0.8721327640426557,187213.27640426558,1146.8210514426464,187213.27640426558,1.8721327640426557
2023-06-14,0.0021238341844010264,0.8761088636046666,187610.88636046665,397.6099562010786,187610.88636046665,1.8761088636046666
2023-06-15,-0.0036149041015322157,0.8693269099787011,186932.69099787012,-678.1953625965398,186932.69099787012,1.869326909978701
2023-06-16,0.007379048352022986,0.8831207636331719,188312.0763633172,1379.3853654470877,188312.0763633172,1.883120763633172
2023-06-19,-0.0037475183921172844,0.8760637339368786,187606.37339368786,-705.7029696293466,187606.37339368786,1.8760637339368786
2023-06-20,0.0032657175674986124,0.8821904282305433,188219.04282305433,612.6694293664768,188219.04282305433,1.8821904282305433
2023-06-21,0.002133763746671995,0.8862065779306347,188620.65779306347,401.6149700091337,188620.65779306347,1.8862065779306347
2023-06-22,-0.0045394438174042985,0.8776442491421002,187764.42491421002,-856.2328788534505,187764.42491421002,1.8776442491421002
2023-06-23,-0.005633615236065792,0.867066323892222,186706.6323892222,-1057.7925249878026,186706.6323892222,1.867066323892222
2023-06-26,0.0013768299134767352,0.8696369566574018,186963.69566574018,257.06327651796164,186963.69566574018,1.8696369566574018
2023-06-27,0.006751903417112039,0.8822605648138158,188226.0564813816,1262.360815641412,188226.0564813816,1.8822605648138158
2023-06-28,0.008221072812324946,0.8977347659689179,189773.4765968918,1547.4201155102055,189773.4765968918,1.8977347659689179
2023-06-30,0.01143527476356883,0.9194358844461494,191943.58844461496,2170.111847723165,191943.58844461496,1.9194358844461497
2023-07-03,0.006957092433693775,0.9327895773147898,193278.957731479,1335.3692868640355,193278.957731479,1.9327895773147898
2023-07-04,0.0034389465191355714,0.9394363373039181,193943.6337303918,664.6759989128041,193943.6337303918,1.939436337303918
2023-07-05,0.0004899685388622415,0.9403866000923231,194038.66000923232,95.02627884052345,194038.66000923232,1.940386600092323
2023-07-06,0.005093217581256282,0.9502694112383476,195026.94112383475,988.2811146024324,195026.94112383475,1.9502694112383476
2023-07-07,-0.008488354457718407,0.9337148331877108,193371.4833187711,-1655.4578050636628,193371.4833187711,1.933714833187711
2023-07-10,0.001246630339702979,0.9361254607670961,193612.5460767096,241.0627579385182,193612.5460767096,1.9361254607670961
2023-07-11,0.004313930032438227,0.9444777705388676,194447.77705388676,835.2309771771543,194447.77705388676,1.9444777705388676
2023-07-12,-0.002834429471475508,0.9389662854394232,193896.62854394232,-551.1485099444399,193896.62854394232,1.9389662854394232
2023-07-13,0.0015192303855749891,0.941912021936868,194191.2021936868,294.5736497444741,194191.2021936868,1.941912021936868
2023-07-14,0.007765114931427467,0.9569911919739285,195699.11919739284,1507.9170037060394,195699.11919739284,1.9569911919739285
2023-07-17,0.007511013251041427,0.971690178749016,197169.0178749016,1469.8986775087542,197169.0178749016,1.971690178749016
2023-07-18,0.001917706853032551,0.9754713025168598,197547.13025168597,378.1123767843819,197547.13025168597,1.9754713025168598
2023-07-19,0.004248282371482461,0.9838636624267116,198386.36624267115,839.2359909851803,198386.36624267115,1.9838636624267114
2023-07-20,0.007361412439498933,0.9984677010695695,199846.77010695694,1460.4038642857922,199846.77010695694,1.9984677010695695
2023-07-21,-0.011719737128305142,0.9750461849536258,197504.61849536258,-2342.151611594367,197504.61849536258,1.9750461849536258
2023-07-24,-0.0036794322929855658,0.9677791362405694,196777.91362405694,-726.7048713056429,196777.91362405694,1.9677791362405694
2023-07-25,0.0004193703428322768,0.968604364451553,196860.4364451553,82.52282109836233,196860.4364451553,1.968604364451553
2023-07-26,0.004964339187534679,0.9783771842427516,197837.71842427517,977.2819791198708,197837.71842427517,1.9783771842427518
2023-07-27,-0.005986378300872267,0.96653386999606,196653.38699960598,-1184.331424669188,196653.38699960598,1.9665338699960597
2023-07-28,-0.0007044597937843221,0.9651485259515327,196514.85259515326,-138.53440445271553,196514.85259515326,1.9651485259515327
2023-07-31,0.005484562836559272,0.9759265065252856,197592.65065252857,1077.7980573753011,197592.65065252857,1.9759265065252856
2023-08-01,-0.0010251191770254656,0.9739009463710537,197390.0946371054,-202.5560154231789,197390.0946371054,1.973900946371054
2023-08-02,-0.010489749274959822,0.9531952203500154,195319.52203500154,-2070.5726021038427,195319.52203500154,1.9531952203500154
2023-08-03,-0.007420685416911309,0.9387011730619832,193870.1173061983,-1449.4047288032307,193870.1173061983,1.9387011730619832
2023-08-04,0.006983389270114442,0.9522398780319028,195223.98780319028,1353.8704969919636,195223.98780319028,1.9522398780319028
2023-08-07,0.004114401867602603,0.9602721774320857,196027.21774320857,803.2299400182965,196027.21774320857,1.9602721774320857
2023-08-08,-0.001349735464605796,0.9576263285539255,195762.63285539256,-264.5848878160177,195762.63285539256,1.9576263285539255
2023-08-09,0.0031527078847636415,0.9637981525153785,196379.81525153786,617.1823961453047,196379.81525153786,1.9637981525153787
2023-08-10,-0.004556268458015656,0.9548505609351632,195485.05609351632,-894.7591580215376,195485.05609351632,1.9548505609351632
2023-08-11,-0.005874136161590763,0.943367502564668,194336.7502564668,-1148.3058370495273,194336.7502564668,1.943367502564668
2023-08-14,0.0003216956578123288,0.9439926754517765,194399.26754517766,62.517288710863795,194399.26754517766,1.9439926754517767
2023-08-16,0.001566757013976196,0.9470384396111586,194703.84396111587,304.5764159382088,194703.84396111587,1.9470384396111586
2023-08-17,-0.005124582584125353,0.9370606803329047,193706.06803329047,-997.7759278253943,193706.06803329047,1.9370606803329047
2023-08-18,-0.002845282626095713,0.9315491952334602,193154.91952334603,-551.1485099444399,193154.91952334603,1.9315491952334602
2023-08-21,0.0043215209131936255,0.9398964254755242,193989.64254755242,834.7230242063815,193989.64254755242,1.9398964254755242
2023-08-22,0.00014693555773021523,0.9401814652387401,194018.14652387402,28.50397632160457,194018.14652387402,1.9401814652387401
2023-08-23,0.0024515199000461384,0.9449378587104735,194493.78587104735,475.63934717333177,194493.78587104735,1.9449378587104735
2023-08-24,-0.0029469646806212714,0.9392061955348505,193920.61955348504,-573.1663175623107,193920.61955348504,1.9392061955348505
2023-08-25,-0.006236153774081981,0.9271130074998428,192711.30074998428,-1209.3188035007624,192711.30074998428,1.9271130074998428
2023-08-28,0.002089194238900902,0.9311391208928226,193113.91208928227,402.6113392979896,193113.91208928227,1.9311391208928226
2023-08-29,0.0018957584743610782,0.9348000942464254,193480.00942464254,366.0973353602749,193480.00942464254,1.9348000942464254
2023-08-30,0.000248095686376356,0.9352801098038086,193528.01098038087,48.00155573833035,193528.01098038087,1.9352801098038088
2023-08-31,-0.004840350603388246,0.9259126755565945,192591.26755565946,-936.7434247214114,192591.26755565946,1.9259126755565947
2023-09-01,0.00942671018891765,0.9440676961982295,194406.76961982294,1815.5020641634765,194406.76961982294,1.9440676961982293
2023-09-04,0.00481083370164269,0.9534202825893747,195342.02825893747,935.2586391145305,195342.02825893747,1.9534202825893747
2023-09-05,0.0023605960187407502,0.9580315187313826,195803.15187313827,461.12361420079833,195803.15187313827,1.9580315187313826
2023-09-06,0.0018467726478094107,0.9616475577837242,196164.75577837243,361.6039052341657,196164.75577837243,1.9616475577837242
2023-09-07,0.005915032360780324,0.9732507665684609,197325.0766568461,1160.3208784736635,197325.0766568461,1.9732507665684609
2023-09-08,0.004709190366575085,0.9825431800692219,198254.3180069222,929.2413500761031,198254.3180069222,1.982543180069222
2023-09-11,0.00890014342005086,1.0001880987082816,200018.80987082818,1764.491863905976,200018.80987082818,2.0001880987082816
2023-09-12,-0.0001575482868894723,0.9998729724998734,199987.29724998734,-31.512620840832824,199987.29724998734,1.9998729724998734
2023-09-13,0.0038413452699443307,1.0075551750832754,200755.51750832755,768.2202583402104,200755.51750832755,2.0075551750832754
2023-09-14,0.001649208239910314,1.0108660516200971,201086.6051620097,331.0876536821597,201086.6051620097,2.010866051620097
2023-09-15,0.004439613877174375,1.0197935204480082,201979.35204480082,892.746882791107,201979.35204480082,2.019793520448008
2023-09-18,-0.0029243168460982138,1.0138870042305221,201388.7004230522,-590.651621748606,201388.7004230522,2.013887004230522
2023-09-20,-0.011518249945432057,0.9906905503539376,199069.05503539377,-2319.645387658442,199069.05503539377,1.9906905503539378
2023-09-21,-0.007991939166498275,0.9747810725761858,197478.1072576186,-1590.9477777751745,197478.1072576186,1.974781072576186
2023-09-22,-0.0034494176591149876,0.9679692278715555,196796.92278715555,-681.1844704630494,196796.92278715555,1.9679692278715555
2023-09-25,1.5288066889462116e-05,0.9679993143167478,196799.93143167478,3.0086445192282554,196799.93143167478,1.9679993143167478
2023-09-26,-0.0005007261720754822,0.9670138855534427,196701.38855534428,-98.54287633049535,196701.38855534428,1.967013885553443
2023-09-27,0.002631619198663214,0.9721903170587023,197219.03170587023,517.6431505259534,197219.03170587023,1.9721903170587023
2023-09-28,-0.009783629666773718,0.952895137364203,195289.51373642028,-1929.517969449953,195289.51373642028,1.9528951373642027
2023-09-29,0.005877516917168748,0.9643733115715176,196437.33115715176,1147.8174207314732,196437.33115715176,1.9643733115715176
2023-10-03,-0.005578424654468856,0.9534152030596663,195341.52030596664,-1095.810851185117,195341.52030596664,1.9534152030596663
2023-10-04,-0.00474430727133073,0.9441476011078624,194414.76011078624,-926.7601951803954,194414.76011078624,1.9441476011078624
2023-10-05,0.00564158410528572,0.9551156733126018,195511.5673312602,1096.8072204739437,195511.5673312602,1.9551156733126018
2023-10-06,0.005512707366051443,0.965893653886355,196589.3653886355,1077.7980573753011,196589.3653886355,1.965893653886355
2023-10-09,-0.007181946758847025,0.951774710330588,195177.4710330588,-1411.8943555766891,195177.4710330588,1.951774710330588
2023-10-10,0.009096802976240107,0.9695296203244737,196952.96203244737,1775.4909993885667,196952.96203244737,1.9695296203244737
2023-10-11,0.006170692128707259,0.9816829812498657,198168.29812498658,1215.336092539219,198168.29812498658,1.9816829812498657
2023-10-12,-0.000875740912006819,0.9799475403885576,197994.75403885575,-173.5440861308307,197994.75403885575,1.9799475403885576
2023-10-13,-0.0021698099802970596,0.975651430454958,197565.1430454958,-429.6109933599655,197565.1430454958,1.975651430454958
2023-10-16,-0.0009772027556287056,0.9737208184329555,197372.08184329554,-193.06120220024604,197372.08184329554,1.9737208184329553
2023-10-17,0.004041709427699013,0.9816980244724618,198169.80244724618,797.7206039506418,198169.80244724618,1.9816980244724618
2023-10-18,-0.0070868127413371024,0.9676541016631477,196765.41016631477,-1404.39228093141,196765.41016631477,1.9676541016631477
2023-10-19,-0.0023588102112444267,0.9630127790759477,196301.27790759478,-464.1322587199975,196301.27790759478,1.9630127790759477
2023-10-20,-0.004180896084593653,0.954805626633902,195480.5626633902,-820.7152442045626,195480.5626633902,1.9548056266339022
2023-10-23,-0.013350307425555702,0.9287083705611334,192870.83705611335,-2609.725607276865,192870.83705611335,1.9287083705611334
2023-10-25,-0.008277236732921026,0.9127439947892326,191274.39947892327,-1596.4375771900814,191274.39947892327,1.9127439947892326
2023-10-26,-0.01385306491234754,0.8862466280687145,188624.66280687143,-2649.736672051833,188624.66280687143,1.8862466280687142
2023-10-27,0.01007570032746026,0.9052518838368173,190525.18838368173,1900.5255768102943,190525.18838368173,1.9052518838368173
2023-10-30,0.004916740769664912,0.9146195134505586,191461.95134505586,936.7629613741301,191461.95134505586,1.9146195134505586
2023-10-31,-0.003202606982899532,0.9084877396271862,190848.7739627186,-613.1773823372496,190848.7739627186,1.908487739627186
2023-11-01,-0.004740624572936879,0.8994403157515607,189944.03157515606,-904.7423875625536,189944.03157515606,1.8994403157515605
2023-11-02,0.007588523257267076,0.9138542627634321,191385.4262763432,1441.3947011871496,191385.4262763432,1.913854262763432
2023-11-03,0.004931557628735317,0.9232925453532506,192329.25453532505,943.8282589818409,192329.25453532505,1.9232925453532506
2023-11-06,0.0,0.9232925453532506,192329.25453532505,0.0,192329.25453532505,1.9232925453532506
2023-11-07,0.0,0.9232925453532506,192329.25453532505,0.0,192329.25453532505,1.9232925453532506
2023-11-08,0.0,0.9232925453532506,192329.25453532505,0.0,192329.25453532505,1.9232925453532506
2023-11-09,0.0,0.9232925453532506,192329.25453532505,0.0,192329.25453532505,1.9232925453532506
2023-11-10,0.0,0.9232925453532506,192329.25453532505,0.0,192329.25453532505,1.9232925453532506
2023-11-13,0.0,0.9232925453532506,192329.25453532505,0.0,192329.25453532505,1.9232925453532506
2023-11-15,0.0,0.9232925453532506,192329.25453532505,0.0,192329.25453532505,1.9232925453532506
2023-11-16,0.0,0.9232925453532506,192329.25453532505,0.0,192329.25453532505,1.9232925453532506
2023-11-17,0.0,0.9232925453532506,192329.25453532505,0.0,192329.25453532505,1.9232925453532506
2023-11-20,0.0,0.9232925453532506,192329.25453532505,0.0,192329.25453532505,1.9232925453532506
2023-11-21,0.0,0.9232925453532506,192329.25453532505,0.0,192329.25453532505,1.9232925453532506
2023-11-22,0.0,0.9232925453532506,192329.25453532505,0.0,192329.25453532505,1.9232925453532506
2023-11-23,0.0,0.9232925453532506,192329.25453532505,0.0,192329.25453532505,1.9232925453532506
2023-11-24,0.0,0.9232925453532506,192329.25453532505,0.0,192329.25453532505,1.9232925453532506
2023-11-28,0.0,0.9232925453532506,192329.25453532505,0.0,192329.25453532505,1.9232925453532506
2023-11-29,0.0,0.9232925453532506,192329.25453532505,0.0,192329.25453532505,1.9232925453532506
2023-11-30,0.0,0.9232925453532506,192329.25453532505,0.0,192329.25453532505,1.9232925453532506
2023-12-01,0.002954571517302925,0.9289750507271923,192897.50507271924,568.2505373941967,192897.50507271924,1.9289750507271923
2023-12-04,0.020668169003769332,0.9688434330796765,196884.34330796765,3986.838235248404,196884.34330796765,1.9688434330796765
2023-12-05,0.008135565760247562,0.9848610883011277,198486.10883011276,1601.7655221451132,198486.10883011276,1.9848610883011275
2023-12-06,0.00396064324420052,0.9927224149611842,199272.24149611843,786.1326660056657,199272.24149611843,1.9927224149611842
2023-12-07,-0.0017455990623969808,0.9892439205820105,198924.39205820105,-347.84943791737896,198924.39205820105,1.9892439205820105
2023-12-08,0.0032653705047073797,0.9957395390069477,199573.95390069476,649.5618424937129,199573.95390069476,1.9957395390069477
2023-12-11,0.0013209351833628857,0.9983757815808505,199837.57815808506,263.62425739030004,199837.57815808506,1.9983757815808505
2023-12-12,-0.0043196070141755995,0.9897435835377753,198974.35835377753,-863.2198043075332,198974.35835377753,1.9897435835377753
2023-12-13,0.0009542158562573868,0.9916422284150734,199164.22284150735,189.86448772982112,199164.22284150735,1.9916422284150734
2023-12-14,0.012250087289956937,1.0160400195635222,201604.0019563522,2439.7791148448596,201604.0019563522,2.016040019563522
2023-12-15,0.012932779200891942,1.042113019996699,204211.3019996699,2607.300043317693,204211.3019996699,2.042113019996699
2023-12-18,-0.0017710126840955215,1.0384964119359283,203849.64119359283,-361.6608060770668,203849.64119359283,2.0384964119359283
2023-12-19,0.0016083748565725931,1.0417750783100992,204177.50783100992,327.86663741708617,204177.50783100992,2.041775078310099
2023-12-20,-0.01412146609423336,1.0129422207696925,201294.22207696925,-2883.2857540406694,201294.22207696925,2.0129422207696925
2023-12-21,0.004959794076523355,1.0229259996726499,202292.59996726498,998.3778902957274,202292.59996726498,2.02292599967265
2023-12-22,0.004438926556610718,1.0319056196146552,203190.56196146552,897.9619942005374,203190.56196146552,2.031905619614655
2023-12-26,0.004306875934107122,1.0406567850281507,204065.67850281508,875.1165413495619,204065.67850281508,2.0406567850281507
2023-12-27,0.009952749920727609,1.0609669316835721,206096.69316835722,2031.0146655421413,206096.69316835722,2.060966931683572
2023-12-28,0.005723881307796211,1.0727636617798217,207276.36617798219,1179.6730096249667,207276.36617798219,2.0727636617798217
2023-12-29,-0.002171793074045436,1.0682620480150353,206826.20480150354,-450.16137647864525,206826.20480150354,2.0682620480150353
2024-01-01,0.0004831718072126514,1.069261373926564,206926.13739265638,99.93259115284309,206926.13739265638,2.069261373926564
2024-01-02,-0.0035001360510240297,1.0620186775926919,206201.8677592692,-724.2696333871863,206201.8677592692,2.062018677592692
2024-01-03,-0.006851866375669461,1.047890001149692,204789.0001149692,-1412.8676442999858,204789.0001149692,2.047890001149692
2024-01-04,0.006564470186349442,1.0613333140071624,206133.33140071624,1344.33128574703,206133.33140071624,2.0613333140071624
2024-01-05,0.0024101822286056087,1.0663015029278151,206630.1502927815,496.818892065261,206630.1502927815,2.066301502927815
2024-01-08,-0.009110708685643036,1.0474760318779333,204747.6031877933,-1882.547104988189,204747.6031877933,2.0474760318779333
2024-01-09,0.0014804820050667038,1.0505072832989337,205050.72832989338,303.1251421000634,205050.72832989338,2.0505072832989337
2024-01-10,0.0034277152411806657,1.0575358383660491,205753.58383660493,702.8555067115522,205753.58383660493,2.057535838366049
2024-01-11,0.001318303183351652,1.0602482944116272,206024.82944116273,271.2456045578001,206024.82944116273,2.060248294411627
2024-01-12,0.01142649263770591,1.0837897063795676,208378.97063795675,2354.141196794022,208378.97063795675,2.0837897063795676
2024-01-15,0.009267074694848621,1.103100341236944,210310.0341236944,1931.0634857376572,210310.0341236944,2.103100341236944
2024-01-16,-0.0029482333845447023,1.0968999105998618,209689.99105998618,-620.0430637082318,209689.99105998618,2.096899910599862
2024-01-17,-0.02089439351208249,1.0530864587123379,205308.64587123378,-4381.345188752399,205308.64587123378,2.053086458712338
2024-01-18,-0.005085271508735574,1.0426459566388773,204264.59566388774,-1044.0502073460375,204264.59566388774,2.0426459566388773
2024-01-19,0.007461957186455288,1.0578880933144026,205788.80933144025,1524.2136675525107,205788.80933144025,2.0578880933144026
2024-01-23,-0.017740842942734536,1.021379423857188,202137.9423857188,-3650.866945721442,202137.9423857188,2.021379423857188
2024-01-24,0.010129971071150917,1.041855938944681,204185.5938944681,2047.651508749288,204185.5938944681,2.041855938944681
2024-01-25,-0.004724053755400148,1.0322101017283232,203221.01017283232,-964.5837216357759,203221.01017283232,2.032210101728323
2024-01-29,0.01803059145224468,1.0688520518177111,206885.2051817711,3664.195008938783,206885.2051817711,2.068852051817711
2024-01-30,-0.009913698102483177,1.0483420771572876,204834.20771572876,-2050.997466042347,204834.20771572876,2.0483420771572876
2024-01-31,0.009460025419002906,1.0677194452740086,206771.94452740086,1937.7368116721045,206771.94452740086,2.0677194452740086
2024-02-01,-0.001300303374154205,1.0650307827025145,206503.07827025146,-268.866257149406,206503.07827025146,2.0650307827025145
2024-02-02,0.007205988175093306,1.0799113701038725,207991.13701038726,1488.0587401358061,207991.13701038726,2.0799113701038725
2024-02-05,-0.0037568550808077758,1.0720974445054678,207209.74445054677,-781.3925598404894,207209.74445054677,2.072097444505468
2024-02-06,0.007243402101531249,1.0871064794895764,208710.64794895763,1500.9034984108584,208710.64794895763,2.0871064794895764
2024-02-07,5.014315737835186e-05,1.0872111335982426,208721.11335982426,10.4654108666291,208721.11335982426,2.0872111335982426
2024-02-08,-0.009692017110872985,1.066981847577404,206698.1847577404,-2022.928602083848,206698.1847577404,2.066981847577404
2024-02-09,0.0029722318898448593,1.0731253969405041,207312.5396940504,614.3549363100028,207312.5396940504,2.073125396940504
2024-02-12,-0.007641419430735682,1.0572837762499714,205728.37762499714,-1584.1620690532727,205728.37762499714,2.0572837762499714
2024-02-13,0.0058844800115076526,1.0693898215093132,206938.98215093132,1210.6045259341772,206938.98215093132,2.069389821509313
2024-02-14,0.004451992284961999,1.0786027290292513,207860.27290292512,921.2907519938017,207860.27290292512,2.0786027290292513
2024-02-15,0.003237136188835985,1.0853314491456048,208533.1449145605,672.8720116353652,208533.1449145605,2.0853314491456048
2024-02-16,0.0059308430222607626,1.0976992226198705,209769.92226198706,1236.7773474265705,209769.92226198706,2.0976992226198705
2024-02-19,0.0037000088082788604,1.1054607282206836,210546.07282206835,776.1505600812961,210546.07282206835,2.1054607282206836
2024-02-20,0.0033766555730090748,1.1125701439223818,211257.0143922382,710.9415701698454,211257.0143922382,2.112570143922382
2024-02-21,-0.006392700010330108,1.0990651167415062,209906.51167415062,-1350.5027180875768,209906.51167415062,2.099065116741506
2024-02-22,0.00736332185814155,1.1145212087972713,211452.12087972712,1545.6092055765039,211452.12087972712,2.1145212087972713
2024-02-23,-0.00021379592019012364,1.114069132789675,211406.9132789675,-45.20760075963335,211406.9132789675,2.114069132789675
2024-02-26,-0.004080928508836179,1.105441767796023,210544.1767796023,-862.7364993651863,210544.1767796023,2.105441767796023
2024-02-27,0.0034489943486464033,1.1127034245545557,211270.34245545557,726.1656758532627,211270.34245545557,2.1127034245545557
2024-02-28,-0.011135927809948569,1.0891765117348853,208917.65117348853,-2352.6912819670397,208917.65117348853,2.0891765117348853
2024-02-29,0.0014418556686904846,1.0921888027312256,209218.88027312257,301.22909963404527,209218.88027312257,2.0921888027312256
2024-03-01,0.016192168700068607,1.126065876777444,212606.58767774442,3387.7074046218477,212606.58767774442,2.126065876777444
2024-03-04,0.002992540288735941,1.132428214570207,213242.8214570207,636.2337792762846,213242.8214570207,2.132428214570207
2024-03-05,-0.002200290507037905,1.1277362530127486,212773.62530127485,-469.19615574585623,212773.62530127485,2.1277362530127486
2024-03-06,0.005266971542034169,1.138942979306321,213894.2979306321,1120.6726293572574,213894.2979306321,2.138942979306321
2024-03-07,0.0008676673462119594,1.1407988702848746,214079.88702848746,185.5890978553507,214079.88702848746,2.1407988702848746
2024-03-11,-0.007153178801771133,1.1254853531870972,212548.5353187097,-1531.3517097777512,212548.5353187097,2.125485353187097
2024-03-12,0.00013651886684617893,1.1257755220390124,212577.55220390126,29.01688519155141,212577.55220390126,2.1257755220390124
2024-03-13,-0.015132725270416491,1.0936067450774196,209360.67450774196,-3216.8776961592957,209360.67450774196,2.0936067450774196
2024-03-14,0.006771215952804724,1.1077830084685876,210778.30084685876,1417.6263391168031,210778.30084685876,2.1077830084685876
2024-03-15,-0.005567468627318694,1.0960479926957434,209604.79926957435,-1173.50157728442,209604.79926957435,2.0960479926957434
2024-03-18,0.0014688778023679591,1.099126831064912,209912.6831064912,307.8838369168516,209912.6831064912,2.099126831064912
2024-03-19,-0.01080219664028873,1.0764516502628427,207645.16502628426,-2267.518080206937,207645.16502628426,2.0764516502628427
2024-03-20,0.0009923428906800696,1.0785122022958222,207851.22022958222,206.05520329796127,207851.22022958222,2.0785122022958222
2024-03-21,0.007914685699807873,1.094962973100209,209496.29731002092,1645.0770804386993,209496.29731002092,2.094962973100209
2024-03-22,0.003852488501007709,1.1030337938641144,210303.37938641143,807.0820763905067,210303.37938641143,2.1030337938641144
2024-03-26,-0.0041658063402989125,1.0942729623517722,209427.29623517723,-876.0831512341974,209427.29623517723,2.094272962351772
2024-03-27,0.00540571678315161,1.105594008852858,210559.4008852858,1132.1046501085802,210559.4008852858,2.105594008852858
2024-03-28,0.009187001078543897,1.124938103283165,212493.8103283165,1934.4094430306868,212493.8103283165,2.124938103283165
2024-04-01,0.00605097917809173,1.1377960595008654,213779.60595008652,1285.7956217700266,213779.60595008652,2.1377960595008654
2024-04-02,-0.0003872860275131333,1.1369681209573481,213696.81209573481,-82.79385435170843,213696.81209573481,2.136968120957348
2024-04-03,-0.0008306302403686818,1.135193090613377,213519.3090613377,-177.5030343971157,213519.3090613377,2.135193090613377
2024-04-04,0.0035659124883635554,1.142807002320263,214280.7002320263,761.3911706886138,214280.7002320263,2.142807002320263
2024-04-05,-4.2246797462867275e-05,1.142716475586834,214271.64755868338,-9.052673342928756,214271.64755868338,2.142716475586834
2024-04-08,0.006778164752814562,1.1572401608769316,215724.01608769316,1452.3685290097783,215724.01608769316,2.1572401608769316
2024-04-09,-0.001039021827041211,1.1549987412636105,215499.87412636104,-224.14196133211954,215499.87412636104,2.1549987412636105
2024-04-10,0.004904474114230824,1.1655678768063376,216556.78768063374,1056.9135542727017,216556.78768063374,2.1655678768063376
2024-04-12,-0.010301592814249954,1.143259078327859,214325.9078327859,-2230.8798478478566,214325.9078327859,2.143259078327859
2024-04-15,-0.010963897188301094,1.1197606061451792,211976.06061451792,-2349.847218267969,211976.06061451792,2.1197606061451792
2024-04-16,-0.005594325260972051,1.1079019758390078,210790.1975839008,-1185.8630306171253,210790.1975839008,2.107901975839008
2024-04-18,-0.006865245850318239,1.0934307105465013,209343.07105465012,-1447.1265292506723,209343.07105465012,2.0934307105465013
2024-04-19,0.006871768688606471,1.1078162821550017,210781.62821550018,1438.5571608500613,210781.62821550018,2.1078162821550017
2024-04-22,0.008551965982977378,1.1258422552983571,212584.2255298357,1802.5973143355222,212584.2255298357,2.125842255298357
2024-04-23,0.001414713598537701,1.1288497132452737,212884.97132452737,300.7457946916693,212884.97132452737,2.1288497132452737
2024-04-24,0.0015379287654238199,1.1321237324565376,213212.37324565375,327.40192112638033,213212.37324565375,2.1321237324565376
2024-04-25,0.007496929606716774,1.148108113991575,214810.8113991575,1598.4381535037537,214810.8113991575,2.148108113991575
2024-04-26,-0.006663626980883295,1.1337939228053262,213379.39228053263,-1431.419118624879,213379.39228053263,2.133793922805326
2024-04-29,0.009966622568802512,1.1550606414735314,215506.06414735314,2126.671866820514,215506.06414735314,2.1550606414735314
2024-04-30,-0.00170251731563962,1.1513916134151692,215139.1613415169,-366.902805836231,215139.1613415169,2.151391613415169
2024-05-02,0.0019177127972141625,1.1555173646440347,215551.73646440345,412.57512288654107,215551.73646440345,2.1555173646440347
2024-05-03,-0.007609859296553482,1.139114180787816,213911.4180787816,-1640.318385621853,213911.4180787816,2.139114180787816
2024-05-06,-0.0014749338156797639,1.135959128946972,213595.9128946972,-315.50518408440985,213595.9128946972,2.135959128946972
2024-05-07,-0.006246985595782036,1.122615823035261,212261.58230352608,-1334.3305911711068,212261.58230352608,2.122615823035261
2024-05-08,0.0,1.122615823035261,212261.58230352608,0.0,212261.58230352608,2.122615823035261
2024-05-09,-0.015469117811904494,1.089780828799316,208978.0828799316,-3283.499423594476,208978.0828799316,2.089780828799316
2024-05-10,0.004449469144939087,1.0990792441167438,209907.92441167438,929.8415317427716,209907.92441167438,2.099079244116744
2024-05-13,0.002214968090538459,1.1037286376619742,210372.8637661974,464.93935452302685,210372.8637661974,2.103728637661974
2024-05-14,0.005148324587705484,1.1145593155331097,211455.93155331098,1083.0677871135704,211455.93155331098,2.1145593155331097
2024-05-15,-0.000778600468953603,1.1129129186584055,211291.29186584055,-164.63968747042236,211291.29186584055,2.1129129186584055
2024-05-16,0.009157377676264719,1.1322616602516193,213226.16602516195,1934.8741593213927,213226.16602516195,2.1322616602516193
2024-05-17,0.0027785403439751347,1.13818623529854,213818.623529854,592.4575046920509,213818.623529854,2.13818623529854
2024-05-21,0.002802051667603698,1.1441775436048056,214417.75436048055,599.1308306265564,214417.75436048055,2.1441775436048056
2024-05-22,0.003051615474950138,1.1507207489779105,215072.07489779106,654.3205373105011,215072.07489779106,2.1507207489779105
2024-05-23,0.016366619608483058,1.1859207773605038,218592.07773605039,3520.00283825933,218592.07773605039,2.185920777360504
2024-05-24,-0.00045937573371922485,1.1849166183995519,218491.6618399552,-100.41589609518996,218491.6618399552,2.184916618399552
2024-05-27,-0.0010737589261900274,1.1825705446775645,218257.05446775645,-234.60737219874864,218257.05446775645,2.1825705446775645
2024-05-28,-0.0019317094176221025,1.1783544526017864,217835.44526017865,-421.6092075777997,217835.44526017865,2.1783544526017864
2024-05-29,-0.00801511562726107,1.1608946897870238,216089.46897870238,-1745.9762814762653,216089.46897870238,2.160894689787024
2024-05-30,-0.009515599658179242,1.140332481015525,214033.2481015525,-2056.22087714987,214033.2481015525,2.140332481015525
2024-05-31,0.001869779973213919,1.144334431824547,214433.4431824547,400.1950809021946,214433.4431824547,2.144334431824547
2024-06-03,0.03254231769535282,1.2141160441500651,221411.6044150065,6978.161232551793,221411.6044150065,2.214116044150065
2024-06-04,-0.059293599416410735,1.082833134366783,208283.3134366783,-13128.290978328208,208283.3134366783,2.082833134366783
2024-06-05,0.03362423676003564,1.1528668088083789,215286.6808808379,7003.367444159609,215286.6808808379,2.152866808808379
2024-06-06,0.008888049244237788,1.172001595021353,217200.1595021353,1913.4786212973995,217200.1595021353,2.172001595021353
2024-06-07,0.020539931466807,1.2166143589288874,221661.43589288872,4461.2763907534245,221661.43589288872,2.2166143589288874
2024-06-10,-0.001328938257412833,1.2136686153053762,221366.86153053763,-294.57436235109344,221366.86153053763,2.213668615305376
2024-06-11,0.00024293143421915555,1.2142063849969782,221420.63849969782,53.77696916018613,221420.63849969782,2.214206384996978
2024-06-12,0.002497312914139264,1.219735951196801,221973.5951196801,552.9566199822875,221973.5951196801,2.219735951196801
2024-06-13,0.0032564994745150257,1.2269645201554353,222696.45201554353,722.8568958634278,222696.45201554353,2.2269645201554353
2024-06-14,0.002850527915265783,1.2333125446864446,223331.25446864445,634.8024531009141,223331.25446864445,2.2333125446864446
2024-06-18,0.0039334507869606666,1.2420971696728706,224209.71696728707,878.4624986426206,224209.71696728707,2.2420971696728706
2024-06-19,-0.0017786131162042989,1.238109346239086,223810.9346239086,-398.78234337846516,223810.9346239086,2.238109346239086
2024-06-20,0.0021687361796223848,1.2429632149522254,224296.32149522254,485.3868713139382,224296.32149522254,2.2429632149522254
2024-06-21,-0.0027962995130903384,1.2366912180063747,223669.12180063748,-627.1996945850551,223669.12180063748,2.2366912180063747
2024-06-24,0.0015637566161091365,1.2401888586967251,224018.88586967252,349.7640690350381,224018.88586967252,2.240188858696725
2024-06-25,0.007793879853915473,1.2576486215114873,225764.86215114873,1745.976281476207,225764.86215114873,2.2576486215114873
2024-06-26,0.006218040121838017,1.2716867712210576,227168.67712210576,1403.814970957028,227168.67712210576,2.2716867712210576
2024-06-27,0.007361040898544828,1.2884087504526986,228840.87504526987,1672.1979231641162,228840.87504526987,2.2884087504526986
2024-06-28,-0.0014099020825968517,1.2851823181896025,228518.23181896025,-322.64322630962124,228518.23181896025,2.2851823181896025
2024-07-01,0.005470484349075323,1.2976833722960426,229768.33722960425,1250.1054106439988,229768.33722960425,2.2976833722960426
2024-07-02,-0.0007497161563467635,1.295960761949663,229596.0761949663,-172.26103463795152,229596.0761949663,2.295960761949663
2024-07-03,0.006742306607722794,1.3114408333660283,231144.08333660284,1548.007141636539,231144.08333660284,2.3114408333660283
2024-07-04,0.0006444070008029152,1.3129303420209912,231293.03420209914,148.95086549629923,231293.03420209914,2.3129303420209912
2024-07-05,0.0008928929498506795,1.3149955412168772,231499.55412168772,206.5199195885798,231499.55412168772,2.3149955412168772
2024-07-08,-0.00013562113637343622,1.314681578890878,231468.1578890878,-31.396232599916402,231468.1578890878,2.314681578890878
2024-07-09,0.004631820986013468,1.3254027696039237,232540.27696039237,1072.1190713045653,232540.27696039237,2.3254027696039237
2024-07-10,-0.004450911197766742,1.3150526083773757,231505.26083773756,-1035.016122654808,231505.26083773756,2.3150526083773757
2024-07-11,-0.00034944265021417015,1.314243630258519,231424.3630258519,-80.89781188566121,231424.3630258519,2.314243630258519
2024-07-12,0.007657573644356047,1.3319651212882055,233196.51212882056,1772.1491029686586,233196.51212882056,2.3319651212882055
2024-07-15,0.0034506697076412537,1.340011962691511,234001.1962691511,804.6841403305589,234001.1962691511,2.340011962691511
2024-07-16,0.0010697158254550424,1.3425151105197566,234251.51105197566,250.3147828245419,234251.51105197566,2.3425151105197566
2024-07-18,0.00763212974342827,1.3603934897691845,236039.34897691844,1787.8379249427817,236039.34897691844,2.3603934897691845
2024-07-19,-0.010884676251089243,1.3347013708078683,233470.13708078684,-2569.211896131601,233470.13708078684,2.3347013708078683
2024-07-22,-0.0008825762723847736,1.3326408187748893,233264.08187748893,-206.05520329790306,233264.08187748893,2.3326408187748893
2024-07-23,-0.0012321559717249609,1.3297666414601461,232976.6641460146,-287.4177314743283,232976.6641460146,2.329766641460146
2024-07-24,-0.0026778318259059845,1.32352791820071,232352.791820071,-623.8723259436083,232352.791820071,2.32352791820071
2024-07-25,-0.0003031269840457124,1.32282359419052,232282.359419052,-70.43240101900301,232282.359419052,2.32282359419052
2024-07-26,0.01756732976027461,1.363629402244611,236362.94022446108,4080.5808054090885,236362.94022446108,2.363629402244611
2024-07-29,5.033249726336707e-05,1.3637483696150312,236374.8369615031,11.89673704202869,236374.8369615031,2.363748369615031
2024-07-30,0.0008536433743000891,1.3657661677492658,236576.61677492657,201.77981342346175,236576.61677492657,2.365766167749266
2024-07-31,0.0037755350108564997,1.374698200743103,237469.8200743103,893.2032993837202,237469.8200743103,2.374698200743103
2024-08-01,0.002394679165672863,1.3803848410491835,238038.48410491835,568.6640306080517,238038.48410491835,2.3803848410491835
2024-08-02,-0.01172293549195464,1.352479743111537,235247.9743111537,-2790.5097937646497,235247.9743111537,2.352479743111537
2024-08-05,-0.02678645789462289,1.2894651435247266,228946.51435247267,-6301.459958681022,228946.51435247267,2.2894651435247266
2024-08-06,-0.0026209626510589443,1.283464540892647,228346.4540892647,-600.0602632079681,228346.4540892647,2.283464540892647
2024-08-07,0.012710162480444369,1.312487746225726,231248.77462257262,2902.3205333079095,231248.77462257262,2.312487746225726
2024-08-08,-0.007428747813561066,1.2953088579370649,229530.8857937065,-1717.8888288661256,229530.8857937065,2.295308857937065
2024-08-09,0.010386864037815649,1.3191499189692513,231914.99189692512,2384.1061032186262,231914.99189692512,2.3191499189692513
2024-08-12,-0.0008412844977941931,1.3171988540943618,231719.8854094362,-195.1064874889271,231719.8854094362,2.3171988540943618
2024-08-13,-0.008543146999630345,1.2974026836564585,229740.26836564584,-1979.6170437903493,229740.26836564584,2.2974026836564585
2024-08-14,0.00019677699987571978,1.2978547596640548,229785.47596640547,45.20760075963335,229785.47596640547,2.297854759664055
2024-08-16,0.016459762490292518,1.335676903245313,233567.69032453132,3782.2143581258424,233567.69032453132,2.335676903245313
2024-08-19,0.0012835584110202657,1.3386748809798994,233867.48809798993,299.7977734586166,233867.48809798993,2.3386748809798994
2024-08-20,0.005135759339910185,1.3506857523429052,235068.57523429053,1201.0871363006008,235068.57523429053,2.350685752342905
2024-08-21,0.0028887826964992596,1.3574763726691805,235747.63726691806,679.0620326275239,235747.63726691806,2.3574763726691805
2024-08-22,0.001667357653657345,1.3614071289424672,236140.7128942467,393.07562732865335,236140.7128942467,2.361407128942467
2024-08-23,0.00046955607782681415,1.3625159420120854,236251.59420120853,110.88130696181906,236251.59420120853,2.3625159420120854
2024-08-26,0.007551387144670978,1.3803562145256758,238035.62145256758,1784.0272513590462,238035.62145256758,2.380356214525676
2024-08-27,0.0002858944102371596,1.381036745061782,238103.67450617818,68.05305361060891,238103.67450617818,2.381036745061782
2024-08-28,0.0013830024432652816,1.3843297246977069,238432.9724697707,329.29796359251486,238432.9724697707,2.384329724697707
2024-08-29,0.0039756594063228385,1.3938090075954768,239380.9007595477,947.9282897769881,239380.9007595477,2.3938090075954768
2024-08-30,0.0033377600735777966,1.4017989677247997,240179.89677247996,798.9960129322717,240179.89677247996,2.4017989677247997
2024-09-02,0.0016959501132323192,1.4058722989560737,240587.22989560736,407.333123127406,240587.22989560736,2.4058722989560737
2024-09-03,4.550829989490596e-05,1.4059817861141632,240598.1786114163,10.948715808946872,240598.1786114163,2.4059817861141632
2024-09-04,-0.0032100820170585776,1.3982583872491876,239825.83872491875,-772.3398864975607,239825.83872491875,2.3982583872491876
2024-09-05,-0.0021270784221717794,1.3931571035828774,239315.71035828773,-510.12836663101916,239315.71035828773,2.3931571035828774
2024-09-06,-0.011650350298901897,1.3652759850058311,236527.59850058312,-2788.1118577046145,236527.59850058312,2.365275985005831
2024-09-09,0.003390048695012795,1.373294385772145,237329.4385772145,801.8400766313716,237329.4385772145,2.373294385772145
2024-09-10,0.0041986500501236075,1.3832590183639253,238325.90183639253,996.4632591780392,238325.90183639253,2.3832590183639253
2024-09-11,-0.004897963449619505,1.371585902801003,237158.5902801003,-1167.3115562922321,237158.5902801003,2.371585902801003
2024-09-12,0.018879632827271085,1.416360573864218,241636.0573864218,4477.467106321506,241636.0573864218,2.416360573864218
2024-09-13,-0.0012761636040355664,1.413276902445626,241327.6902445626,-308.36714185919845,241327.6902445626,2.413276902445626
2024-09-16,0.0010746751326089958,1.4158703911207837,241587.03911207838,259.3488675157714,241587.03911207838,2.4158703911207837
2024-09-17,0.001370986605603979,1.4191825170678856,241918.25170678855,331.212594710174,241918.25170678855,2.4191825170678856
2024-09-18,-0.0016129951842196943,1.4152803873181066,241528.03873181067,-390.2129749778833,241528.03873181067,2.4152803873181066
2024-09-19,0.0015072376499098844,1.4189207888529616,241892.07888529616,364.04015348549,241892.07888529616,2.4189207888529616
2024-09-20,0.014760441377741608,1.4546251273542263,245462.51273542264,3570.4338501264865,245462.51273542264,2.4546251273542263
2024-09-23,0.005742385099666293,1.4687205301108115,246872.05301108115,1409.54027565851,246872.05301108115,2.4687205301108115
2024-09-24,5.203002169900384e-05,1.468848977693562,246884.8977693562,12.8447582750523,246884.8977693562,2.468848977693562
2024-09-25,0.002457556515705887,1.4749163135849868,247491.63135849868,606.7335891424736,247491.63135849868,2.4749163135849868
2024-09-26,0.008148714241454094,1.4950836993959036,249508.36993959037,2016.7385810916894,249508.36993959037,2.4950836993959036
2024-09-27,-0.0014152231703234049,1.4915525991326222,249155.2599132622,-353.1100263281551,249155.2599132622,2.491552599132622
2024-09-30,-0.01406090085202343,1.4565191250686174,245651.91250686173,-3503.347406400484,245651.91250686173,2.4565191250686174
2024-10-01,-0.0005404401234794447,1.4551915235693356,245519.15235693357,-132.76014992815908,245519.15235693357,2.4551915235693356
2024-10-03,-0.021196375260987402,1.4031503626981645,240315.03626981645,-5204.116087117116,240315.03626981645,2.4031503626981645
2024-10-04,-0.009326695880144656,1.3807369101110192,238073.6910111019,-2241.345258714544,238073.6910111019,2.380736910111019
2024-10-07,-0.008748875168602711,1.3599081400751731,235990.8140075173,-2082.87700358461,235990.8140075173,2.359908140075173
2024-10-08,0.008767647303469345,1.3805989823159384,238059.89823159383,2069.084224076534,238059.89823159383,2.3805989823159384
2024-10-09,-0.0012473907279865989,1.3776294452183429,237762.9445218343,-296.95370975954575,237762.9445218343,2.377629445218343
2024-10-10,0.0006604768849508371,1.3791998145078876,237919.98145078876,157.03692895447602,237919.98145078876,2.3791998145078876
2024-10-11,-0.001368053612075624,1.3759449416078007,237594.49416078007,-325.48729000869207,237594.49416078007,2.3759449416078007
2024-10-14,0.006557345754428834,1.391524834083409,239152.4834083409,1557.9892475608212,239152.4834083409,2.391524834083409
2024-10-15,-0.002809604904896891,1.3848055941793853,238480.55941793852,-671.9239904023707,238480.55941793852,2.3848055941793853
2024-10-16,-0.0034340754096676505,1.3766159919315761,237661.5991931576,-818.9602247809235,237661.5991931576,2.376615991931576
2024-10-17,-0.00886822732283451,1.3555396210560429,235553.9621056043,-2107.637087553303,235553.9621056043,2.355539621056043
2024-10-18,0.004210173941240016,1.3654568525861714,236545.68525861713,991.7231530128338,236545.68525861713,2.3654568525861714
2024-10-21,-0.0029351823779983047,1.3585138053165453,235851.38053165452,-694.3047269626113,235851.38053165452,2.3585138053165453
2024-10-22,-0.012469180337869326,1.3291050713486987,232910.50713486987,-2940.8733967846492,232910.50713486987,2.3291050713486987
2024-10-23,-0.0014955647434917714,1.325621743920102,232562.1743920102,-348.33274285966763,232562.1743920102,2.325621743920102
2024-10-24,-0.0014773427748562542,1.3221860034396729,232218.6003439673,-343.57404804290854,232218.6003439673,2.322186003439673
2024-10-25,-0.008959220549493203,1.3013810268779107,230138.10268779108,-2080.497656176216,230138.10268779108,2.3013810268779107
2024-10-28,0.0065485676346080995,1.3164517761854246,231645.17761854245,1507.074930751376,231645.17761854245,2.3164517761854246
2024-10-29,0.005246658848009232,1.3286054083929342,232860.54083929342,1215.3632207509654,232860.54083929342,2.328605408392934
2024-10-30,-0.005149825253829181,1.3166134974545889,231661.3497454589,-1199.1910938345245,231661.3497454589,2.316613497454589
2024-10-31,-0.005566773640794013,1.303717434501051,230371.7434501051,-1289.6062953537912,230371.7434501051,2.303717434501051
2024-11-01,0.004090004961616262,1.313139650238322,231313.9650238322,942.221573727089,231313.9650238322,2.313139650238322
2024-11-04,-0.012713773664645128,1.2837309162704758,228373.09162704757,-2940.87339678462,228373.09162704757,2.2837309162704758
2024-11-05,-0.0039860371137994755,1.2746278800802902,227462.78800802902,-910.3036190185521,227462.78800802902,2.27462788008029
2024-11-06,0.0,1.2746278800802902,227462.78800802902,0.0,227462.78800802902,2.27462788008029
2024-11-07,0.0,1.2746278800802902,227462.78800802902,0.0,227462.78800802902,2.27462788008029
2024-11-08,0.0,1.2746278800802902,227462.78800802902,0.0,227462.78800802902,2.27462788008029
2024-11-11,0.0,1.2746278800802902,227462.78800802902,0.0,227462.78800802902,2.27462788008029
2024-11-12,0.0,1.2746278800802902,227462.78800802902,0.0,227462.78800802902,2.27462788008029
2024-11-13,0.0,1.2746278800802902,227462.78800802902,0.0,227462.78800802902,2.27462788008029
2024-11-14,0.0,1.2746278800802902,227462.78800802902,0.0,227462.78800802902,2.27462788008029
2024-11-18,0.0,1.2746278800802902,227462.78800802902,0.0,227462.78800802902,2.27462788008029
2024-11-19,0.0,1.2746278800802902,227462.78800802902,0.0,227462.78800802902,2.27462788008029
2024-11-21,0.0,1.2746278800802902,227462.78800802902,0.0,227462.78800802902,2.27462788008029
2024-11-22,0.0,1.2746278800802902,227462.78800802902,0.0,227462.78800802902,2.27462788008029
2024-11-25,0.0,1.2746278800802902,227462.78800802902,0.0,227462.78800802902,2.27462788008029
2024-11-26,0.0,1.2746278800802902,227462.78800802902,0.0,227462.78800802902,2.27462788008029
2024-11-27,0.0,1.2746278800802902,227462.78800802902,0.0,227462.78800802902,2.27462788008029
2024-11-28,0.0,1.2746278800802902,227462.78800802902,0.0,227462.78800802902,2.27462788008029
2024-11-29,0.0,1.2746278800802902,227462.78800802902,0.0,227462.78800802902,2.27462788008029
2024-12-02,0.0,1.2746278800802902,227462.78800802902,0.0,227462.78800802902,2.27462788008029
2024-12-03,0.0,1.2746278800802902,227462.78800802902,0.0,227462.78800802902,2.27462788008029
2024-12-04,0.0,1.2746278800802902,227462.78800802902,0.0,227462.78800802902,2.27462788008029
2024-12-05,0.0,1.2746278800802902,227462.78800802902,0.0,227462.78800802902,2.27462788008029
2024-12-06,0.0,1.2746278800802902,227462.78800802902,0.0,227462.78800802902,2.27462788008029
2024-12-09,0.0,1.2746278800802902,227462.78800802902,0.0,227462.78800802902,2.27462788008029
2024-12-10,0.0,1.2746278800802902,227462.78800802902,0.0,227462.78800802902,2.27462788008029
2024-12-11,0.0,1.2746278800802902,227462.78800802902,0.0,227462.78800802902,2.27462788008029
2024-12-12,0.0,1.2746278800802902,227462.78800802902,0.0,227462.78800802902,2.27462788008029
2024-12-13,0.0,1.2746278800802902,227462.78800802902,0.0,227462.78800802902,2.27462788008029
2024-12-16,0.0,1.2746278800802902,227462.78800802902,0.0,227462.78800802902,2.27462788008029
2024-12-17,0.0,1.2746278800802902,227462.78800802902,0.0,227462.78800802902,2.27462788008029
2024-12-18,0.0,1.2746278800802902,227462.78800802902,0.0,227462.78800802902,2.27462788008029
2024-12-19,0.0,1.2746278800802902,227462.78800802902,0.0,227462.78800802902,2.27462788008029
2024-12-20,0.0,1.2746278800802902,227462.78800802902,0.0,227462.78800802902,2.27462788008029
2024-12-23,0.0,1.2746278800802902,227462.78800802902,0.0,227462.78800802902,2.27462788008029
2024-12-24,0.0,1.2746278800802902,227462.78800802902,0.0,227462.78800802902,2.27462788008029
2024-12-26,0.0,1.2746278800802902,227462.78800802902,0.0,227462.78800802902,2.27462788008029
2024-12-27,0.0,1.2746278800802902,227462.78800802902,0.0,227462.78800802902,2.27462788008029
2024-12-30,0.0,1.2746278800802902,227462.78800802902,0.0,227462.78800802902,2.27462788008029
2024-12-31,0.0,1.2746278800802902,227462.78800802902,0.0,227462.78800802902,2.27462788008029
